query_id,query_source_id,candidate_source_id,control_source_ids,control_type,pipeline_query,pipeline_reference,resolution_query,resolution_reference,extractor,aggregator,similarity,split,source_index,signed_ncc,raw_score,control_mean,control_median,control_mad,single_control_score,subtraction_score,fits_score,fits_plus_score,log_ratio,label_match
D02_Apple_iPhone4s:native:0021,D02_Apple_iPhone4s,D02_Apple_iPhone4s,D04_LG_D290|D05_Apple_iPhone5c|D15_Apple_iPhone6|D19_Apple_iPhone6Plus,same_pipeline_different_device,native,native,3264x2448,3264x2448,prnu_python_wavelet_mle,mle_5,squared_aligned_ncc,calibration,21,0.013375246022148228,0.000178897206152992,1.7274269130936978e-07,1.1892266094384068e-07,1.0726312011794252e-07,4.47454158518929e-07,0.00017844975199447308,399.8112493694121,1504.3155335842453,7.316093278771746,True
D02_Apple_iPhone4s:native:0021,D02_Apple_iPhone4s,D04_LG_D290,D05_Apple_iPhone5c|D15_Apple_iPhone6|D19_Apple_iPhone6Plus,same_pipeline_different_device,native,native,3264x2448,3264x2448,prnu_python_wavelet_mle,mle_5,squared_aligned_ncc,calibration,21,-0.0006689201436038004,4.47454158518929e-07,8.11722022395167e-08,1.7647796820927595e-08,1.1976511990058851e-08,2.2019752506675376e-07,2.2725663345217525e-07,2.0320580732380233,25.354675320622267,3.232963143825703,False
D02_Apple_iPhone4s:native:0021,D02_Apple_iPhone4s,D05_Apple_iPhone5c,D04_LG_D290|D15_Apple_iPhone6|D19_Apple_iPhone6Plus,same_pipeline_different_device,native,native,3264x2448,3264x2448,prnu_python_wavelet_mle,mle_5,squared_aligned_ncc,calibration,21,-0.00046925209116929225,2.2019752506675376e-07,1.569244133902418e-07,1.7647796820927595e-08,1.1976511990058851e-08,4.47454158518929e-07,-2.2725663345217525e-07,0.4921119200134522,12.477337953349116,2.5239140351684277,False
D02_Apple_iPhone4s:native:0021,D02_Apple_iPhone4s,D15_Apple_iPhone6,D04_LG_D290|D05_Apple_iPhone5c|D19_Apple_iPhone6Plus,same_pipeline_different_device,native,native,3264x2448,3264x2448,prnu_python_wavelet_mle,mle_5,squared_aligned_ncc,calibration,21,7.530793338599025e-05,5.671284830868744e-09,2.284331601355368e-07,2.2019752506675376e-07,2.0254972824582616e-07,4.47454158518929e-07,-4.417828736880603e-07,0.01267456056200409,0.02575544311476467,-3.659109291112994,False
D02_Apple_iPhone4s:native:0021,D02_Apple_iPhone4s,D19_Apple_iPhone6Plus,D04_LG_D290|D05_Apple_iPhone5c|D15_Apple_iPhone6,same_pipeline_different_device,native,native,3264x2448,3264x2448,prnu_python_wavelet_mle,mle_5,squared_aligned_ncc,calibration,21,0.00013284501052326955,1.7647796820927595e-08,2.2444098947218384e-07,2.2019752506675376e-07,2.14526240235885e-07,4.47454158518929e-07,-4.298063616980014e-07,0.039440457720499714,0.08014530052314436,-2.5239140351684277,False
D02_Apple_iPhone4s:native:0022,D02_Apple_iPhone4s,D02_Apple_iPhone4s,D04_LG_D290|D05_Apple_iPhone5c|D15_Apple_iPhone6|D19_Apple_iPhone6Plus,same_pipeline_different_device,native,native,3264x2448,3264x2448,prnu_python_wavelet_mle,mle_5,squared_aligned_ncc,calibration,22,0.01981184756794521,0.00039250930405549647,4.2322796925798946e-07,8.111851409273952e-08,6.54517045253507e-08,1.3327190516148983e-07,0.00039237603215033496,2945.1766565494836,4838.714175739911,8.484404298245728,True
D02_Apple_iPhone4s:native:0022,D02_Apple_iPhone4s,D04_LG_D290,D05_Apple_iPhone5c|D15_Apple_iPhone6|D19_Apple_iPhone6Plus,same_pipeline_different_device,native,native,3264x2448,3264x2448,prnu_python_wavelet_mle,mle_5,squared_aligned_ncc,calibration,22,0.0003650642479913499,1.3327190516148983e-07,5.198799906234893e-07,2.896512302398921e-08,2.6596626913200795e-08,2.3684961107884178e-09,1.309034090507014e-07,56.26857673712907,4.6011164893417735,1.5262989891188088,False
D02_Apple_iPhone4s:native:0022,D02_Apple_iPhone4s,D05_Apple_iPhone5c,D04_LG_D290|D15_Apple_iPhone6|D19_Apple_iPhone6Plus,same_pipeline_different_device,native,native,3264x2448,3264x2448,prnu_python_wavelet_mle,mle_5,squared_aligned_ncc,calibration,22,4.8667197482374285e-05,2.3684961107884178e-09,5.635144603070565e-07,1.3327190516148983e-07,1.0430678213750062e-07,1.3327190516148983e-07,-1.309034090507014e-07,0.017771908549806016,0.017771908549806016,-4.030136239667494,False
D02_Apple_iPhone4s:native:0022,D02_Apple_iPhone4s,D15_Apple_iPhone6,D04_LG_D290|D05_Apple_iPhone5c|D19_Apple_iPhone6Plus,same_pipeline_different_device,native,native,3264x2448,3264x2448,prnu_python_wavelet_mle,mle_5,squared_aligned_ncc,calibration,22,0.0012362468817900777,1.5283063527356903e-06,5.486850809875582e-08,2.896512302398921e-08,2.6596626913200795e-08,1.3327190516148983e-07,1.3950344475742004e-06,11.467580889488993,52.763675523488416,3.965822990386389,False
D02_Apple_iPhone4s:native:0022,D02_Apple_iPhone4s,D19_Apple_iPhone6Plus,D04_LG_D290|D05_Apple_iPhone5c|D15_Apple_iPhone6,same_pipeline_different_device,native,native,3264x2448,3264x2448,prnu_python_wavelet_mle,mle_5,squared_aligned_ncc,calibration,22,-0.00017019143052453967,2.896512302398921e-08,5.546489180026561e-07,1.3327190516148983e-07,1.309034090507014e-07,1.3327190516148983e-07,-1.0430678213750062e-07,0.21733855300478558,0.21733855300478558,-1.5262989891188088,False
D02_Apple_iPhone4s:native:0023,D02_Apple_iPhone4s,D02_Apple_iPhone4s,D04_LG_D290|D05_Apple_iPhone5c|D15_Apple_iPhone6|D19_Apple_iPhone6Plus,same_pipeline_different_device,native,native,3264x2448,3264x2448,prnu_python_wavelet_mle,mle_5,squared_aligned_ncc,calibration,23,0.017610884544283584,0.00031014325443208643,2.031441784338556e-07,2.3603190674942853e-07,2.5119453997588716e-08,7.056697816050124e-08,0.0003100726874539259,4395.019632648578,1313.9886835779982,7.180822586814166,True
D02_Apple_iPhone4s:native:0023,D02_Apple_iPhone4s,D04_LG_D290,D05_Apple_iPhone5c|D15_Apple_iPhone6|D19_Apple_iPhone6Plus,same_pipeline_different_device,native,native,3264x2448,3264x2448,prnu_python_wavelet_mle,mle_5,squared_aligned_ncc,calibration,23,-0.00026564445817765754,7.056697816050124e-08,2.4733657852497373e-07,2.5235679941797037e-07,1.7589122658093757e-08,2.5235679941797037e-07,-1.8178982125746914e-07,0.27963176868328976,0.27963176868328976,-1.2742816531767822,False
D02_Apple_iPhone4s:native:0023,D02_Apple_iPhone4s,D05_Apple_iPhone5c,D04_LG_D290|D15_Apple_iPhone6|D19_Apple_iPhone6Plus,same_pipeline_different_device,native,native,3264x2448,3264x2448,prnu_python_wavelet_mle,mle_5,squared_aligned_ncc,calibration,23,0.0005023512709429233,2.5235679941797037e-07,1.8673997143915068e-07,2.197070140808867e-07,5.023890799517743e-08,7.056697816050124e-08,1.8178982125746914e-07,3.5761315844359496,1.1486060218590173,0.13854905221597846,False
D02_Apple_iPhone4s:native:0023,D02_Apple_iPhone4s,D15_Apple_iPhone6,D04_LG_D290|D05_Apple_iPhone5c|D19_Apple_iPhone6Plus,same_pipeline_different_device,native,native,3264x2448,3264x2448,prnu_python_wavelet_mle,mle_5,squared_aligned_ncc,calibration,23,-0.0004687291478891479,2.197070140808867e-07,1.9762323321817858e-07,2.5235679941797037e-07,1.7589122658093757e-08,7.056697816050124e-08,1.4914003592038546e-07,3.113453626725712,0.8706205443547138,-0.13854905221597846,False
D02_Apple_iPhone4s:native:0023,D02_Apple_iPhone4s,D19_Apple_iPhone6Plus,D04_LG_D290|D05_Apple_iPhone5c|D15_Apple_iPhone6,same_pipeline_different_device,native,native,3264x2448,3264x2448,prnu_python_wavelet_mle,mle_5,squared_aligned_ncc,calibration,23,0.000519563203158253,2.699459220760641e-07,1.8087693055311942e-07,2.197070140808867e-07,3.2649785337083675e-08,7.056697816050124e-08,1.993789439155629e-07,3.8253858832113363,1.2286631958717604,0.20592674572889003,False
D02_Apple_iPhone4s:native:0024,D02_Apple_iPhone4s,D02_Apple_iPhone4s,D04_LG_D290|D05_Apple_iPhone5c|D15_Apple_iPhone6|D19_Apple_iPhone6Plus,same_pipeline_different_device,native,native,3264x2448,3264x2448,prnu_python_wavelet_mle,mle_5,squared_aligned_ncc,calibration,24,0.011610386650736349,0.00013480107817959682,1.5304566542417714e-07,1.0624872604330489e-07,3.701850957764878e-08,4.413250300326528e-08,0.00013475694567659355,3054.4625617455495,1268.7312422424204,7.145772658241336,True
D02_Apple_iPhone4s:native:0024,D02_Apple_iPhone4s,D04_LG_D290,D05_Apple_iPhone5c|D15_Apple_iPhone6|D19_Apple_iPhone6Plus,same_pipeline_different_device,native,native,3264x2448,3264x2448,prnu_python_wavelet_mle,mle_5,squared_aligned_ncc,calibration,24,-0.00021007737384893518,4.413250300326528e-08,1.8935005289781441e-07,1.1816952215856284e-07,2.38415922305159e-08,3.555527066068335e-07,-3.114202036035682e-07,0.12412365925839103,0.3734677283711715,-0.9849236814322797,False
D02_Apple_iPhone4s:native:0024,D02_Apple_iPhone4s,D05_Apple_iPhone5c,D04_LG_D290|D15_Apple_iPhone6|D19_Apple_iPhone6Plus,same_pipeline_different_device,native,native,3264x2448,3264x2448,prnu_python_wavelet_mle,mle_5,squared_aligned_ncc,calibration,24,0.0005962824050790309,3.555527066068335e-07,8.554331836329168e-08,9.432792992804694e-08,2.38415922305159e-08,4.413250300326528e-08,3.114202036035682e-07,8.0564817857833,3.769325870694375,1.3268961713313416,False
D02_Apple_iPhone4s:native:0024,D02_Apple_iPhone4s,D15_Apple_iPhone6,D04_LG_D290|D05_Apple_iPhone5c|D19_Apple_iPhone6Plus,same_pipeline_different_device,native,native,3264x2448,3264x2448,prnu_python_wavelet_mle,mle_5,squared_aligned_ncc,calibration,24,0.00030712852346867253,9.432792992804694e-08,1.726182439228872e-07,1.1816952215856284e-07,7.403701915529757e-08,4.413250300326528e-08,5.019542692478166e-08,2.137380014930669,0.7982424588420977,-0.2253428945448075,False
D02_Apple_iPhone4s:native:0024,D02_Apple_iPhone4s,D19_Apple_iPhone6Plus,D04_LG_D290|D05_Apple_iPhone5c|D15_Apple_iPhone6,same_pipeline_different_device,native,native,3264x2448,3264x2448,prnu_python_wavelet_mle,mle_5,squared_aligned_ncc,calibration,24,-0.00034375794122981775,1.1816952215856284e-07,1.6467104651271525e-07,9.432792992804694e-08,5.019542692478166e-08,4.413250300326528e-08,7.403701915529757e-08,2.6776075254516996,1.2527522044499673,0.2253428945448075,False
D02_Apple_iPhone4s:native:0025,D02_Apple_iPhone4s,D02_Apple_iPhone4s,D04_LG_D290|D05_Apple_iPhone5c|D15_Apple_iPhone6|D19_Apple_iPhone6Plus,same_pipeline_different_device,native,native,3264x2448,3264x2448,prnu_python_wavelet_mle,mle_5,squared_aligned_ncc,calibration,25,0.019635614609400984,0.0003855573610889213,1.0405925455810544e-07,1.0281478974563068e-07,3.028345711026472e-08,4.4697905429171365e-08,0.00038551266318349214,8625.848513189916,3750.0184753848253,8.229516045721606,True
D02_Apple_iPhone4s:native:0025,D02_Apple_iPhone4s,D04_LG_D290,D05_Apple_iPhone5c|D15_Apple_iPhone6|D19_Apple_iPhone6Plus,same_pipeline_different_device,native,native,3264x2448,3264x2448,prnu_python_wavelet_mle,mle_5,squared_aligned_ncc,calibration,25,-0.0002114187915705966,4.4697905429171365e-08,1.238463709344168e-07,1.052648196497008e-07,4.900059808140251e-09,1.052648196497008e-07,-6.056691422052943e-08,0.4246233981867504,0.4246233981867504,-0.8565526248093569,False
D02_Apple_iPhone4s:native:0025,D02_Apple_iPhone4s,D05_Apple_iPhone5c,D04_LG_D290|D15_Apple_iPhone6|D19_Apple_iPhone6Plus,same_pipeline_different_device,native,native,3264x2448,3264x2448,prnu_python_wavelet_mle,mle_5,squared_aligned_ncc,calibration,25,0.0003244454031878103,1.052648196497008e-07,1.0365739952757364e-07,1.0036475984156054e-07,5.566685441238918e-08,4.4697905429171365e-08,6.056691422052943e-08,2.35502801840467,1.048822513159755,0.04766811887365563,False
D02_Apple_iPhone4s:native:0025,D02_Apple_iPhone4s,D15_Apple_iPhone6,D04_LG_D290|D05_Apple_iPhone5c|D19_Apple_iPhone6Plus,same_pipeline_different_device,native,native,3264x2448,3264x2448,prnu_python_wavelet_mle,mle_5,squared_aligned_ncc,calibration,25,-0.0003168039769977021,1.0036475984156054e-07,1.0529075279695374e-07,1.052648196497008e-07,6.056691422052943e-08,4.4697905429171365e-08,5.566685441238918e-08,2.2454018567066703,0.9534501666896251,-0.04766811887365563,False
D02_Apple_iPhone4s:native:0025,D02_Apple_iPhone4s,D19_Apple_iPhone6Plus,D04_LG_D290|D05_Apple_iPhone5c|D15_Apple_iPhone6,same_pipeline_different_device,native,native,3264x2448,3264x2448,prnu_python_wavelet_mle,mle_5,squared_aligned_ncc,calibration,25,0.0004073199397426905,1.6590953331198903e-07,8.344249497347757e-08,1.0036475984156054e-07,4.900059808140251e-09,4.4697905429171365e-08,1.2121162788281766e-07,3.711796598050674,1.6530656136068063,0.5026315117031448,False
D04_LG_D290:native:0021,D04_LG_D290,D02_Apple_iPhone4s,D05_Apple_iPhone5c|D15_Apple_iPhone6|D19_Apple_iPhone6Plus,same_pipeline_different_device,native,native,3264x2448,3264x2448,prnu_python_wavelet_mle,mle_5,squared_aligned_ncc,calibration,21,0.0002911203530870337,8.475105998151917e-08,1.9912829650998937e-08,2.102789046711388e-08,1.6328567354458643e-08,2.102789046711388e-08,6.372316951440528e-08,4.030411900521537,4.030411900521537,1.3938685793017882,False
D04_LG_D290:native:0021,D04_LG_D290,D04_LG_D290,D02_Apple_iPhone4s|D05_Apple_iPhone5c|D15_Apple_iPhone6|D19_Apple_iPhone6Plus,same_pipeline_different_device,native,native,3264x2448,3264x2448,prnu_python_wavelet_mle,mle_5,squared_aligned_ncc,calibration,21,0.011988936869551927,0.00014373460726210157,3.6122387233628997e-08,2.9192174144343202e-08,1.8001158578631064e-08,8.475105998151917e-08,0.00014364985620212006,1695.9623548477666,4923.737661723772,8.501823208412217,True
D04_LG_D290:native:0021,D04_LG_D290,D05_Apple_iPhone5c,D02_Apple_iPhone4s|D15_Apple_iPhone6|D19_Apple_iPhone6Plus,same_pipeline_different_device,native,native,3264x2448,3264x2448,prnu_python_wavelet_mle,mle_5,squared_aligned_ncc,calibration,21,-0.00014500996678543817,2.102789046711388e-08,4.11538861558007e-08,3.7356457821572524e-08,3.600231715726213e-08,8.475105998151917e-08,-6.372316951440528e-08,0.248113598481237,0.5628984034715074,-0.5746561227721578,False
D04_LG_D290:native:0021,D04_LG_D290,D15_Apple_iPhone6,D02_Apple_iPhone4s|D05_Apple_iPhone5c|D19_Apple_iPhone6Plus,same_pipeline_different_device,native,native,3264x2448,3264x2448,prnu_python_wavelet_mle,mle_5,squared_aligned_ncc,calibration,21,0.0001932781876507862,3.7356457821572524e-08,3.571103037098115e-08,2.102789046711388e-08,1.9673749802803485e-08,8.475105998151917e-08,-4.739460215994664e-08,0.44077865019881146,1.7765195172571093,0.5746561227721578,False
D04_LG_D290:native:0021,D04_LG_D290,D19_Apple_iPhone6Plus,D02_Apple_iPhone4s|D05_Apple_iPhone5c|D15_Apple_iPhone6,same_pipeline_different_device,native,native,3264x2448,3264x2448,prnu_python_wavelet_mle,mle_5,squared_aligned_ncc,calibration,21,3.679865030555329e-05,1.3541406643103973e-09,4.77118027567352e-08,3.7356457821572524e-08,1.6328567354458643e-08,8.475105998151917e-08,-8.339691931720877e-08,0.015977861098205516,0.03624917198462032,-3.3173387397459067,False
D04_LG_D290:native:0022,D04_LG_D290,D02_Apple_iPhone4s,D05_Apple_iPhone5c|D15_Apple_iPhone6|D19_Apple_iPhone6Plus,same_pipeline_different_device,native,native,3264x2448,3264x2448,prnu_python_wavelet_mle,mle_5,squared_aligned_ncc,calibration,22,7.197557519217269e-05,5.180483424244105e-09,9.310936323065395e-08,1.0433988646076001e-07,2.4305225413081637e-08,1.2864511187384165e-07,-1.2346462844959755e-07,0.040269570672257234,0.04965007726160765,-3.002755332367137,False
D04_LG_D290:native:0022,D04_LG_D290,D04_LG_D290,D02_Apple_iPhone4s|D05_Apple_iPhone5c|D15_Apple_iPhone6|D19_Apple_iPhone6Plus,same_pipeline_different_device,native,native,3264x2448,3264x2448,prnu_python_wavelet_mle,mle_5,squared_aligned_ncc,calibration,22,0.008706216639836478,7.579820817976558e-05,7.112714327905149e-08,7.534148890906011e-08,4.1151010258240724e-08,5.180483424244105e-09,7.579302769634133e-05,14631.493235754431,1006.0619889163161,6.913798967962407,True
D04_LG_D290:native:0022,D04_LG_D290,D05_Apple_iPhone5c,D02_Apple_iPhone4s|D15_Apple_iPhone6|D19_Apple_iPhone6Plus,same_pipeline_different_device,native,native,3264x2448,3264x2448,prnu_python_wavelet_mle,mle_5,squared_aligned_ncc,calibration,22,-0.0003586713145399861,1.2864511187384165e-07,5.1954487080788106e-08,4.6343091357360195e-08,4.116260793311609e-08,5.180483424244105e-09,1.2346462844959755e-07,24.83264617193762,2.775928581928971,1.0209853153427826,False
D04_LG_D290:native:0022,D04_LG_D290,D15_Apple_iPhone6,D02_Apple_iPhone4s|D05_Apple_iPhone5c|D19_Apple_iPhone6Plus,same_pipeline_different_device,native,native,3264x2448,3264x2448,prnu_python_wavelet_mle,mle_5,squared_aligned_ncc,calibration,22,0.00032301685166684417,1.0433988646076001e-07,6.005622888514865e-08,4.6343091357360195e-08,4.116260793311609e-08,5.180483424244105e-09,9.915940303651591e-08,20.140955566513462,2.251465825966933,0.8115814823040495,False
D04_LG_D290:native:0022,D04_LG_D290,D19_Apple_iPhone6Plus,D02_Apple_iPhone4s|D05_Apple_iPhone5c|D15_Apple_iPhone6,same_pipeline_different_device,native,native,3264x2448,3264x2448,prnu_python_wavelet_mle,mle_5,squared_aligned_ncc,calibration,22,-0.00021527445588680557,4.6343091357360195e-08,7.938849391961525e-08,1.0433988646076001e-07,2.4305225413081637e-08,5.180483424244105e-09,4.116260793311609e-08,8.945707873608768,0.4441550870844472,-0.8115814823040495,False
D04_LG_D290:native:0023,D04_LG_D290,D02_Apple_iPhone4s,D05_Apple_iPhone5c|D15_Apple_iPhone6|D19_Apple_iPhone6Plus,same_pipeline_different_device,native,native,3264x2448,3264x2448,prnu_python_wavelet_mle,mle_5,squared_aligned_ncc,calibration,23,0.0002649554724576749,7.020140238526973e-08,2.419721488373754e-07,6.789519199926526e-09,2.055644973877421e-09,7.143930530861504e-07,-6.441916507008807e-07,0.09826719630321484,10.33967212082255,2.335988158792464,False
D04_LG_D290:native:0023,D04_LG_D290,D04_LG_D290,D02_Apple_iPhone4s|D05_Apple_iPhone5c|D15_Apple_iPhone6|D19_Apple_iPhone6Plus,same_pipeline_different_device,native,native,3264x2448,3264x2448,prnu_python_wavelet_mle,mle_5,squared_aligned_ncc,calibration,23,0.012178243327621529,0.00014830961054675828,1.9902946222434897e-07,3.8495460792598126e-08,3.273376407961031e-08,7.020140238526973e-08,0.00014823940914437302,2112.630310899286,3852.6519099435,8.256516997940164,True
D04_LG_D290:native:0023,D04_LG_D290,D05_Apple_iPhone5c,D02_Apple_iPhone4s|D15_Apple_iPhone6|D19_Apple_iPhone6Plus,same_pipeline_different_device,native,native,3264x2448,3264x2448,prnu_python_wavelet_mle,mle_5,squared_aligned_ncc,calibration,23,-0.0008452177548337177,7.143930530861504e-07,2.724159860374845e-08,6.789519199926526e-09,2.055644973877421e-09,7.020140238526973e-08,6.441916507008807e-07,10.176335925107539,105.21997685695938,4.6560531763535735,False
D04_LG_D290:native:0023,D04_LG_D290,D15_Apple_iPhone6,D02_Apple_iPhone4s|D05_Apple_iPhone5c|D19_Apple_iPhone6Plus,same_pipeline_different_device,native,native,3264x2448,3264x2448,prnu_python_wavelet_mle,mle_5,squared_aligned_ncc,calibration,23,-6.880315564019652e-05,4.733874226049105e-09,2.6379465822378226e-07,7.020140238526973e-08,6.341188318534321e-08,7.020140238526973e-08,-6.546752815922063e-08,0.06743275868008028,0.06743275868008028,-2.6966243453109726,False
D04_LG_D290:native:0023,D04_LG_D290,D19_Apple_iPhone6Plus,D02_Apple_iPhone4s|D05_Apple_iPhone5c|D15_Apple_iPhone6,same_pipeline_different_device,native,native,3264x2448,3264x2448,prnu_python_wavelet_mle,mle_5,squared_aligned_ncc,calibration,23,-8.239853882155026e-05,6.789519199926526e-09,2.6310944323248976e-07,7.020140238526973e-08,6.546752815922063e-08,7.020140238526973e-08,-6.341188318534321e-08,0.09671486564705953,0.09671486564705953,-2.335988158792464,False
D04_LG_D290:native:0024,D04_LG_D290,D02_Apple_iPhone4s,D05_Apple_iPhone5c|D15_Apple_iPhone6|D19_Apple_iPhone6Plus,same_pipeline_different_device,native,native,3264x2448,3264x2448,prnu_python_wavelet_mle,mle_5,squared_aligned_ncc,calibration,24,7.729223062842233e-05,5.974088915517227e-09,1.7830267143499727e-08,1.489561075113395e-08,1.4044820208870321e-08,3.7744400137101605e-08,-3.177031122158438e-08,0.15827749000691835,0.4010637103324173,-0.913634985660984,False
D04_LG_D290:native:0024,D04_LG_D290,D04_LG_D290,D02_Apple_iPhone4s|D05_Apple_iPhone5c|D15_Apple_iPhone6|D19_Apple_iPhone6Plus,same_pipeline_different_device,native,native,3264x2448,3264x2448,prnu_python_wavelet_mle,mle_5,squared_aligned_ncc,calibration,24,0.014362365570733032,0.00020627754478737758,1.4866222586504102e-08,1.0434849833325589e-08,7.022410104435162e-09,5.974088915517227e-09,0.00020627157069846207,34528.703490098356,19768.137355325685,9.891826696011654,True
D04_LG_D290:native:0024,D04_LG_D290,D05_Apple_iPhone5c,D02_Apple_iPhone4s|D15_Apple_iPhone6|D19_Apple_iPhone6Plus,same_pipeline_different_device,native,native,3264x2448,3264x2448,prnu_python_wavelet_mle,mle_5,squared_aligned_ncc,calibration,24,0.000194279180915253,3.7744400137101605e-08,7.240163402971602e-09,5.974088915517227e-09,5.123298373253599e-09,5.974088915517227e-09,3.177031122158438e-08,6.3180178050352565,6.3180178050352565,1.8434055205201538,False
D04_LG_D290:native:0024,D04_LG_D290,D15_Apple_iPhone6,D02_Apple_iPhone4s|D05_Apple_iPhone5c|D19_Apple_iPhone6Plus,same_pipeline_different_device,native,native,3264x2448,3264x2448,prnu_python_wavelet_mle,mle_5,squared_aligned_ncc,calibration,24,-0.00012204757576918089,1.489561075113395e-08,1.4856426531627487e-08,5.974088915517227e-09,5.123298373253599e-09,5.974088915517227e-09,8.921521835616721e-09,2.4933694429026274,2.4933694429026274,0.913634985660984,False
D04_LG_D290:native:0024,D04_LG_D290,D19_Apple_iPhone6Plus,D02_Apple_iPhone4s|D05_Apple_iPhone5c|D15_Apple_iPhone6,same_pipeline_different_device,native,native,3264x2448,3264x2448,prnu_python_wavelet_mle,mle_5,squared_aligned_ncc,calibration,24,-2.9168314011331334e-05,8.507905422636278e-10,1.9538033267917593e-08,1.489561075113395e-08,8.921521835616721e-09,5.974088915517227e-09,-5.123298373253599e-09,0.14241343814849594,0.057116861905032,-2.862655901097387,False
D04_LG_D290:native:0025,D04_LG_D290,D02_Apple_iPhone4s,D05_Apple_iPhone5c|D15_Apple_iPhone6|D19_Apple_iPhone6Plus,same_pipeline_different_device,native,native,3264x2448,3264x2448,prnu_python_wavelet_mle,mle_5,squared_aligned_ncc,calibration,25,-0.00032998601421804145,1.0889076957950945e-07,1.569604997259142e-07,2.028152378659985e-07,5.4841228696661955e-08,2.5765646656266047e-07,-1.4876569698315102e-07,0.42261997547431196,0.5368963926243765,-0.6219501404728582,False
D04_LG_D290:native:0025,D04_LG_D290,D04_LG_D290,D02_Apple_iPhone4s|D05_Apple_iPhone5c|D15_Apple_iPhone6|D19_Apple_iPhone6Plus,same_pipeline_different_device,native,native,3264x2448,3264x2448,prnu_python_wavelet_mle,mle_5,squared_aligned_ncc,calibration,25,0.011498472635115142,0.00013221487294049175,1.44943067189313e-07,1.55853003722754e-07,7.438284849157551e-08,1.0889076957950945e-07,0.00013210598217091224,1214.1972496938924,848.3306050083451,6.743270424211159,True
D04_LG_D290:native:0025,D04_LG_D290,D05_Apple_iPhone5c,D02_Apple_iPhone4s|D15_Apple_iPhone6|D19_Apple_iPhone6Plus,same_pipeline_different_device,native,native,3264x2448,3264x2448,prnu_python_wavelet_mle,mle_5,squared_aligned_ncc,calibration,25,-0.0005075987259269476,2.5765646656266047e-07,1.0737193406486388e-07,1.0889076957950945e-07,9.392446828648906e-08,1.0889076957950945e-07,1.4876569698315102e-07,2.3661919881512623,2.3661919881512623,0.8612819068758402,False
D04_LG_D290:native:0025,D04_LG_D290,D15_Apple_iPhone6,D02_Apple_iPhone4s|D05_Apple_iPhone5c|D19_Apple_iPhone6Plus,same_pipeline_different_device,native,native,3264x2448,3264x2448,prnu_python_wavelet_mle,mle_5,squared_aligned_ncc,calibration,25,0.00045035012808480304,2.028152378659985e-07,1.2565234363041784e-07,1.0889076957950945e-07,9.84809748304258e-08,1.0889076957950945e-07,9.392446828648906e-08,1.8625567497519397,1.8625567497519397,0.6219501404728582,False
D04_LG_D290:native:0025,D04_LG_D290,D19_Apple_iPhone6Plus,D02_Apple_iPhone4s|D05_Apple_iPhone5c|D15_Apple_iPhone6,same_pipeline_different_device,native,native,3264x2448,3264x2448,prnu_python_wavelet_mle,mle_5,squared_aligned_ncc,calibration,25,0.00010202840167857012,1.040979474908365e-08,1.8978749133605612e-07,2.028152378659985e-07,5.4841228696661955e-08,1.0889076957950945e-07,-9.84809748304258e-08,0.09559850471515553,0.05132649232185146,-2.96954824057482,False
D05_Apple_iPhone5c:native:0021,D05_Apple_iPhone5c,D02_Apple_iPhone4s,D04_LG_D290|D15_Apple_iPhone6|D19_Apple_iPhone6Plus,same_pipeline_different_device,native,native,3264x2448,3264x2448,prnu_python_wavelet_mle,mle_5,squared_aligned_ncc,calibration,21,0.00045679425661869006,2.0866099287982166e-07,3.001696496958339e-07,2.4546665332807626e-07,2.397590721877556e-07,2.4546665332807626e-07,-3.68056604482546e-08,0.8500584093634,0.8500584093634,-0.16245021496055578,False
D05_Apple_iPhone5c:native:0021,D05_Apple_iPhone5c,D04_LG_D290,D02_Apple_iPhone4s|D15_Apple_iPhone6|D19_Apple_iPhone6Plus,same_pipeline_different_device,native,native,3264x2448,3264x2448,prnu_python_wavelet_mle,mle_5,squared_aligned_ncc,calibration,21,-0.0004954459136253687,2.4546665332807626e-07,2.8790109621308234e-07,2.0866099287982166e-07,2.0295341173950102e-07,2.0866099287982166e-07,3.68056604482546e-08,1.1763897503806704,1.1763897503806704,0.16245021496055578,False
D05_Apple_iPhone5c:native:0021,D05_Apple_iPhone5c,D05_Apple_iPhone5c,D02_Apple_iPhone4s|D04_LG_D290|D15_Apple_iPhone6|D19_Apple_iPhone6Plus,same_pipeline_different_device,native,native,3264x2448,3264x2448,prnu_python_wavelet_mle,mle_5,squared_aligned_ncc,calibration,21,0.0013526824011248968,1.8297496783130162e-06,2.772924854918308e-07,2.2706382310394896e-07,1.1987953609387782e-07,2.0866099287982166e-07,1.6210886854331946e-06,8.769006861607627,8.05830560456724,2.0867033116602283,True
D05_Apple_iPhone5c:native:0021,D05_Apple_iPhone5c,D15_Apple_iPhone6,D02_Apple_iPhone4s|D04_LG_D290|D19_Apple_iPhone6Plus,same_pipeline_different_device,native,native,3264x2448,3264x2448,prnu_python_wavelet_mle,mle_5,squared_aligned_ncc,calibration,21,0.0008058130767238174,6.493347146191048e-07,1.5327840911607287e-07,2.0866099287982166e-07,3.68056604482546e-08,2.0866099287982166e-07,4.406737217392831e-07,3.1119123208288824,3.1119123208288824,1.1352374313783873,False
D05_Apple_iPhone5c:native:0021,D05_Apple_iPhone5c,D19_Apple_iPhone6Plus,D02_Apple_iPhone4s|D04_LG_D290|D15_Apple_iPhone6,same_pipeline_different_device,native,native,3264x2448,3264x2448,prnu_python_wavelet_mle,mle_5,squared_aligned_ncc,calibration,21,-7.554853499784529e-05,5.7075811403206545e-09,3.678207869423342e-07,2.4546665332807626e-07,3.68056604482546e-08,2.0866099287982166e-07,-2.0295341173950102e-07,0.027353369029581572,0.0232519613680162,-3.761365790592194,False
D05_Apple_iPhone5c:native:0022,D05_Apple_iPhone5c,D02_Apple_iPhone4s,D04_LG_D290|D15_Apple_iPhone6|D19_Apple_iPhone6Plus,same_pipeline_different_device,native,native,3264x2448,3264x2448,prnu_python_wavelet_mle,mle_5,squared_aligned_ncc,calibration,22,0.0005998563710926523,3.598276659404458e-07,5.198307061429858e-07,5.02713541145309e-07,4.2434321713974246e-07,7.837032400556655e-08,2.814573419348793e-07,4.5913765255696495,0.7157707849298571,-0.3343952960544563,False
D05_Apple_iPhone5c:native:0022,D05_Apple_iPhone5c,D04_LG_D290,D02_Apple_iPhone4s|D15_Apple_iPhone6|D19_Apple_iPhone6Plus,same_pipeline_different_device,native,native,3264x2448,3264x2448,prnu_python_wavelet_mle,mle_5,squared_aligned_ncc,calibration,22,0.0002799470021371305,7.837032400556655e-08,6.136498201212789e-07,5.02713541145309e-07,1.4288587520486317e-07,3.598276659404458e-07,-2.814573419348793e-07,0.217799606377508,0.15589459521424281,-1.858575171805171,False
D05_Apple_iPhone5c:native:0022,D05_Apple_iPhone5c,D05_Apple_iPhone5c,D02_Apple_iPhone4s|D04_LG_D290|D15_Apple_iPhone6|D19_Apple_iPhone6Plus,same_pipeline_different_device,native,native,3264x2448,3264x2448,prnu_python_wavelet_mle,mle_5,squared_aligned_ncc,calibration,22,0.0052616184193845505,2.7684628391206777e-05,4.798299460923509e-07,4.312706035428774e-07,2.1217160856987123e-07,3.598276659404458e-07,2.732480072526633e-05,76.93857646784944,64.19317283343274,4.161896862882818,True
D05_Apple_iPhone5c:native:0022,D05_Apple_iPhone5c,D15_Apple_iPhone6,D02_Apple_iPhone4s|D04_LG_D290|D19_Apple_iPhone6Plus,same_pipeline_different_device,native,native,3264x2448,3264x2448,prnu_python_wavelet_mle,mle_5,squared_aligned_ncc,calibration,22,-0.0009891452134434468,9.78408253278082e-07,3.1363717703044043e-07,3.598276659404458e-07,1.4288587520486317e-07,3.598276659404458e-07,6.185805873376361e-07,2.719102353402742,2.719102353402742,1.0003018087089224,False
D05_Apple_iPhone5c:native:0022,D05_Apple_iPhone5c,D19_Apple_iPhone6Plus,D02_Apple_iPhone4s|D04_LG_D290|D15_Apple_iPhone6,same_pipeline_different_device,native,native,3264x2448,3264x2448,prnu_python_wavelet_mle,mle_5,squared_aligned_ncc,calibration,22,0.0007090229482501318,5.02713541145309e-07,4.722020810746981e-07,3.598276659404458e-07,2.814573419348793e-07,3.598276659404458e-07,1.4288587520486317e-07,1.397095300694616,1.397095300694616,0.3343952960544563,False
D05_Apple_iPhone5c:native:0023,D05_Apple_iPhone5c,D02_Apple_iPhone4s,D04_LG_D290|D15_Apple_iPhone6|D19_Apple_iPhone6Plus,same_pipeline_different_device,native,native,3264x2448,3264x2448,prnu_python_wavelet_mle,mle_5,squared_aligned_ncc,calibration,23,0.0004434066904837337,1.966094931657376e-07,6.085907071738413e-08,5.159262026819921e-09,1.2709606042755238e-09,1.735296487027881e-07,2.307984446294952e-08,1.1330023119131611,38.10806509607039,3.6404259420426737,False
D05_Apple_iPhone5c:native:0023,D05_Apple_iPhone5c,D04_LG_D290,D02_Apple_iPhone4s|D15_Apple_iPhone6|D19_Apple_iPhone6Plus,same_pipeline_different_device,native,native,3264x2448,3264x2448,prnu_python_wavelet_mle,mle_5,squared_aligned_ncc,calibration,23,-0.0004165689003067657,1.735296487027881e-07,6.855235220503397e-08,5.159262026819921e-09,1.2709606042755238e-09,1.966094931657376e-07,-2.307984446294952e-08,0.882610732110002,33.6345872337383,3.5155549194753544,False
D05_Apple_iPhone5c:native:0023,D05_Apple_iPhone5c,D05_Apple_iPhone5c,D02_Apple_iPhone4s|D04_LG_D290|D15_Apple_iPhone6|D19_Apple_iPhone6Plus,same_pipeline_different_device,native,native,3264x2448,3264x2448,prnu_python_wavelet_mle,mle_5,squared_aligned_ncc,calibration,23,0.0010950480700432875,1.1991302757055288e-06,9.479667632947251e-08,8.9344455364804e-08,8.482067364012185e-08,1.966094931657376e-07,1.0025207825397912e-06,6.099045658465166,13.421429128526642,2.5968526183122638,True
D05_Apple_iPhone5c:native:0023,D05_Apple_iPhone5c,D15_Apple_iPhone6,D02_Apple_iPhone4s|D04_LG_D290|D19_Apple_iPhone6Plus,same_pipeline_different_device,native,native,3264x2448,3264x2448,prnu_python_wavelet_mle,mle_5,squared_aligned_ncc,calibration,23,-7.182800308250203e-05,5.159262026819921e-09,1.246758144303567e-07,1.735296487027881e-07,2.307984446294952e-08,1.966094931657376e-07,-1.914502311389177e-07,0.0262411643697732,0.029731299898246306,-3.5155549194753544,False
D05_Apple_iPhone5c:native:0023,D05_Apple_iPhone5c,D19_Apple_iPhone6Plus,D02_Apple_iPhone4s|D04_LG_D290|D15_Apple_iPhone6,same_pipeline_different_device,native,native,3264x2448,3264x2448,prnu_python_wavelet_mle,mle_5,squared_aligned_ncc,calibration,23,6.235624605879027e-05,3.888301422544397e-09,1.2509946796511522e-07,1.735296487027881e-07,2.307984446294952e-08,1.966094931657376e-07,-1.9272119174319322e-07,0.019776773541990884,0.022407130145258712,-3.7983760607148493,False
D05_Apple_iPhone5c:native:0024,D05_Apple_iPhone5c,D02_Apple_iPhone4s,D04_LG_D290|D15_Apple_iPhone6|D19_Apple_iPhone6Plus,same_pipeline_different_device,native,native,3264x2448,3264x2448,prnu_python_wavelet_mle,mle_5,squared_aligned_ncc,calibration,24,-9.094233625383331e-05,8.270508523305285e-09,3.014825972211012e-07,1.3369875722814168e-07,5.442765572689806e-08,6.914779329339183e-07,-6.83207424410613e-07,0.011960625392937397,0.061859277488964276,-2.7828931915709134,False
D05_Apple_iPhone5c:native:0024,D05_Apple_iPhone5c,D04_LG_D290,D02_Apple_iPhone4s|D15_Apple_iPhone6|D19_Apple_iPhone6Plus,same_pipeline_different_device,native,native,3264x2448,3264x2448,prnu_python_wavelet_mle,mle_5,squared_aligned_ncc,calibration,24,-0.0008315515215150041,6.914779329339183e-07,7.37467890842302e-08,7.927110150124362e-08,5.442765572689806e-08,8.270508523305285e-09,6.83207424410613e-07,83.60766825708694,8.722950985146463,2.165957596399007,False
D05_Apple_iPhone5c:native:0024,D05_Apple_iPhone5c,D05_Apple_iPhone5c,D02_Apple_iPhone4s|D04_LG_D290|D15_Apple_iPhone6|D19_Apple_iPhone6Plus,same_pipeline_different_device,native,native,3264x2448,3264x2448,prnu_python_wavelet_mle,mle_5,squared_aligned_ncc,calibration,24,0.013339547964258304,0.00017794353989074784,2.281795750466522e-07,1.0648492936469265e-07,6.27141243524182e-08,8.270508523305285e-09,0.00017793526938222453,21515.429116519816,1671.0678304656774,7.421218120509817,True
D05_Apple_iPhone5c:native:0024,D05_Apple_iPhone5c,D15_Apple_iPhone6,D02_Apple_iPhone4s|D04_LG_D290|D19_Apple_iPhone6Plus,same_pipeline_different_device,native,native,3264x2448,3264x2448,prnu_python_wavelet_mle,mle_5,squared_aligned_ncc,calibration,24,-0.000365648406571315,1.3369875722814168e-07,2.596731809861557e-07,7.927110150124362e-08,7.100059297793833e-08,8.270508523305285e-09,1.254282487048364e-07,16.165723891269188,1.6866014814496326,0.5227155465225586,False
D05_Apple_iPhone5c:native:0024,D05_Apple_iPhone5c,D19_Apple_iPhone6Plus,D02_Apple_iPhone4s|D04_LG_D290|D15_Apple_iPhone6,same_pipeline_different_device,native,native,3264x2448,3264x2448,prnu_python_wavelet_mle,mle_5,squared_aligned_ncc,calibration,24,0.00028155124134203994,7.927110150124362e-08,2.778157328951217e-07,1.3369875722814168e-07,1.254282487048364e-07,8.270508523305285e-09,7.100059297793833e-08,9.584791706322207,0.5929082898353089,-0.5227155465225586,False
D05_Apple_iPhone5c:native:0025,D05_Apple_iPhone5c,D02_Apple_iPhone4s,D04_LG_D290|D15_Apple_iPhone6|D19_Apple_iPhone6Plus,same_pipeline_different_device,native,native,3264x2448,3264x2448,prnu_python_wavelet_mle,mle_5,squared_aligned_ncc,calibration,25,-7.743409185249657e-05,5.996038581020876e-09,4.821985692905377e-07,4.6131854815333036e-07,4.6139844096413715e-09,5.285725959745938e-07,-5.225765573935729e-07,0.01134383172091101,0.012997610013781514,-4.342989783515911,False
D05_Apple_iPhone5c:native:0025,D05_Apple_iPhone5c,D04_LG_D290,D02_Apple_iPhone4s|D15_Apple_iPhone6|D19_Apple_iPhone6Plus,same_pipeline_different_device,native,native,3264x2448,3264x2448,prnu_python_wavelet_mle,mle_5,squared_aligned_ncc,calibration,25,0.0007270299828580619,5.285725959745938e-07,3.080063834926801e-07,4.56704563743689e-07,4.6139844096413715e-09,5.996038581020876e-09,5.225765573935729e-07,88.15363490950051,1.157362194154115,0.14614344516420807,False
D05_Apple_iPhone5c:native:0025,D05_Apple_iPhone5c,D05_Apple_iPhone5c,D02_Apple_iPhone4s|D04_LG_D290|D15_Apple_iPhone6|D19_Apple_iPhone6Plus,same_pipeline_different_device,native,native,3264x2448,3264x2448,prnu_python_wavelet_mle,mle_5,squared_aligned_ncc,calibration,25,0.0011399733048897795,1.2995391358613262e-06,3.631479366131585e-07,4.5901155594850967e-07,3.5934016115452405e-08,5.996038581020876e-09,1.2935430972803054e-06,216.73295098112405,2.8311686688931728,1.040689583617855,True
D05_Apple_iPhone5c:native:0025,D05_Apple_iPhone5c,D15_Apple_iPhone6,D02_Apple_iPhone4s|D04_LG_D290|D19_Apple_iPhone6Plus,same_pipeline_different_device,native,native,3264x2448,3264x2448,prnu_python_wavelet_mle,mle_5,squared_aligned_ncc,calibration,25,0.0006792043493333434,4.6131854815333036e-07,3.304243994331012e-07,4.56704563743689e-07,7.186803223090481e-08,5.996038581020876e-09,4.553225095723095e-07,76.9372214537664,1.010102777103473,0.01005208518440881,False
D05_Apple_iPhone5c:native:0025,D05_Apple_iPhone5c,D19_Apple_iPhone6Plus,D02_Apple_iPhone4s|D04_LG_D290|D15_Apple_iPhone6,same_pipeline_different_device,native,native,3264x2448,3264x2448,prnu_python_wavelet_mle,mle_5,squared_aligned_ncc,calibration,25,0.0006757992037163768,4.56704563743689e-07,3.3196239423631506e-07,4.6131854815333036e-07,6.725404782126344e-08,5.996038581020876e-09,4.507085251626681e-07,76.16771599657238,0.9899982681639157,-0.01005208518440881,False
D15_Apple_iPhone6:native:0021,D15_Apple_iPhone6,D02_Apple_iPhone4s,D04_LG_D290|D05_Apple_iPhone5c|D19_Apple_iPhone6Plus,same_pipeline_different_device,native,native,3264x2448,3264x2448,prnu_python_wavelet_mle,mle_5,squared_aligned_ncc,calibration,21,0.0009971225371617123,9.942533541158103e-07,1.9556234705505148e-07,5.1575824462881465e-08,5.1521985887406126e-08,5.1575824462881465e-08,9.426775296529288e-07,19.277507717426083,19.277507717426083,2.9589390130582434,False
D15_Apple_iPhone6:native:0021,D15_Apple_iPhone6,D04_LG_D290,D02_Apple_iPhone4s|D05_Apple_iPhone5c|D19_Apple_iPhone6Plus,same_pipeline_different_device,native,native,3264x2448,3264x2448,prnu_python_wavelet_mle,mle_5,squared_aligned_ncc,calibration,21,0.00022710311416376805,5.1575824462881465e-08,5.097881902726944e-07,5.350573781267976e-07,4.591959759890127e-07,9.942533541158103e-07,-9.426775296529288e-07,0.05187392554360338,0.09639307216628841,-2.339320945443017,False
D15_Apple_iPhone6:native:0021,D15_Apple_iPhone6,D05_Apple_iPhone5c,D02_Apple_iPhone4s|D04_LG_D290|D19_Apple_iPhone6Plus,same_pipeline_different_device,native,native,3264x2448,3264x2448,prnu_python_wavelet_mle,mle_5,squared_aligned_ncc,calibration,21,-0.0007314761637447919,5.350573781267976e-07,3.4862767238472236e-07,5.1575824462881465e-08,5.1521985887406126e-08,9.942533541158103e-07,-4.591959759890127e-07,0.5381499352372054,10.374189529667573,2.339320945443017,False
D15_Apple_iPhone6:native:0021,D15_Apple_iPhone6,D15_Apple_iPhone6,D02_Apple_iPhone4s|D04_LG_D290|D05_Apple_iPhone5c|D19_Apple_iPhone6Plus,same_pipeline_different_device,native,native,3264x2448,3264x2448,prnu_python_wavelet_mle,mle_5,squared_aligned_ncc,calibration,21,0.013334837652367178,0.00017781789521498939,3.952350988202412e-07,2.9331660129483956e-07,2.6750176977566115e-07,9.942533541158103e-07,0.00017682364186087359,178.84565787874345,606.2319501522119,6.407262668863666,True
D15_Apple_iPhone6:native:0021,D15_Apple_iPhone6,D19_Apple_iPhone6Plus,D02_Apple_iPhone4s|D04_LG_D290|D05_Apple_iPhone5c,same_pipeline_different_device,native,native,3264x2448,3264x2448,prnu_python_wavelet_mle,mle_5,squared_aligned_ncc,calibration,21,-7.3374774599542785e-06,5.383857547533709e-11,5.269621855684965e-07,5.350573781267976e-07,4.591959759890127e-07,9.942533541158103e-07,-9.94199515540335e-07,5.414975494170271e-05,0.00010062205975707236,-9.204139042457946,False
D15_Apple_iPhone6:native:0022,D15_Apple_iPhone6,D02_Apple_iPhone4s,D04_LG_D290|D05_Apple_iPhone5c|D19_Apple_iPhone6Plus,same_pipeline_different_device,native,native,3264x2448,3264x2448,prnu_python_wavelet_mle,mle_5,squared_aligned_ncc,calibration,22,0.0001145364532220588,1.3118599116688865e-08,2.4255197063058663e-08,5.8934250171914684e-09,1.321376597701935e-09,6.230011775249499e-08,-4.9181518635806126e-08,0.21057101639528591,2.225972007520438,0.8001936775363845,False
D15_Apple_iPhone6:native:0022,D15_Apple_iPhone6,D04_LG_D290,D02_Apple_iPhone4s|D05_Apple_iPhone5c|D19_Apple_iPhone6Plus,same_pipeline_different_device,native,native,3264x2448,3264x2448,prnu_python_wavelet_mle,mle_5,squared_aligned_ncc,calibration,22,0.00024959991536956696,6.230011775249499e-08,7.861357517789957e-09,5.8934250171914684e-09,1.321376597701935e-09,1.3118599116688865e-08,4.9181518635806126e-08,4.748991656680759,10.571122491719478,2.3581259902436997,False
D15_Apple_iPhone6:native:0022,D15_Apple_iPhone6,D05_Apple_iPhone5c,D02_Apple_iPhone4s|D04_LG_D290|D19_Apple_iPhone6Plus,same_pipeline_different_device,native,native,3264x2448,3264x2448,prnu_python_wavelet_mle,mle_5,squared_aligned_ncc,calibration,22,6.761692406113674e-05,4.572048419489533e-09,2.7104047295458437e-08,1.3118599116688865e-08,7.225174099497396e-09,1.3118599116688865e-08,-8.546550697199331e-09,0.3485165129920914,0.3485165129920914,-1.054069666856492,False
D15_Apple_iPhone6:native:0022,D15_Apple_iPhone6,D15_Apple_iPhone6,D02_Apple_iPhone4s|D04_LG_D290|D05_Apple_iPhone5c|D19_Apple_iPhone6Plus,same_pipeline_different_device,native,native,3264x2448,3264x2448,prnu_python_wavelet_mle,mle_5,squared_aligned_ncc,calibration,22,0.020168214098299966,0.0004067568599148655,2.147104757646621e-08,9.506012066940167e-09,4.273275348599666e-09,1.3118599116688865e-08,0.0004067437413157488,31006.120112124514,42789.4323140486,10.664046442532687,True
D15_Apple_iPhone6:native:0022,D15_Apple_iPhone6,D19_Apple_iPhone6Plus,D02_Apple_iPhone4s|D04_LG_D290|D05_Apple_iPhone5c,same_pipeline_different_device,native,native,3264x2448,3264x2448,prnu_python_wavelet_mle,mle_5,squared_aligned_ncc,calibration,22,-7.676864605547937e-05,5.8934250171914684e-09,2.6663588429557795e-08,1.3118599116688865e-08,8.546550697199331e-09,1.3118599116688865e-08,-7.225174099497396e-09,0.4492419476172673,0.4492419476172673,-0.8001936775363845,False
D15_Apple_iPhone6:native:0023,D15_Apple_iPhone6,D02_Apple_iPhone4s,D04_LG_D290|D05_Apple_iPhone5c|D19_Apple_iPhone6Plus,same_pipeline_different_device,native,native,3264x2448,3264x2448,prnu_python_wavelet_mle,mle_5,squared_aligned_ncc,calibration,23,0.00043368216915084054,1.8808022383937827e-07,2.5695487871316934e-07,4.6501581313195836e-08,1.4691513372355277e-08,6.925529868854717e-07,-5.044727630460934e-07,0.2715752114292467,4.044598452956404,1.3973822756091714,False
D15_Apple_iPhone6:native:0023,D15_Apple_iPhone6,D04_LG_D290,D02_Apple_iPhone4s|D05_Apple_iPhone5c|D19_Apple_iPhone6Plus,same_pipeline_different_device,native,native,3264x2448,3264x2448,prnu_python_wavelet_mle,mle_5,squared_aligned_ncc,calibration,23,0.0008321976849796398,6.925529868854717e-07,8.879729103113822e-08,4.6501581313195836e-08,1.4691513372355277e-08,1.8808022383937827e-07,5.044727630460934e-07,3.682221196615102,14.893106155272719,2.700898431741937,False
D15_Apple_iPhone6:native:0023,D15_Apple_iPhone6,D05_Apple_iPhone5c,D02_Apple_iPhone4s|D04_LG_D290|D19_Apple_iPhone6Plus,same_pipeline_different_device,native,native,3264x2448,3264x2448,prnu_python_wavelet_mle,mle_5,squared_aligned_ncc,calibration,23,-0.00017835377187163875,3.181006794084056e-08,3.090449306793486e-07,1.8808022383937827e-07,1.4157864252618245e-07,1.8808022383937827e-07,-1.5627015589853773e-07,0.16913031732675182,0.16913031732675182,-1.7770857527681123,False
D15_Apple_iPhone6:native:0023,D15_Apple_iPhone6,D15_Apple_iPhone6,D02_Apple_iPhone4s|D04_LG_D290|D05_Apple_iPhone5c|D19_Apple_iPhone6Plus,same_pipeline_different_device,native,native,3264x2448,3264x2448,prnu_python_wavelet_mle,mle_5,squared_aligned_ncc,calibration,23,0.015381962481239225,0.00023660476977425116,2.397362149947216e-07,1.1729090257628705e-07,7.813507794926886e-08,1.8808022383937827e-07,0.00023641668955041179,1257.999192814196,2017.247412861891,7.609489194220366,True
D15_Apple_iPhone6:native:0023,D15_Apple_iPhone6,D19_Apple_iPhone6Plus,D02_Apple_iPhone4s|D04_LG_D290|D05_Apple_iPhone5c,same_pipeline_different_device,native,native,3264x2448,3264x2448,prnu_python_wavelet_mle,mle_5,squared_aligned_ncc,calibration,23,0.0002156422530794831,4.6501581313195836e-08,3.0414775955523015e-07,1.8808022383937827e-07,1.5627015589853773e-07,1.8808022383937827e-07,-1.4157864252618245e-07,0.24724333246704602,0.24724333246704602,-1.3973822756091714,False
D15_Apple_iPhone6:native:0024,D15_Apple_iPhone6,D02_Apple_iPhone4s,D04_LG_D290|D05_Apple_iPhone5c|D19_Apple_iPhone6Plus,same_pipeline_different_device,native,native,3264x2448,3264x2448,prnu_python_wavelet_mle,mle_5,squared_aligned_ncc,calibration,24,2.236447684398444e-05,5.001698245051161e-10,6.151670896329738e-08,9.058412403784131e-09,2.160774510733208e-09,6.897637893050923e-09,-6.397468068545807e-09,0.07251320412296737,0.055216057981216586,-2.8965014625470538,False
D15_Apple_iPhone6:native:0024,D15_Apple_iPhone6,D04_LG_D290,D02_Apple_iPhone4s|D05_Apple_iPhone5c|D19_Apple_iPhone6Plus,same_pipeline_different_device,native,native,3264x2448,3264x2448,prnu_python_wavelet_mle,mle_5,squared_aligned_ncc,calibration,24,8.305201919911955e-05,6.897637893050923e-09,5.938421960711545e-08,9.058412403784131e-09,8.558242579279016e-09,5.001698245051161e-10,6.397468068545807e-09,13.790591825237888,0.7614621178176267,-0.27251485467668246,False
D15_Apple_iPhone6:native:0024,D15_Apple_iPhone6,D05_Apple_iPhone5c,D02_Apple_iPhone4s|D04_LG_D290|D19_Apple_iPhone6Plus,same_pipeline_different_device,native,native,3264x2448,3264x2448,prnu_python_wavelet_mle,mle_5,squared_aligned_ncc,calibration,24,-9.517569229474578e-05,9.058412403784131e-09,5.8663961436871046e-08,6.897637893050923e-09,6.397468068545807e-09,5.001698245051161e-10,8.558242579279016e-09,18.110673535227384,1.3132629668643663,0.27251485467668246,False
D15_Apple_iPhone6:native:0024,D15_Apple_iPhone6,D15_Apple_iPhone6,D02_Apple_iPhone4s|D04_LG_D290|D05_Apple_iPhone5c|D19_Apple_iPhone6Plus,same_pipeline_different_device,native,native,3264x2448,3264x2448,prnu_python_wavelet_mle,mle_5,squared_aligned_ncc,calibration,24,0.02279731069891557,0.0005197173751028903,4.626257417859932e-08,7.978025148417527e-09,4.279121289639508e-09,5.001698245051161e-10,0.0005197168749330658,1039081.8270916586,65143.61203862316,11.084349527686262,True
D15_Apple_iPhone6:native:0024,D15_Apple_iPhone6,D19_Apple_iPhone6Plus,D02_Apple_iPhone4s|D04_LG_D290|D05_Apple_iPhone5c,same_pipeline_different_device,native,native,3264x2448,3264x2448,prnu_python_wavelet_mle,mle_5,squared_aligned_ncc,calibration,24,0.00041060209034180173,1.685940765930571e-07,5.485406707113391e-09,6.897637893050923e-09,2.160774510733208e-09,5.001698245051161e-10,1.6809390676855198e-07,337.0736664489295,24.442291579688238,3.196314893397572,False
D15_Apple_iPhone6:native:0025,D15_Apple_iPhone6,D02_Apple_iPhone4s,D04_LG_D290|D05_Apple_iPhone5c|D19_Apple_iPhone6Plus,same_pipeline_different_device,native,native,3264x2448,3264x2448,prnu_python_wavelet_mle,mle_5,squared_aligned_ncc,calibration,25,0.0004745642095927267,2.2521118902636945e-07,9.439535967100368e-08,9.080200172922101e-08,9.05430899227345e-08,1.9212516547730357e-07,3.308602354906588e-08,1.172210774506656,2.4802447604400575,0.9083572490328162,False
D15_Apple_iPhone6:native:0025,D15_Apple_iPhone6,D04_LG_D290,D02_Apple_iPhone4s|D05_Apple_iPhone5c|D19_Apple_iPhone6Plus,same_pipeline_different_device,native,native,3264x2448,3264x2448,prnu_python_wavelet_mle,mle_5,squared_aligned_ncc,calibration,25,-0.0004383208476416603,1.9212516547730357e-07,1.0542403418735899e-07,9.080200172922101e-08,9.05430899227345e-08,2.2521118902636945e-07,-3.308602354906588e-08,0.8530888998361803,2.115869274008259,0.7494657323183525,False
D15_Apple_iPhone6:native:0025,D15_Apple_iPhone6,D05_Apple_iPhone5c,D02_Apple_iPhone4s|D04_LG_D290|D19_Apple_iPhone6Plus,same_pipeline_different_device,native,native,3264x2448,3264x2448,prnu_python_wavelet_mle,mle_5,squared_aligned_ncc,calibration,25,0.0003013337049339503,9.080200172922101e-08,1.391984221033865e-07,1.9212516547730357e-07,3.308602354906588e-08,2.2521118902636945e-07,-1.3440918729714843e-07,0.4031860145216374,0.47261899035266036,-0.7494657323183525,False
D15_Apple_iPhone6:native:0025,D15_Apple_iPhone6,D15_Apple_iPhone6,D02_Apple_iPhone4s|D04_LG_D290|D05_Apple_iPhone5c|D19_Apple_iPhone6Plus,same_pipeline_different_device,native,native,3264x2448,3264x2448,prnu_python_wavelet_mle,mle_5,squared_aligned_ncc,calibration,25,0.008429213235642713,7.10516357719343e-05,1.2709931700984512e-07,1.414635836032623e-07,6.720459364857422e-08,2.2521118902636945e-07,7.082642458290794e-05,315.4889243252254,502.26096329639273,6.219119831821951,True
D15_Apple_iPhone6:native:0025,D15_Apple_iPhone6,D19_Apple_iPhone6Plus,D02_Apple_iPhone4s|D04_LG_D290|D05_Apple_iPhone5c,same_pipeline_different_device,native,native,3264x2448,3264x2448,prnu_python_wavelet_mle,mle_5,squared_aligned_ncc,calibration,25,-1.6090736666992882e-05,2.5891180648650923e-10,1.6937945207763133e-07,1.9212516547730357e-07,3.308602354906588e-08,2.2521118902636945e-07,-2.2495227721988294e-07,0.0011496400672001863,0.0013476204735766144,-6.60941485392587,False
D19_Apple_iPhone6Plus:native:0021,D19_Apple_iPhone6Plus,D02_Apple_iPhone4s,D04_LG_D290|D05_Apple_iPhone5c|D15_Apple_iPhone6,same_pipeline_different_device,native,native,3264x2448,3264x2448,prnu_python_wavelet_mle,mle_5,squared_aligned_ncc,calibration,21,0.0006585305494203305,4.336624845198423e-07,8.955355731846701e-08,1.1813616558607627e-08,3.0110710049457517e-09,2.4804450984313155e-07,1.8561797467671077e-07,1.7483252695014269,36.70869816778229,3.603013734275251,False
D19_Apple_iPhone6Plus:native:0021,D19_Apple_iPhone6Plus,D04_LG_D290,D02_Apple_iPhone4s|D05_Apple_iPhone5c|D15_Apple_iPhone6,same_pipeline_different_device,native,native,3264x2448,3264x2448,prnu_python_wavelet_mle,mle_5,squared_aligned_ncc,calibration,21,-0.0004980406708725017,2.4804450984313155e-07,1.5142621554403728e-07,1.1813616558607627e-08,3.0110710049457517e-09,4.336624845198423e-07,-1.8561797467671077e-07,0.5719759460350143,20.996492362231074,3.0443553934023466,False
D19_Apple_iPhone6Plus:native:0021,D19_Apple_iPhone6Plus,D05_Apple_iPhone5c,D02_Apple_iPhone4s|D04_LG_D290|D15_Apple_iPhone6,same_pipeline_different_device,native,native,3264x2448,3264x2448,prnu_python_wavelet_mle,mle_5,squared_aligned_ncc,calibration,21,-0.00010869046213264357,1.1813616558607627e-08,2.3016984663887857e-07,2.4804450984313155e-07,1.8561797467671077e-07,4.336624845198423e-07,-4.218488679612347e-07,0.027241499969008945,0.047627002774940676,-3.0443553934023466,False
D19_Apple_iPhone6Plus:native:0021,D19_Apple_iPhone6Plus,D15_Apple_iPhone6,D02_Apple_iPhone4s|D04_LG_D290|D05_Apple_iPhone5c,same_pipeline_different_device,native,native,3264x2448,3264x2448,prnu_python_wavelet_mle,mle_5,squared_aligned_ncc,calibration,21,9.382188206203217e-05,8.802545553661875e-09,2.311735369738605e-07,2.4804450984313155e-07,1.8561797467671077e-07,4.336624845198423e-07,-4.2485993896618046e-07,0.020298148601459468,0.03548776612402663,-3.338567258119186,False
D19_Apple_iPhone6Plus:native:0021,D19_Apple_iPhone6Plus,D19_Apple_iPhone6Plus,D02_Apple_iPhone4s|D04_LG_D290|D05_Apple_iPhone5c|D15_Apple_iPhone6,same_pipeline_different_device,native,native,3264x2448,3264x2448,prnu_python_wavelet_mle,mle_5,squared_aligned_ncc,calibration,21,0.007498834118085519,5.623251313056342e-05,1.7558078911881084e-07,1.299290632008696e-07,1.1962098214473482e-07,4.336624845198423e-07,5.5798850646043584e-05,129.6688441768831,432.7939549877942,6.070261760216139,True
D19_Apple_iPhone6Plus:native:0022,D19_Apple_iPhone6Plus,D02_Apple_iPhone4s,D04_LG_D290|D05_Apple_iPhone5c|D15_Apple_iPhone6,same_pipeline_different_device,native,native,3264x2448,3264x2448,prnu_python_wavelet_mle,mle_5,squared_aligned_ncc,calibration,22,0.000149842507049179,2.245277691878326e-08,1.7023022698314077e-07,5.6408435474986676e-08,1.4880646622110626e-08,4.1275445662155956e-07,-3.903016797027763e-07,0.054397418510175995,0.39803934872009605,-0.9212044124537364,False
D19_Apple_iPhone6Plus:native:0022,D19_Apple_iPhone6Plus,D04_LG_D290,D02_Apple_iPhone4s|D05_Apple_iPhone5c|D15_Apple_iPhone6,same_pipeline_different_device,native,native,3264x2448,3264x2448,prnu_python_wavelet_mle,mle_5,squared_aligned_ncc,calibration,22,-0.0006424596926045708,4.1275445662155956e-07,4.0129667082215326e-08,4.152778885287605e-08,1.4880646622110626e-08,2.245277691878326e-08,3.903016797027763e-07,18.383225296121953,9.939235100714345,2.2964900660691576,False
D19_Apple_iPhone6Plus:native:0022,D19_Apple_iPhone6Plus,D05_Apple_iPhone5c,D02_Apple_iPhone4s|D04_LG_D290|D15_Apple_iPhone6,same_pipeline_different_device,native,native,3264x2448,3264x2448,prnu_python_wavelet_mle,mle_5,squared_aligned_ncc,calibration,22,-0.00020378368151762312,4.152778885287605e-08,1.6387188967177648e-07,5.6408435474986676e-08,3.395565855620342e-08,2.245277691878326e-08,1.907501193409279e-08,1.8495613706532334,0.7361982033926613,-0.3062558984196251,False
D19_Apple_iPhone6Plus:native:0022,D19_Apple_iPhone6Plus,D15_Apple_iPhone6,D02_Apple_iPhone4s|D04_LG_D290|D05_Apple_iPhone5c,same_pipeline_different_device,native,native,3264x2448,3264x2448,prnu_python_wavelet_mle,mle_5,squared_aligned_ncc,calibration,22,-0.00023750460095540608,5.6408435474986676e-08,1.5891167413107294e-07,4.152778885287605e-08,1.907501193409279e-08,2.245277691878326e-08,3.395565855620342e-08,2.512314431262942,1.3583298565408704,0.3062558984196251,False
D19_Apple_iPhone6Plus:native:0022,D19_Apple_iPhone6Plus,D19_Apple_iPhone6Plus,D02_Apple_iPhone4s|D04_LG_D290|D05_Apple_iPhone5c|D15_Apple_iPhone6,same_pipeline_different_device,native,native,3264x2448,3264x2448,prnu_python_wavelet_mle,mle_5,squared_aligned_ncc,calibration,22,0.009293577280244299,8.637057866387302e-05,1.3328586446705138e-07,4.896811216393136e-08,1.697782927810171e-08,2.245277691878326e-08,8.634812588695423e-05,3846.765991409206,1763.8127109072286,7.475233057974904,True
D19_Apple_iPhone6Plus:native:0023,D19_Apple_iPhone6Plus,D02_Apple_iPhone4s,D04_LG_D290|D05_Apple_iPhone5c|D15_Apple_iPhone6,same_pipeline_different_device,native,native,3264x2448,3264x2448,prnu_python_wavelet_mle,mle_5,squared_aligned_ncc,calibration,23,0.0001253191244073077,1.5704882942214267e-08,4.377749797752714e-08,3.96082745312765e-08,1.888224405845929e-08,2.0726030472817212e-08,-5.0211475306029445e-09,0.7577371346052818,0.39650510223092333,-0.9250663698161965,False
D19_Apple_iPhone6Plus:native:0023,D19_Apple_iPhone6Plus,D04_LG_D290,D02_Apple_iPhone4s|D05_Apple_iPhone5c|D15_Apple_iPhone6,same_pipeline_different_device,native,native,3264x2448,3264x2448,prnu_python_wavelet_mle,mle_5,squared_aligned_ncc,calibration,23,-0.00014396537942442,2.0726030472817212e-08,4.2103782133992825e-08,3.96082745312765e-08,2.3903391589062235e-08,1.5704882942214267e-08,5.0211475306029445e-09,1.3197188765480223,0.5232752680617528,-0.6476476282118462,False
D19_Apple_iPhone6Plus:native:0023,D19_Apple_iPhone6Plus,D05_Apple_iPhone5c,D02_Apple_iPhone4s|D04_LG_D290|D15_Apple_iPhone6,same_pipeline_different_device,native,native,3264x2448,3264x2448,prnu_python_wavelet_mle,mle_5,squared_aligned_ncc,calibration,23,0.00019901827687746797,3.96082745312765e-08,3.580970078117306e-08,2.0726030472817212e-08,5.0211475306029445e-09,1.5704882942214267e-08,2.3903391589062235e-08,2.5220356418455445,1.9110400606244355,0.6476476282118462,False
D19_Apple_iPhone6Plus:native:0023,D19_Apple_iPhone6Plus,D15_Apple_iPhone6,D02_Apple_iPhone4s|D04_LG_D290|D05_Apple_iPhone5c,same_pipeline_different_device,native,native,3264x2448,3264x2448,prnu_python_wavelet_mle,mle_5,squared_aligned_ncc,calibration,23,0.00026645485345267724,7.09981889284877e-08,2.534639598210266e-08,2.0726030472817212e-08,5.0211475306029445e-09,1.5704882942214267e-08,5.5293305986273436e-08,4.520771609041838,3.425556525240271,1.231263947635508,False
D19_Apple_iPhone6Plus:native:0023,D19_Apple_iPhone6Plus,D19_Apple_iPhone6Plus,D02_Apple_iPhone4s|D04_LG_D290|D05_Apple_iPhone5c|D15_Apple_iPhone6,same_pipeline_different_device,native,native,3264x2448,3264x2448,prnu_python_wavelet_mle,mle_5,squared_aligned_ncc,calibration,23,0.014040420288974923,0.00019713340189105868,3.6759344218698926e-08,3.016715250204686e-08,1.1951695794531121e-08,1.5704882942214267e-08,0.00019711769700811647,12552.363657622042,6534.703660800702,8.78488227855741,True
D19_Apple_iPhone6Plus:native:0024,D19_Apple_iPhone6Plus,D02_Apple_iPhone4s,D04_LG_D290|D05_Apple_iPhone5c|D15_Apple_iPhone6,same_pipeline_different_device,native,native,3264x2448,3264x2448,prnu_python_wavelet_mle,mle_5,squared_aligned_ncc,calibration,24,0.0002879453161238914,8.291250507768774e-08,2.654647679293061e-07,4.7899973493721185e-08,9.124621382684641e-10,4.7899973493721185e-08,3.501253158396656e-08,1.7309509594729957,1.7309509594729957,0.5486709450434688,False
D19_Apple_iPhone6Plus:native:0024,D19_Apple_iPhone6Plus,D04_LG_D290,D02_Apple_iPhone4s|D05_Apple_iPhone5c|D15_Apple_iPhone6,same_pipeline_different_device,native,native,3264x2448,3264x2448,prnu_python_wavelet_mle,mle_5,squared_aligned_ncc,calibration,24,-0.00021886062572724492,4.7899973493721185e-08,2.771356117906283e-07,8.291250507768774e-08,3.5924993722235024e-08,8.291250507768774e-08,-3.501253158396656e-08,0.5777171181698062,0.5777171181698062,-0.5486709450434688,False
D19_Apple_iPhone6Plus:native:0024,D19_Apple_iPhone6Plus,D05_Apple_iPhone5c,D02_Apple_iPhone4s|D04_LG_D290|D15_Apple_iPhone6,same_pipeline_different_device,native,native,3264x2448,3264x2448,prnu_python_wavelet_mle,mle_5,squared_aligned_ncc,calibration,24,0.0008375600390054102,7.015068189387443e-07,5.9266663308953883e-08,4.7899973493721185e-08,9.124621382684641e-10,8.291250507768774e-08,6.185943138610565e-07,8.460808394119116,14.64524440771766,2.68411566895694,False
D19_Apple_iPhone6Plus:native:0024,D19_Apple_iPhone6Plus,D15_Apple_iPhone6,D02_Apple_iPhone4s|D04_LG_D290|D05_Apple_iPhone5c,same_pipeline_different_device,native,native,3264x2448,3264x2448,prnu_python_wavelet_mle,mle_5,squared_aligned_ncc,calibration,24,0.0002167660290623342,4.698751135545272e-08,2.7743976583671775e-07,8.291250507768774e-08,3.501253158396656e-08,8.291250507768774e-08,-3.5924993722235024e-08,0.5667119973208643,0.5667119973208643,-0.5679040455332789,False
D19_Apple_iPhone6Plus:native:0024,D19_Apple_iPhone6Plus,D19_Apple_iPhone6Plus,D02_Apple_iPhone4s|D04_LG_D290|D05_Apple_iPhone5c|D15_Apple_iPhone6,same_pipeline_different_device,native,native,3264x2448,3264x2448,prnu_python_wavelet_mle,mle_5,squared_aligned_ncc,calibration,24,0.014278034263513022,0.00020386226243005186,2.198267022164015e-07,6.540623928570447e-08,1.7962496861117515e-08,8.291250507768774e-08,0.00020377934992497418,2458.763756311983,3116.8626213097236,8.044582204785694,True
D19_Apple_iPhone6Plus:native:0025,D19_Apple_iPhone6Plus,D02_Apple_iPhone4s,D04_LG_D290|D05_Apple_iPhone5c|D15_Apple_iPhone6,same_pipeline_different_device,native,native,3264x2448,3264x2448,prnu_python_wavelet_mle,mle_5,squared_aligned_ncc,calibration,25,-1.791620207884516e-05,3.209902969300156e-10,1.8685419563430964e-09,1.2830641945168455e-09,2.496164339500418e-10,1.2830641945168455e-09,-9.6207389758683e-10,0.25017477558937623,0.25017477558937623,-1.3855955030206033,False
D19_Apple_iPhone6Plus:native:0025,D19_Apple_iPhone6Plus,D04_LG_D290,D02_Apple_iPhone4s|D05_Apple_iPhone5c|D15_Apple_iPhone6,same_pipeline_different_device,native,native,3264x2448,3264x2448,prnu_python_wavelet_mle,mle_5,squared_aligned_ncc,calibration,25,3.58198854620844e-05,1.2830641945168455e-09,1.5478506571474867e-09,1.0334477605668037e-09,7.124574636367882e-10,3.209902969300156e-10,9.6207389758683e-10,3.9972055441806313,1.2415375440100982,0.2163505663546701,False
D19_Apple_iPhone6Plus:native:0025,D19_Apple_iPhone6Plus,D05_Apple_iPhone5c,D02_Apple_iPhone4s|D04_LG_D290|D15_Apple_iPhone6,same_pipeline_different_device,native,native,3264x2448,3264x2448,prnu_python_wavelet_mle,mle_5,squared_aligned_ncc,calibration,25,5.735079697742343e-05,3.2891139139456406e-09,8.791674173378883e-10,1.0334477605668037e-09,2.496164339500418e-10,3.209902969300156e-10,2.968123617015625e-09,10.246770526720173,3.182661029853794,1.1577176487094398,False
D19_Apple_iPhone6Plus:native:0025,D19_Apple_iPhone6Plus,D15_Apple_iPhone6,D02_Apple_iPhone4s|D04_LG_D290|D05_Apple_iPhone5c,same_pipeline_different_device,native,native,3264x2448,3264x2448,prnu_python_wavelet_mle,mle_5,squared_aligned_ncc,calibration,25,3.2147282320078064e-05,1.0334477605668037e-09,1.631056135130834e-09,1.2830641945168455e-09,9.6207389758683e-10,3.209902969300156e-10,7.124574636367882e-10,3.219560748255648,0.805452887691221,-0.2163505663546701,False
D19_Apple_iPhone6Plus:native:0025,D19_Apple_iPhone6Plus,D19_Apple_iPhone6Plus,D02_Apple_iPhone4s|D04_LG_D290|D05_Apple_iPhone5c|D15_Apple_iPhone6,same_pipeline_different_device,native,native,3264x2448,3264x2448,prnu_python_wavelet_mle,mle_5,squared_aligned_ncc,calibration,25,0.013961826942568985,0.0001949326115742452,1.4816540414898263e-09,1.1582559775418247e-09,4.810369487934151e-10,3.209902969300156e-10,0.00019493229058394827,607285.0595130159,168298.38598195894,12.033493790007892,True
D02_Apple_iPhone4s:native:0041,D02_Apple_iPhone4s,D02_Apple_iPhone4s,D04_LG_D290|D05_Apple_iPhone5c|D15_Apple_iPhone6|D19_Apple_iPhone6Plus,same_pipeline_different_device,native,native,3264x2448,3264x2448,prnu_python_wavelet_mle,mle_5,squared_aligned_ncc,test,41,0.006707679875346937,4.499296931013429e-05,1.266985839892461e-07,1.2873933274836995e-07,6.251425949125506e-08,1.2193431002625971e-07,4.4871035000108034e-05,368.9935121660559,349.488911815911,5.85647183532198,True
D02_Apple_iPhone4s:native:0041,D02_Apple_iPhone4s,D04_LG_D290,D05_Apple_iPhone5c|D15_Apple_iPhone6|D19_Apple_iPhone6Plus,same_pipeline_different_device,native,native,3264x2448,3264x2448,prnu_python_wavelet_mle,mle_5,squared_aligned_ncc,test,41,0.0003491909363460909,1.2193431002625971e-07,1.2828667531024157e-07,1.355443554704802e-07,1.1141847353828964e-07,2.4696282900876984e-07,-1.2502851898251012e-07,0.4937354763697242,0.8995897291556005,-0.10581647608576361,False
D02_Apple_iPhone4s:native:0041,D02_Apple_iPhone4s,D05_Apple_iPhone5c,D04_LG_D290|D15_Apple_iPhone6|D19_Apple_iPhone6Plus,same_pipeline_different_device,native,native,3264x2448,3264x2448,prnu_python_wavelet_mle,mle_5,squared_aligned_ncc,test,41,-0.0004969535481398335,2.4696282900876984e-07,8.661050231607154e-08,1.2193431002625971e-07,1.3610045444220479e-08,1.2193431002625971e-07,1.2502851898251012e-07,2.0253760320256378,2.0253760320256378,0.7057553781468275,False
D02_Apple_iPhone4s:native:0041,D02_Apple_iPhone4s,D15_Apple_iPhone6,D04_LG_D290|D05_Apple_iPhone5c|D19_Apple_iPhone6Plus,same_pipeline_different_device,native,native,3264x2448,3264x2448,prnu_python_wavelet_mle,mle_5,squared_aligned_ncc,test,41,-4.8506097054645366e-05,2.352841451474676e-09,1.6814716483516992e-07,1.355443554704802e-07,1.3610045444220479e-08,1.2193431002625971e-07,-1.1958146857478504e-07,0.019295975439299812,0.017358461319232837,-4.0536752073628755,False
D02_Apple_iPhone4s:native:0041,D02_Apple_iPhone4s,D19_Apple_iPhone6Plus,D04_LG_D290|D05_Apple_iPhone5c|D15_Apple_iPhone6,same_pipeline_different_device,native,native,3264x2448,3264x2448,prnu_python_wavelet_mle,mle_5,squared_aligned_ncc,test,41,-0.0003681634901378465,1.355443554704802e-07,1.2374999349550142e-07,1.2193431002625971e-07,1.1958146857478504e-07,1.2193431002625971e-07,1.3610045444220479e-08,1.1116178493263251,1.1116178493263251,0.10581647608576361,False
D02_Apple_iPhone4s:native:0042,D02_Apple_iPhone4s,D02_Apple_iPhone4s,D04_LG_D290|D05_Apple_iPhone5c|D15_Apple_iPhone6|D19_Apple_iPhone6Plus,same_pipeline_different_device,native,native,3264x2448,3264x2448,prnu_python_wavelet_mle,mle_5,squared_aligned_ncc,test,42,0.01922346118088164,0.00036954145977286337,4.643331350670735e-08,1.7752400237635323e-09,1.4847227770791986e-09,5.793808696547655e-10,0.0003695408803919937,637821.3005083535,208164.22276770812,12.246082579703657,True
D02_Apple_iPhone4s:native:0042,D02_Apple_iPhone4s,D04_LG_D290,D05_Apple_iPhone5c|D15_Apple_iPhone6|D19_Apple_iPhone6Plus,same_pipeline_different_device,native,native,3264x2448,3264x2448,prnu_python_wavelet_mle,mle_5,squared_aligned_ncc,test,42,2.407033173129871e-05,5.793808696547655e-10,6.171795771905822e-08,2.971099177872299e-09,2.969445554158397e-09,1.8218112035558845e-07,-1.816017394859337e-07,0.003180246496035959,0.19500556358730475,-1.6347271896084514,False
D02_Apple_iPhone4s:native:0042,D02_Apple_iPhone4s,D05_Apple_iPhone5c,D04_LG_D290|D15_Apple_iPhone6|D19_Apple_iPhone6Plus,same_pipeline_different_device,native,native,3264x2448,3264x2448,prnu_python_wavelet_mle,mle_5,squared_aligned_ncc,test,42,0.00042682680369862956,1.8218112035558845e-07,1.1840445570803221e-09,5.793808696547655e-10,5.777272459408638e-10,5.793808696547655e-10,1.816017394859337e-07,314.4410350727395,314.4410350727395,5.750796570717428,False
D02_Apple_iPhone4s:native:0042,D02_Apple_iPhone4s,D15_Apple_iPhone6,D04_LG_D290|D05_Apple_iPhone5c|D19_Apple_iPhone6Plus,same_pipeline_different_device,native,native,3264x2448,3264x2448,prnu_python_wavelet_mle,mle_5,squared_aligned_ncc,test,42,-5.4507790065937354e-05,2.971099177872299e-09,6.09207182829857e-08,5.793808696547655e-10,5.777272459408638e-10,5.793808696547655e-10,2.3917183082175335e-09,5.12805881844646,5.12805881844646,1.6347271896084514,False
D02_Apple_iPhone4s:native:0042,D02_Apple_iPhone4s,D19_Apple_iPhone6Plus,D04_LG_D290|D05_Apple_iPhone5c|D15_Apple_iPhone6,same_pipeline_different_device,native,native,3264x2448,3264x2448,prnu_python_wavelet_mle,mle_5,squared_aligned_ncc,test,42,1.2859330129916165e-06,1.653623713901697e-12,6.191053346770517e-08,2.971099177872299e-09,2.3917183082175335e-09,5.793808696547655e-10,-5.777272459408638e-10,0.002854122047362452,0.000556569678392867,-7.493718186833444,False
D02_Apple_iPhone4s:native:0043,D02_Apple_iPhone4s,D02_Apple_iPhone4s,D04_LG_D290|D05_Apple_iPhone5c|D15_Apple_iPhone6|D19_Apple_iPhone6Plus,same_pipeline_different_device,native,native,3264x2448,3264x2448,prnu_python_wavelet_mle,mle_5,squared_aligned_ncc,test,43,0.01218279757719909,0.000148420556807008,1.1791791848048707e-07,7.089605475082843e-08,6.493133951120762e-08,1.0345511152345657e-08,0.00014841021129585565,14346.372510879399,2093.495291503138,7.646590336353796,True
D02_Apple_iPhone4s:native:0043,D02_Apple_iPhone4s,D04_LG_D290,D05_Apple_iPhone5c|D15_Apple_iPhone6|D19_Apple_iPhone6Plus,same_pipeline_different_device,native,native,3264x2448,3264x2448,prnu_python_wavelet_mle,mle_5,squared_aligned_ncc,test,43,-0.00010171288587168126,1.0345511152345657e-08,1.537753875898675e-07,1.314465983493112e-07,1.2986267902241525e-07,3.282956450933954e-07,-3.1795013394104976e-07,0.03151278826559672,0.07870505043312799,-2.542047952388721,False
D02_Apple_iPhone4s:native:0043,D02_Apple_iPhone4s,D05_Apple_iPhone5c,D04_LG_D290|D15_Apple_iPhone6|D19_Apple_iPhone6Plus,same_pipeline_different_device,native,native,3264x2448,3264x2448,prnu_python_wavelet_mle,mle_5,squared_aligned_ncc,test,43,0.0005729708937576109,3.282956450933954e-07,4.77920096095176e-08,1.0345511152345657e-08,8.761591825449699e-09,1.0345511152345657e-08,3.1795013394104976e-07,31.733148827446804,31.733148827446804,3.4573618388511758,False
D02_Apple_iPhone4s:native:0043,D02_Apple_iPhone4s,D15_Apple_iPhone6,D04_LG_D290|D05_Apple_iPhone5c|D19_Apple_iPhone6Plus,same_pipeline_different_device,native,native,3264x2448,3264x2448,prnu_python_wavelet_mle,mle_5,squared_aligned_ncc,test,43,-3.9798483977357215e-05,1.583919326895959e-09,1.5669591819835077e-07,1.314465983493112e-07,1.2110108719696554e-07,1.0345511152345657e-08,-8.761591825449699e-09,0.15310208491117755,0.012049907314351273,-4.418698310830138,False
D02_Apple_iPhone4s:native:0043,D02_Apple_iPhone4s,D19_Apple_iPhone6Plus,D04_LG_D290|D05_Apple_iPhone5c|D15_Apple_iPhone6,same_pipeline_different_device,native,native,3264x2448,3264x2448,prnu_python_wavelet_mle,mle_5,squared_aligned_ncc,test,43,0.0003625556486241956,1.314465983493112e-07,1.1340835852421235e-07,1.0345511152345657e-08,8.761591825449699e-09,1.0345511152345657e-08,1.2110108719696554e-07,12.705664941408726,12.705664941408726,2.542047952388721,False
D02_Apple_iPhone4s:native:0044,D02_Apple_iPhone4s,D02_Apple_iPhone4s,D04_LG_D290|D05_Apple_iPhone5c|D15_Apple_iPhone6|D19_Apple_iPhone6Plus,same_pipeline_different_device,native,native,3264x2448,3264x2448,prnu_python_wavelet_mle,mle_5,squared_aligned_ncc,test,44,0.021209814464037583,0.0004498562295988979,1.2055976495669685e-07,2.0511772303355012e-08,9.65753005301997e-09,2.6959754054404472e-08,0.00044982926984484347,16686.2141505851,21931.6119029518,9.995684340897366,True
D02_Apple_iPhone4s:native:0044,D02_Apple_iPhone4s,D04_LG_D290,D05_Apple_iPhone5c|D15_Apple_iPhone6|D19_Apple_iPhone6Plus,same_pipeline_different_device,native,native,3264x2448,3264x2448,prnu_python_wavelet_mle,mle_5,squared_aligned_ncc,test,44,0.0001641942570688892,2.6959754054404472e-08,1.517597685907943e-07,1.406379055230555e-08,6.4190966039410165e-09,4.335708212717128e-07,-4.0661106721730833e-07,0.06218073895131695,1.9169621414750675,0.6507417150291985,False
D02_Apple_iPhone4s:native:0044,D02_Apple_iPhone4s,D05_Apple_iPhone5c,D04_LG_D290|D15_Apple_iPhone6|D19_Apple_iPhone6Plus,same_pipeline_different_device,native,native,3264x2448,3264x2448,prnu_python_wavelet_mle,mle_5,squared_aligned_ncc,test,44,0.0006584609489344929,4.335708212717128e-07,1.6222746185024852e-08,1.406379055230555e-08,6.4190966039410165e-09,2.6959754054404472e-08,4.0661106721730833e-07,16.0821504675737,30.82887359984434,3.4284517053838464,False
D02_Apple_iPhone4s:native:0044,D02_Apple_iPhone4s,D15_Apple_iPhone6,D04_LG_D290|D05_Apple_iPhone5c|D19_Apple_iPhone6Plus,same_pipeline_different_device,native,native,3264x2448,3264x2448,prnu_python_wavelet_mle,mle_5,squared_aligned_ncc,test,44,-8.743394048288419e-05,7.644693948364534e-09,1.5819812195947428e-07,2.6959754054404472e-08,1.2895963502098921e-08,2.6959754054404472e-08,-1.931506010603994e-08,0.2835594839974293,0.2835594839974293,-1.2603333577267364,False
D02_Apple_iPhone4s:native:0044,D02_Apple_iPhone4s,D19_Apple_iPhone6Plus,D04_LG_D290|D05_Apple_iPhone5c|D15_Apple_iPhone6,same_pipeline_different_device,native,native,3264x2448,3264x2448,prnu_python_wavelet_mle,mle_5,squared_aligned_ncc,test,44,-0.00011859085357777618,1.406379055230555e-08,1.5605842309149394e-07,2.6959754054404472e-08,1.931506010603994e-08,2.6959754054404472e-08,-1.2895963502098921e-08,0.5216587111264066,0.5216587111264066,-0.6507417150291985,False
D02_Apple_iPhone4s:native:0045,D02_Apple_iPhone4s,D02_Apple_iPhone4s,D04_LG_D290|D05_Apple_iPhone5c|D15_Apple_iPhone6|D19_Apple_iPhone6Plus,same_pipeline_different_device,native,native,3264x2448,3264x2448,prnu_python_wavelet_mle,mle_5,squared_aligned_ncc,test,45,0.0130772535234981,0.00017101455971784346,8.281840220631631e-08,6.453872052956951e-08,2.8114959952375365e-08,1.780265897712766e-07,0.00017083653312807218,960.6124564738222,2649.79780067828,7.882238614438313,True
D02_Apple_iPhone4s:native:0045,D02_Apple_iPhone4s,D04_LG_D290,D05_Apple_iPhone5c|D15_Apple_iPhone6|D19_Apple_iPhone6Plus,same_pipeline_different_device,native,native,3264x2448,3264x2448,prnu_python_wavelet_mle,mle_5,squared_aligned_ncc,test,45,-0.00042193197291894887,1.780265897712766e-07,5.108233968466286e-08,4.867794315953872e-08,2.4508365164689153e-08,2.416957799484957e-08,1.5385701177642702e-07,7.365730167453204,3.6572331987776536,1.29670690491586,False
D02_Apple_iPhone4s:native:0045,D02_Apple_iPhone4s,D05_Apple_iPhone5c,D04_LG_D290|D15_Apple_iPhone6|D19_Apple_iPhone6Plus,same_pipeline_different_device,native,native,3264x2448,3264x2448,prnu_python_wavelet_mle,mle_5,squared_aligned_ncc,test,45,0.00015546568108379923,2.416957799484957e-08,1.0236801027680521e-07,8.03994978996003e-08,3.1721554740061574e-08,1.780265897712766e-07,-1.5385701177642702e-07,0.13576386553212047,0.30061851909860904,-1.2019131964464371,False
D02_Apple_iPhone4s:native:0045,D02_Apple_iPhone4s,D15_Apple_iPhone6,D04_LG_D290|D05_Apple_iPhone5c|D19_Apple_iPhone6Plus,same_pipeline_different_device,native,native,3264x2448,3264x2448,prnu_python_wavelet_mle,mle_5,squared_aligned_ncc,test,45,0.0002206307847049879,4.867794315953872e-08,9.419855522190884e-08,8.03994978996003e-08,5.622991990475073e-08,1.780265897712766e-07,-1.2934864661173788e-07,0.27343074549750535,0.6054508352816557,-0.5017819161780324,False
D02_Apple_iPhone4s:native:0045,D02_Apple_iPhone4s,D19_Apple_iPhone6Plus,D04_LG_D290|D05_Apple_iPhone5c|D15_Apple_iPhone6,same_pipeline_different_device,native,native,3264x2448,3264x2448,prnu_python_wavelet_mle,mle_5,squared_aligned_ncc,test,45,-0.00028354805218798506,8.03994978996003e-08,8.362470364188831e-08,4.867794315953872e-08,2.4508365164689153e-08,1.780265897712766e-07,-9.76270918716763e-08,0.4516151098714818,1.6516617728916008,0.5017819161780324,False
D02_Apple_iPhone4s:native:0046,D02_Apple_iPhone4s,D02_Apple_iPhone4s,D04_LG_D290|D05_Apple_iPhone5c|D15_Apple_iPhone6|D19_Apple_iPhone6Plus,same_pipeline_different_device,native,native,3264x2448,3264x2448,prnu_python_wavelet_mle,mle_5,squared_aligned_ncc,test,46,0.020271040948802062,0.00041091510114801,2.0205883916458226e-07,1.6908240853516754e-07,1.5443145455994023e-07,4.6456600783378795e-07,0.0004104505351401762,884.5139209905923,2430.2652458522525,7.7957556850493654,True
D02_Apple_iPhone4s:native:0046,D02_Apple_iPhone4s,D04_LG_D290,D05_Apple_iPhone5c|D15_Apple_iPhone6|D19_Apple_iPhone6Plus,same_pipeline_different_device,native,native,3264x2448,3264x2448,prnu_python_wavelet_mle,mle_5,squared_aligned_ncc,test,46,0.000681590792069397,4.6456600783378795e-07,1.1455644960818039e-07,2.379737619624853e-08,1.8292844442042444e-08,2.379737619624853e-08,4.407686316375394e-07,19.52173231211192,19.52173231211192,2.971528322544833,False
D02_Apple_iPhone4s:native:0046,D02_Apple_iPhone4s,D05_Apple_iPhone5c,D04_LG_D290|D15_Apple_iPhone6|D19_Apple_iPhone6Plus,same_pipeline_different_device,native,native,3264x2448,3264x2448,prnu_python_wavelet_mle,mle_5,squared_aligned_ncc,test,46,-0.0001542639821742215,2.379737619624853e-08,2.6147932682069353e-07,3.1436744087408655e-07,1.501985669597014e-07,4.6456600783378795e-07,-4.407686316375394e-07,0.05122496221196351,0.07569923949528884,-2.5809871648865705,False
D02_Apple_iPhone4s:native:0046,D02_Apple_iPhone4s,D15_Apple_iPhone6,D04_LG_D290|D05_Apple_iPhone5c|D19_Apple_iPhone6Plus,same_pipeline_different_device,native,native,3264x2448,3264x2448,prnu_python_wavelet_mle,mle_5,squared_aligned_ncc,test,46,0.0005606847963643089,3.1436744087408655e-07,1.646226385947475e-07,2.379737619624853e-08,1.8292844442042444e-08,4.6456600783378795e-07,-1.501985669597014e-07,0.676690579106168,13.210172343438607,2.5809871648865705,False
D02_Apple_iPhone4s:native:0046,D02_Apple_iPhone4s,D19_Apple_iPhone6Plus,D04_LG_D290|D05_Apple_iPhone5c|D15_Apple_iPhone6,same_pipeline_different_device,native,native,3264x2448,3264x2448,prnu_python_wavelet_mle,mle_5,squared_aligned_ncc,test,46,-7.419253166057945e-05,5.504531754206084e-09,2.6757694163470766e-07,3.1436744087408655e-07,1.501985669597014e-07,4.6456600783378795e-07,-4.5906147607958186e-07,0.011848761341521765,0.01750986596735637,-4.044990787347805,False
D02_Apple_iPhone4s:native:0047,D02_Apple_iPhone4s,D02_Apple_iPhone4s,D04_LG_D290|D05_Apple_iPhone5c|D15_Apple_iPhone6|D19_Apple_iPhone6Plus,same_pipeline_different_device,native,native,3264x2448,3264x2448,prnu_python_wavelet_mle,mle_5,squared_aligned_ncc,test,47,0.01762299170083916,0.00031056983648784586,2.0933736601236443e-07,1.1265352195987516e-07,8.014906480610955e-08,1.4875359580633427e-08,0.00031055496112826524,20878.139772310707,2756.858650175752,7.921847140277393,True
D02_Apple_iPhone4s:native:0047,D02_Apple_iPhone4s,D04_LG_D290,D05_Apple_iPhone5c|D15_Apple_iPhone6|D19_Apple_iPhone6Plus,same_pipeline_different_device,native,native,3264x2448,3264x2448,prnu_python_wavelet_mle,mle_5,squared_aligned_ncc,test,47,-0.00012196458330447174,1.4875359580633427e-08,2.7415803482294135e-07,1.7517348919285252e-07,1.2503993446595472e-07,5.0133554726897795e-08,-3.525819514626437e-08,0.2967146387617405,0.08491786998805968,-2.4660707250327825,False
D02_Apple_iPhone4s:native:0047,D02_Apple_iPhone4s,D05_Apple_iPhone5c,D04_LG_D290|D15_Apple_iPhone6|D19_Apple_iPhone6Plus,same_pipeline_different_device,native,native,3264x2448,3264x2448,prnu_python_wavelet_mle,mle_5,squared_aligned_ncc,test,47,-0.00022390523604171877,5.0133554726897795e-08,2.624053031075199e-07,1.7517348919285252e-07,1.602981296122191e-07,1.4875359580633427e-08,3.525819514626437e-08,3.3702415363570655,0.2861937326127278,-1.2510863107273522,False
D02_Apple_iPhone4s:native:0047,D02_Apple_iPhone4s,D15_Apple_iPhone6,D04_LG_D290|D05_Apple_iPhone5c|D19_Apple_iPhone6Plus,same_pipeline_different_device,native,native,3264x2448,3264x2448,prnu_python_wavelet_mle,mle_5,squared_aligned_ncc,test,47,0.0007727658510500279,5.971670605490739e-07,8.006080116679458e-08,5.0133554726897795e-08,3.525819514626437e-08,1.4875359580633427e-08,5.822917009684405e-07,40.144714305026916,11.911524403209336,2.4775063687291556,False
D02_Apple_iPhone4s:native:0047,D02_Apple_iPhone4s,D19_Apple_iPhone6Plus,D04_LG_D290|D05_Apple_iPhone5c|D15_Apple_iPhone6,same_pipeline_different_device,native,native,3264x2448,3264x2448,prnu_python_wavelet_mle,mle_5,squared_aligned_ncc,test,47,0.0004185373211469349,1.7517348919285252e-07,2.2072532495220172e-07,5.0133554726897795e-08,3.525819514626437e-08,1.4875359580633427e-08,1.602981296122191e-07,11.776084352334912,3.4941366146308384,1.2510863107273522,False
D02_Apple_iPhone4s:native:0048,D02_Apple_iPhone4s,D02_Apple_iPhone4s,D04_LG_D290|D05_Apple_iPhone5c|D15_Apple_iPhone6|D19_Apple_iPhone6Plus,same_pipeline_different_device,native,native,3264x2448,3264x2448,prnu_python_wavelet_mle,mle_5,squared_aligned_ncc,test,48,0.020829793009037433,0.0004338802767993447,5.351627490018661e-08,5.039715859817134e-08,4.245145190108089e-08,1.1075429171927825e-07,0.00043376952250762546,3917.5030607308026,8609.221013009414,9.060589118649187,True
D02_Apple_iPhone4s:native:0048,D02_Apple_iPhone4s,D04_LG_D290,D05_Apple_iPhone5c|D15_Apple_iPhone6|D19_Apple_iPhone6Plus,same_pipeline_different_device,native,native,3264x2448,3264x2448,prnu_python_wavelet_mle,mle_5,squared_aligned_ncc,test,48,0.00033279767384895924,1.1075429171927825e-07,3.44369359604894e-08,1.3374922709055374e-08,1.0858432023929846e-08,2.516490685125528e-09,1.0823780103415272e-07,44.011405396381825,8.280742560425642,2.1139326455868748,False
D02_Apple_iPhone4s:native:0048,D02_Apple_iPhone4s,D05_Apple_iPhone5c,D04_LG_D290|D15_Apple_iPhone6|D19_Apple_iPhone6Plus,same_pipeline_different_device,native,native,3264x2448,3264x2448,prnu_python_wavelet_mle,mle_5,squared_aligned_ncc,test,48,-5.016463580178299e-05,2.516490685125528e-09,7.051620297187364e-08,8.74193944872873e-08,2.3334897231990943e-08,1.1075429171927825e-07,-1.0823780103415272e-07,0.02272138303682095,0.02878641175547699,-3.547851817225446,False
D02_Apple_iPhone4s:native:0048,D02_Apple_iPhone4s,D15_Apple_iPhone6,D04_LG_D290|D05_Apple_iPhone5c|D19_Apple_iPhone6Plus,same_pipeline_different_device,native,native,3264x2448,3264x2448,prnu_python_wavelet_mle,mle_5,squared_aligned_ncc,test,48,-0.00011565000090382781,1.3374922709055374e-08,6.689672563056369e-08,8.74193944872873e-08,2.3334897231990943e-08,1.1075429171927825e-07,-9.737936901022287e-08,0.12076211676704977,0.15299720145053602,-1.8773356489299537,False
D02_Apple_iPhone4s:native:0048,D02_Apple_iPhone4s,D19_Apple_iPhone6Plus,D04_LG_D290|D05_Apple_iPhone5c|D15_Apple_iPhone6,same_pipeline_different_device,native,native,3264x2448,3264x2448,prnu_python_wavelet_mle,mle_5,squared_aligned_ncc,test,48,-0.0002956677095783158,8.74193944872873e-08,4.2215235037819713e-08,1.3374922709055374e-08,1.0858432023929846e-08,1.1075429171927825e-07,-2.3334897231990943e-08,0.7893093182236549,6.536067264755165,1.8773356489299537,False
D02_Apple_iPhone4s:native:0049,D02_Apple_iPhone4s,D02_Apple_iPhone4s,D04_LG_D290|D05_Apple_iPhone5c|D15_Apple_iPhone6|D19_Apple_iPhone6Plus,same_pipeline_different_device,native,native,3264x2448,3264x2448,prnu_python_wavelet_mle,mle_5,squared_aligned_ncc,test,49,0.014078003341027975,0.00019819017806999484,4.186294355205963e-08,4.204607407155976e-08,2.1295120248099595e-08,7.992810953427766e-08,0.00019811024996046057,2479.6054757807046,4713.642889290631,8.458216325278729,True
D02_Apple_iPhone4s:native:0049,D02_Apple_iPhone4s,D04_LG_D290,D05_Apple_iPhone5c|D15_Apple_iPhone6|D19_Apple_iPhone6Plus,same_pipeline_different_device,native,native,3264x2448,3264x2448,prnu_python_wavelet_mle,mle_5,squared_aligned_ncc,test,49,0.00028271559832148926,7.992810953427766e-08,2.9174554891320285e-08,3.733786903807847e-08,9.416410066962568e-09,3.733786903807847e-08,4.259024049619919e-08,2.140671430733344,2.140671430733344,0.7611195325028142,False
D02_Apple_iPhone4s:native:0049,D02_Apple_iPhone4s,D05_Apple_iPhone5c,D04_LG_D290|D15_Apple_iPhone6|D19_Apple_iPhone6Plus,same_pipeline_different_device,native,native,3264x2448,3264x2448,prnu_python_wavelet_mle,mle_5,squared_aligned_ncc,test,49,-0.0001932300935105049,3.733786903807847e-08,4.337130172338668e-08,4.675427910504104e-08,3.317383042923662e-08,7.992810953427766e-08,-4.259024049619919e-08,0.4671431522106237,0.7985978984766917,-0.22489771586575458,False
D02_Apple_iPhone4s:native:0049,D02_Apple_iPhone4s,D15_Apple_iPhone6,D04_LG_D290|D05_Apple_iPhone5c|D19_Apple_iPhone6Plus,same_pipeline_different_device,native,native,3264x2448,3264x2448,prnu_python_wavelet_mle,mle_5,squared_aligned_ncc,test,49,5.857914757694365e-05,3.431516530841343e-09,5.467341922579906e-08,4.675427910504104e-08,9.416410066962568e-09,7.992810953427766e-08,-7.649659300343633e-08,0.04293253713663422,0.07339470518050095,-2.6119034824690637,False
D02_Apple_iPhone4s:native:0049,D02_Apple_iPhone4s,D19_Apple_iPhone6Plus,D04_LG_D290|D05_Apple_iPhone5c|D15_Apple_iPhone6,same_pipeline_different_device,native,native,3264x2448,3264x2448,prnu_python_wavelet_mle,mle_5,squared_aligned_ncc,test,49,-0.00021622737825039882,4.675427910504104e-08,4.023249836773249e-08,3.733786903807847e-08,3.390635250723713e-08,7.992810953427766e-08,-3.317383042923662e-08,0.5849541466383635,1.252194629997748,0.22489771586575458,False
D02_Apple_iPhone4s:native:0050,D02_Apple_iPhone4s,D02_Apple_iPhone4s,D04_LG_D290|D05_Apple_iPhone5c|D15_Apple_iPhone6|D19_Apple_iPhone6Plus,same_pipeline_different_device,native,native,3264x2448,3264x2448,prnu_python_wavelet_mle,mle_5,squared_aligned_ncc,test,50,0.014620729316664709,0.0002137657257511789,1.7138582962088853e-07,1.581578890270003e-07,1.330435574587636e-07,2.826281526144393e-07,0.00021348309759856445,756.3497258632888,1351.5969836615952,7.209042123157854,True
D02_Apple_iPhone4s:native:0050,D02_Apple_iPhone4s,D04_LG_D290,D05_Apple_iPhone5c|D15_Apple_iPhone6|D19_Apple_iPhone6Plus,same_pipeline_different_device,native,native,3264x2448,3264x2448,prnu_python_wavelet_mle,mle_5,squared_aligned_ncc,test,50,-0.0005316278328064091,2.826281526144393e-07,1.3430505528970493e-07,3.36876254395613e-08,1.7146587742649215e-08,1.6541037696912088e-08,2.660871149175272e-07,17.08648258913048,8.389672733731269,2.1270015130116917,False
D02_Apple_iPhone4s:native:0050,D02_Apple_iPhone4s,D05_Apple_iPhone5c,D04_LG_D290|D15_Apple_iPhone6|D19_Apple_iPhone6Plus,same_pipeline_different_device,native,native,3264x2448,3264x2448,prnu_python_wavelet_mle,mle_5,squared_aligned_ncc,test,50,-0.0001286119656055069,1.6541037696912088e-08,2.23000760262214e-07,2.826281526144393e-07,7.005835011820215e-08,2.826281526144393e-07,-2.660871149175272e-07,0.05852579632955863,0.05852579632955863,-2.8382876590414554,False
D02_Apple_iPhone4s:native:0050,D02_Apple_iPhone4s,D15_Apple_iPhone6,D04_LG_D290|D05_Apple_iPhone5c|D19_Apple_iPhone6Plus,same_pipeline_different_device,native,native,3264x2448,3264x2448,prnu_python_wavelet_mle,mle_5,squared_aligned_ncc,test,50,0.0005938741472169347,3.5268650273264145e-07,1.1095227191697089e-07,3.36876254395613e-08,1.7146587742649215e-08,2.826281526144393e-07,7.005835011820215e-08,1.2478817112525078,10.46931916781708,2.3484489958165344,False
D02_Apple_iPhone4s:native:0050,D02_Apple_iPhone4s,D19_Apple_iPhone6Plus,D04_LG_D290|D05_Apple_iPhone5c|D15_Apple_iPhone6,same_pipeline_different_device,native,native,3264x2448,3264x2448,prnu_python_wavelet_mle,mle_5,squared_aligned_ncc,test,50,-0.00018354189014925531,3.36876254395613e-08,2.1728523101466428e-07,2.826281526144393e-07,7.005835011820215e-08,2.826281526144393e-07,-2.48940527174878e-07,0.1191941606946633,0.1191941606946633,-2.1270015130116917,False
D04_LG_D290:native:0041,D04_LG_D290,D02_Apple_iPhone4s,D05_Apple_iPhone5c|D15_Apple_iPhone6|D19_Apple_iPhone6Plus,same_pipeline_different_device,native,native,3264x2448,3264x2448,prnu_python_wavelet_mle,mle_5,squared_aligned_ncc,test,41,-0.00041212841930040976,1.6984983399505437e-07,1.7859170827427519e-07,1.4549759275210475e-08,1.2775669080056022e-08,1.7740901951544524e-09,1.6807574379989993e-07,95.73911994946076,11.673721247363892,2.4573402684224934,False
D04_LG_D290:native:0041,D04_LG_D290,D04_LG_D290,D02_Apple_iPhone4s|D05_Apple_iPhone5c|D15_Apple_iPhone6|D19_Apple_iPhone6Plus,same_pipeline_different_device,native,native,3264x2448,3264x2448,prnu_python_wavelet_mle,mle_5,squared_aligned_ncc,test,41,0.010354870157630763,0.00010722333598139215,1.7640623970447e-07,9.219979663513243e-08,8.403787189994996e-08,1.6984983399505437e-07,0.0001070534861473971,631.2831367531054,1162.9454716230366,7.05871126545477,True
D04_LG_D290:native:0041,D04_LG_D290,D05_Apple_iPhone5c,D02_Apple_iPhone4s|D15_Apple_iPhone6|D19_Apple_iPhone6Plus,same_pipeline_different_device,native,native,3264x2448,3264x2448,prnu_python_wavelet_mle,mle_5,squared_aligned_ncc,test,41,-4.211995008489982e-05,1.7740901951544524e-09,2.3461695620757518e-07,1.6984983399505437e-07,1.5530007471984388e-07,1.6984983399505437e-07,-1.6807574379989993e-07,0.010445051098525712,0.010445051098525712,-4.56162699183376,False
D04_LG_D290:native:0041,D04_LG_D290,D15_Apple_iPhone6,D02_Apple_iPhone4s|D05_Apple_iPhone5c|D19_Apple_iPhone6Plus,same_pipeline_different_device,native,native,3264x2448,3264x2448,prnu_python_wavelet_mle,mle_5,squared_aligned_ncc,test,41,0.0007207296825804115,5.194512753524607e-07,6.20578944884731e-08,1.4549759275210475e-08,1.2775669080056022e-08,1.6984983399505437e-07,3.4960144135740634e-07,3.0582972213419173,35.70170925353309,3.5751985658896928,False
D04_LG_D290:native:0041,D04_LG_D290,D19_Apple_iPhone6Plus,D02_Apple_iPhone4s|D05_Apple_iPhone5c|D15_Apple_iPhone6,same_pipeline_different_device,native,native,3264x2448,3264x2448,prnu_python_wavelet_mle,mle_5,squared_aligned_ncc,test,41,-0.00012062238297766495,1.4549759275210475e-08,2.3035839984755651e-07,1.6984983399505437e-07,1.6807574379989993e-07,1.6984983399505437e-07,-1.5530007471984388e-07,0.08566248746309714,0.08566248746309714,-2.4573402684224934,False
D04_LG_D290:native:0042,D04_LG_D290,D02_Apple_iPhone4s,D05_Apple_iPhone5c|D15_Apple_iPhone6|D19_Apple_iPhone6Plus,same_pipeline_different_device,native,native,3264x2448,3264x2448,prnu_python_wavelet_mle,mle_5,squared_aligned_ncc,test,42,-0.00020537746194122764,4.217990187342041e-08,9.801052494374508e-08,2.1752912226382014e-08,3.2280640820591306e-10,2.5084855678667714e-07,-2.0866865491325673e-07,0.16814887202755727,1.9390462037659704,0.6621962046336378,False
D04_LG_D290:native:0042,D04_LG_D290,D04_LG_D290,D02_Apple_iPhone4s|D05_Apple_iPhone5c|D15_Apple_iPhone6|D19_Apple_iPhone6Plus,same_pipeline_different_device,native,native,3264x2448,3264x2448,prnu_python_wavelet_mle,mle_5,squared_aligned_ncc,test,42,0.008450171459268324,7.140539769103296e-05,8.405286917616391e-08,3.196640704990121e-08,1.0374898027622154e-08,4.217990187342041e-08,7.136321778915954e-05,1692.8772832453874,2233.763637545047,7.71144317167942,True
D04_LG_D290:native:0042,D04_LG_D290,D05_Apple_iPhone5c,D02_Apple_iPhone4s|D15_Apple_iPhone6|D19_Apple_iPhone6Plus,same_pipeline_different_device,native,native,3264x2448,3264x2448,prnu_python_wavelet_mle,mle_5,squared_aligned_ncc,test,42,-0.000500847837957475,2.5084855678667714e-07,2.8454306639326174e-08,2.1752912226382014e-08,3.2280640820591306e-10,4.217990187342041e-08,2.0866865491325673e-07,5.947110961506264,11.531722933283714,2.445101753584277,False
D04_LG_D290:native:0042,D04_LG_D290,D15_Apple_iPhone6,D02_Apple_iPhone4s|D05_Apple_iPhone5c|D19_Apple_iPhone6Plus,same_pipeline_different_device,native,native,3264x2448,3264x2448,prnu_python_wavelet_mle,mle_5,squared_aligned_ncc,test,42,-0.00014639025178670914,2.14301058181761e-08,1.0492712362882652e-07,4.217990187342041e-08,2.0426989647038395e-08,4.217990187342041e-08,-2.0749796055244308e-08,0.5080643829491752,0.5080643829491752,-0.6771471013453194,False
D04_LG_D290:native:0042,D04_LG_D290,D19_Apple_iPhone6Plus,D02_Apple_iPhone4s|D05_Apple_iPhone5c|D15_Apple_iPhone6,same_pipeline_different_device,native,native,3264x2448,3264x2448,prnu_python_wavelet_mle,mle_5,squared_aligned_ncc,test,42,0.00014748868507916807,2.1752912226382014e-08,1.0481952149275787e-07,4.217990187342041e-08,2.0749796055244308e-08,4.217990187342041e-08,-2.0426989647038395e-08,0.5157174687523295,0.5157174687523295,-0.6621962046336378,False
D04_LG_D290:native:0043,D04_LG_D290,D02_Apple_iPhone4s,D05_Apple_iPhone5c|D15_Apple_iPhone6|D19_Apple_iPhone6Plus,same_pipeline_different_device,native,native,3264x2448,3264x2448,prnu_python_wavelet_mle,mle_5,squared_aligned_ncc,test,43,-0.00019013108980153712,3.614983130912017e-08,1.557910597364044e-07,9.879907161227469e-08,3.862572147801284e-08,9.879907161227469e-08,-6.264924030315451e-08,0.3658924190197447,0.3658924190197447,-1.0054159258932707,False
D04_LG_D290:native:0043,D04_LG_D290,D04_LG_D290,D02_Apple_iPhone4s|D05_Apple_iPhone5c|D15_Apple_iPhone6|D19_Apple_iPhone6Plus,same_pipeline_different_device,native,native,3264x2448,3264x2448,prnu_python_wavelet_mle,mle_5,squared_aligned_ncc,test,43,0.012542000824160545,0.00015730178467324377,1.2588075262958333e-07,7.948621087326827e-08,3.1324620151577256e-08,3.614983130912017e-08,0.00015726563484193466,4351.383643484898,1978.9820516673465,7.5903378761664655,True
D04_LG_D290:native:0043,D04_LG_D290,D05_Apple_iPhone5c,D02_Apple_iPhone4s|D15_Apple_iPhone6|D19_Apple_iPhone6Plus,same_pipeline_different_device,native,native,3264x2448,3264x2448,prnu_python_wavelet_mle,mle_5,squared_aligned_ncc,test,43,-0.0003143231961091556,9.879907161227469e-08,1.3490797963535288e-07,6.017335013426185e-08,2.4023518825141674e-08,3.614983130912017e-08,6.264924030315451e-08,2.733043780133736,1.6419074456022336,0.4958586425732534,False
D04_LG_D290:native:0043,D04_LG_D290,D15_Apple_iPhone6,D02_Apple_iPhone4s|D05_Apple_iPhone5c|D19_Apple_iPhone6Plus,same_pipeline_different_device,native,native,3264x2448,3264x2448,prnu_python_wavelet_mle,mle_5,squared_aligned_ncc,test,43,0.0002453025685439552,6.017335013426185e-08,1.4778322012802384e-07,9.879907161227469e-08,6.264924030315451e-08,3.614983130912017e-08,2.4023518825141674e-08,1.6645541059296955,0.6090477284078647,-0.4958586425732534,False
D04_LG_D290:native:0043,D04_LG_D290,D19_Apple_iPhone6Plus,D02_Apple_iPhone4s|D05_Apple_iPhone5c|D15_Apple_iPhone6,same_pipeline_different_device,native,native,3264x2448,3264x2448,prnu_python_wavelet_mle,mle_5,squared_aligned_ncc,test,43,0.0005553384170599731,3.0840075746267664e-07,6.504075101855223e-08,6.017335013426185e-08,2.4023518825141674e-08,3.614983130912017e-08,2.722509261535565e-07,8.531181095300735,5.125205041344002,1.6341705322912912,False
D04_LG_D290:native:0044,D04_LG_D290,D02_Apple_iPhone4s,D05_Apple_iPhone5c|D15_Apple_iPhone6|D19_Apple_iPhone6Plus,same_pipeline_different_device,native,native,3264x2448,3264x2448,prnu_python_wavelet_mle,mle_5,squared_aligned_ncc,test,44,-0.00016592934475128879,2.7532547449592046e-08,8.721839559931183e-08,9.97791234469358e-08,4.50627518657626e-08,1.448418753126984e-07,-1.1730932786310635e-07,0.19008693024825982,0.27593495010240604,-1.2875901290785379,False
D04_LG_D290:native:0044,D04_LG_D290,D04_LG_D290,D02_Apple_iPhone4s|D05_Apple_iPhone5c|D15_Apple_iPhone6|D19_Apple_iPhone6Plus,same_pipeline_different_device,native,native,3264x2448,3264x2448,prnu_python_wavelet_mle,mle_5,squared_aligned_ncc,test,44,0.01639873636962951,0.0002689185545206097,7.22969335618819e-08,6.365583544826393e-08,4.1372467704317254e-08,2.7532547449592046e-08,0.0002688910219731601,9767.29650654227,4224.570341852986,8.348672840384085,True
D04_LG_D290:native:0044,D04_LG_D290,D05_Apple_iPhone5c,D02_Apple_iPhone4s|D15_Apple_iPhone6|D19_Apple_iPhone6Plus,same_pipeline_different_device,native,native,3264x2448,3264x2448,prnu_python_wavelet_mle,mle_5,squared_aligned_ncc,test,44,-0.00038058097077060804,1.448418753126984e-07,4.811528631160971e-08,2.7532547449592046e-08,1.0498359411290749e-08,2.7532547449592046e-08,1.1730932786310635e-07,5.260750955859864,5.260750955859864,1.6602737838330803,False
D04_LG_D290:native:0044,D04_LG_D290,D15_Apple_iPhone6,D02_Apple_iPhone4s|D05_Apple_iPhone5c|D19_Apple_iPhone6Plus,same_pipeline_different_device,native,native,3264x2448,3264x2448,prnu_python_wavelet_mle,mle_5,squared_aligned_ncc,test,44,0.00013051508739720974,1.7034188038301297e-08,9.071784873640875e-08,9.97791234469358e-08,4.50627518657626e-08,2.7532547449592046e-08,-1.0498359411290749e-08,0.618692769693336,0.17071895853405009,-1.767736591880464,False
D04_LG_D290:native:0044,D04_LG_D290,D19_Apple_iPhone6Plus,D02_Apple_iPhone4s|D05_Apple_iPhone5c|D15_Apple_iPhone6,same_pipeline_different_device,native,native,3264x2448,3264x2448,prnu_python_wavelet_mle,mle_5,squared_aligned_ncc,test,44,0.0003158783364634805,9.97791234469358e-08,6.313620360019725e-08,2.7532547449592046e-08,1.0498359411290749e-08,2.7532547449592046e-08,7.224657599734375e-08,3.624042549263426,3.624042549263426,1.2875901290785379,False
D04_LG_D290:native:0045,D04_LG_D290,D02_Apple_iPhone4s,D05_Apple_iPhone5c|D15_Apple_iPhone6|D19_Apple_iPhone6Plus,same_pipeline_different_device,native,native,3264x2448,3264x2448,prnu_python_wavelet_mle,mle_5,squared_aligned_ncc,test,45,-0.0005382080551503726,2.8966791062874654e-07,8.174470548169668e-08,8.20971014035944e-09,7.54133726271195e-09,6.683728776474901e-10,2.88999537751099e-07,433.392676926549,35.28357343637765,3.5634175138885045,False
D04_LG_D290:native:0045,D04_LG_D290,D04_LG_D290,D02_Apple_iPhone4s|D05_Apple_iPhone5c|D15_Apple_iPhone6|D19_Apple_iPhone6Plus,same_pipeline_different_device,native,native,3264x2448,3264x2448,prnu_python_wavelet_mle,mle_5,squared_aligned_ncc,test,45,0.013648506453950809,0.00018628172842353688,1.3372550676845915e-07,1.2228287178372125e-07,1.178438302747178e-07,2.8966791062874654e-07,0.00018599206051290814,643.0872098300362,1523.3673016202044,7.328678493628118,True
D04_LG_D290:native:0045,D04_LG_D290,D05_Apple_iPhone5c,D02_Apple_iPhone4s|D15_Apple_iPhone6|D19_Apple_iPhone6Plus,same_pipeline_different_device,native,native,3264x2448,3264x2448,prnu_python_wavelet_mle,mle_5,squared_aligned_ncc,test,45,2.585290849493515e-05,6.683728776474901e-10,1.78077884732063e-07,2.3635603342708308e-07,5.3311877201663455e-08,2.8966791062874654e-07,-2.88999537751099e-07,0.0023073763199960096,0.002827822365929517,-5.868248345533928,False
D04_LG_D290:native:0045,D04_LG_D290,D15_Apple_iPhone6,D02_Apple_iPhone4s|D05_Apple_iPhone5c|D19_Apple_iPhone6Plus,same_pipeline_different_device,native,native,3264x2448,3264x2448,prnu_python_wavelet_mle,mle_5,squared_aligned_ncc,test,45,-9.06074507993655e-05,8.20971014035944e-09,1.755641056444924e-07,2.3635603342708308e-07,5.3311877201663455e-08,2.8966791062874654e-07,-2.814582004883871e-07,0.028341800520947008,0.0347345063348771,-3.360021667263691,False
D04_LG_D290:native:0045,D04_LG_D290,D19_Apple_iPhone6Plus,D02_Apple_iPhone4s|D05_Apple_iPhone5c|D15_Apple_iPhone6,same_pipeline_different_device,native,native,3264x2448,3264x2448,prnu_python_wavelet_mle,mle_5,squared_aligned_ncc,test,45,0.000486164615564608,2.3635603342708308e-07,9.95153312155845e-08,8.20971014035944e-09,7.54133726271195e-09,2.8966791062874654e-07,-5.3311877201663455e-08,0.8159551843835725,28.789814668990843,3.360021667263691,False
D04_LG_D290:native:0046,D04_LG_D290,D02_Apple_iPhone4s,D05_Apple_iPhone5c|D15_Apple_iPhone6|D19_Apple_iPhone6Plus,same_pipeline_different_device,native,native,3264x2448,3264x2448,prnu_python_wavelet_mle,mle_5,squared_aligned_ncc,test,46,0.00035314975482879217,1.2471474933563602e-07,3.7133813642508365e-07,2.2622913910486054e-07,2.247167537747927e-07,2.2622913910486054e-07,-1.0151438976922453e-07,0.5512762406695492,0.5512762406695492,-0.5955192512323961,False
D04_LG_D290:native:0046,D04_LG_D290,D04_LG_D290,D02_Apple_iPhone4s|D05_Apple_iPhone5c|D15_Apple_iPhone6|D19_Apple_iPhone6Plus,same_pipeline_different_device,native,native,3264x2448,3264x2448,prnu_python_wavelet_mle,mle_5,squared_aligned_ncc,test,46,0.013838034567086082,0.0001914912006798693,3.096822896527217e-07,1.754719442202483e-07,1.1235837688739636e-07,1.2471474933563602e-07,0.00019136648593053366,1535.4334727845423,1091.2924087711367,6.995117968961006,True
D04_LG_D290:native:0046,D04_LG_D290,D05_Apple_iPhone5c,D02_Apple_iPhone4s|D15_Apple_iPhone6|D19_Apple_iPhone6Plus,same_pipeline_different_device,native,native,3264x2448,3264x2448,prnu_python_wavelet_mle,mle_5,squared_aligned_ncc,test,46,-0.00047563551076939214,2.2622913910486054e-07,3.375000065020087e-07,1.2471474933563602e-07,1.2320236400556817e-07,1.2471474933563602e-07,1.0151438976922453e-07,1.8139726079713796,1.8139726079713796,0.5955192512323961,False
D04_LG_D290:native:0046,D04_LG_D290,D15_Apple_iPhone6,D02_Apple_iPhone4s|D05_Apple_iPhone5c|D19_Apple_iPhone6Plus,same_pipeline_different_device,native,native,3264x2448,3264x2448,prnu_python_wavelet_mle,mle_5,squared_aligned_ncc,test,46,0.0009414206736843644,8.862728848403224e-07,1.1748542459018814e-07,1.2471474933563602e-07,1.0151438976922453e-07,1.2471474933563602e-07,7.615581355046864e-07,7.106399921112447,7.106399921112447,1.960995775372437,False
D04_LG_D290:native:0046,D04_LG_D290,D19_Apple_iPhone6Plus,D02_Apple_iPhone4s|D05_Apple_iPhone5c|D15_Apple_iPhone6,same_pipeline_different_device,native,native,3264x2448,3264x2448,prnu_python_wavelet_mle,mle_5,squared_aligned_ncc,test,46,3.8889398684832327e-05,1.5123853300678384e-09,4.124055910936063e-07,2.2622913910486054e-07,1.0151438976922453e-07,1.2471474933563602e-07,-1.2320236400556817e-07,0.01212675596210086,0.006685192438304005,-5.00786028226006,False
D04_LG_D290:native:0047,D04_LG_D290,D02_Apple_iPhone4s,D05_Apple_iPhone5c|D15_Apple_iPhone6|D19_Apple_iPhone6Plus,same_pipeline_different_device,native,native,3264x2448,3264x2448,prnu_python_wavelet_mle,mle_5,squared_aligned_ncc,test,47,-6.368749559628271e-05,4.056097095326529e-09,1.447013188117981e-07,1.808217457334625e-07,4.4461049819471404e-08,1.808217457334625e-07,-1.76765648638136e-07,0.02243146740384509,0.02243146740384509,-3.7972905111077413,False
D04_LG_D290:native:0047,D04_LG_D290,D04_LG_D290,D02_Apple_iPhone4s|D05_Apple_iPhone5c|D15_Apple_iPhone6|D19_Apple_iPhone6Plus,same_pipeline_different_device,native,native,3264x2448,3264x2448,prnu_python_wavelet_mle,mle_5,squared_aligned_ncc,test,47,0.005908770847486097,3.491357292810156e-05,1.0954001338268022e-07,1.0441058044123022e-07,8.8382824319068e-08,4.056097095326529e-09,3.4909516831006236e-05,8607.676815313245,334.3873080731836,5.812299926163659,True
D04_LG_D290:native:0047,D04_LG_D290,D05_Apple_iPhone5c,D02_Apple_iPhone4s|D15_Apple_iPhone6|D19_Apple_iPhone6Plus,same_pipeline_different_device,native,native,3264x2448,3264x2448,prnu_python_wavelet_mle,mle_5,squared_aligned_ncc,test,47,0.0004252314025721319,1.808217457334625e-07,8.577943593241945e-08,2.799941514899791e-08,2.3943318053671383e-08,4.056097095326529e-09,1.76765648638136e-07,44.580231065426645,6.458054383322862,1.8653280933788015,False
D04_LG_D290:native:0047,D04_LG_D290,D15_Apple_iPhone6,D02_Apple_iPhone4s|D05_Apple_iPhone5c|D19_Apple_iPhone6Plus,same_pipeline_different_device,native,native,3264x2448,3264x2448,prnu_python_wavelet_mle,mle_5,squared_aligned_ncc,test,47,0.0004746396481046794,2.2528279555293391e-07,7.095908599259565e-08,2.799941514899791e-08,2.3943318053671383e-08,4.056097095326529e-09,2.212266984576074e-07,55.54176595341042,8.045982187631397,2.085172859708514,False
D04_LG_D290:native:0047,D04_LG_D290,D19_Apple_iPhone6Plus,D02_Apple_iPhone4s|D05_Apple_iPhone5c|D15_Apple_iPhone6,same_pipeline_different_device,native,native,3264x2448,3264x2448,prnu_python_wavelet_mle,mle_5,squared_aligned_ncc,test,47,-0.00016733025772106464,2.799941514899791e-08,1.3672021279390765e-07,1.808217457334625e-07,4.4461049819471404e-08,4.056097095326529e-09,2.3943318053671383e-08,6.903043613344238,0.1548453978000523,-1.8653280933788015,False
D04_LG_D290:native:0048,D04_LG_D290,D02_Apple_iPhone4s,D05_Apple_iPhone5c|D15_Apple_iPhone6|D19_Apple_iPhone6Plus,same_pipeline_different_device,native,native,3264x2448,3264x2448,prnu_python_wavelet_mle,mle_5,squared_aligned_ncc,test,48,-1.3478408454394665e-05,1.8166749446349757e-10,2.5140185331414995e-07,1.029409138460995e-07,6.507067746327705e-08,6.133944097135278e-07,-6.132127422190643e-07,0.00029616750916973845,0.0017647744485258527,-6.339732387966354,False
D04_LG_D290:native:0048,D04_LG_D290,D04_LG_D290,D02_Apple_iPhone4s|D05_Apple_iPhone5c|D15_Apple_iPhone6|D19_Apple_iPhone6Plus,same_pipeline_different_device,native,native,3264x2448,3264x2448,prnu_python_wavelet_mle,mle_5,squared_aligned_ncc,test,48,-3.0150252469327943e-05,9.090377239642157e-10,1.8859680685922833e-07,7.040557511446097e-08,5.1379623175818e-08,1.8166749446349757e-10,7.273702295007182e-10,5.00385457865644,0.01291144518720796,-4.349641137150343,True
D04_LG_D290:native:0048,D04_LG_D290,D05_Apple_iPhone5c,D02_Apple_iPhone4s|D15_Apple_iPhone6|D19_Apple_iPhone6Plus,same_pipeline_different_device,native,native,3264x2448,3264x2448,prnu_python_wavelet_mle,mle_5,squared_aligned_ncc,test,48,0.0007831950010779741,6.133944097135278e-07,4.699760590779515e-08,3.7870236382822447e-08,3.768856888835895e-08,1.8166749446349757e-10,6.132127422190643e-07,3376.467603767041,16.197269103705867,2.784842654182855,False
D04_LG_D290:native:0048,D04_LG_D290,D15_Apple_iPhone6,D02_Apple_iPhone4s|D05_Apple_iPhone5c|D19_Apple_iPhone6Plus,same_pipeline_different_device,native,native,3264x2448,3264x2448,prnu_python_wavelet_mle,mle_5,squared_aligned_ncc,test,48,0.00032084406468890693,1.029409138460995e-07,2.1714877119693794e-07,3.7870236382822447e-08,3.768856888835895e-08,1.8166749446349757e-10,1.02759246351636e-07,566.6446501621313,2.718253797137439,0.9999896877999035,False
D04_LG_D290:native:0048,D04_LG_D290,D19_Apple_iPhone6Plus,D02_Apple_iPhone4s|D05_Apple_iPhone5c|D15_Apple_iPhone6,same_pipeline_different_device,native,native,3264x2448,3264x2448,prnu_python_wavelet_mle,mle_5,squared_aligned_ncc,test,48,0.0001946027656093881,3.7870236382822447e-08,2.3883899701803026e-07,1.029409138460995e-07,1.02759246351636e-07,1.8166749446349757e-10,3.768856888835895e-08,208.45906690495866,0.36788323483741225,-0.9999896877999035,False
D04_LG_D290:native:0049,D04_LG_D290,D02_Apple_iPhone4s,D05_Apple_iPhone5c|D15_Apple_iPhone6|D19_Apple_iPhone6Plus,same_pipeline_different_device,native,native,3264x2448,3264x2448,prnu_python_wavelet_mle,mle_5,squared_aligned_ncc,test,49,0.0007081356586372445,5.01456111033604e-07,4.499828192337682e-07,6.926155266575177e-08,3.570026160380586e-08,3.356129106194591e-08,4.678948199716581e-07,14.941502402516013,7.240035658073869,1.9796261315338217,False
D04_LG_D290:native:0049,D04_LG_D290,D04_LG_D290,D02_Apple_iPhone4s|D05_Apple_iPhone5c|D15_Apple_iPhone6|D19_Apple_iPhone6Plus,same_pipeline_different_device,native,native,3264x2448,3264x2448,prnu_python_wavelet_mle,mle_5,squared_aligned_ncc,test,49,0.01263843762200947,0.0001597301055254244,4.6285114218372717e-07,2.853588318496779e-07,2.3394740998582906e-07,5.01456111033604e-07,0.0001592286494143908,318.53257346129027,559.7517500687256,6.327493381992468,True
D04_LG_D290:native:0049,D04_LG_D290,D05_Apple_iPhone5c,D02_Apple_iPhone4s|D15_Apple_iPhone6|D19_Apple_iPhone6Plus,same_pipeline_different_device,native,native,3264x2448,3264x2448,prnu_python_wavelet_mle,mle_5,squared_aligned_ncc,test,49,0.00018319741008525724,3.356129106194591e-08,6.059477592243209e-07,5.01456111033604e-07,4.3219455836785225e-07,5.01456111033604e-07,-4.678948199716581e-07,0.06692767387512577,0.06692767387512577,-2.7041427370660127,False
D04_LG_D290:native:0049,D04_LG_D290,D15_Apple_iPhone6,D02_Apple_iPhone4s|D05_Apple_iPhone5c|D19_Apple_iPhone6Plus,same_pipeline_different_device,native,native,3264x2448,3264x2448,prnu_python_wavelet_mle,mle_5,squared_aligned_ncc,test,49,-0.0011167477844050585,1.247125613973607e-06,2.0142631825376724e-07,6.926155266575177e-08,3.570026160380586e-08,5.01456111033604e-07,7.456695029400029e-07,2.4870085068921086,18.006030271831918,2.8907067168929093,False
D04_LG_D290:native:0049,D04_LG_D290,D19_Apple_iPhone6Plus,D02_Apple_iPhone4s|D05_Apple_iPhone5c|D15_Apple_iPhone6,same_pipeline_different_device,native,native,3264x2448,3264x2448,prnu_python_wavelet_mle,mle_5,squared_aligned_ncc,test,49,-0.0002631758968176071,6.926155266575177e-08,5.940476720230523e-07,5.01456111033604e-07,4.678948199716581e-07,5.01456111033604e-07,-4.3219455836785225e-07,0.13812086669557078,0.13812086669557078,-1.9796261315338217,False
D04_LG_D290:native:0050,D04_LG_D290,D02_Apple_iPhone4s,D05_Apple_iPhone5c|D15_Apple_iPhone6|D19_Apple_iPhone6Plus,same_pipeline_different_device,native,native,3264x2448,3264x2448,prnu_python_wavelet_mle,mle_5,squared_aligned_ncc,test,50,-0.00037574114341534977,1.4118140685507443e-07,5.493724020331488e-08,6.334336081352924e-08,3.6000220883506645e-08,9.934358169703589e-08,4.183782515803854e-08,1.4211427094065288,2.2288272210671853,0.8014755372976019,False
D04_LG_D290:native:0050,D04_LG_D290,D04_LG_D290,D02_Apple_iPhone4s|D05_Apple_iPhone5c|D15_Apple_iPhone6|D19_Apple_iPhone6Plus,same_pipeline_different_device,native,native,3264x2448,3264x2448,prnu_python_wavelet_mle,mle_5,squared_aligned_ncc,test,50,0.014219426372218786,0.0002021920863549511,7.649828186625477e-08,8.134347125528257e-08,3.891902302077259e-08,1.4118140685507443e-07,0.000202050904948096,1432.1438697838262,2485.6584460282725,7.818292871653481,True
D04_LG_D290:native:0050,D04_LG_D290,D05_Apple_iPhone5c,D02_Apple_iPhone4s|D15_Apple_iPhone6|D19_Apple_iPhone6Plus,same_pipeline_different_device,native,native,3264x2448,3264x2448,prnu_python_wavelet_mle,mle_5,squared_aligned_ncc,test,50,-0.00031518816871360493,9.934358169703589e-08,6.888318192266106e-08,6.334336081352924e-08,6.121858271414974e-08,1.4118140685507443e-07,-4.183782515803854e-08,0.7036591000896746,1.568334556631506,0.4500142643677627,False
D04_LG_D290:native:0050,D04_LG_D290,D15_Apple_iPhone6,D02_Apple_iPhone4s|D05_Apple_iPhone5c|D19_Apple_iPhone6Plus,same_pipeline_different_device,native,native,3264x2448,3264x2448,prnu_python_wavelet_mle,mle_5,squared_aligned_ncc,test,50,-4.6095315373468366e-05,2.124778099379509e-09,1.0128944978854653e-07,9.934358169703589e-08,3.6000220883506645e-08,1.4118140685507443e-07,-1.3905662875569492e-07,0.015049985311172291,0.02138817690164785,-3.84491699085973,False
D04_LG_D290:native:0050,D04_LG_D290,D19_Apple_iPhone6Plus,D02_Apple_iPhone4s|D05_Apple_iPhone5c|D15_Apple_iPhone6,same_pipeline_different_device,native,native,3264x2448,3264x2448,prnu_python_wavelet_mle,mle_5,squared_aligned_ncc,test,50,-0.0002516810696368109,6.334336081352924e-08,8.088325555049662e-08,9.934358169703589e-08,4.183782515803854e-08,1.4118140685507443e-07,-7.783804604154519e-08,0.4486664513731081,0.6376190563241915,-0.4500142643677627,False
D05_Apple_iPhone5c:native:0041,D05_Apple_iPhone5c,D02_Apple_iPhone4s,D04_LG_D290|D15_Apple_iPhone6|D19_Apple_iPhone6Plus,same_pipeline_different_device,native,native,3264x2448,3264x2448,prnu_python_wavelet_mle,mle_5,squared_aligned_ncc,test,41,-0.0006743905102137974,4.54802560266426e-07,6.139263491430767e-08,6.128446548210118e-08,1.7074831840766175e-08,4.4209633641335e-08,4.10592926625091e-07,10.287408485583919,7.421172016247025,2.0043369983780277,False
D05_Apple_iPhone5c:native:0041,D05_Apple_iPhone5c,D04_LG_D290,D02_Apple_iPhone4s|D15_Apple_iPhone6|D19_Apple_iPhone6Plus,same_pipeline_different_device,native,native,3264x2448,3264x2448,prnu_python_wavelet_mle,mle_5,squared_aligned_ncc,test,41,0.0002102608704474872,4.4209633641335e-08,1.9825694378933802e-07,7.868380561948686e-08,1.7399340137385685e-08,4.54802560266426e-07,-4.10592926625091e-07,0.09720621101041459,0.5618644560118483,-0.5764946396509529,False
D05_Apple_iPhone5c:native:0041,D05_Apple_iPhone5c,D05_Apple_iPhone5c,D02_Apple_iPhone4s|D04_LG_D290|D15_Apple_iPhone6|D19_Apple_iPhone6Plus,same_pipeline_different_device,native,native,3264x2448,3264x2448,prnu_python_wavelet_mle,mle_5,squared_aligned_ncc,test,41,0.015920780248724883,0.00025347124372818836,1.5974511625233726e-07,6.998413555079401e-08,1.723708598907593e-08,4.54802560266426e-07,0.0002530164411679219,557.321497002355,3621.8386028962327,8.194737077234132,True
D05_Apple_iPhone5c:native:0041,D05_Apple_iPhone5c,D15_Apple_iPhone6,D02_Apple_iPhone4s|D04_LG_D290|D19_Apple_iPhone6Plus,same_pipeline_different_device,native,native,3264x2448,3264x2448,prnu_python_wavelet_mle,mle_5,squared_aligned_ncc,test,41,0.0002805063379310472,7.868380561948686e-08,1.8676555312995406e-07,6.128446548210118e-08,1.7074831840766175e-08,4.54802560266426e-07,-3.7611875464693914e-07,0.1730065142408025,1.2839111021122858,0.2499109677558664,False
D05_Apple_iPhone5c:native:0041,D05_Apple_iPhone5c,D19_Apple_iPhone6Plus,D02_Apple_iPhone4s|D04_LG_D290|D15_Apple_iPhone6,same_pipeline_different_device,native,native,3264x2448,3264x2448,prnu_python_wavelet_mle,mle_5,squared_aligned_ncc,test,41,0.00024755699441159236,6.128446548210118e-08,1.9256533317574927e-07,7.868380561948686e-08,3.447417197815186e-08,4.54802560266426e-07,-3.9351809478432484e-07,0.1347496052928998,0.7788701245396225,-0.2499109677558664,False
D05_Apple_iPhone5c:native:0042,D05_Apple_iPhone5c,D02_Apple_iPhone4s,D04_LG_D290|D15_Apple_iPhone6|D19_Apple_iPhone6Plus,same_pipeline_different_device,native,native,3264x2448,3264x2448,prnu_python_wavelet_mle,mle_5,squared_aligned_ncc,test,42,-4.8048613126729764e-05,2.308669223402148e-09,1.3444922080008667e-07,4.504652170884228e-08,7.955951550998614e-10,3.140502141376754e-07,-3.1174154491427323e-07,0.007351274157673583,0.051250776659831965,-2.9710245067402603,False
D05_Apple_iPhone5c:native:0042,D05_Apple_iPhone5c,D04_LG_D290,D02_Apple_iPhone4s|D15_Apple_iPhone6|D19_Apple_iPhone6Plus,same_pipeline_different_device,native,native,3264x2448,3264x2448,prnu_python_wavelet_mle,mle_5,squared_aligned_ncc,test,42,0.0005604018327393973,3.140502141376754e-07,3.053537249532895e-08,4.4250926553742416e-08,7.955951550998614e-10,2.308669223402148e-09,3.1174154491427323e-07,136.03084017158523,7.0970313752925325,1.9596765804563567,False
D05_Apple_iPhone5c:native:0042,D05_Apple_iPhone5c,D05_Apple_iPhone5c,D02_Apple_iPhone4s|D04_LG_D290|D15_Apple_iPhone6|D19_Apple_iPhone6Plus,same_pipeline_different_device,native,native,3264x2448,3264x2448,prnu_python_wavelet_mle,mle_5,squared_aligned_ncc,test,42,0.015610726463278702,0.00024369478071130997,1.0141408290591554e-07,4.4648724131292347e-08,2.1368926242720064e-08,2.308669223402148e-09,0.00024369247204208657,105556.38644161918,5458.045788603283,8.604846090497162,True
D05_Apple_iPhone5c:native:0042,D05_Apple_iPhone5c,D15_Apple_iPhone6,D02_Apple_iPhone4s|D04_LG_D290|D19_Apple_iPhone6Plus,same_pipeline_different_device,native,native,3264x2448,3264x2448,prnu_python_wavelet_mle,mle_5,squared_aligned_ncc,test,42,-0.0002122416587497428,4.504652170884228e-08,1.2020326997160664e-07,4.4250926553742416e-08,4.194225733034027e-08,2.308669223402148e-09,4.273785248544013e-08,19.5118994320286,1.017979175060518,0.01781946120054201,False
D05_Apple_iPhone5c:native:0042,D05_Apple_iPhone5c,D19_Apple_iPhone6Plus,D02_Apple_iPhone4s|D04_LG_D290|D15_Apple_iPhone6,same_pipeline_different_device,native,native,3264x2448,3264x2448,prnu_python_wavelet_mle,mle_5,squared_aligned_ncc,test,42,0.00021035904200614343,4.4250926553742416e-08,1.2046846835663993e-07,4.504652170884228e-08,4.273785248544013e-08,2.308669223402148e-09,4.194225733034027e-08,19.16728741613858,0.9823383665393262,-0.01781946120054201,False
D05_Apple_iPhone5c:native:0043,D05_Apple_iPhone5c,D02_Apple_iPhone4s,D04_LG_D290|D15_Apple_iPhone6|D19_Apple_iPhone6Plus,same_pipeline_different_device,native,native,3264x2448,3264x2448,prnu_python_wavelet_mle,mle_5,squared_aligned_ncc,test,43,-0.0004311544379492261,1.8589414936331305e-07,1.7823171256708474e-07,1.0981470039888263e-07,6.474528085162108e-08,3.7981101775511007e-07,-1.9391686839179702e-07,0.48943853830794243,1.6927984021090543,0.5263830187477119,False
D05_Apple_iPhone5c:native:0043,D05_Apple_iPhone5c,D04_LG_D290,D02_Apple_iPhone4s|D15_Apple_iPhone6|D19_Apple_iPhone6Plus,same_pipeline_different_device,native,native,3264x2448,3264x2448,prnu_python_wavelet_mle,mle_5,squared_aligned_ncc,test,43,0.0006162880963925152,3.7981101775511007e-07,1.1359275643648574e-07,1.0981470039888263e-07,6.474528085162108e-08,1.8589414936331305e-07,1.9391686839179702e-07,2.0431574584566636,3.4586536809326365,1.2408794037898243,False
D05_Apple_iPhone5c:native:0043,D05_Apple_iPhone5c,D05_Apple_iPhone5c,D02_Apple_iPhone4s|D04_LG_D290|D15_Apple_iPhone6|D19_Apple_iPhone6Plus,same_pipeline_different_device,native,native,3264x2448,3264x2448,prnu_python_wavelet_mle,mle_5,squared_aligned_ncc,test,43,0.019303616026524133,0.00037262959169947937,1.801473217661418e-07,1.4785442488109783e-07,7.041236490802576e-08,1.8589414936331305e-07,0.00037244369755011606,2004.5256560022717,2520.246465394202,7.832111979450855,True
D05_Apple_iPhone5c:native:0043,D05_Apple_iPhone5c,D15_Apple_iPhone6,D02_Apple_iPhone4s|D04_LG_D290|D19_Apple_iPhone6Plus,same_pipeline_different_device,native,native,3264x2448,3264x2448,prnu_python_wavelet_mle,mle_5,squared_aligned_ncc,test,43,0.0002122955947429469,4.5069419547261544e-08,2.2517328917243523e-07,1.8589414936331305e-07,7.607944896443042e-08,1.8589414936331305e-07,-1.4082472981605151e-07,0.24244668109041723,0.24244668109041723,-1.4169734645720382,False
D05_Apple_iPhone5c:native:0043,D05_Apple_iPhone5c,D19_Apple_iPhone6Plus,D02_Apple_iPhone4s|D04_LG_D290|D15_Apple_iPhone6,same_pipeline_different_device,native,native,3264x2448,3264x2448,prnu_python_wavelet_mle,mle_5,squared_aligned_ncc,test,43,-0.0003313830116328878,1.0981470039888263e-07,2.0359152888856154e-07,1.8589414936331305e-07,1.4082472981605151e-07,1.8589414936331305e-07,-7.607944896443042e-08,0.5907377976929219,0.5907377976929219,-0.5263830187477119,False
D05_Apple_iPhone5c:native:0044,D05_Apple_iPhone5c,D02_Apple_iPhone4s,D04_LG_D290|D15_Apple_iPhone6|D19_Apple_iPhone6Plus,same_pipeline_different_device,native,native,3264x2448,3264x2448,prnu_python_wavelet_mle,mle_5,squared_aligned_ncc,test,44,0.00012073844386878923,1.4577771827856766e-08,4.661057218427591e-08,2.5206800735960697e-08,1.7262250521834347e-08,1.0668036560274069e-07,-9.210259377488392e-08,0.13664906138531507,0.5783269356773121,-0.5476159375599075,False
D05_Apple_iPhone5c:native:0044,D05_Apple_iPhone5c,D04_LG_D290,D02_Apple_iPhone4s|D15_Apple_iPhone6|D19_Apple_iPhone6Plus,same_pipeline_different_device,native,native,3264x2448,3264x2448,prnu_python_wavelet_mle,mle_5,squared_aligned_ncc,test,44,-0.0003266196038249093,1.0668036560274069e-07,1.590970759264794e-08,1.4577771827856766e-08,6.633221613730414e-09,1.4577771827856766e-08,9.210259377488392e-08,7.318015871183031,7.318015871183031,1.990339235381633,False
D05_Apple_iPhone5c:native:0044,D05_Apple_iPhone5c,D05_Apple_iPhone5c,D02_Apple_iPhone4s|D04_LG_D290|D15_Apple_iPhone6|D19_Apple_iPhone6Plus,same_pipeline_different_device,native,native,3264x2448,3264x2448,prnu_python_wavelet_mle,mle_5,squared_aligned_ncc,test,44,0.011275236245860411,0.00012713095239996438,3.860237209517113e-08,1.9892286281908733e-08,8.631125260917173e-09,1.4577771827856766e-08,0.00012711637462813652,8720.876818570376,6390.9673628407945,8.762640922899768,True
D05_Apple_iPhone5c:native:0044,D05_Apple_iPhone5c,D15_Apple_iPhone6,D02_Apple_iPhone4s|D04_LG_D290|D19_Apple_iPhone6Plus,same_pipeline_different_device,native,native,3264x2448,3264x2448,prnu_python_wavelet_mle,mle_5,squared_aligned_ncc,test,44,0.0001587664975237556,2.5206800735960697e-08,4.306756254824127e-08,1.4577771827856766e-08,6.633221613730414e-09,1.4577771827856766e-08,1.0629028908103931e-08,1.729125756227906,1.729125756227906,0.5476159375599075,False
D05_Apple_iPhone5c:native:0044,D05_Apple_iPhone5c,D19_Apple_iPhone6Plus,D02_Apple_iPhone4s|D04_LG_D290|D15_Apple_iPhone6,same_pipeline_different_device,native,native,3264x2448,3264x2448,prnu_python_wavelet_mle,mle_5,squared_aligned_ncc,test,44,8.913220637977247e-05,7.944550214126352e-09,4.882164605551939e-08,2.5206800735960697e-08,1.0629028908103931e-08,1.4577771827856766e-08,-6.633221613730414e-09,0.5449769901697223,0.3151748727395002,-1.1546276426421507,False
D05_Apple_iPhone5c:native:0045,D05_Apple_iPhone5c,D02_Apple_iPhone4s,D04_LG_D290|D15_Apple_iPhone6|D19_Apple_iPhone6Plus,same_pipeline_different_device,native,native,3264x2448,3264x2448,prnu_python_wavelet_mle,mle_5,squared_aligned_ncc,test,45,0.00029518947355756215,8.713682529919068e-08,1.5763154091686006e-07,9.979250231282729e-08,9.97898643955568e-08,2.6379172704911885e-12,8.713418738192019e-08,33032.43292499675,0.8731800814658012,-0.13561346553102283,False
D05_Apple_iPhone5c:native:0045,D05_Apple_iPhone5c,D04_LG_D290,D02_Apple_iPhone4s|D15_Apple_iPhone6|D19_Apple_iPhone6Plus,same_pipeline_different_device,native,native,3264x2448,3264x2448,prnu_python_wavelet_mle,mle_5,squared_aligned_ncc,test,45,1.624166638769307e-06,2.6379172704911885e-12,1.8667627004416678e-07,9.979250231282729e-08,1.2655677013636606e-08,8.713682529919068e-08,-8.713418738192019e-08,3.0273277244537037e-05,2.6434022690621637e-05,-10.540858639241286,False
D05_Apple_iPhone5c:native:0045,D05_Apple_iPhone5c,D05_Apple_iPhone5c,D02_Apple_iPhone4s|D04_LG_D290|D15_Apple_iPhone6|D19_Apple_iPhone6Plus,same_pipeline_different_device,native,native,3264x2448,3264x2448,prnu_python_wavelet_mle,mle_5,squared_aligned_ncc,test,45,0.01208755758001547,0.00014610904825018944,1.4000786201244272e-07,9.346466380600899e-08,4.9894932197778404e-08,8.713682529919068e-08,0.00014602191142489026,1676.7772723933115,1563.2544140258906,7.354525090064653,True
D05_Apple_iPhone5c:native:0045,D05_Apple_iPhone5c,D15_Apple_iPhone6,D02_Apple_iPhone4s|D04_LG_D290|D19_Apple_iPhone6Plus,same_pipeline_different_device,native,native,3264x2448,3264x2448,prnu_python_wavelet_mle,mle_5,squared_aligned_ncc,test,45,0.000610818698568145,3.730994825204824e-07,6.231065517642949e-08,8.713682529919068e-08,1.2655677013636606e-08,8.713682529919068e-08,2.8596265722129176e-07,4.281765846293091,4.281765846293091,1.4543655054152076,False
D05_Apple_iPhone5c:native:0045,D05_Apple_iPhone5c,D19_Apple_iPhone6Plus,D02_Apple_iPhone4s|D04_LG_D290|D15_Apple_iPhone6,same_pipeline_different_device,native,native,3264x2448,3264x2448,prnu_python_wavelet_mle,mle_5,squared_aligned_ncc,test,45,0.0003158995129987181,9.979250231282729e-08,1.5341298191231453e-07,8.713682529919068e-08,8.713418738192019e-08,8.713682529919068e-08,1.2655677013636606e-08,1.145239133629007,1.145239133629007,0.13561346553102283,False
D05_Apple_iPhone5c:native:0046,D05_Apple_iPhone5c,D02_Apple_iPhone4s,D04_LG_D290|D15_Apple_iPhone6|D19_Apple_iPhone6Plus,same_pipeline_different_device,native,native,3264x2448,3264x2448,prnu_python_wavelet_mle,mle_5,squared_aligned_ncc,test,46,0.0001315378231867128,1.7302198928698916e-08,1.0872901573019642e-07,4.701846282280851e-08,3.677761664786296e-08,4.701846282280851e-08,-2.9716263894109597e-08,0.36798733709996306,0.36798733709996306,-0.9997067514596942,False
D05_Apple_iPhone5c:native:0046,D05_Apple_iPhone5c,D04_LG_D290,D02_Apple_iPhone4s|D15_Apple_iPhone6|D19_Apple_iPhone6Plus,same_pipeline_different_device,native,native,3264x2448,3264x2448,prnu_python_wavelet_mle,mle_5,squared_aligned_ncc,test,46,-0.00021683741103141891,4.701846282280851e-08,9.882359443215987e-08,1.7302198928698916e-08,7.061352753753365e-09,1.7302198928698916e-08,2.9716263894109597e-08,2.717484813148209,2.717484813148209,0.9997067514596942,False
D05_Apple_iPhone5c:native:0046,D05_Apple_iPhone5c,D05_Apple_iPhone5c,D02_Apple_iPhone4s|D04_LG_D290|D15_Apple_iPhone6|D19_Apple_iPhone6Plus,same_pipeline_different_device,native,native,3264x2448,3264x2448,prnu_python_wavelet_mle,mle_5,squared_aligned_ncc,test,46,0.0177188187049228,0.00031395653629792214,8.587231152982204e-08,3.2160330875753714e-08,1.838880832393148e-08,1.7302198928698916e-08,0.00031393923409899345,18145.470271825787,9762.2296707967,9.186276103193148,True
D05_Apple_iPhone5c:native:0046,D05_Apple_iPhone5c,D15_Apple_iPhone6,D02_Apple_iPhone4s|D04_LG_D290|D19_Apple_iPhone6Plus,same_pipeline_different_device,native,native,3264x2448,3264x2448,prnu_python_wavelet_mle,mle_5,squared_aligned_ncc,test,46,0.0005185824314348059,2.6892773819283516e-07,2.4853835975484328e-08,1.7302198928698916e-08,7.061352753753365e-09,1.7302198928698916e-08,2.5162553926413627e-07,15.542980363424702,15.542980363424702,2.743609113128974,False
D05_Apple_iPhone5c:native:0046,D05_Apple_iPhone5c,D19_Apple_iPhone6Plus,D02_Apple_iPhone4s|D04_LG_D290|D15_Apple_iPhone6,same_pipeline_different_device,native,native,3264x2448,3264x2448,prnu_python_wavelet_mle,mle_5,squared_aligned_ncc,test,46,0.00010119706603921652,1.024084617494555e-08,1.1108279998144754e-07,4.701846282280851e-08,2.9716263894109597e-08,1.7302198928698916e-08,-7.061352753753365e-09,0.591881194820804,0.21780478476165213,-1.5241561001219566,False
D05_Apple_iPhone5c:native:0047,D05_Apple_iPhone5c,D02_Apple_iPhone4s,D04_LG_D290|D15_Apple_iPhone6|D19_Apple_iPhone6Plus,same_pipeline_different_device,native,native,3264x2448,3264x2448,prnu_python_wavelet_mle,mle_5,squared_aligned_ncc,test,47,-0.00010503550213283179,1.1032456708296111e-08,3.543250798264402e-07,4.9768394487223885e-08,3.7634131597974844e-08,1.2134262889249042e-08,-1.1018061809529306e-09,0.9091987547155311,0.22167596166133646,-1.5065385955667452,False
D05_Apple_iPhone5c:native:0047,D05_Apple_iPhone5c,D04_LG_D290,D02_Apple_iPhone4s|D15_Apple_iPhone6|D19_Apple_iPhone6Plus,same_pipeline_different_device,native,native,3264x2448,3264x2448,prnu_python_wavelet_mle,mle_5,squared_aligned_ncc,test,47,0.00011015563031116041,1.2134262889249042e-08,3.5395781109945594e-07,4.9768394487223885e-08,3.873593777892777e-08,1.1032456708296111e-08,1.1018061809529306e-09,1.0998695222728045,0.2438146340518187,-1.411347038913501,False
D05_Apple_iPhone5c:native:0047,D05_Apple_iPhone5c,D05_Apple_iPhone5c,D02_Apple_iPhone4s|D04_LG_D290|D15_Apple_iPhone6|D19_Apple_iPhone6Plus,same_pipeline_different_device,native,native,3264x2448,3264x2448,prnu_python_wavelet_mle,mle_5,squared_aligned_ncc,test,47,0.0017268781097103936,2.9821080057969423e-06,2.685019240469042e-07,3.095132868823646e-08,1.9367968889463886e-08,1.1032456708296111e-08,2.971075549088646e-06,270.30316860926155,96.34830335830912,4.567969785554414,True
D05_Apple_iPhone5c:native:0047,D05_Apple_iPhone5c,D15_Apple_iPhone6,D02_Apple_iPhone4s|D04_LG_D290|D19_Apple_iPhone6Plus,same_pipeline_different_device,native,native,3264x2448,3264x2448,prnu_python_wavelet_mle,mle_5,squared_aligned_ncc,test,47,-0.0010005361473244471,1.0010725821028477e-06,2.4311704694923017e-08,1.2134262889249042e-08,1.1018061809529306e-09,1.1032456708296111e-08,9.900401253945516e-07,90.7388633893363,82.49966159788727,4.41279419148843,False
D05_Apple_iPhone5c:native:0047,D05_Apple_iPhone5c,D19_Apple_iPhone6Plus,D02_Apple_iPhone4s|D04_LG_D290|D15_Apple_iPhone6,same_pipeline_different_device,native,native,3264x2448,3264x2448,prnu_python_wavelet_mle,mle_5,squared_aligned_ncc,test,47,0.00022308831096053394,4.9768394487223885e-08,3.4141310056679766e-07,1.2134262889249042e-08,1.1018061809529306e-09,1.1032456708296111e-08,3.873593777892777e-08,4.511089035119385,4.101476533141431,1.411347038913501,False
D05_Apple_iPhone5c:native:0048,D05_Apple_iPhone5c,D02_Apple_iPhone4s,D04_LG_D290|D15_Apple_iPhone6|D19_Apple_iPhone6Plus,same_pipeline_different_device,native,native,3264x2448,3264x2448,prnu_python_wavelet_mle,mle_5,squared_aligned_ncc,test,48,-4.338143038533763e-05,1.881948502277895e-09,1.1120526831472356e-07,1.0231503040594348e-07,8.410415719089453e-08,1.821087321504895e-08,-1.6328924712771054e-08,0.10334202429802795,0.0183936660607059,-3.9957489094611525,False
D05_Apple_iPhone5c:native:0048,D05_Apple_iPhone5c,D04_LG_D290,D02_Apple_iPhone4s|D15_Apple_iPhone6|D19_Apple_iPhone6Plus,same_pipeline_different_device,native,native,3264x2448,3264x2448,prnu_python_wavelet_mle,mle_5,squared_aligned_ncc,test,48,0.00013494766843131803,1.821087321504895e-08,1.0576229341046654e-07,1.0231503040594348e-07,1.0043308190366558e-07,1.881948502277895e-09,1.6328924712771054e-08,9.676605493193176,0.17798825004298763,-1.7260377418633261,False
D05_Apple_iPhone5c:native:0048,D05_Apple_iPhone5c,D05_Apple_iPhone5c,D02_Apple_iPhone4s|D04_LG_D290|D15_Apple_iPhone6|D19_Apple_iPhone6Plus,same_pipeline_different_device,native,native,3264x2448,3264x2448,prnu_python_wavelet_mle,mle_5,squared_aligned_ncc,test,48,0.015100192377236296,0.00022801580982954514,8.387443836161214e-08,6.026295181049622e-08,5.021654095183279e-08,1.881948502277895e-09,0.00022801392788104286,121159.43106496097,3783.6813992545053,8.238452729812671,True
D05_Apple_iPhone5c:native:0048,D05_Apple_iPhone5c,D15_Apple_iPhone6,D02_Apple_iPhone4s|D04_LG_D290|D19_Apple_iPhone6Plus,same_pipeline_different_device,native,native,3264x2448,3264x2448,prnu_python_wavelet_mle,mle_5,squared_aligned_ncc,test,48,-0.0004616166172519987,2.1308990132317824e-07,4.080261737442344e-08,1.821087321504895e-08,1.6328924712771054e-08,1.881948502277895e-09,2.1120795282090035e-07,113.22833811087604,11.701245668279476,2.4596953035107774,False
D05_Apple_iPhone5c:native:0048,D05_Apple_iPhone5c,D19_Apple_iPhone6Plus,D02_Apple_iPhone4s|D04_LG_D290|D15_Apple_iPhone6,same_pipeline_different_device,native,native,3264x2448,3264x2448,prnu_python_wavelet_mle,mle_5,squared_aligned_ncc,test,48,0.000319867207456381,1.0231503040594348e-07,7.772757434683503e-08,1.821087321504895e-08,1.6328924712771054e-08,1.881948502277895e-09,1.0043308190366558e-07,54.366540998386625,5.6183484008550035,1.7260377418633261,False
D05_Apple_iPhone5c:native:0049,D05_Apple_iPhone5c,D02_Apple_iPhone4s,D04_LG_D290|D15_Apple_iPhone6|D19_Apple_iPhone6Plus,same_pipeline_different_device,native,native,3264x2448,3264x2448,prnu_python_wavelet_mle,mle_5,squared_aligned_ncc,test,49,-0.00046098032709216135,2.1250286196599606e-07,1.0531773139173079e-07,1.1571582251921541e-07,7.484947375001713e-08,1.9056529626923255e-07,2.193756569676351e-08,1.1151183669127767,1.8364200965750253,0.6078180767958177,False
D05_Apple_iPhone5c:native:0049,D05_Apple_iPhone5c,D04_LG_D290,D02_Apple_iPhone4s|D15_Apple_iPhone6|D19_Apple_iPhone6Plus,same_pipeline_different_device,native,native,3264x2448,3264x2448,prnu_python_wavelet_mle,mle_5,squared_aligned_ncc,test,49,-0.00043653785204634035,1.9056529626923255e-07,1.1263025329065197e-07,1.1571582251921541e-07,9.678703944678064e-08,2.1250286196599606e-07,-2.193756569676351e-08,0.8967657870872634,1.646838713327971,0.4988575188520006,False
D05_Apple_iPhone5c:native:0049,D05_Apple_iPhone5c,D05_Apple_iPhone5c,D02_Apple_iPhone4s|D04_LG_D290|D15_Apple_iPhone6|D19_Apple_iPhone6Plus,same_pipeline_different_device,native,native,3264x2448,3264x2448,prnu_python_wavelet_mle,mle_5,squared_aligned_ncc,test,49,0.0013767863517831036,1.8955406584562278e-06,1.3211401403529712e-07,1.5314055939422398e-07,4.839351972339032e-08,2.1250286196599606e-07,1.6830377964902319e-06,8.920071197721306,12.377783298914357,2.5159031962091927,True
D05_Apple_iPhone5c:native:0049,D05_Apple_iPhone5c,D15_Apple_iPhone6,D02_Apple_iPhone4s|D04_LG_D290|D19_Apple_iPhone6Plus,same_pipeline_different_device,native,native,3264x2448,3264x2448,prnu_python_wavelet_mle,mle_5,squared_aligned_ncc,test,49,-0.00034017028459172534,1.1571582251921541e-07,1.37580077873991e-07,1.9056529626923255e-07,2.193756569676351e-08,2.1250286196599606e-07,-9.678703944678064e-08,0.5445377132743362,0.6072240055488957,-0.4988575188520006,False
D05_Apple_iPhone5c:native:0049,D05_Apple_iPhone5c,D19_Apple_iPhone6Plus,D02_Apple_iPhone4s|D04_LG_D290|D15_Apple_iPhone6,same_pipeline_different_device,native,native,3264x2448,3264x2448,prnu_python_wavelet_mle,mle_5,squared_aligned_ncc,test,49,-9.834671009619195e-05,9.672075386744424e-09,1.7292799358481468e-07,1.9056529626923255e-07,2.193756569676351e-08,2.1250286196599606e-07,-2.0283078657925162e-07,0.045515035878867904,0.05075465247921961,-2.9807519907947064,False
D05_Apple_iPhone5c:native:0050,D05_Apple_iPhone5c,D02_Apple_iPhone4s,D04_LG_D290|D15_Apple_iPhone6|D19_Apple_iPhone6Plus,same_pipeline_different_device,native,native,3264x2448,3264x2448,prnu_python_wavelet_mle,mle_5,squared_aligned_ncc,test,50,0.0002344502569074449,5.496692296396691e-08,1.1284419876096663e-08,9.695427050148484e-09,5.229625353736679e-10,9.695427050148484e-09,4.527149591381843e-08,5.669365844295132,5.669365844295132,1.7350772674449892,False
D05_Apple_iPhone5c:native:0050,D05_Apple_iPhone5c,D04_LG_D290,D02_Apple_iPhone4s|D15_Apple_iPhone6|D19_Apple_iPhone6Plus,same_pipeline_different_device,native,native,3264x2448,3264x2448,prnu_python_wavelet_mle,mle_5,squared_aligned_ncc,test,50,-9.846535964565652e-05,9.695427050148484e-09,2.637491851403614e-08,1.498536806336669e-08,5.812903548591874e-09,5.496692296396691e-08,-4.527149591381843e-08,0.1763865708201319,0.646992920637697,-0.4354199263684606,False
D05_Apple_iPhone5c:native:0050,D05_Apple_iPhone5c,D05_Apple_iPhone5c,D02_Apple_iPhone4s|D04_LG_D290|D15_Apple_iPhone6|D19_Apple_iPhone6Plus,same_pipeline_different_device,native,native,3264x2448,3264x2448,prnu_python_wavelet_mle,mle_5,squared_aligned_ncc,test,50,0.009527645421386588,9.077602727566882e-05,2.2205045648064223e-08,1.2340397556757586e-08,2.906451774295937e-09,5.496692296396691e-08,9.072106035270486e-05,1651.4664161786218,7356.005092879685,8.903272278067595,True
D05_Apple_iPhone5c:native:0050,D05_Apple_iPhone5c,D15_Apple_iPhone6,D02_Apple_iPhone4s|D04_LG_D290|D19_Apple_iPhone6Plus,same_pipeline_different_device,native,native,3264x2448,3264x2448,prnu_python_wavelet_mle,mle_5,squared_aligned_ncc,test,50,0.00012241473793366014,1.498536806336669e-08,2.4611604842963402e-08,9.695427050148484e-09,5.229625353736679e-10,5.496692296396691e-08,-3.998155490060022e-08,0.27262519448633166,1.5456119659151262,0.4354199263684606,False
D05_Apple_iPhone5c:native:0050,D05_Apple_iPhone5c,D19_Apple_iPhone6Plus,D02_Apple_iPhone4s|D04_LG_D290|D15_Apple_iPhone6,same_pipeline_different_device,native,native,3264x2448,3264x2448,prnu_python_wavelet_mle,mle_5,squared_aligned_ncc,test,50,9.577298426369941e-05,9.172464514774816e-09,2.6549239359160695e-08,1.498536806336669e-08,5.289941013218206e-09,5.496692296396691e-08,-4.5794458449192094e-08,0.1668724392811245,0.6120947097187336,-0.49086825400067013,False
D15_Apple_iPhone6:native:0041,D15_Apple_iPhone6,D02_Apple_iPhone4s,D04_LG_D290|D05_Apple_iPhone5c|D19_Apple_iPhone6Plus,same_pipeline_different_device,native,native,3264x2448,3264x2448,prnu_python_wavelet_mle,mle_5,squared_aligned_ncc,test,41,-5.0389525486561276e-05,2.5391042787608083e-09,1.3918669203523052e-07,1.7908700485525487e-07,5.811362093316152e-08,1.7908700485525487e-07,-1.7654790057649405e-07,0.014178048713322398,0.014178048713322398,-4.256060375716423,False
D15_Apple_iPhone6:native:0041,D15_Apple_iPhone6,D04_LG_D290,D02_Apple_iPhone4s|D05_Apple_iPhone5c|D19_Apple_iPhone6Plus,same_pipeline_different_device,native,native,3264x2448,3264x2448,prnu_python_wavelet_mle,mle_5,squared_aligned_ncc,test,41,0.0004231867257550204,1.7908700485525487e-07,8.033739184306583e-08,2.5391042787608083e-09,1.2666588167405138e-09,2.5391042787608083e-09,1.7654790057649405e-07,70.53156751114491,70.53156751114491,4.256060375716423,False
D15_Apple_iPhone6:native:0041,D15_Apple_iPhone6,D05_Apple_iPhone5c,D02_Apple_iPhone4s|D04_LG_D290|D19_Apple_iPhone6Plus,same_pipeline_different_device,native,native,3264x2448,3264x2448,prnu_python_wavelet_mle,mle_5,squared_aligned_ncc,test,41,3.56713535210019e-05,1.2724454620202945e-09,1.396089116408107e-07,1.7908700485525487e-07,5.811362093316152e-08,2.5391042787608083e-09,-1.2666588167405138e-09,0.5011395052436769,0.007105180317515136,-4.946931138794504,False
D15_Apple_iPhone6:native:0041,D15_Apple_iPhone6,D15_Apple_iPhone6,D02_Apple_iPhone4s|D04_LG_D290|D05_Apple_iPhone5c|D19_Apple_iPhone6Plus,same_pipeline_different_device,native,native,3264x2448,3264x2448,prnu_python_wavelet_mle,mle_5,squared_aligned_ncc,test,41,0.02673287043877482,0.0007146463618963207,1.0502479509611309e-07,9.081305456700784e-08,8.890727969661728e-08,2.5391042787608083e-09,0.000714643822792042,281456.08980073035,7869.423237702104,8.970740052538098,True
D15_Apple_iPhone6:native:0041,D15_Apple_iPhone6,D19_Apple_iPhone6Plus,D02_Apple_iPhone4s|D04_LG_D290|D05_Apple_iPhone5c,same_pipeline_different_device,native,native,3264x2448,3264x2448,prnu_python_wavelet_mle,mle_5,squared_aligned_ncc,test,41,0.0004870324689262682,2.3720062578841639e-07,6.096618486534533e-08,2.5391042787608083e-09,1.2666588167405138e-09,2.5391042787608083e-09,2.3466152150965557e-07,93.41901700239758,93.41901700239758,4.5370949326721846,False
D15_Apple_iPhone6:native:0042,D15_Apple_iPhone6,D02_Apple_iPhone4s,D04_LG_D290|D05_Apple_iPhone5c|D19_Apple_iPhone6Plus,same_pipeline_different_device,native,native,3264x2448,3264x2448,prnu_python_wavelet_mle,mle_5,squared_aligned_ncc,test,42,-3.6199223138634194e-05,1.3103837558406292e-09,1.5464627890845781e-07,8.758365317884155e-08,1.5180492354529576e-08,7.240316082431198e-08,-7.109277706847135e-08,0.018098433009303378,0.014961510604780202,-4.202274335278201,False
D15_Apple_iPhone6:native:0042,D15_Apple_iPhone6,D04_LG_D290,D02_Apple_iPhone4s|D05_Apple_iPhone5c|D19_Apple_iPhone6Plus,same_pipeline_different_device,native,native,3264x2448,3264x2448,prnu_python_wavelet_mle,mle_5,squared_aligned_ncc,test,42,-0.00026907835443289,7.240316082431198e-08,1.309486865523007e-07,8.758365317884155e-08,8.627326942300093e-08,1.3103837558406292e-09,7.109277706847135e-08,55.253402296538965,0.8266743644098545,-0.1903444167484558,False
D15_Apple_iPhone6:native:0042,D15_Apple_iPhone6,D05_Apple_iPhone5c,D02_Apple_iPhone4s|D04_LG_D290|D19_Apple_iPhone6Plus,same_pipeline_different_device,native,native,3264x2448,3264x2448,prnu_python_wavelet_mle,mle_5,squared_aligned_ncc,test,42,0.0002959453550553574,8.758365317884155e-08,1.2588852243412417e-07,7.240316082431198e-08,7.109277706847135e-08,1.3103837558406292e-09,8.627326942300093e-08,66.83817071790197,1.2096661552023318,0.1903444167484558,False
D15_Apple_iPhone6:native:0042,D15_Apple_iPhone6,D15_Apple_iPhone6,D02_Apple_iPhone4s|D04_LG_D290|D05_Apple_iPhone5c|D19_Apple_iPhone6Plus,same_pipeline_different_device,native,native,3264x2448,3264x2448,prnu_python_wavelet_mle,mle_5,squared_aligned_ncc,test,42,0.01225219178184991,0.00015011620345923047,1.1631230512030352e-07,7.999340700157677e-08,4.313663471150046e-08,1.3103837558406292e-09,0.00015011489307547462,114558.96243381685,1876.6071990941891,7.537220744091897,True
D15_Apple_iPhone6:native:0042,D15_Apple_iPhone6,D19_Apple_iPhone6Plus,D02_Apple_iPhone4s|D04_LG_D290|D05_Apple_iPhone5c,same_pipeline_different_device,native,native,3264x2448,3264x2448,prnu_python_wavelet_mle,mle_5,squared_aligned_ncc,test,42,0.0005513184403973985,3.039520227222199e-07,5.376573258633139e-08,7.240316082431198e-08,1.5180492354529576e-08,1.3103837558406292e-09,3.0264163896637923e-07,231.9564947042788,4.198049080478224,1.4346199127255748,False
D15_Apple_iPhone6:native:0043,D15_Apple_iPhone6,D02_Apple_iPhone4s,D04_LG_D290|D05_Apple_iPhone5c|D19_Apple_iPhone6Plus,same_pipeline_different_device,native,native,3264x2448,3264x2448,prnu_python_wavelet_mle,mle_5,squared_aligned_ncc,test,43,0.00028565572689193065,8.159919430615727e-08,2.2813310543764065e-07,3.740396235322224e-08,1.3838097787447672e-08,3.740396235322224e-08,4.419523195293503e-08,2.181565512647559,2.181565512647559,0.7800427441402569,False
D15_Apple_iPhone6:native:0043,D15_Apple_iPhone6,D04_LG_D290,D02_Apple_iPhone4s|D05_Apple_iPhone5c|D19_Apple_iPhone6Plus,same_pipeline_different_device,native,native,3264x2448,3264x2448,prnu_python_wavelet_mle,mle_5,squared_aligned_ncc,test,43,-0.0001934010402071877,3.740396235322224e-08,2.4286484942195233e-07,8.159919430615727e-08,5.80333297403827e-08,8.159919430615727e-08,-4.419523195293503e-08,0.4583864175531428,0.4583864175531428,-0.7800427441402569,False
D15_Apple_iPhone6:native:0043,D15_Apple_iPhone6,D05_Apple_iPhone5c,D02_Apple_iPhone4s|D04_LG_D290|D19_Apple_iPhone6Plus,same_pipeline_different_device,native,native,3264x2448,3264x2448,prnu_python_wavelet_mle,mle_5,squared_aligned_ncc,test,43,-0.00015351177337837827,2.3565864565774566e-08,2.474775486844349e-07,8.159919430615727e-08,4.419523195293503e-08,8.159919430615727e-08,-5.80333297403827e-08,0.28880021140106216,0.28880021140106216,-1.242020139965593,False
D15_Apple_iPhone6:native:0043,D15_Apple_iPhone6,D15_Apple_iPhone6,D02_Apple_iPhone4s|D04_LG_D290|D05_Apple_iPhone5c|D19_Apple_iPhone6Plus,same_pipeline_different_device,native,native,3264x2448,3264x2448,prnu_python_wavelet_mle,mle_5,squared_aligned_ncc,test,43,0.01584611731085592,0.0002510994338294077,1.914996276547698e-07,5.950157832968975e-08,2.901666487019135e-08,8.159919430615727e-08,0.0002510178346351015,3077.2293276241376,4220.046608479889,8.347601451632544,True
D15_Apple_iPhone6:native:0043,D15_Apple_iPhone6,D19_Apple_iPhone6Plus,D02_Apple_iPhone4s|D04_LG_D290|D05_Apple_iPhone5c,same_pipeline_different_device,native,native,3264x2448,3264x2448,prnu_python_wavelet_mle,mle_5,squared_aligned_ncc,test,43,0.0007895755121544267,6.234294893939251e-07,4.7523007075051355e-08,3.740396235322224e-08,1.3838097787447672e-08,8.159919430615727e-08,5.418302950877679e-07,7.640142708454202,16.667471844469404,2.8134590262612775,False
D15_Apple_iPhone6:native:0044,D15_Apple_iPhone6,D02_Apple_iPhone4s,D04_LG_D290|D05_Apple_iPhone5c|D19_Apple_iPhone6Plus,same_pipeline_different_device,native,native,3264x2448,3264x2448,prnu_python_wavelet_mle,mle_5,squared_aligned_ncc,test,44,-0.00022333582937025993,4.987889268050186e-08,3.8789573120761323e-07,1.2001418404763407e-07,1.1691507408535342e-07,1.0405738996129248e-06,-9.90695006932423e-07,0.0479340224649647,0.4156083139364989,-0.8780120152976298,False
D15_Apple_iPhone6:native:0044,D15_Apple_iPhone6,D04_LG_D290,D02_Apple_iPhone4s|D05_Apple_iPhone5c|D19_Apple_iPhone6Plus,same_pipeline_different_device,native,native,3264x2448,3264x2448,prnu_python_wavelet_mle,mle_5,squared_aligned_ncc,test,44,0.001020085241346489,1.0405738996129248e-06,5.7664062230138864e-08,4.987889268050186e-08,4.6779782718221215e-08,4.987889268050186e-08,9.90695006932423e-07,20.862008831637418,20.862008831637418,3.0379297455897767,False
D15_Apple_iPhone6:native:0044,D15_Apple_iPhone6,D05_Apple_iPhone5c,D02_Apple_iPhone4s|D04_LG_D290|D19_Apple_iPhone6Plus,same_pipeline_different_device,native,native,3264x2448,3264x2448,prnu_python_wavelet_mle,mle_5,squared_aligned_ncc,test,44,5.5669650279848596e-05,3.099109962280647e-09,4.0348899211368693e-07,1.2001418404763407e-07,7.013529136713221e-08,4.987889268050186e-08,-4.6779782718221215e-08,0.062132693725418624,0.025822864079554118,-3.6564949748681688,False
D15_Apple_iPhone6:native:0044,D15_Apple_iPhone6,D15_Apple_iPhone6,D02_Apple_iPhone4s|D04_LG_D290|D05_Apple_iPhone5c|D19_Apple_iPhone6Plus,same_pipeline_different_device,native,native,3264x2448,3264x2448,prnu_python_wavelet_mle,mle_5,squared_aligned_ncc,test,44,0.012316385013532705,0.00015169333980157303,3.0339152157583537e-07,8.494653836406796e-08,5.845753704267671e-08,4.987889268050186e-08,0.00015164346090889254,3041.2331078246134,1785.7506935884594,7.487594162436775,True
D15_Apple_iPhone6:native:0044,D15_Apple_iPhone6,D19_Apple_iPhone6Plus,D02_Apple_iPhone4s|D04_LG_D290|D05_Apple_iPhone5c,same_pipeline_different_device,native,native,3264x2448,3264x2448,prnu_python_wavelet_mle,mle_5,squared_aligned_ncc,test,44,-0.00034643063381813405,1.2001418404763407e-07,3.6451730075190245e-07,4.987889268050186e-08,4.6779782718221215e-08,4.987889268050186e-08,7.013529136713221e-08,2.4061116355646117,2.4061116355646117,0.8780120152976298,False
D15_Apple_iPhone6:native:0045,D15_Apple_iPhone6,D02_Apple_iPhone4s,D04_LG_D290|D05_Apple_iPhone5c|D19_Apple_iPhone6Plus,same_pipeline_different_device,native,native,3264x2448,3264x2448,prnu_python_wavelet_mle,mle_5,squared_aligned_ncc,test,45,0.000339627903790465,1.1534711303310535e-07,1.543537714688485e-07,3.722354712668964e-08,3.640958694769584e-08,3.722354712668964e-08,7.81235659064157e-08,3.0987673646609664,3.0987673646609664,1.1310044081146824,False
D15_Apple_iPhone6:native:0045,D15_Apple_iPhone6,D04_LG_D290,D02_Apple_iPhone4s|D05_Apple_iPhone5c|D19_Apple_iPhone6Plus,same_pipeline_different_device,native,native,3264x2448,3264x2448,prnu_python_wavelet_mle,mle_5,squared_aligned_ncc,test,45,0.0001929340486453587,3.722354712668964e-08,1.8039496010432043e-07,1.1534711303310535e-07,1.1453315285411155e-07,1.1534711303310535e-07,-7.81235659064157e-08,0.3227089620873844,0.3227089620873844,-1.1310044081146824,False
D15_Apple_iPhone6:native:0045,D15_Apple_iPhone6,D05_Apple_iPhone5c,D02_Apple_iPhone4s|D04_LG_D290|D19_Apple_iPhone6Plus,same_pipeline_different_device,native,native,3264x2448,3264x2448,prnu_python_wavelet_mle,mle_5,squared_aligned_ncc,test,45,2.8529987364066603e-05,8.139601789938001e-10,1.9253148908688572e-07,1.1534711303310535e-07,7.81235659064157e-08,1.1534711303310535e-07,-1.1453315285411155e-07,0.007056615094997552,0.007056615094997552,-4.953789790749701,False
D15_Apple_iPhone6:native:0045,D15_Apple_iPhone6,D15_Apple_iPhone6,D02_Apple_iPhone4s|D04_LG_D290|D05_Apple_iPhone5c|D19_Apple_iPhone6Plus,same_pipeline_different_device,native,native,3264x2448,3264x2448,prnu_python_wavelet_mle,mle_5,squared_aligned_ncc,test,45,0.011742555189451508,0.00013788760237731454,1.4460210685991272e-07,7.62853300798975e-08,5.726657642705578e-08,1.1534711303310535e-07,0.00013777225526428143,1195.4144213192394,1807.5244903954385,7.499713503260875,True
D15_Apple_iPhone6:native:0045,D15_Apple_iPhone6,D19_Apple_iPhone6Plus,D02_Apple_iPhone4s|D04_LG_D290|D05_Apple_iPhone5c,same_pipeline_different_device,native,native,3264x2448,3264x2448,prnu_python_wavelet_mle,mle_5,squared_aligned_ncc,test,45,0.000651938499477414,4.250238071008621e-07,5.1128206779596266e-08,3.722354712668964e-08,3.640958694769584e-08,1.1534711303310535e-07,3.0967669406775674e-07,3.684737276249624,11.418143618992076,2.4352036357596933,False
D15_Apple_iPhone6:native:0046,D15_Apple_iPhone6,D02_Apple_iPhone4s,D04_LG_D290|D05_Apple_iPhone5c|D19_Apple_iPhone6Plus,same_pipeline_different_device,native,native,3264x2448,3264x2448,prnu_python_wavelet_mle,mle_5,squared_aligned_ncc,test,46,0.00038489166822669956,1.4814159627033178e-07,4.297601380888575e-08,4.322833824471899e-08,2.4362418091529438e-08,1.81089468456898e-08,1.3003264942464198e-07,8.180574913200525,3.4269556102686773,1.2316722898668484,False
D15_Apple_iPhone6:native:0046,D15_Apple_iPhone6,D04_LG_D290,D02_Apple_iPhone4s|D05_Apple_iPhone5c|D19_Apple_iPhone6Plus,same_pipeline_different_device,native,native,3264x2448,3264x2448,prnu_python_wavelet_mle,mle_5,squared_aligned_ncc,test,46,0.0001345694870529341,1.81089468456898e-08,8.63202302837664e-08,6.759075633624843e-08,2.4362418091529438e-08,1.4814159627033178e-07,-1.3003264942464198e-07,0.12224079732909202,0.2679204646801401,-1.3170651160988385,False
D15_Apple_iPhone6:native:0046,D15_Apple_iPhone6,D05_Apple_iPhone5c,D02_Apple_iPhone4s|D04_LG_D290|D19_Apple_iPhone6Plus,same_pipeline_different_device,native,native,3264x2448,3264x2448,prnu_python_wavelet_mle,mle_5,squared_aligned_ncc,test,46,0.00020791425695396406,4.322833824471899e-08,7.794709981742333e-08,6.759075633624843e-08,4.948180949055863e-08,1.4814159627033178e-07,-1.0491325802561278e-07,0.29180418824322,0.6395599130400017,-0.44697497503340244,False
D15_Apple_iPhone6:native:0046,D15_Apple_iPhone6,D15_Apple_iPhone6,D02_Apple_iPhone4s|D04_LG_D290|D05_Apple_iPhone5c|D19_Apple_iPhone6Plus,same_pipeline_different_device,native,native,3264x2448,3264x2448,prnu_python_wavelet_mle,mle_5,squared_aligned_ncc,test,46,0.013674313671462495,0.0001869868543855461,6.926740942424725e-08,5.540954729048371e-08,2.4740904745279315e-08,1.4814159627033178e-07,0.00018683871278927578,1262.2170888744085,3374.632414974812,8.124041683293523,True
D15_Apple_iPhone6:native:0046,D15_Apple_iPhone6,D19_Apple_iPhone6Plus,D02_Apple_iPhone4s|D04_LG_D290|D05_Apple_iPhone5c,same_pipeline_different_device,native,native,3264x2448,3264x2448,prnu_python_wavelet_mle,mle_5,squared_aligned_ncc,test,46,0.0002599822231158285,6.759075633624843e-08,6.982629378691352e-08,4.322833824471899e-08,2.511939139902919e-08,1.4814159627033178e-07,-8.055083993408335e-08,0.4562577833501095,1.5635751703804086,0.44697497503340244,False
D15_Apple_iPhone6:native:0047,D15_Apple_iPhone6,D02_Apple_iPhone4s,D04_LG_D290|D05_Apple_iPhone5c|D19_Apple_iPhone6Plus,same_pipeline_different_device,native,native,3264x2448,3264x2448,prnu_python_wavelet_mle,mle_5,squared_aligned_ncc,test,47,0.00016958364054710454,2.875861114120956e-08,4.3058955417259246e-07,3.218679235241442e-07,1.8803897910724833e-08,3.0306402561341936e-07,-2.743054144722098e-07,0.09489285665958025,0.08934910576465784,-2.4152040456566883,False
D15_Apple_iPhone6:native:0047,D15_Apple_iPhone6,D04_LG_D290,D02_Apple_iPhone4s|D05_Apple_iPhone5c|D19_Apple_iPhone6Plus,same_pipeline_different_device,native,native,3264x2448,3264x2448,prnu_python_wavelet_mle,mle_5,squared_aligned_ncc,test,47,-0.0005505125117682789,3.0306402561341936e-07,3.3915441601518915e-07,3.218679235241442e-07,2.9310931238293465e-07,2.875861114120956e-08,2.743054144722098e-07,10.538201032216913,0.9415788385967753,-0.06019719716629268,False
D15_Apple_iPhone6:native:0047,D15_Apple_iPhone6,D05_Apple_iPhone5c,D02_Apple_iPhone4s|D04_LG_D290|D19_Apple_iPhone6Plus,same_pipeline_different_device,native,native,3264x2448,3264x2448,prnu_python_wavelet_mle,mle_5,squared_aligned_ncc,test,47,0.0005673340493255664,3.218679235241442e-07,3.328864500449476e-07,3.0306402561341936e-07,2.743054144722098e-07,2.875861114120956e-08,2.9310931238293465e-07,11.192053814550334,1.0620459583504331,0.06019719716629268,False
D15_Apple_iPhone6:native:0047,D15_Apple_iPhone6,D15_Apple_iPhone6,D02_Apple_iPhone4s|D04_LG_D290|D05_Apple_iPhone5c|D19_Apple_iPhone6Plus,same_pipeline_different_device,native,native,3264x2448,3264x2448,prnu_python_wavelet_mle,mle_5,squared_aligned_ncc,test,47,0.02273989995226379,0.0005171030498389667,3.3013181841474675e-07,3.124659745687818e-07,1.4655465619146732e-07,2.875861114120956e-08,0.0005170742912278255,17980.807463194407,1654.9099483634786,7.411501874465816,True
D15_Apple_iPhone6:native:0047,D15_Apple_iPhone6,D19_Apple_iPhone6Plus,D02_Apple_iPhone4s|D04_LG_D290|D05_Apple_iPhone5c,same_pipeline_different_device,native,native,3264x2448,3264x2448,prnu_python_wavelet_mle,mle_5,squared_aligned_ncc,test,47,0.0008166007062084957,6.668367133802138e-07,2.178968534262577e-07,3.0306402561341936e-07,1.8803897910724833e-08,2.875861114120956e-08,6.380781022390043e-07,23.187375430125424,2.2003162930027647,0.7886011195771303,False
D15_Apple_iPhone6:native:0048,D15_Apple_iPhone6,D02_Apple_iPhone4s,D04_LG_D290|D05_Apple_iPhone5c|D19_Apple_iPhone6Plus,same_pipeline_different_device,native,native,3264x2448,3264x2448,prnu_python_wavelet_mle,mle_5,squared_aligned_ncc,test,48,0.0004238269278458908,1.7962926476728594e-07,1.1264836497040371e-07,3.95486851333111e-08,9.930428730066245e-09,2.6877815337465514e-07,-8.91488886073692e-08,0.6683179511130027,4.541978176057936,1.5133626387528292,False
D15_Apple_iPhone6:native:0048,D15_Apple_iPhone6,D04_LG_D290,D02_Apple_iPhone4s|D05_Apple_iPhone5c|D19_Apple_iPhone6Plus,same_pipeline_different_device,native,native,3264x2448,3264x2448,prnu_python_wavelet_mle,mle_5,squared_aligned_ncc,test,48,0.0005184381866477961,2.6877815337465514e-07,8.29320687679473e-08,3.95486851333111e-08,9.930428730066245e-09,1.7962926476728594e-07,8.91488886073692e-08,1.4962937900061204,6.7961337391788135,1.9163538827182922,False
D15_Apple_iPhone6:native:0048,D15_Apple_iPhone6,D05_Apple_iPhone5c,D02_Apple_iPhone4s|D04_LG_D290|D19_Apple_iPhone6Plus,same_pipeline_different_device,native,native,3264x2448,3264x2448,prnu_python_wavelet_mle,mle_5,squared_aligned_ncc,test,48,-0.00017209955375666974,2.9618256403244857e-08,1.6265203442508405e-07,1.7962926476728594e-07,8.91488886073692e-08,1.7962926476728594e-07,-1.5001100836404108e-07,0.16488547365383935,0.16488547365383935,-1.8025041451474788,False
D15_Apple_iPhone6:native:0048,D15_Apple_iPhone6,D15_Apple_iPhone6,D02_Apple_iPhone4s|D04_LG_D290|D05_Apple_iPhone5c|D19_Apple_iPhone6Plus,same_pipeline_different_device,native,native,3264x2448,3264x2448,prnu_python_wavelet_mle,mle_5,squared_aligned_ncc,test,48,0.013542324626104444,0.00018339455627879486,1.2939358991962427e-07,1.0958897495029852e-07,7.500550418202054e-08,1.7962926476728594e-07,0.0001832149270140276,1020.9614592387658,1673.4763361183834,7.422658380197886,True
D15_Apple_iPhone6:native:0048,D15_Apple_iPhone6,D19_Apple_iPhone6Plus,D02_Apple_iPhone4s|D04_LG_D290|D05_Apple_iPhone5c,same_pipeline_different_device,native,native,3264x2448,3264x2448,prnu_python_wavelet_mle,mle_5,squared_aligned_ncc,test,48,0.00019886851217151271,3.95486851333111e-08,1.59341891515062e-07,1.7962926476728594e-07,8.91488886073692e-08,1.7962926476728594e-07,-1.4008057963397484e-07,0.22016838505990313,0.22016838505990313,-1.5133626387528292,False
D15_Apple_iPhone6:native:0049,D15_Apple_iPhone6,D02_Apple_iPhone4s,D04_LG_D290|D05_Apple_iPhone5c|D19_Apple_iPhone6Plus,same_pipeline_different_device,native,native,3264x2448,3264x2448,prnu_python_wavelet_mle,mle_5,squared_aligned_ncc,test,49,0.00023608353763494294,5.573543674222952e-08,5.373415011882847e-07,1.3392853817099737e-07,4.677851515387457e-08,8.71500230171228e-08,-3.141458627489328e-08,0.6395343892368095,0.4161580310170159,-0.8766902086054262,False
D15_Apple_iPhone6:native:0049,D15_Apple_iPhone6,D04_LG_D290,D02_Apple_iPhone4s|D05_Apple_iPhone5c|D19_Apple_iPhone6Plus,same_pipeline_different_device,native,native,3264x2448,3264x2448,prnu_python_wavelet_mle,mle_5,squared_aligned_ncc,test,49,0.0002952118273665925,8.71500230171228e-08,5.26869972429987e-07,1.3392853817099737e-07,7.819310142876785e-08,5.573543674222952e-08,3.141458627489328e-08,1.5636375726305405,0.6507203334501518,-0.42967532439073786,False
D15_Apple_iPhone6:native:0049,D15_Apple_iPhone6,D05_Apple_iPhone5c,D02_Apple_iPhone4s|D04_LG_D290|D19_Apple_iPhone6Plus,same_pipeline_different_device,native,native,3264x2448,3264x2448,prnu_python_wavelet_mle,mle_5,squared_aligned_ncc,test,49,-0.0003659624819172006,1.3392853817099737e-07,5.11277134045362e-07,8.71500230171228e-08,3.141458627489328e-08,5.573543674222952e-08,7.819310142876785e-08,2.402933322123278,1.536758494540888,0.42967532439073786,False
D15_Apple_iPhone6:native:0049,D15_Apple_iPhone6,D15_Apple_iPhone6,D02_Apple_iPhone4s|D04_LG_D290|D05_Apple_iPhone5c|D19_Apple_iPhone6Plus,same_pipeline_different_device,native,native,3264x2448,3264x2448,prnu_python_wavelet_mle,mle_5,squared_aligned_ncc,test,49,0.025721370662251553,0.0006615889087449348,4.169399850767709e-07,1.1053928059406009e-07,3.909655071438393e-08,5.573543674222952e-08,0.0006615331733081926,11870.166404270112,5985.102356279364,8.697028719981066,True
D15_Apple_iPhone6:native:0049,D15_Apple_iPhone6,D19_Apple_iPhone6Plus,D02_Apple_iPhone4s|D04_LG_D290|D05_Apple_iPhone5c,same_pipeline_different_device,native,native,3264x2448,3264x2448,prnu_python_wavelet_mle,mle_5,squared_aligned_ncc,test,49,0.0011793837129521222,1.3909459423767339e-06,9.227133264344988e-08,8.71500230171228e-08,3.141458627489328e-08,5.573543674222952e-08,1.3352105056345044e-06,24.956222175304937,15.960362306541764,2.770108292675138,False
D15_Apple_iPhone6:native:0050,D15_Apple_iPhone6,D02_Apple_iPhone4s,D04_LG_D290|D05_Apple_iPhone5c|D19_Apple_iPhone6Plus,same_pipeline_different_device,native,native,3264x2448,3264x2448,prnu_python_wavelet_mle,mle_5,squared_aligned_ncc,test,50,0.0001806163367819259,3.262226111252208e-08,1.1187757147790934e-07,9.942236224286678e-08,3.804293898262895e-08,9.942236224286678e-08,-6.68001011303447e-08,0.3281179442591912,0.3281179442591912,-1.1143821490775316,False
D15_Apple_iPhone6:native:0050,D15_Apple_iPhone6,D04_LG_D290,D02_Apple_iPhone4s|D05_Apple_iPhone5c|D19_Apple_iPhone6Plus,same_pipeline_different_device,native,native,3264x2448,3264x2448,prnu_python_wavelet_mle,mle_5,squared_aligned_ncc,test,50,-0.00031531311777797445,9.942236224286678e-08,8.961087110112778e-08,6.137942326023783e-08,2.8757162147715753e-08,3.262226111252208e-08,6.68001011303447e-08,3.047684582620897,1.61979955108626,0.4823024076912539,False
D15_Apple_iPhone6:native:0050,D15_Apple_iPhone6,D05_Apple_iPhone5c,D02_Apple_iPhone4s|D04_LG_D290|D19_Apple_iPhone6Plus,same_pipeline_different_device,native,native,3264x2448,3264x2448,prnu_python_wavelet_mle,mle_5,squared_aligned_ncc,test,50,0.0002477487099063037,6.137942326023783e-08,1.022918507620041e-07,9.942236224286678e-08,6.68001011303447e-08,3.262226111252208e-08,2.8757162147715753e-08,1.881519587147112,0.6173603390181126,-0.4823024076912539,False
D15_Apple_iPhone6:native:0050,D15_Apple_iPhone6,D15_Apple_iPhone6,D02_Apple_iPhone4s|D04_LG_D290|D05_Apple_iPhone5c|D19_Apple_iPhone6Plus,same_pipeline_different_device,native,native,3264x2448,3264x2448,prnu_python_wavelet_mle,mle_5,squared_aligned_ncc,test,50,0.01300977578530327,0.0001692542659838633,9.206374388656254e-08,8.040089275155231e-08,3.340005056517235e-08,3.262226111252208e-08,0.00016922164372275077,5188.305782976366,2105.129186896939,7.652132115680809,True
D15_Apple_iPhone6:native:0050,D15_Apple_iPhone6,D19_Apple_iPhone6Plus,D02_Apple_iPhone4s|D04_LG_D290|D05_Apple_iPhone5c,same_pipeline_different_device,native,native,3264x2448,3264x2448,prnu_python_wavelet_mle,mle_5,squared_aligned_ncc,test,50,0.0004181278858562574,1.7483092893062342e-07,6.44746822052089e-08,6.137942326023783e-08,2.8757162147715753e-08,3.262226111252208e-08,1.4220866781810133e-07,5.359252331639097,2.848363826902892,1.0467447336009066,False
D19_Apple_iPhone6Plus:native:0041,D19_Apple_iPhone6Plus,D02_Apple_iPhone4s,D04_LG_D290|D05_Apple_iPhone5c|D15_Apple_iPhone6,same_pipeline_different_device,native,native,3264x2448,3264x2448,prnu_python_wavelet_mle,mle_5,squared_aligned_ncc,test,41,0.0002626096120790807,6.896380835632524e-08,1.23586363768072e-07,9.284520163925808e-10,8.512363785233348e-10,7.721563786924597e-11,6.8886592718456e-08,893.1326640479995,74.27826870825064,4.307818428569508,False
D19_Apple_iPhone6Plus:native:0041,D19_Apple_iPhone6Plus,D04_LG_D290,D02_Apple_iPhone4s|D05_Apple_iPhone5c|D15_Apple_iPhone6,same_pipeline_different_device,native,native,3264x2448,3264x2448,prnu_python_wavelet_mle,mle_5,squared_aligned_ncc,test,41,8.78724290487329e-06,7.721563786924597e-11,1.4654856134089068e-07,6.896380835632524e-08,6.803535633993266e-08,6.896380835632524e-08,-6.8886592718456e-08,0.0011196544928360802,0.0011196544928360802,-6.794735129806725,False
D19_Apple_iPhone6Plus:native:0041,D19_Apple_iPhone6Plus,D05_Apple_iPhone5c,D02_Apple_iPhone4s|D04_LG_D290|D15_Apple_iPhone6,same_pipeline_different_device,native,native,3264x2448,3264x2448,prnu_python_wavelet_mle,mle_5,squared_aligned_ncc,test,41,-3.0470510602754605e-05,9.284520163925808e-10,1.462648158813829e-07,6.896380835632524e-08,6.8886592718456e-08,6.896380835632524e-08,-6.803535633993266e-08,0.013462887832345541,0.013462887832345541,-4.307818428569508,False
D19_Apple_iPhone6Plus:native:0041,D19_Apple_iPhone6Plus,D15_Apple_iPhone6,D02_Apple_iPhone4s|D04_LG_D290|D05_Apple_iPhone5c,same_pipeline_different_device,native,native,3264x2448,3264x2448,prnu_python_wavelet_mle,mle_5,squared_aligned_ncc,test,41,0.0006080735347389773,3.697534236499542e-07,2.332315867019569e-08,9.284520163925808e-10,8.512363785233348e-10,6.896380835632524e-08,3.007896152936289e-07,5.361557496063673,398.24720838735294,5.987072939066538,False
D19_Apple_iPhone6Plus:native:0041,D19_Apple_iPhone6Plus,D19_Apple_iPhone6Plus,D02_Apple_iPhone4s|D04_LG_D290|D05_Apple_iPhone5c|D15_Apple_iPhone6,same_pipeline_different_device,native,native,3264x2448,3264x2448,prnu_python_wavelet_mle,mle_5,squared_aligned_ncc,test,41,0.014958185484625236,0.0002237473129924531,1.0993072491513531e-07,3.494613018635891e-08,3.4443296359228e-08,6.896380835632524e-08,0.00022367834918409678,3244.4164312444236,6402.634906905716,8.76446488882486,True
D19_Apple_iPhone6Plus:native:0042,D19_Apple_iPhone6Plus,D02_Apple_iPhone4s,D04_LG_D290|D05_Apple_iPhone5c|D15_Apple_iPhone6,same_pipeline_different_device,native,native,3264x2448,3264x2448,prnu_python_wavelet_mle,mle_5,squared_aligned_ncc,test,42,0.0001891735869254461,3.578664599023931e-08,3.138459042579007e-07,4.1612876017194706e-07,9.925379014008737e-08,5.153825503120344e-07,-4.795959043217951e-07,0.06943705402631999,0.08599897295118952,-2.453419925227969,False
D19_Apple_iPhone6Plus:native:0042,D19_Apple_iPhone6Plus,D04_LG_D290,D02_Apple_iPhone4s|D05_Apple_iPhone5c|D15_Apple_iPhone6,same_pipeline_different_device,native,native,3264x2448,3264x2448,prnu_python_wavelet_mle,mle_5,squared_aligned_ncc,test,42,-0.0007179014906740579,5.153825503120344e-07,1.5398060281730235e-07,3.578664599023931e-08,2.5760243700518676e-08,3.578664599023931e-08,4.795959043217951e-07,14.401532640208957,14.401532640208957,2.6673346342661723,False
D19_Apple_iPhone6Plus:native:0042,D19_Apple_iPhone6Plus,D05_Apple_iPhone5c,D02_Apple_iPhone4s|D04_LG_D290|D15_Apple_iPhone6,same_pipeline_different_device,native,native,3264x2448,3264x2448,prnu_python_wavelet_mle,mle_5,squared_aligned_ncc,test,42,-0.00010013192442832921,1.0026402289720632e-08,3.224326521580736e-07,4.1612876017194706e-07,9.925379014008737e-08,3.578664599023931e-08,-2.5760243700518676e-08,0.28017161184804246,0.024094470869010974,-3.7257728893297255,False
D19_Apple_iPhone6Plus:native:0042,D19_Apple_iPhone6Plus,D15_Apple_iPhone6,D02_Apple_iPhone4s|D04_LG_D290|D05_Apple_iPhone5c,same_pipeline_different_device,native,native,3264x2448,3264x2448,prnu_python_wavelet_mle,mle_5,squared_aligned_ncc,test,42,0.0006450804292271988,4.1612876017194706e-07,1.8706519953066479e-07,3.578664599023931e-08,2.5760243700518676e-08,3.578664599023931e-08,3.8034211418170775e-07,11.628045843844792,11.628045843844792,2.453419925227969,False
D19_Apple_iPhone6Plus:native:0042,D19_Apple_iPhone6Plus,D19_Apple_iPhone6Plus,D02_Apple_iPhone4s|D04_LG_D290|D05_Apple_iPhone5c|D15_Apple_iPhone6,same_pipeline_different_device,native,native,3264x2448,3264x2448,prnu_python_wavelet_mle,mle_5,squared_aligned_ncc,test,42,0.01007199264722736,0.00010144503588580201,2.4433108969098534e-07,2.2595770308109319e-07,2.030511789411132e-07,3.578664599023931e-08,0.00010140924923981176,2834.7176182275034,448.95586431675997,6.1069245851752125,True
D19_Apple_iPhone6Plus:native:0043,D19_Apple_iPhone6Plus,D02_Apple_iPhone4s,D04_LG_D290|D05_Apple_iPhone5c|D15_Apple_iPhone6,same_pipeline_different_device,native,native,3264x2448,3264x2448,prnu_python_wavelet_mle,mle_5,squared_aligned_ncc,test,43,-0.00041730268788366483,1.741415333149314e-07,9.76459785419786e-08,1.3489254016841666e-07,2.2641209971714226e-08,1.575337501401309e-07,1.6607783174800514e-08,1.1054236515034233,1.2909648902564324,0.2553899157212083,False
D19_Apple_iPhone6Plus:native:0043,D19_Apple_iPhone6Plus,D04_LG_D290,D02_Apple_iPhone4s|D05_Apple_iPhone5c|D15_Apple_iPhone6,same_pipeline_different_device,native,native,3264x2448,3264x2448,prnu_python_wavelet_mle,mle_5,squared_aligned_ncc,test,43,-0.0003969052155617647,1.575337501401309e-07,1.0318190626691212e-07,1.3489254016841666e-07,3.924899314651474e-08,1.741415333149314e-07,-1.6607783174800514e-08,0.9046305447146507,1.1678462718801657,0.15516125920286328,False
D19_Apple_iPhone6Plus:native:0043,D19_Apple_iPhone6Plus,D05_Apple_iPhone5c,D02_Apple_iPhone4s|D04_LG_D290|D15_Apple_iPhone6,same_pipeline_different_device,native,native,3264x2448,3264x2448,prnu_python_wavelet_mle,mle_5,squared_aligned_ncc,test,43,-2.2619578187672824e-05,5.116453173882441e-10,1.5552260787449297e-07,1.575337501401309e-07,1.6607783174800514e-08,1.741415333149314e-07,-1.7362988799754315e-07,0.0029381004499537972,0.0032478457278717777,-5.729763355387174,False
D19_Apple_iPhone6Plus:native:0043,D19_Apple_iPhone6Plus,D15_Apple_iPhone6,D02_Apple_iPhone4s|D04_LG_D290|D05_Apple_iPhone5c,same_pipeline_different_device,native,native,3264x2448,3264x2448,prnu_python_wavelet_mle,mle_5,squared_aligned_ncc,test,43,0.00036727719799684906,1.3489254016841666e-07,1.107289762574835e-07,1.575337501401309e-07,1.6607783174800514e-08,1.741415333149314e-07,-3.924899314651474e-08,0.7746144047351775,0.8562770837895105,-0.15516125920286328,False
D19_Apple_iPhone6Plus:native:0043,D19_Apple_iPhone6Plus,D19_Apple_iPhone6Plus,D02_Apple_iPhone4s|D04_LG_D290|D05_Apple_iPhone5c|D15_Apple_iPhone6,same_pipeline_different_device,native,native,3264x2448,3264x2448,prnu_python_wavelet_mle,mle_5,squared_aligned_ncc,test,43,0.010238620198208403,0.00010482934356316108,1.1676986723521679e-07,1.4621314515427377e-07,1.962449657325737e-08,1.741415333149314e-07,0.00010465520202984615,601.9778370366096,716.9625101255607,6.575023552099491,True
D19_Apple_iPhone6Plus:native:0044,D19_Apple_iPhone6Plus,D02_Apple_iPhone4s,D04_LG_D290|D05_Apple_iPhone5c|D15_Apple_iPhone6,same_pipeline_different_device,native,native,3264x2448,3264x2448,prnu_python_wavelet_mle,mle_5,squared_aligned_ncc,test,44,-0.000254756805160016,6.490102977533835e-08,2.0596727484161725e-08,6.103230762060635e-09,3.3780758829971755e-09,5.2961796811361084e-08,1.1939232963977267e-08,1.2254310405385667,10.633881022290856,2.3640452265947722,False
D19_Apple_iPhone6Plus:native:0044,D19_Apple_iPhone6Plus,D04_LG_D290,D02_Apple_iPhone4s|D05_Apple_iPhone5c|D15_Apple_iPhone6,same_pipeline_different_device,native,native,3264x2448,3264x2448,prnu_python_wavelet_mle,mle_5,squared_aligned_ncc,test,44,-0.00023013430168351931,5.2961796811361084e-08,2.4576471805487482e-08,6.103230762060635e-09,3.3780758829971755e-09,6.490102977533835e-08,-1.1939232963977267e-08,0.8160393909725907,8.677665793105222,2.16075257466235,False
D19_Apple_iPhone6Plus:native:0044,D19_Apple_iPhone6Plus,D05_Apple_iPhone5c,D02_Apple_iPhone4s|D04_LG_D290|D15_Apple_iPhone6,same_pipeline_different_device,native,native,3264x2448,3264x2448,prnu_python_wavelet_mle,mle_5,squared_aligned_ncc,test,44,7.81231768559154e-05,6.103230762060635e-09,4.019599382192097e-08,5.2961796811361084e-08,1.1939232963977267e-08,6.490102977533835e-08,-5.879779901327772e-08,0.09403904349726963,0.11523836292411066,-2.16075257466235,False
D19_Apple_iPhone6Plus:native:0044,D19_Apple_iPhone6Plus,D15_Apple_iPhone6,D02_Apple_iPhone4s|D04_LG_D290|D05_Apple_iPhone5c,same_pipeline_different_device,native,native,3264x2448,3264x2448,prnu_python_wavelet_mle,mle_5,squared_aligned_ncc,test,44,5.220301599585468e-05,2.7251548790634596e-09,4.132201911625336e-08,5.2961796811361084e-08,1.1939232963977267e-08,6.490102977533835e-08,-6.21758748962749e-08,0.04198939351959231,0.051455106192297345,-2.967045575906546,False
D19_Apple_iPhone6Plus:native:0044,D19_Apple_iPhone6Plus,D19_Apple_iPhone6Plus,D02_Apple_iPhone4s|D04_LG_D290|D05_Apple_iPhone5c|D15_Apple_iPhone6,same_pipeline_different_device,native,native,3264x2448,3264x2448,prnu_python_wavelet_mle,mle_5,squared_aligned_ncc,test,44,0.009537420310648135,9.096238618196358e-05,3.167280305695589e-08,2.9532513786710858e-08,2.511832096614881e-08,6.490102977533835e-08,9.089748515218825e-05,1401.555360474854,3080.0759745313367,8.032709542719022,True
D19_Apple_iPhone6Plus:native:0045,D19_Apple_iPhone6Plus,D02_Apple_iPhone4s,D04_LG_D290|D05_Apple_iPhone5c|D15_Apple_iPhone6,same_pipeline_different_device,native,native,3264x2448,3264x2448,prnu_python_wavelet_mle,mle_5,squared_aligned_ncc,test,45,0.0003412698928966258,1.1646513979767442e-07,1.1209317868647339e-08,5.945551937631362e-09,5.1556036632618114e-09,5.945551937631362e-09,1.1051958786004307e-07,19.588617006358668,19.588617006358668,2.9749486325454644,False
D19_Apple_iPhone6Plus:native:0045,D19_Apple_iPhone6Plus,D04_LG_D290,D02_Apple_iPhone4s|D05_Apple_iPhone5c|D15_Apple_iPhone6,same_pipeline_different_device,native,native,3264x2448,3264x2448,prnu_python_wavelet_mle,mle_5,squared_aligned_ncc,test,45,7.710740520618861e-05,5.945551937631362e-09,4.804918048866169e-08,2.68924533939411e-08,2.6102505119571548e-08,1.1646513979767442e-07,-1.1051958786004307e-07,0.05105005624824814,0.22108625979699204,-1.5092023377942958,False
D19_Apple_iPhone6Plus:native:0045,D19_Apple_iPhone6Plus,D05_Apple_iPhone5c,D02_Apple_iPhone4s|D04_LG_D290|D15_Apple_iPhone6,same_pipeline_different_device,native,native,3264x2448,3264x2448,prnu_python_wavelet_mle,mle_5,squared_aligned_ncc,test,45,-2.810601847237617e-05,7.899482743695506e-10,4.97677150430823e-08,2.68924533939411e-08,2.094690145630974e-08,1.1646513979767442e-07,-1.1567519152330487e-07,0.006782701465364353,0.029374347620791146,-3.527633515418348,False
D19_Apple_iPhone6Plus:native:0045,D19_Apple_iPhone6Plus,D15_Apple_iPhone6,D02_Apple_iPhone4s|D04_LG_D290|D05_Apple_iPhone5c,same_pipeline_different_device,native,native,3264x2448,3264x2448,prnu_python_wavelet_mle,mle_5,squared_aligned_ncc,test,45,-0.00016398918682017147,2.68924533939411e-08,4.106688000322512e-08,5.945551937631362e-09,5.1556036632618114e-09,1.1646513979767442e-07,-8.957268640373332e-08,0.2309056035192952,4.523121431961577,1.5092023377942958,False
D19_Apple_iPhone6Plus:native:0045,D19_Apple_iPhone6Plus,D19_Apple_iPhone6Plus,D02_Apple_iPhone4s|D04_LG_D290|D05_Apple_iPhone5c|D15_Apple_iPhone6,same_pipeline_different_device,native,native,3264x2448,3264x2448,prnu_python_wavelet_mle,mle_5,squared_aligned_ncc,test,45,0.011366788964232332,0.00012920389135739394,3.752327335090411e-08,1.641900266578623e-08,1.3051252559785774e-08,1.1646513979767442e-07,0.00012908742621759627,1109.3782361129652,7869.168060166519,8.970707625552635,True
D19_Apple_iPhone6Plus:native:0046,D19_Apple_iPhone6Plus,D02_Apple_iPhone4s,D04_LG_D290|D05_Apple_iPhone5c|D15_Apple_iPhone6,same_pipeline_different_device,native,native,3264x2448,3264x2448,prnu_python_wavelet_mle,mle_5,squared_aligned_ncc,test,46,-0.0002376543103477717,5.647957122687498e-08,5.834603863121471e-08,4.5319307370153774e-08,2.977326405034086e-08,4.5319307370153774e-08,1.1160263856721207e-08,1.2462584824072376,1.2462584824072376,0.22014584861557296,False
D19_Apple_iPhone6Plus:native:0046,D19_Apple_iPhone6Plus,D04_LG_D290,D02_Apple_iPhone4s|D05_Apple_iPhone5c|D15_Apple_iPhone6,same_pipeline_different_device,native,native,3264x2448,3264x2448,prnu_python_wavelet_mle,mle_5,squared_aligned_ncc,test,46,0.0002128833186751695,4.5319307370153774e-08,6.20661265834551e-08,5.647957122687498e-08,4.093352790706207e-08,5.647957122687498e-08,-1.1160263856721207e-08,0.8024017602419269,0.8024017602419269,-0.22014584861557296,False
D19_Apple_iPhone6Plus:native:0046,D19_Apple_iPhone6Plus,D05_Apple_iPhone5c,D02_Apple_iPhone4s|D04_LG_D290|D15_Apple_iPhone6,same_pipeline_different_device,native,native,3264x2448,3264x2448,prnu_python_wavelet_mle,mle_5,squared_aligned_ncc,test,46,0.0003378946066507683,1.1417276520367743e-07,3.911497397228056e-08,4.5319307370153774e-08,1.1160263856721207e-08,5.647957122687498e-08,5.769319397680245e-08,2.021487818047563,2.519296340324674,0.923979632501478,False
D19_Apple_iPhone6Plus:native:0046,D19_Apple_iPhone6Plus,D15_Apple_iPhone6,D02_Apple_iPhone4s|D04_LG_D290|D05_Apple_iPhone5c,same_pipeline_different_device,native,native,3264x2448,3264x2448,prnu_python_wavelet_mle,mle_5,squared_aligned_ncc,test,46,0.0001246837732819027,1.5546043319812913e-08,7.199054793356873e-08,5.647957122687498e-08,1.1160263856721207e-08,5.647957122687498e-08,-4.093352790706207e-08,0.2752507319392601,0.2752507319392601,-1.29007284420301,False
D19_Apple_iPhone6Plus:native:0046,D19_Apple_iPhone6Plus,D19_Apple_iPhone6Plus,D02_Apple_iPhone4s|D04_LG_D290|D05_Apple_iPhone5c|D15_Apple_iPhone6,same_pipeline_different_device,native,native,3264x2448,3264x2448,prnu_python_wavelet_mle,mle_5,squared_aligned_ncc,test,46,0.014918573213751786,0.0002225638267340723,5.7879421780129775e-08,5.089943929851438e-08,2.0466763953531036e-08,5.647957122687498e-08,0.00022250734716284542,3940.6075842900264,4372.618437479887,8.383117293428118,True
D19_Apple_iPhone6Plus:native:0047,D19_Apple_iPhone6Plus,D02_Apple_iPhone4s,D04_LG_D290|D05_Apple_iPhone5c|D15_Apple_iPhone6,same_pipeline_different_device,native,native,3264x2448,3264x2448,prnu_python_wavelet_mle,mle_5,squared_aligned_ncc,test,47,0.00021904868710388362,4.798232732193511e-08,4.699695303962451e-08,4.381854323176463e-08,3.712543644012711e-08,4.381854323176463e-08,4.163784090170476e-09,1.0950233344852984,1.0950233344852984,0.09077567307364376,False
D19_Apple_iPhone6Plus:native:0047,D19_Apple_iPhone6Plus,D04_LG_D290,D02_Apple_iPhone4s|D05_Apple_iPhone5c|D15_Apple_iPhone6,same_pipeline_different_device,native,native,3264x2448,3264x2448,prnu_python_wavelet_mle,mle_5,squared_aligned_ncc,test,47,0.00020932879217098788,4.381854323176463e-08,4.838488106968133e-08,4.798232732193511e-08,4.128922053029759e-08,4.798232732193511e-08,-4.163784090170476e-09,0.9132225483304766,0.9132225483304766,-0.09077567307364376,False
D19_Apple_iPhone6Plus:native:0047,D19_Apple_iPhone6Plus,D05_Apple_iPhone5c,D02_Apple_iPhone4s|D04_LG_D290|D15_Apple_iPhone6,same_pipeline_different_device,native,native,3264x2448,3264x2448,prnu_python_wavelet_mle,mle_5,squared_aligned_ncc,test,47,-8.181140991107243e-05,6.69310679163752e-09,6.07600265497237e-08,4.798232732193511e-08,4.163784090170476e-09,4.798232732193511e-08,-4.128922053029759e-08,0.13949108276325245,0.13949108276325245,-1.9697546026079387,False
D19_Apple_iPhone6Plus:native:0047,D19_Apple_iPhone6Plus,D15_Apple_iPhone6,D02_Apple_iPhone4s|D04_LG_D290|D05_Apple_iPhone5c,same_pipeline_different_device,native,native,3264x2448,3264x2448,prnu_python_wavelet_mle,mle_5,squared_aligned_ncc,test,47,0.0003007976214923771,9.047920909547136e-08,3.283132578177908e-08,4.381854323176463e-08,4.163784090170476e-09,4.798232732193511e-08,4.2496881773536254e-08,1.885677793167586,2.064861184839249,0.7250630013153021,False
D19_Apple_iPhone6Plus:native:0047,D19_Apple_iPhone6Plus,D19_Apple_iPhone6Plus,D02_Apple_iPhone4s|D04_LG_D290|D05_Apple_iPhone5c|D15_Apple_iPhone6,same_pipeline_different_device,native,native,3264x2448,3264x2448,prnu_python_wavelet_mle,mle_5,squared_aligned_ncc,test,47,0.02300319917554266,0.0005291471723096865,4.7243296610202155e-08,4.590043527684987e-08,2.0644610265148793e-08,4.798232732193511e-08,0.0005290991899823646,11027.959706068425,11528.151511377162,9.35254728049524,True
D19_Apple_iPhone6Plus:native:0048,D19_Apple_iPhone6Plus,D02_Apple_iPhone4s,D04_LG_D290|D05_Apple_iPhone5c|D15_Apple_iPhone6,same_pipeline_different_device,native,native,3264x2448,3264x2448,prnu_python_wavelet_mle,mle_5,squared_aligned_ncc,test,48,-9.084043738497502e-05,8.251985064293566e-09,6.185143780608743e-08,6.796741193285652e-08,4.867940185389191e-08,6.796741193285652e-08,-5.971542686856295e-08,0.12141090604487804,0.12141090604487804,-2.1085745687666915,False
D19_Apple_iPhone6Plus:native:0048,D19_Apple_iPhone6Plus,D04_LG_D290,D02_Apple_iPhone4s|D05_Apple_iPhone5c|D15_Apple_iPhone6,same_pipeline_different_device,native,native,3264x2448,3264x2448,prnu_python_wavelet_mle,mle_5,squared_aligned_ncc,test,48,0.00026070560395368667,6.796741193285652e-08,4.194629551656644e-08,8.251985064293566e-09,7.311897365636237e-09,8.251985064293566e-09,5.971542686856295e-08,8.236492359511445,8.236492359511445,2.1085745687666915,False
D19_Apple_iPhone6Plus:native:0048,D19_Apple_iPhone6Plus,D05_Apple_iPhone5c,D02_Apple_iPhone4s|D04_LG_D290|D15_Apple_iPhone6,same_pipeline_different_device,native,native,3264x2448,3264x2448,prnu_python_wavelet_mle,mle_5,squared_aligned_ncc,test,48,-3.066084960755864e-05,9.400876986573286e-10,6.428873692796617e-08,6.796741193285652e-08,4.867940185389191e-08,8.251985064293566e-09,-7.311897365636237e-09,0.1139226127207984,0.013831447629431884,-4.280810465650138,False
D19_Apple_iPhone6Plus:native:0048,D19_Apple_iPhone6Plus,D15_Apple_iPhone6,D02_Apple_iPhone4s|D04_LG_D290|D05_Apple_iPhone5c,same_pipeline_different_device,native,native,3264x2448,3264x2448,prnu_python_wavelet_mle,mle_5,squared_aligned_ncc,test,48,0.00034153596265510376,1.1664681378674843e-07,2.571982823193581e-08,8.251985064293566e-09,7.311897365636237e-09,8.251985064293566e-09,1.0839482872245486e-07,14.135606508969644,14.135606508969644,2.6486968985355706,False
D19_Apple_iPhone6Plus:native:0048,D19_Apple_iPhone6Plus,D19_Apple_iPhone6Plus,D02_Apple_iPhone4s|D04_LG_D290|D05_Apple_iPhone5c|D15_Apple_iPhone6,same_pipeline_different_device,native,native,3264x2448,3264x2448,prnu_python_wavelet_mle,mle_5,squared_aligned_ncc,test,48,0.014380296603452372,0.00020679293040326384,4.8451574620638966e-08,3.8109698498575046e-08,3.35136621170996e-08,8.251985064293566e-09,0.00020678467841819955,25059.780015606088,5426.254695008831,8.59900443185348,True
D19_Apple_iPhone6Plus:native:0049,D19_Apple_iPhone6Plus,D02_Apple_iPhone4s,D04_LG_D290|D05_Apple_iPhone5c|D15_Apple_iPhone6,same_pipeline_different_device,native,native,3264x2448,3264x2448,prnu_python_wavelet_mle,mle_5,squared_aligned_ncc,test,49,0.0003062828156568588,9.380916316669334e-08,7.987859908713343e-08,4.286547640246577e-08,1.0953344043973215e-08,4.286547640246577e-08,5.094368676422757e-08,2.188454930161399,2.188454930161399,0.783195783496339,False
D19_Apple_iPhone6Plus:native:0049,D19_Apple_iPhone6Plus,D04_LG_D290,D02_Apple_iPhone4s|D05_Apple_iPhone5c|D15_Apple_iPhone6,same_pipeline_different_device,native,native,3264x2448,3264x2448,prnu_python_wavelet_mle,mle_5,squared_aligned_ncc,test,49,-0.00020703979424851102,4.286547640246577e-08,9.685982800854262e-08,9.380916316669334e-08,6.189703080820079e-08,9.380916316669334e-08,-5.094368676422757e-08,0.45694338330570494,0.45694338330570494,-0.783195783496339,False
D19_Apple_iPhone6Plus:native:0049,D19_Apple_iPhone6Plus,D05_Apple_iPhone5c,D02_Apple_iPhone4s|D04_LG_D290|D15_Apple_iPhone6,same_pipeline_different_device,native,native,3264x2448,3264x2448,prnu_python_wavelet_mle,mle_5,squared_aligned_ncc,test,49,0.00040602732481994605,1.6485818850044197e-07,5.619559064255056e-08,4.286547640246577e-08,1.0953344043973215e-08,9.380916316669334e-08,7.104902533374862e-08,1.7573783086359986,3.8459432236931526,1.3470188846273459,False
D19_Apple_iPhone6Plus:native:0049,D19_Apple_iPhone6Plus,D15_Apple_iPhone6,D02_Apple_iPhone4s|D04_LG_D290|D05_Apple_iPhone5c,same_pipeline_different_device,native,native,3264x2448,3264x2448,prnu_python_wavelet_mle,mle_5,squared_aligned_ncc,test,49,-0.00017863967184948744,3.191213235849256e-08,1.0051094268986702e-07,9.380916316669334e-08,5.094368676422757e-08,9.380916316669334e-08,-6.189703080820079e-08,0.34018139892993804,0.34018139892993804,-1.078276277381942,False
D19_Apple_iPhone6Plus:native:0049,D19_Apple_iPhone6Plus,D19_Apple_iPhone6Plus,D02_Apple_iPhone4s|D04_LG_D290|D05_Apple_iPhone5c|D15_Apple_iPhone6,same_pipeline_different_device,native,native,3264x2448,3264x2448,prnu_python_wavelet_mle,mle_5,squared_aligned_ncc,test,49,0.008656554975922668,7.493594405117149e-05,8.33612401070234e-08,6.833731978457956e-08,3.0948515404100396e-08,9.380916316669334e-08,7.48421348880048e-05,798.8126268434432,1096.5596000456683,6.999932921187586,True
D19_Apple_iPhone6Plus:native:0050,D19_Apple_iPhone6Plus,D02_Apple_iPhone4s,D04_LG_D290|D05_Apple_iPhone5c|D15_Apple_iPhone6,same_pipeline_different_device,native,native,3264x2448,3264x2448,prnu_python_wavelet_mle,mle_5,squared_aligned_ncc,test,50,0.0009583424635453772,9.184202774342226e-07,6.864064540793922e-08,5.4796293179284066e-08,4.7867898145563594e-08,6.928395033720469e-09,9.114918824005021e-07,132.5588787827881,16.760627848115732,2.819032555457044,False
D19_Apple_iPhone6Plus:native:0050,D19_Apple_iPhone6Plus,D04_LG_D290,D02_Apple_iPhone4s|D05_Apple_iPhone5c|D15_Apple_iPhone6,same_pipeline_different_device,native,native,3264x2448,3264x2448,prnu_python_wavelet_mle,mle_5,squared_aligned_ncc,test,50,-8.323698116654921e-05,6.928395033720469e-09,3.724712728747733e-07,1.4419724801081312e-07,8.940095483152905e-08,9.184202774342226e-07,-9.114918824005021e-07,0.007543817578893429,0.048048039260783396,-3.0355539506256246,False
D19_Apple_iPhone6Plus:native:0050,D19_Apple_iPhone6Plus,D05_Apple_iPhone5c,D02_Apple_iPhone4s|D04_LG_D290|D15_Apple_iPhone6,same_pipeline_different_device,native,native,3264x2448,3264x2448,prnu_python_wavelet_mle,mle_5,squared_aligned_ncc,test,50,0.00037973312735500587,1.4419724801081312e-07,3.267149885490757e-07,5.4796293179284066e-08,4.7867898145563594e-08,9.184202774342226e-07,-7.742230294234095e-07,0.15700573207470428,2.6315146453250855,0.9675595911867045,False
D19_Apple_iPhone6Plus:native:0050,D19_Apple_iPhone6Plus,D15_Apple_iPhone6,D02_Apple_iPhone4s|D04_LG_D290|D05_Apple_iPhone5c,same_pipeline_different_device,native,native,3264x2448,3264x2448,prnu_python_wavelet_mle,mle_5,squared_aligned_ncc,test,50,0.00023408608070383865,5.4796293179284066e-08,3.5651530682625204e-07,1.4419724801081312e-07,1.3726885297709266e-07,9.184202774342226e-07,-8.636239842549385e-07,0.059663636055997886,0.38000928544194534,-0.9675595911867045,False
D19_Apple_iPhone6Plus:native:0050,D19_Apple_iPhone6Plus,D19_Apple_iPhone6Plus,D02_Apple_iPhone4s|D04_LG_D290|D05_Apple_iPhone5c|D15_Apple_iPhone6,same_pipeline_different_device,native,native,3264x2448,3264x2448,prnu_python_wavelet_mle,mle_5,squared_aligned_ncc,test,50,0.014953490604293665,0.00022360688125269893,2.810855534145101e-07,9.949677059504859e-08,6.863442648854633e-08,9.184202774342226e-07,0.0002226884609752647,243.46901603412573,2247.3782808768533,7.717519607316065,True
D02_Apple_iPhone4s:facebook_high:0021,D02_Apple_iPhone4s,D02_Apple_iPhone4s,D04_LG_D290|D05_Apple_iPhone5c|D15_Apple_iPhone6|D19_Apple_iPhone6Plus,same_pipeline_different_device,facebook_high,facebook_high,2048x1536,2048x1536,prnu_python_wavelet_mle,mle_5,squared_aligned_ncc,calibration,21,0.0007892024957316544,6.22840579269072e-07,3.6863984369339113e-07,9.595669303839582e-08,5.501792456300667e-08,1.1216083364255128e-07,5.106797456265208e-07,5.553102264325364,6.490850815584594,1.8703936185156973,True
D02_Apple_iPhone4s:facebook_high:0021,D02_Apple_iPhone4s,D04_LG_D290,D05_Apple_iPhone5c|D15_Apple_iPhone6|D19_Apple_iPhone6Plus,same_pipeline_different_device,facebook_high,facebook_high,2048x1536,2048x1536,prnu_python_wavelet_mle,mle_5,squared_aligned_ncc,calibration,21,-0.0003349042156237381,1.1216083364255128e-07,4.541328470436711e-07,7.975255243424036e-08,7.762756791770243e-08,1.2805210041802349e-06,-1.1683601705376836e-06,0.08758999913035749,1.4063604263328504,0.3410051092798838,False
D02_Apple_iPhone4s:facebook_high:0021,D02_Apple_iPhone4s,D05_Apple_iPhone5c,D04_LG_D290|D15_Apple_iPhone6|D19_Apple_iPhone6Plus,same_pipeline_different_device,facebook_high,facebook_high,2048x1536,2048x1536,prnu_python_wavelet_mle,mle_5,squared_aligned_ncc,calibration,21,-0.0011316010799660076,1.2805210041802349e-06,6.46794568644432e-08,7.975255243424036e-08,3.2408281208310914e-08,1.1216083364255128e-07,1.1683601705376836e-06,11.416828518421731,16.05617582253663,2.7760935620155838,False
D02_Apple_iPhone4s:facebook_high:0021,D02_Apple_iPhone4s,D15_Apple_iPhone6,D04_LG_D290|D05_Apple_iPhone5c|D19_Apple_iPhone6Plus,same_pipeline_different_device,facebook_high,facebook_high,2048x1536,2048x1536,prnu_python_wavelet_mle,mle_5,squared_aligned_ncc,calibration,21,-0.0002824049440683367,7.975255243424036e-08,4.6493560744644135e-07,1.1216083364255128e-07,1.1003584912601334e-07,1.1216083364255128e-07,-3.2408281208310914e-08,0.711055275216714,0.711055275216714,-0.3410051092798838,False
D02_Apple_iPhone4s:facebook_high:0021,D02_Apple_iPhone4s,D19_Apple_iPhone6Plus,D04_LG_D290|D05_Apple_iPhone5c|D15_Apple_iPhone6,same_pipeline_different_device,facebook_high,facebook_high,2048x1536,2048x1536,prnu_python_wavelet_mle,mle_5,squared_aligned_ncc,calibration,21,-4.609755434443277e-05,2.124984516537933e-09,4.908114634190089e-07,1.1216083364255128e-07,3.2408281208310914e-08,1.1216083364255128e-07,-1.1003584912601334e-07,0.01894586949407054,0.01894586949407054,-3.966169339862951,False
D02_Apple_iPhone4s:facebook_high:0022,D02_Apple_iPhone4s,D02_Apple_iPhone4s,D04_LG_D290|D05_Apple_iPhone5c|D15_Apple_iPhone6|D19_Apple_iPhone6Plus,same_pipeline_different_device,facebook_high,facebook_high,2048x1536,2048x1536,prnu_python_wavelet_mle,mle_5,squared_aligned_ncc,calibration,22,0.00022074870341709784,4.8729990060329826e-08,1.4338859497170082e-06,3.1128514924092953e-07,1.0533019133705737e-07,1.3093965638798445e-07,-8.220966632765463e-08,0.37215608628098923,0.1565445385979966,-1.8544147178099717,True
D02_Apple_iPhone4s:facebook_high:0022,D02_Apple_iPhone4s,D04_LG_D290,D05_Apple_iPhone5c|D15_Apple_iPhone6|D19_Apple_iPhone6Plus,same_pipeline_different_device,facebook_high,facebook_high,2048x1536,2048x1536,prnu_python_wavelet_mle,mle_5,squared_aligned_ncc,calibration,22,0.0003618558502884601,1.3093965638798445e-07,1.8682013808266829e-06,3.4160003906209913e-07,6.062977964233926e-08,2.809702594197599e-07,-1.5003060303177543e-07,0.4660267483768277,0.38331276760826444,-0.9589039974497204,False
D02_Apple_iPhone4s:facebook_high:0022,D02_Apple_iPhone4s,D05_Apple_iPhone5c,D04_LG_D290|D15_Apple_iPhone6|D19_Apple_iPhone6Plus,same_pipeline_different_device,facebook_high,facebook_high,2048x1536,2048x1536,prnu_python_wavelet_mle,mle_5,squared_aligned_ncc,calibration,22,0.0005300662783273049,2.809702594197599e-07,1.818191179816091e-06,3.4160003906209913e-07,2.1066038267411468e-07,1.3093965638798445e-07,1.5003060303177543e-07,2.145799577992041,0.8225123749727751,-0.19539175089618865,False
D02_Apple_iPhone4s:facebook_high:0022,D02_Apple_iPhone4s,D15_Apple_iPhone6,D04_LG_D290|D05_Apple_iPhone5c|D19_Apple_iPhone6Plus,same_pipeline_different_device,facebook_high,facebook_high,2048x1536,2048x1536,prnu_python_wavelet_mle,mle_5,squared_aligned_ncc,calibration,22,-0.0005844656012650352,3.4160003906209913e-07,1.7979812532686444e-06,2.809702594197599e-07,1.5003060303177543e-07,1.3093965638798445e-07,2.1066038267411468e-07,2.6088356154678722,1.2157871789261527,0.19539175089618865,False
D02_Apple_iPhone4s:facebook_high:0022,D02_Apple_iPhone4s,D19_Apple_iPhone6Plus,D04_LG_D290|D05_Apple_iPhone5c|D15_Apple_iPhone6,same_pipeline_different_device,facebook_high,facebook_high,2048x1536,2048x1536,prnu_python_wavelet_mle,mle_5,squared_aligned_ncc,calibration,22,-0.0022320470075691034,4.982033843998189e-06,2.511699849566145e-07,2.809702594197599e-07,6.062977964233926e-08,1.3093965638798445e-07,4.851094187610205e-06,38.04831921382193,17.731534484421008,2.8753446636857802,False
D02_Apple_iPhone4s:facebook_high:0023,D02_Apple_iPhone4s,D02_Apple_iPhone4s,D04_LG_D290|D05_Apple_iPhone5c|D15_Apple_iPhone6|D19_Apple_iPhone6Plus,same_pipeline_different_device,facebook_high,facebook_high,2048x1536,2048x1536,prnu_python_wavelet_mle,mle_5,squared_aligned_ncc,calibration,23,0.004574906968113676,2.092977376689507e-05,3.035741314937368e-06,1.4842384547500435e-06,4.1377012116589394e-07,8.471659166906359e-07,2.0082607850204434e-05,24.70563717749059,14.10135527745762,2.646270911733616,True
D02_Apple_iPhone4s:facebook_high:0023,D02_Apple_iPhone4s,D04_LG_D290,D05_Apple_iPhone5c|D15_Apple_iPhone6|D19_Apple_iPhone6Plus,same_pipeline_different_device,facebook_high,facebook_high,2048x1536,2048x1536,prnu_python_wavelet_mle,mle_5,squared_aligned_ncc,calibration,23,0.0009204161649442256,8.471659166906359e-07,3.7652664476862785e-06,1.6747061590224238e-06,3.809354085447605e-07,8.327322433558748e-06,-7.480156516868112e-06,0.10173329103681562,0.5058594381626638,-0.6814964384778772,False
D02_Apple_iPhone4s:facebook_high:0023,D02_Apple_iPhone4s,D05_Apple_iPhone5c,D04_LG_D290|D15_Apple_iPhone6|D19_Apple_iPhone6Plus,same_pipeline_different_device,facebook_high,facebook_high,2048x1536,2048x1536,prnu_python_wavelet_mle,mle_5,squared_aligned_ncc,calibration,23,-0.0028857100397577627,8.327322433558748e-06,1.2718809420635742e-06,1.2937707504776633e-06,3.809354085447605e-07,8.471659166906359e-07,7.480156516868112e-06,9.82962400811467,6.436474491701317,1.8619809510399126,False
D02_Apple_iPhone4s:facebook_high:0023,D02_Apple_iPhone4s,D15_Apple_iPhone6,D04_LG_D290|D05_Apple_iPhone5c|D19_Apple_iPhone6Plus,same_pipeline_different_device,facebook_high,facebook_high,2048x1536,2048x1536,prnu_python_wavelet_mle,mle_5,squared_aligned_ncc,calibration,23,0.001137440438211014,1.2937707504776633e-06,3.6163981697572693e-06,1.6747061590224238e-06,8.275402423317879e-07,8.471659166906359e-07,4.466048337870274e-07,1.527175167211214,0.7725359720614368,-0.25807670551906625,False
D02_Apple_iPhone4s:facebook_high:0023,D02_Apple_iPhone4s,D19_Apple_iPhone6Plus,D04_LG_D290|D05_Apple_iPhone5c|D15_Apple_iPhone6,same_pipeline_different_device,facebook_high,facebook_high,2048x1536,2048x1536,prnu_python_wavelet_mle,mle_5,squared_aligned_ncc,calibration,23,0.0012941043849019381,1.6747061590224238e-06,3.489419700242349e-06,1.2937707504776633e-06,4.466048337870274e-07,8.471659166906359e-07,8.275402423317879e-07,1.9768337300023664,1.2944381053630392,0.25807670551906625,False
D02_Apple_iPhone4s:facebook_high:0024,D02_Apple_iPhone4s,D02_Apple_iPhone4s,D04_LG_D290|D05_Apple_iPhone5c|D15_Apple_iPhone6|D19_Apple_iPhone6Plus,same_pipeline_different_device,facebook_high,facebook_high,2048x1536,2048x1536,prnu_python_wavelet_mle,mle_5,squared_aligned_ncc,calibration,24,-3.942471683799089e-06,1.5543082977557625e-11,7.4212105880282e-07,5.630483783734036e-07,4.974780031417499e-07,1.8409640915711866e-06,-1.840948548488209e-06,8.44290393751909e-06,2.7605235312923204e-05,-10.497505117978301,True
D02_Apple_iPhone4s:facebook_high:0024,D02_Apple_iPhone4s,D04_LG_D290,D05_Apple_iPhone5c|D15_Apple_iPhone6|D19_Apple_iPhone6Plus,same_pipeline_different_device,facebook_high,facebook_high,2048x1536,2048x1536,prnu_python_wavelet_mle,mle_5,squared_aligned_ncc,calibration,24,-0.0013568213189551477,1.8409640915711866e-06,3.7584004788003094e-07,1.297173635700216e-07,1.2829397667673588e-07,1.4233868932857438e-09,1.8395407046779008e-06,1293.3687251549075,14.192117700398926,2.6526867189656773,False
D02_Apple_iPhone4s:facebook_high:0024,D02_Apple_iPhone4s,D05_Apple_iPhone5c,D04_LG_D290|D15_Apple_iPhone6|D19_Apple_iPhone6Plus,same_pipeline_different_device,facebook_high,facebook_high,2048x1536,2048x1536,prnu_python_wavelet_mle,mle_5,squared_aligned_ncc,calibration,24,3.7727800005907365e-05,1.4233868932857438e-09,9.890202827726646e-07,9.963793931767855e-07,8.445846983944011e-07,1.8409640915711866e-06,-1.8395407046779008e-06,0.000773174718509008,0.0014285591442708564,-6.551088934090776,False
D02_Apple_iPhone4s:facebook_high:0024,D02_Apple_iPhone4s,D15_Apple_iPhone6,D04_LG_D290|D05_Apple_iPhone5c|D19_Apple_iPhone6Plus,same_pipeline_different_device,facebook_high,facebook_high,2048x1536,2048x1536,prnu_python_wavelet_mle,mle_5,squared_aligned_ncc,calibration,24,-0.0003601629680714296,1.297173635700216e-07,9.462556238804193e-07,9.963793931767855e-07,8.445846983944011e-07,1.8409640915711866e-06,-1.711246728001165e-06,0.07046164787457272,0.13018872575880955,-2.038770144671158,False
D02_Apple_iPhone4s:facebook_high:0024,D02_Apple_iPhone4s,D19_Apple_iPhone6Plus,D04_LG_D290|D05_Apple_iPhone5c|D15_Apple_iPhone6,same_pipeline_different_device,facebook_high,facebook_high,2048x1536,2048x1536,prnu_python_wavelet_mle,mle_5,squared_aligned_ncc,calibration,24,0.0009981880550160803,9.963793931767855e-07,6.573682806781647e-07,1.297173635700216e-07,1.2829397667673588e-07,1.8409640915711866e-06,-8.445846983944011e-07,0.5412269569725376,7.681156675983,2.038770144671158,False
D02_Apple_iPhone4s:facebook_high:0025,D02_Apple_iPhone4s,D02_Apple_iPhone4s,D04_LG_D290|D05_Apple_iPhone5c|D15_Apple_iPhone6|D19_Apple_iPhone6Plus,same_pipeline_different_device,facebook_high,facebook_high,2048x1536,2048x1536,prnu_python_wavelet_mle,mle_5,squared_aligned_ncc,calibration,25,-0.000733047198426484,5.37358195120917e-07,2.5496243705071673e-07,1.7927169386099103e-07,1.729113345449964e-07,1.1531704884989384e-08,5.258264902359277e-07,46.59833047066498,2.9974514299931236,1.0977624042830403,True
D02_Apple_iPhone4s:facebook_high:0025,D02_Apple_iPhone4s,D04_LG_D290,D05_Apple_iPhone5c|D15_Apple_iPhone6|D19_Apple_iPhone6Plus,same_pipeline_different_device,facebook_high,facebook_high,2048x1536,2048x1536,prnu_python_wavelet_mle,mle_5,squared_aligned_ncc,calibration,25,0.00010738577599006949,1.1531704884989384e-08,3.361060144392925e-07,3.470116828369927e-07,3.131056638968924e-07,3.470116828369927e-07,-3.354799779520033e-07,0.033231460078554056,0.033231460078554056,-3.4042582590147266,False
D02_Apple_iPhone4s:facebook_high:0025,D02_Apple_iPhone4s,D05_Apple_iPhone5c,D04_LG_D290|D15_Apple_iPhone6|D19_Apple_iPhone6Plus,same_pipeline_different_device,facebook_high,facebook_high,2048x1536,2048x1536,prnu_python_wavelet_mle,mle_5,squared_aligned_ncc,calibration,25,-0.0005890769753071263,3.470116828369927e-07,2.2427935512195812e-07,1.1531704884989384e-08,1.034269113798951e-08,1.1531704884989384e-08,3.354799779520033e-07,30.091966998625818,30.091966998625818,3.4042582590147266,False
D02_Apple_iPhone4s:facebook_high:0025,D02_Apple_iPhone4s,D15_Apple_iPhone6,D04_LG_D290|D05_Apple_iPhone5c|D19_Apple_iPhone6Plus,same_pipeline_different_device,facebook_high,facebook_high,2048x1536,2048x1536,prnu_python_wavelet_mle,mle_5,squared_aligned_ncc,calibration,25,3.448207863513849e-05,1.189013746999874e-09,3.395535781519557e-07,3.470116828369927e-07,3.131056638968924e-07,1.1531704884989384e-08,-1.034269113798951e-08,0.10310823584703352,0.0034264372233208306,-5.676234268039879,False
D02_Apple_iPhone4s:facebook_high:0025,D02_Apple_iPhone4s,D19_Apple_iPhone6Plus,D04_LG_D290|D05_Apple_iPhone5c|D15_Apple_iPhone6,same_pipeline_different_device,facebook_high,facebook_high,2048x1536,2048x1536,prnu_python_wavelet_mle,mle_5,squared_aligned_ncc,calibration,25,-0.000812476059175829,6.601173467338851e-07,1.1991080048966065e-07,1.1531704884989384e-08,1.034269113798951e-08,1.1531704884989384e-08,6.485856418488957e-07,57.24369061795434,57.24369061795434,4.047317428814402,False
D04_LG_D290:facebook_high:0021,D04_LG_D290,D02_Apple_iPhone4s,D05_Apple_iPhone5c|D15_Apple_iPhone6|D19_Apple_iPhone6Plus,same_pipeline_different_device,facebook_high,facebook_high,2048x1536,2048x1536,prnu_python_wavelet_mle,mle_5,squared_aligned_ncc,calibration,21,-0.0005450422504695049,2.9707105479686246e-07,6.619625893681921e-07,5.558347805553879e-07,3.676076029816655e-07,1.2418258099754663e-06,-9.447547551786038e-07,0.2392211954450612,0.534459276729733,-0.6264997408868922,False
D04_LG_D290:facebook_high:0021,D04_LG_D290,D04_LG_D290,D02_Apple_iPhone4s|D05_Apple_iPhone5c|D15_Apple_iPhone6|D19_Apple_iPhone6Plus,same_pipeline_different_device,facebook_high,facebook_high,2048x1536,2048x1536,prnu_python_wavelet_mle,mle_5,squared_aligned_ncc,calibration,21,0.0017735816581944872,3.145591898283907e-06,5.707397057253597e-07,4.2645291767612515e-07,1.8380380149083274e-07,2.9707105479686246e-07,2.848520843487044e-06,10.58868525725223,7.376176285591425,1.998255385859073,True
D04_LG_D290:facebook_high:0021,D04_LG_D290,D05_Apple_iPhone5c,D02_Apple_iPhone4s|D15_Apple_iPhone6|D19_Apple_iPhone6Plus,same_pipeline_different_device,facebook_high,facebook_high,2048x1536,2048x1536,prnu_python_wavelet_mle,mle_5,squared_aligned_ncc,calibration,21,-0.0011143723838894547,1.2418258099754663e-06,3.4704433764199086e-07,2.9707105479686246e-07,1.088438772231401e-07,2.9707105479686246e-07,9.447547551786038e-07,4.18023159753692,4.18023159753692,1.4303666511111146,False
D04_LG_D290:facebook_high:0021,D04_LG_D290,D15_Apple_iPhone6,D02_Apple_iPhone4s|D05_Apple_iPhone5c|D19_Apple_iPhone6Plus,same_pipeline_different_device,facebook_high,facebook_high,2048x1536,2048x1536,prnu_python_wavelet_mle,mle_5,squared_aligned_ncc,calibration,21,0.00043385156168178346,1.8822717757372235e-07,6.982438817759056e-07,5.558347805553879e-07,2.587637257585254e-07,2.9707105479686246e-07,-1.088438772231401e-07,0.6336099547040431,0.33863871811988183,-1.0828214681537833,False
D04_LG_D290:facebook_high:0021,D04_LG_D290,D19_Apple_iPhone6Plus,D02_Apple_iPhone4s|D05_Apple_iPhone5c|D15_Apple_iPhone6,same_pipeline_different_device,facebook_high,facebook_high,2048x1536,2048x1536,prnu_python_wavelet_mle,mle_5,squared_aligned_ncc,calibration,21,-0.0007455432787943218,5.558347805553879e-07,5.757080141153503e-07,2.9707105479686246e-07,1.088438772231401e-07,2.9707105479686246e-07,2.587637257585254e-07,1.871049944382728,1.871049944382728,0.6264997408868922,False
D04_LG_D290:facebook_high:0022,D04_LG_D290,D02_Apple_iPhone4s,D05_Apple_iPhone5c|D15_Apple_iPhone6|D19_Apple_iPhone6Plus,same_pipeline_different_device,facebook_high,facebook_high,2048x1536,2048x1536,prnu_python_wavelet_mle,mle_5,squared_aligned_ncc,calibration,22,0.0014359063251728982,2.0618269746715367e-06,1.4399843586495495e-07,1.3437616756639554e-07,8.136869345264055e-08,2.446116659147144e-07,1.8172153087568224e-06,8.428980551526138,15.343695329402692,2.7307046619352615,False
D04_LG_D290:facebook_high:0022,D04_LG_D290,D04_LG_D290,D02_Apple_iPhone4s|D05_Apple_iPhone5c|D15_Apple_iPhone6|D19_Apple_iPhone6Plus,same_pipeline_different_device,facebook_high,facebook_high,2048x1536,2048x1536,prnu_python_wavelet_mle,mle_5,squared_aligned_ncc,calibration,22,0.0011615290519814906,1.3491497385970203e-06,6.234555705666004e-07,1.8949391674055498e-07,9.580209590047972e-08,2.0618269746715367e-06,-7.126772360745164e-07,0.6543467299490294,7.119752242201023,1.9628729273747627,True
D04_LG_D290:facebook_high:0022,D04_LG_D290,D05_Apple_iPhone5c,D02_Apple_iPhone4s|D15_Apple_iPhone6|D19_Apple_iPhone6Plus,same_pipeline_different_device,facebook_high,facebook_high,2048x1536,2048x1536,prnu_python_wavelet_mle,mle_5,squared_aligned_ncc,calibration,22,-0.0004945823145996169,2.446116659147144e-07,7.497368721172291e-07,1.3437616756639554e-07,8.136869345264055e-08,2.0618269746715367e-06,-1.8172153087568224e-06,0.11863830909171354,1.820350069098758,0.5990288282513081,False
D04_LG_D290:facebook_high:0022,D04_LG_D290,D15_Apple_iPhone6,D02_Apple_iPhone4s|D05_Apple_iPhone5c|D19_Apple_iPhone6Plus,same_pipeline_different_device,facebook_high,facebook_high,2048x1536,2048x1536,prnu_python_wavelet_mle,mle_5,squared_aligned_ncc,calibration,22,0.0002302335208299499,5.3007474113754975e-08,8.136049360508823e-07,2.446116659147144e-07,1.1023549834831886e-07,2.0618269746715367e-06,-2.008819500557782e-06,0.0257089827443932,0.21670051555201136,-1.5292389913378468,False
D04_LG_D290:facebook_high:0022,D04_LG_D290,D19_Apple_iPhone6Plus,D02_Apple_iPhone4s|D05_Apple_iPhone5c|D15_Apple_iPhone6,same_pipeline_different_device,facebook_high,facebook_high,2048x1536,2048x1536,prnu_python_wavelet_mle,mle_5,squared_aligned_ncc,calibration,22,0.0003665735500092656,1.3437616756639554e-07,7.864820382333353e-07,2.446116659147144e-07,1.9160419180095941e-07,2.0618269746715367e-06,-1.927450807105141e-06,0.06517334830571929,0.5493448853467469,-0.5990288282513081,False
D04_LG_D290:facebook_high:0023,D04_LG_D290,D02_Apple_iPhone4s,D05_Apple_iPhone5c|D15_Apple_iPhone6|D19_Apple_iPhone6Plus,same_pipeline_different_device,facebook_high,facebook_high,2048x1536,2048x1536,prnu_python_wavelet_mle,mle_5,squared_aligned_ncc,calibration,23,0.0005068217003121371,2.5686823590728574e-07,2.1015344742898094e-07,1.563195001092903e-08,3.349285959145941e-09,1.2282664051783088e-08,2.4458557185550266e-07,20.913071856752108,16.432258018206117,2.799246355241973,False
D04_LG_D290:facebook_high:0023,D04_LG_D290,D04_LG_D290,D02_Apple_iPhone4s|D05_Apple_iPhone5c|D15_Apple_iPhone6|D19_Apple_iPhone6Plus,same_pipeline_different_device,facebook_high,facebook_high,2048x1536,2048x1536,prnu_python_wavelet_mle,mle_5,squared_aligned_ncc,calibration,23,0.0020093830196819453,4.037620119786133e-06,2.2183214454855714e-07,1.3625009295910738e-07,1.2229278592775133e-07,2.5686823590728574e-07,3.780751883878847e-06,15.7186430837773,29.633888917770797,3.3889186023071804,True
D04_LG_D290:facebook_high:0023,D04_LG_D290,D05_Apple_iPhone5c,D02_Apple_iPhone4s|D15_Apple_iPhone6|D19_Apple_iPhone6Plus,same_pipeline_different_device,facebook_high,facebook_high,2048x1536,2048x1536,prnu_python_wavelet_mle,mle_5,squared_aligned_ncc,calibration,23,0.0001108271810152324,1.2282664051783088e-08,2.916819713808152e-07,2.5686823590728574e-07,2.412362858963567e-07,2.5686823590728574e-07,-2.4458557185550266e-07,0.047816982930565244,0.047816982930565244,-3.0403744111513653,False
D04_LG_D290:facebook_high:0023,D04_LG_D290,D15_Apple_iPhone6,D02_Apple_iPhone4s|D05_Apple_iPhone5c|D19_Apple_iPhone6Plus,same_pipeline_different_device,facebook_high,facebook_high,2048x1536,2048x1536,prnu_python_wavelet_mle,mle_5,squared_aligned_ncc,calibration,23,-0.0007762381903927626,6.025457282242307e-07,9.492761665666594e-08,1.563195001092903e-08,3.349285959145941e-09,2.5686823590728574e-07,3.45677492316945e-07,2.3457385694107935,38.54578141581586,3.65184666252493,False
D04_LG_D290:facebook_high:0023,D04_LG_D290,D19_Apple_iPhone6Plus,D02_Apple_iPhone4s|D05_Apple_iPhone5c|D15_Apple_iPhone6,same_pipeline_different_device,facebook_high,facebook_high,2048x1536,2048x1536,prnu_python_wavelet_mle,mle_5,squared_aligned_ncc,calibration,23,-0.00012502779695303372,1.563195001092903e-08,2.905655427277665e-07,2.5686823590728574e-07,2.4458557185550266e-07,2.5686823590728574e-07,-2.412362858963567e-07,0.06085590908395244,0.06085590908395244,-2.799246355241973,False
D04_LG_D290:facebook_high:0024,D04_LG_D290,D02_Apple_iPhone4s,D05_Apple_iPhone5c|D15_Apple_iPhone6|D19_Apple_iPhone6Plus,same_pipeline_different_device,facebook_high,facebook_high,2048x1536,2048x1536,prnu_python_wavelet_mle,mle_5,squared_aligned_ncc,calibration,24,7.375659568236492e-05,5.440035406651851e-09,1.9194011525020319e-07,1.2238464105523757e-07,2.1294982524965114e-08,3.523460461650995e-07,-3.4690601075844765e-07,0.015439467721748756,0.04445031140955443,-3.113383311207519,False
D04_LG_D290:facebook_high:0024,D04_LG_D290,D04_LG_D290,D02_Apple_iPhone4s|D05_Apple_iPhone5c|D15_Apple_iPhone6|D19_Apple_iPhone6Plus,same_pipeline_different_device,facebook_high,facebook_high,2048x1536,2048x1536,prnu_python_wavelet_mle,mle_5,squared_aligned_ncc,calibration,24,0.003634914205129361,1.3212601278651214e-05,1.4531509528931533e-07,1.1173714979275502e-07,5.847230282429287e-08,5.440035406651851e-09,1.3207161243244562e-05,2428.771191910882,118.24716580973602,4.7727770593024506,True
D04_LG_D290:facebook_high:0024,D04_LG_D290,D05_Apple_iPhone5c,D02_Apple_iPhone4s|D15_Apple_iPhone6|D19_Apple_iPhone6Plus,same_pipeline_different_device,facebook_high,facebook_high,2048x1536,2048x1536,prnu_python_wavelet_mle,mle_5,squared_aligned_ncc,calibration,24,0.000593587437674602,3.523460461650995e-07,7.630477833072062e-08,1.0108965853027246e-07,2.1294982524965114e-08,5.440035406651851e-09,3.4690601075844765e-07,64.76907222593906,3.4854806247029257,1.2486059471002697,False
D04_LG_D290:facebook_high:0024,D04_LG_D290,D15_Apple_iPhone6,D02_Apple_iPhone4s|D05_Apple_iPhone5c|D19_Apple_iPhone6Plus,same_pipeline_different_device,facebook_high,facebook_high,2048x1536,2048x1536,prnu_python_wavelet_mle,mle_5,squared_aligned_ncc,calibration,24,-0.0003498351626912846,1.2238464105523757e-07,1.5295858003400792e-07,1.0108965853027246e-07,9.564962312362062e-08,5.440035406651851e-09,1.1694460564858573e-07,22.497030240941207,1.210654411485504,0.1911610493480378,False
D04_LG_D290:facebook_high:0024,D04_LG_D290,D19_Apple_iPhone6Plus,D02_Apple_iPhone4s|D05_Apple_iPhone5c|D15_Apple_iPhone6,same_pipeline_different_device,facebook_high,facebook_high,2048x1536,2048x1536,prnu_python_wavelet_mle,mle_5,squared_aligned_ncc,calibration,24,-0.00031794599939340715,1.0108965853027246e-07,1.6005690754232962e-07,1.2238464105523757e-07,1.1694460564858573e-07,5.440035406651851e-09,9.564962312362062e-08,18.582536872216714,0.8259995507495606,-0.1911610493480378,False
D04_LG_D290:facebook_high:0025,D04_LG_D290,D02_Apple_iPhone4s,D05_Apple_iPhone5c|D15_Apple_iPhone6|D19_Apple_iPhone6Plus,same_pipeline_different_device,facebook_high,facebook_high,2048x1536,2048x1536,prnu_python_wavelet_mle,mle_5,squared_aligned_ncc,calibration,25,-0.0009743408038608264,9.493400020681614e-07,9.50875425190177e-07,2.7546855415621925e-07,2.0037145048163946e-07,7.50971036745798e-08,8.742428983935816e-07,12.641499546799578,3.4462735863846987,1.2372935274049048,False
D04_LG_D290:facebook_high:0025,D04_LG_D290,D04_LG_D290,D02_Apple_iPhone4s|D05_Apple_iPhone5c|D15_Apple_iPhone6|D19_Apple_iPhone6Plus,same_pipeline_different_device,facebook_high,facebook_high,2048x1536,2048x1536,prnu_python_wavelet_mle,mle_5,squared_aligned_ncc,calibration,25,0.0009031224852242906,8.156302233176989e-07,9.504915694096732e-07,6.124042781121903e-07,4.371214491967908e-07,9.493400020681614e-07,-1.337097787504625e-07,0.8591550145794211,1.3318493231823543,0.28656844498559764,True
D04_LG_D290:facebook_high:0025,D04_LG_D290,D05_Apple_iPhone5c,D02_Apple_iPhone4s|D15_Apple_iPhone6|D19_Apple_iPhone6Plus,same_pipeline_different_device,facebook_high,facebook_high,2048x1536,2048x1536,prnu_python_wavelet_mle,mle_5,squared_aligned_ncc,calibration,25,0.00027403850764916196,7.50971036745798e-08,1.242289724654704e-06,9.493400020681614e-07,6.738714479119421e-07,9.493400020681614e-07,-8.742428983935816e-07,0.0791045394810909,0.0791045394810909,-2.5369850167137447,False
D04_LG_D290:facebook_high:0025,D04_LG_D290,D15_Apple_iPhone6,D02_Apple_iPhone4s|D05_Apple_iPhone5c|D19_Apple_iPhone6Plus,same_pipeline_different_device,facebook_high,facebook_high,2048x1536,2048x1536,prnu_python_wavelet_mle,mle_5,squared_aligned_ncc,calibration,25,0.0005248509828096155,2.7546855415621925e-07,1.1754992411608244e-06,9.493400020681614e-07,8.742428983935816e-07,9.493400020681614e-07,-6.738714479119421e-07,0.2901684892199886,0.2901684892199886,-1.2372935274049048,False
D04_LG_D290:facebook_high:0025,D04_LG_D290,D19_Apple_iPhone6Plus,D02_Apple_iPhone4s|D05_Apple_iPhone5c|D15_Apple_iPhone6,same_pipeline_different_device,facebook_high,facebook_high,2048x1536,2048x1536,prnu_python_wavelet_mle,mle_5,squared_aligned_ncc,calibration,25,-0.0015817903204090396,2.502060617739732e-06,4.333018866329869e-07,2.7546855415621925e-07,2.0037145048163946e-07,9.493400020681614e-07,1.5527206156715706e-06,2.6355790467998075,9.082926453815139,2.2063964373624625,False
D05_Apple_iPhone5c:facebook_high:0021,D05_Apple_iPhone5c,D02_Apple_iPhone4s,D04_LG_D290|D15_Apple_iPhone6|D19_Apple_iPhone6Plus,same_pipeline_different_device,facebook_high,facebook_high,2048x1536,2048x1536,prnu_python_wavelet_mle,mle_5,squared_aligned_ncc,calibration,21,0.0006136367933675786,3.765501141744444e-07,2.93046249300032e-07,2.9603976251910333e-07,2.1097572277158306e-07,2.9603976251910333e-07,8.051035165534105e-08,1.2719578983926045,1.2719578983926045,0.24055736562220176,False
D05_Apple_iPhone5c:facebook_high:0021,D05_Apple_iPhone5c,D04_LG_D290,D02_Apple_iPhone4s|D15_Apple_iPhone6|D19_Apple_iPhone6Plus,same_pipeline_different_device,facebook_high,facebook_high,2048x1536,2048x1536,prnu_python_wavelet_mle,mle_5,squared_aligned_ncc,calibration,21,0.0005440953616041064,2.9603976251910333e-07,3.1988303318514575e-07,3.765501141744444e-07,1.30465371116242e-07,3.765501141744444e-07,-8.051035165534105e-08,0.7861895439021351,0.7861895439021351,-0.24055736562220176,False
D05_Apple_iPhone5c:facebook_high:0021,D05_Apple_iPhone5c,D05_Apple_iPhone5c,D02_Apple_iPhone4s|D04_LG_D290|D15_Apple_iPhone6|D19_Apple_iPhone6Plus,same_pipeline_different_device,facebook_high,facebook_high,2048x1536,2048x1536,prnu_python_wavelet_mle,mle_5,squared_aligned_ncc,calibration,21,0.0017903624878440165,3.205397837879016e-06,3.139222155186351e-07,3.3629493834677383e-07,1.0548786138579156e-07,3.765501141744444e-07,2.8288477237045717e-06,8.51253981135178,9.531507829516418,2.2546029244074717,True
D05_Apple_iPhone5c:facebook_high:0021,D05_Apple_iPhone5c,D15_Apple_iPhone6,D02_Apple_iPhone4s|D04_LG_D290|D19_Apple_iPhone6Plus,same_pipeline_different_device,facebook_high,facebook_high,2048x1536,2048x1536,prnu_python_wavelet_mle,mle_5,squared_aligned_ncc,calibration,21,0.0002758323767984939,7.60835000903063e-08,3.93201787328078e-07,3.765501141744444e-07,8.051035165534105e-08,3.765501141744444e-07,-3.0046661408413805e-07,0.20205411504684634,0.20205411504684634,-1.5992197211872146,False
D05_Apple_iPhone5c:facebook_high:0021,D05_Apple_iPhone5c,D19_Apple_iPhone6Plus,D02_Apple_iPhone4s|D04_LG_D290|D15_Apple_iPhone6,same_pipeline_different_device,facebook_high,facebook_high,2048x1536,2048x1536,prnu_python_wavelet_mle,mle_5,squared_aligned_ncc,calibration,21,-0.0007120501985749926,5.070154852906864e-07,2.4955779226128463e-07,2.9603976251910333e-07,8.051035165534105e-08,3.765501141744444e-07,1.30465371116242e-07,1.3464754522841582,1.7126600865245893,0.5380477679673916,False
D05_Apple_iPhone5c:facebook_high:0022,D05_Apple_iPhone5c,D02_Apple_iPhone4s,D04_LG_D290|D15_Apple_iPhone6|D19_Apple_iPhone6Plus,same_pipeline_different_device,facebook_high,facebook_high,2048x1536,2048x1536,prnu_python_wavelet_mle,mle_5,squared_aligned_ncc,calibration,22,0.0009613360927960307,9.241670833123384e-07,2.243861449634906e-07,1.875027544948446e-07,1.437594308138221e-07,1.875027544948446e-07,7.366643288174938e-07,4.928818703502024,4.928818703502024,1.5950993454484905,False
D05_Apple_iPhone5c:facebook_high:0022,D05_Apple_iPhone5c,D04_LG_D290,D02_Apple_iPhone4s|D15_Apple_iPhone6|D19_Apple_iPhone6Plus,same_pipeline_different_device,facebook_high,facebook_high,2048x1536,2048x1536,prnu_python_wavelet_mle,mle_5,squared_aligned_ncc,calibration,22,0.0004330158824972181,1.875027544948446e-07,4.6994092123598856e-07,4.4191235671460463e-07,3.981690330335821e-07,9.241670833123384e-07,-7.366643288174938e-07,0.202888371465049,0.4242985099779354,-0.8573180384983008,False
D05_Apple_iPhone5c:facebook_high:0022,D05_Apple_iPhone5c,D05_Apple_iPhone5c,D02_Apple_iPhone4s|D04_LG_D290|D15_Apple_iPhone6|D19_Apple_iPhone6Plus,same_pipeline_different_device,facebook_high,facebook_high,2048x1536,2048x1536,prnu_python_wavelet_mle,mle_5,squared_aligned_ncc,calibration,22,0.003998209323057058,1.5985677790980375e-05,3.993313795507026e-07,3.1470755560472463e-07,1.9908451651679108e-07,9.241670833123384e-07,1.5061510707668037e-05,17.297389270439677,50.79534159980106,3.9278046495883423,True
D05_Apple_iPhone5c:facebook_high:0022,D05_Apple_iPhone5c,D15_Apple_iPhone6,D02_Apple_iPhone4s|D04_LG_D290|D19_Apple_iPhone6Plus,same_pipeline_different_device,facebook_high,facebook_high,2048x1536,2048x1536,prnu_python_wavelet_mle,mle_5,squared_aligned_ncc,calibration,22,0.0006647648882985658,4.4191235671460463e-07,3.8513772049606856e-07,1.875027544948446e-07,1.437594308138221e-07,9.241670833123384e-07,-4.822547265977338e-07,0.47817366003854156,2.3568312791199824,0.8573180384983008,False
D05_Apple_iPhone5c:facebook_high:0022,D05_Apple_iPhone5c,D19_Apple_iPhone6Plus,D02_Apple_iPhone4s|D04_LG_D290|D15_Apple_iPhone6,same_pipeline_different_device,facebook_high,facebook_high,2048x1536,2048x1536,prnu_python_wavelet_mle,mle_5,squared_aligned_ncc,calibration,22,0.00020914904656971908,4.374332368102252e-08,5.178607315072626e-07,4.4191235671460463e-07,2.5440960221976e-07,9.241670833123384e-07,-8.804237596313159e-07,0.047332700407636895,0.09898642347598528,-2.312772574857842,False
D05_Apple_iPhone5c:facebook_high:0023,D05_Apple_iPhone5c,D02_Apple_iPhone4s,D04_LG_D290|D15_Apple_iPhone6|D19_Apple_iPhone6Plus,same_pipeline_different_device,facebook_high,facebook_high,2048x1536,2048x1536,prnu_python_wavelet_mle,mle_5,squared_aligned_ncc,calibration,23,0.0011708961357160042,1.3709977606346714e-06,4.313618227253721e-07,3.789081675573425e-07,2.798650328712828e-07,8.16134165932714e-07,5.548635947019574e-07,1.67986811220902,3.6182850569648646,1.2860001724169514,False
D05_Apple_iPhone5c:facebook_high:0023,D05_Apple_iPhone5c,D04_LG_D290,D02_Apple_iPhone4s|D15_Apple_iPhone6|D19_Apple_iPhone6Plus,same_pipeline_different_device,facebook_high,facebook_high,2048x1536,2048x1536,prnu_python_wavelet_mle,mle_5,squared_aligned_ncc,calibration,23,0.0009034014422905877,8.16134165932714e-07,6.163163542926912e-07,3.789081675573425e-07,2.798650328712828e-07,1.3709977606346714e-06,-5.548635947019574e-07,0.5952848278577083,2.1539101972754477,0.7672848867209225,False
D05_Apple_iPhone5c:facebook_high:0023,D05_Apple_iPhone5c,D05_Apple_iPhone5c,D02_Apple_iPhone4s|D04_LG_D290|D15_Apple_iPhone6|D19_Apple_iPhone6Plus,same_pipeline_different_device,facebook_high,facebook_high,2048x1536,2048x1536,prnu_python_wavelet_mle,mle_5,squared_aligned_ncc,calibration,23,0.0017708374903353517,3.1358654171772066e-06,6.66270807202697e-07,5.975211667450283e-07,3.585455156233272e-07,1.3709977606346714e-06,1.7648676565425352e-06,2.2872870454037293,5.24812440412731,1.6578707564155746,True
D05_Apple_iPhone5c:facebook_high:0023,D05_Apple_iPhone5c,D15_Apple_iPhone6,D02_Apple_iPhone4s|D04_LG_D290|D19_Apple_iPhone6Plus,same_pipeline_different_device,facebook_high,facebook_high,2048x1536,2048x1536,prnu_python_wavelet_mle,mle_5,squared_aligned_ncc,calibration,23,0.00031471119250204573,9.904313468605969e-08,8.553466980415761e-07,8.16134165932714e-07,4.372259983753715e-07,1.3709977606346714e-06,-1.2719546259486118e-06,0.07224164585083638,0.12135643723831711,-2.109023301341166,False
D05_Apple_iPhone5c:facebook_high:0023,D05_Apple_iPhone5c,D19_Apple_iPhone6Plus,D02_Apple_iPhone4s|D04_LG_D290|D15_Apple_iPhone6,same_pipeline_different_device,facebook_high,facebook_high,2048x1536,2048x1536,prnu_python_wavelet_mle,mle_5,squared_aligned_ncc,calibration,23,-0.0006155551701978812,3.789081675573425e-07,7.620583537511484e-07,8.16134165932714e-07,5.548635947019574e-07,1.3709977606346714e-06,-9.920895930773289e-07,0.2763740236759656,0.46427190941615537,-0.7672848867209225,False
D05_Apple_iPhone5c:facebook_high:0024,D05_Apple_iPhone5c,D02_Apple_iPhone4s,D04_LG_D290|D15_Apple_iPhone6|D19_Apple_iPhone6Plus,same_pipeline_different_device,facebook_high,facebook_high,2048x1536,2048x1536,prnu_python_wavelet_mle,mle_5,squared_aligned_ncc,calibration,24,0.00016926200494335418,2.8649626317444055e-08,1.1098473915346466e-06,5.97160501525516e-08,5.915399037396152e-08,3.2692640646727985e-06,-3.2406144383553545e-06,0.008763325858876875,0.47976425507472864,-0.7344604309876104,False
D05_Apple_iPhone5c:facebook_high:0024,D05_Apple_iPhone5c,D04_LG_D290,D02_Apple_iPhone4s|D15_Apple_iPhone6|D19_Apple_iPhone6Plus,same_pipeline_different_device,facebook_high,facebook_high,2048x1536,2048x1536,prnu_python_wavelet_mle,mle_5,squared_aligned_ncc,calibration,24,-0.001808110633969282,3.2692640646727985e-06,2.9642578749528577e-08,2.8649626317444055e-08,2.8087566538853973e-08,2.8649626317444055e-08,3.2406144383553545e-06,114.11192692179108,114.11192692179108,4.737179781832722,False
D05_Apple_iPhone5c:facebook_high:0024,D05_Apple_iPhone5c,D05_Apple_iPhone5c,D02_Apple_iPhone4s|D04_LG_D290|D15_Apple_iPhone6|D19_Apple_iPhone6Plus,same_pipeline_different_device,facebook_high,facebook_high,2048x1536,2048x1536,prnu_python_wavelet_mle,mle_5,squared_aligned_ncc,calibration,24,0.00112880162657398,1.274193112156063e-06,8.39547950230346e-07,4.418283823499783e-08,2.9576995186980762e-08,2.8649626317444055e-08,1.245543485838619e-06,44.47503426528946,28.839095971583767,3.3617319655864595,True
D05_Apple_iPhone5c:facebook_high:0024,D05_Apple_iPhone5c,D15_Apple_iPhone6,D02_Apple_iPhone4s|D04_LG_D290|D19_Apple_iPhone6Plus,same_pipeline_different_device,facebook_high,facebook_high,2048x1536,2048x1536,prnu_python_wavelet_mle,mle_5,squared_aligned_ncc,calibration,24,-2.370779995254898e-05,5.620597785900815e-10,1.1192099137142646e-06,5.97160501525516e-08,3.1066423835107545e-08,2.8649626317444055e-08,-2.8087566538853973e-08,0.01961839824234835,0.009412206218499622,-4.665747898189217,False
D05_Apple_iPhone5c:facebook_high:0024,D05_Apple_iPhone5c,D19_Apple_iPhone6Plus,D02_Apple_iPhone4s|D04_LG_D290|D15_Apple_iPhone6,same_pipeline_different_device,facebook_high,facebook_high,2048x1536,2048x1536,prnu_python_wavelet_mle,mle_5,squared_aligned_ncc,calibration,24,0.00024436867670090534,5.97160501525516e-08,1.0994919169229442e-06,2.8649626317444055e-08,2.8087566538853973e-08,2.8649626317444055e-08,3.1066423835107545e-08,2.084357034569486,2.084357034569486,0.7344604309876104,False
D05_Apple_iPhone5c:facebook_high:0025,D05_Apple_iPhone5c,D02_Apple_iPhone4s,D04_LG_D290|D15_Apple_iPhone6|D19_Apple_iPhone6Plus,same_pipeline_different_device,facebook_high,facebook_high,2048x1536,2048x1536,prnu_python_wavelet_mle,mle_5,squared_aligned_ncc,calibration,25,-0.0006084652887431051,3.702300076052303e-07,7.527171970469577e-07,1.2287643184092134e-07,1.1442463460000077e-07,1.2287643184092134e-07,2.4735357576430896e-07,3.013027006550277,3.013027006550277,1.10294522345027,False
D05_Apple_iPhone5c:facebook_high:0025,D05_Apple_iPhone5c,D04_LG_D290,D02_Apple_iPhone4s|D15_Apple_iPhone6|D19_Apple_iPhone6Plus,same_pipeline_different_device,facebook_high,facebook_high,2048x1536,2048x1536,prnu_python_wavelet_mle,mle_5,squared_aligned_ncc,calibration,25,-0.00035053734728402526,1.2287643184092134e-07,8.35168388968394e-07,3.702300076052303e-07,3.6177821036430974e-07,3.702300076052303e-07,-2.4735357576430896e-07,0.3318921462788135,0.3318921462788135,-1.10294522345027,False
D05_Apple_iPhone5c:facebook_high:0025,D05_Apple_iPhone5c,D05_Apple_iPhone5c,D02_Apple_iPhone4s|D04_LG_D290|D15_Apple_iPhone6|D19_Apple_iPhone6Plus,same_pipeline_different_device,facebook_high,facebook_high,2048x1536,2048x1536,prnu_python_wavelet_mle,mle_5,squared_aligned_ncc,calibration,25,9.804689138701007e-05,9.613192910656148e-09,6.570953996865258e-07,2.4655321972307584e-07,1.808891051821549e-07,3.702300076052303e-07,-3.6061681469457416e-07,0.02596546123540187,0.038990336128863025,-3.244441455125507,True
D05_Apple_iPhone5c:facebook_high:0025,D05_Apple_iPhone5c,D15_Apple_iPhone6,D02_Apple_iPhone4s|D04_LG_D290|D19_Apple_iPhone6Plus,same_pipeline_different_device,facebook_high,facebook_high,2048x1536,2048x1536,prnu_python_wavelet_mle,mle_5,squared_aligned_ncc,calibration,25,0.0014583632476372376,2.126823362059031e-06,1.6718607889569075e-07,1.2287643184092134e-07,1.1442463460000077e-07,3.702300076052303e-07,1.7565933544538005e-06,5.744600163060864,17.308635433135507,2.851205534950539,False
D05_Apple_iPhone5c:facebook_high:0025,D05_Apple_iPhone5c,D19_Apple_iPhone6Plus,D02_Apple_iPhone4s|D04_LG_D290|D15_Apple_iPhone6,same_pipeline_different_device,facebook_high,facebook_high,2048x1536,2048x1536,prnu_python_wavelet_mle,mle_5,squared_aligned_ncc,calibration,25,-9.193365673636921e-05,8.451797240920565e-09,8.733099338350608e-07,3.702300076052303e-07,2.4735357576430896e-07,3.702300076052303e-07,-3.6177821036430974e-07,0.02282850408477037,0.02282850408477037,-3.779745344688399,False
D15_Apple_iPhone6:facebook_high:0021,D15_Apple_iPhone6,D02_Apple_iPhone4s,D04_LG_D290|D05_Apple_iPhone5c|D19_Apple_iPhone6Plus,same_pipeline_different_device,facebook_high,facebook_high,2048x1536,2048x1536,prnu_python_wavelet_mle,mle_5,squared_aligned_ncc,calibration,21,0.0008424333566761601,7.096939604406625e-07,1.5381897461509697e-06,9.286299308003002e-07,5.876839946851103e-07,9.286299308003002e-07,-2.1893597035963766e-07,0.7642376547448163,0.7642376547448163,-0.26887647176682705,False
D15_Apple_iPhone6:facebook_high:0021,D15_Apple_iPhone6,D04_LG_D290,D02_Apple_iPhone4s|D05_Apple_iPhone5c|D19_Apple_iPhone6Plus,same_pipeline_different_device,facebook_high,facebook_high,2048x1536,2048x1536,prnu_python_wavelet_mle,mle_5,squared_aligned_ncc,calibration,21,-0.0009636544664973541,9.286299308003002e-07,1.4652110893644237e-06,7.096939604406625e-07,3.687480243254726e-07,7.096939604406625e-07,2.1893597035963766e-07,1.3084934951731817,1.3084934951731817,0.26887647176682705,False
D15_Apple_iPhone6:facebook_high:0021,D15_Apple_iPhone6,D05_Apple_iPhone5c,D02_Apple_iPhone4s|D04_LG_D290|D19_Apple_iPhone6Plus,same_pipeline_different_device,facebook_high,facebook_high,2048x1536,2048x1536,prnu_python_wavelet_mle,mle_5,squared_aligned_ncc,calibration,21,0.0005839057596180996,3.409459361151899e-07,1.6611057542594608e-06,9.286299308003002e-07,2.1893597035963766e-07,7.096939604406625e-07,-3.687480243254726e-07,0.48041262166510484,0.3671494152911485,-1.001986387647003,False
D15_Apple_iPhone6:facebook_high:0021,D15_Apple_iPhone6,D15_Apple_iPhone6,D02_Apple_iPhone4s|D04_LG_D290|D05_Apple_iPhone5c|D19_Apple_iPhone6Plus,same_pipeline_different_device,facebook_high,facebook_high,2048x1536,2048x1536,prnu_python_wavelet_mle,mle_5,squared_aligned_ncc,calibration,21,0.005238929058505956,2.7446377680058104e-05,1.3310657997233928e-06,8.191619456204813e-07,2.9384199734255514e-07,7.096939604406625e-07,2.673668371961744e-05,38.67353987769055,33.505435435319946,3.5117076774702163,True
D15_Apple_iPhone6:facebook_high:0021,D15_Apple_iPhone6,D19_Apple_iPhone6Plus,D02_Apple_iPhone4s|D04_LG_D290|D05_Apple_iPhone5c,same_pipeline_different_device,facebook_high,facebook_high,2048x1536,2048x1536,prnu_python_wavelet_mle,mle_5,squared_aligned_ncc,calibration,21,-0.0018289323037054758,3.344993371537419e-06,6.597566091187176e-07,7.096939604406625e-07,2.1893597035963766e-07,7.096939604406625e-07,2.6352994110967567e-06,4.713289893943086,4.713289893943086,1.5503861554798597,False
D15_Apple_iPhone6:facebook_high:0022,D15_Apple_iPhone6,D02_Apple_iPhone4s,D04_LG_D290|D05_Apple_iPhone5c|D19_Apple_iPhone6Plus,same_pipeline_different_device,facebook_high,facebook_high,2048x1536,2048x1536,prnu_python_wavelet_mle,mle_5,squared_aligned_ncc,calibration,22,0.0006603695523227594,4.3608794563496167e-07,1.5265925193125175e-06,1.3438359801873228e-06,4.918939737195948e-07,2.3839995712825014e-06,-1.9479116256475395e-06,0.182922828883045,0.32450980035091304,-1.1254395419044823,False
D15_Apple_iPhone6:facebook_high:0022,D15_Apple_iPhone6,D04_LG_D290,D02_Apple_iPhone4s|D05_Apple_iPhone5c|D19_Apple_iPhone6Plus,same_pipeline_different_device,facebook_high,facebook_high,2048x1536,2048x1536,prnu_python_wavelet_mle,mle_5,squared_aligned_ncc,calibration,22,-0.001544020586417973,2.3839995712825014e-06,8.772886440966709e-07,8.519420064677281e-07,4.158540608327664e-07,4.3608794563496167e-07,1.9479116256475395e-06,5.46678621857181,2.7983120367158563,1.029016391367584,False
D15_Apple_iPhone6:facebook_high:0022,D15_Apple_iPhone6,D05_Apple_iPhone5c,D02_Apple_iPhone4s|D04_LG_D290|D19_Apple_iPhone6Plus,same_pipeline_different_device,facebook_high,facebook_high,2048x1536,2048x1536,prnu_python_wavelet_mle,mle_5,squared_aligned_ncc,calibration,22,0.001159239397271902,1.3438359801873228e-06,1.2240098411283971e-06,8.519420064677281e-07,4.158540608327664e-07,4.3608794563496167e-07,9.077480345523612e-07,3.081571030886083,1.5773796455454248,0.45576501809821046,False
D15_Apple_iPhone6:facebook_high:0022,D15_Apple_iPhone6,D15_Apple_iPhone6,D02_Apple_iPhone4s|D04_LG_D290|D05_Apple_iPhone5c|D19_Apple_iPhone6Plus,same_pipeline_different_device,facebook_high,facebook_high,2048x1536,2048x1536,prnu_python_wavelet_mle,mle_5,squared_aligned_ncc,calibration,22,0.004823376486393888,2.3264960729497445e-05,1.2539663758931284e-06,1.0978889933275255e-06,4.5387401727618064e-07,4.3608794563496167e-07,2.2828872783862485e-05,53.349240588667776,21.190631175730324,3.053559158326939,True
D15_Apple_iPhone6:facebook_high:0022,D15_Apple_iPhone6,D19_Apple_iPhone6Plus,D02_Apple_iPhone4s|D04_LG_D290|D05_Apple_iPhone5c,same_pipeline_different_device,facebook_high,facebook_high,2048x1536,2048x1536,prnu_python_wavelet_mle,mle_5,squared_aligned_ncc,calibration,22,0.0009230070457302739,8.519420064677281e-07,1.3879744990349285e-06,1.3438359801873228e-06,9.077480345523612e-07,4.3608794563496167e-07,4.158540608327664e-07,1.9536013664107732,0.6339627893792309,-0.45576501809821046,False
D15_Apple_iPhone6:facebook_high:0023,D15_Apple_iPhone6,D02_Apple_iPhone4s,D04_LG_D290|D05_Apple_iPhone5c|D19_Apple_iPhone6Plus,same_pipeline_different_device,facebook_high,facebook_high,2048x1536,2048x1536,prnu_python_wavelet_mle,mle_5,squared_aligned_ncc,calibration,23,0.0005065137972408622,2.5655622679535725e-07,7.070782320733485e-08,6.793932583916396e-08,3.0549539933210404e-08,3.738978590595355e-08,2.191664408894037e-07,6.8616661095806375,3.7762551162593985,1.328732808569704,False
D15_Apple_iPhone6:facebook_high:0023,D15_Apple_iPhone6,D04_LG_D290,D02_Apple_iPhone4s|D05_Apple_iPhone5c|D19_Apple_iPhone6Plus,same_pipeline_different_device,facebook_high,facebook_high,2048x1536,2048x1536,prnu_python_wavelet_mle,mle_5,squared_aligned_ncc,calibration,23,-0.00019336438634338422,3.738978590595355e-08,1.4376330350380276e-07,1.0679435787688707e-07,3.885503203772311e-08,2.5655622679535725e-07,-2.191664408894037e-07,0.14573719910441937,0.35011012425447263,-1.049507533260627,False
D15_Apple_iPhone6:facebook_high:0023,D15_Apple_iPhone6,D05_Apple_iPhone5c,D02_Apple_iPhone4s|D04_LG_D290|D19_Apple_iPhone6Plus,same_pipeline_different_device,facebook_high,facebook_high,2048x1536,2048x1536,prnu_python_wavelet_mle,mle_5,squared_aligned_ncc,calibration,23,0.0003267940603451768,1.0679435787688707e-07,1.2062844618015826e-07,6.793932583916396e-08,3.0549539933210404e-08,2.5655622679535725e-07,-1.4976186891847018e-07,0.41626102476971594,1.57190782448602,0.45229005646472586,False
D15_Apple_iPhone6:facebook_high:0023,D15_Apple_iPhone6,D15_Apple_iPhone6,D02_Apple_iPhone4s|D04_LG_D290|D05_Apple_iPhone5c|D19_Apple_iPhone6Plus,same_pipeline_different_device,facebook_high,facebook_high,2048x1536,2048x1536,prnu_python_wavelet_mle,mle_5,squared_aligned_ncc,calibration,23,0.005022986279792632,2.5230391166985024e-05,1.1716992410434046e-07,8.736684185802551e-08,3.470228598546676e-08,2.5655622679535725e-07,2.4973834940189666e-05,98.34254066696309,288.7868055020849,5.665688718655321,True
D15_Apple_iPhone6:facebook_high:0023,D15_Apple_iPhone6,D19_Apple_iPhone6Plus,D02_Apple_iPhone4s|D04_LG_D290|D05_Apple_iPhone5c,same_pipeline_different_device,facebook_high,facebook_high,2048x1536,2048x1536,prnu_python_wavelet_mle,mle_5,squared_aligned_ncc,calibration,23,0.00026065173285279335,6.793932583916396e-08,1.3358012352606596e-07,1.0679435787688707e-07,6.940457197093352e-08,2.5655622679535725e-07,-1.886169009561933e-07,0.2648126170539448,0.6361696178508294,-0.45229005646472586,False
D15_Apple_iPhone6:facebook_high:0024,D15_Apple_iPhone6,D02_Apple_iPhone4s,D04_LG_D290|D05_Apple_iPhone5c|D19_Apple_iPhone6Plus,same_pipeline_different_device,facebook_high,facebook_high,2048x1536,2048x1536,prnu_python_wavelet_mle,mle_5,squared_aligned_ncc,calibration,24,-0.0003480464889849018,1.2113635849471736e-07,3.7277894970771004e-07,3.6237368180385385e-07,3.518675782520532e-07,3.6237368180385385e-07,-2.412373233091365e-07,0.33428575135952127,0.33428575135952127,-1.0957591087811576,False
D15_Apple_iPhone6:facebook_high:0024,D15_Apple_iPhone6,D04_LG_D290,D02_Apple_iPhone4s|D05_Apple_iPhone5c|D19_Apple_iPhone6Plus,same_pipeline_different_device,facebook_high,facebook_high,2048x1536,2048x1536,prnu_python_wavelet_mle,mle_5,squared_aligned_ncc,calibration,24,-0.0006019748182472867,3.6237368180385385e-07,2.923665086046646e-07,1.2113635849471736e-07,1.1063025494291673e-07,1.2113635849471736e-07,2.412373233091365e-07,2.9914526596872784,2.9914526596872784,1.0957591087811576,False
D15_Apple_iPhone6:facebook_high:0024,D15_Apple_iPhone6,D05_Apple_iPhone5c,D02_Apple_iPhone4s|D04_LG_D290|D19_Apple_iPhone6Plus,same_pipeline_different_device,facebook_high,facebook_high,2048x1536,2048x1536,prnu_python_wavelet_mle,mle_5,squared_aligned_ncc,calibration,24,-0.00010249928561605012,1.0506103551800619e-08,4.0965570135534896e-07,3.6237368180385385e-07,2.412373233091365e-07,1.2113635849471736e-07,-1.1063025494291673e-07,0.08672956395877444,0.028992457453042568,-3.5407195706504844,False
D15_Apple_iPhone6:facebook_high:0024,D15_Apple_iPhone6,D15_Apple_iPhone6,D02_Apple_iPhone4s|D04_LG_D290|D05_Apple_iPhone5c|D19_Apple_iPhone6Plus,same_pipeline_different_device,facebook_high,facebook_high,2048x1536,2048x1536,prnu_python_wavelet_mle,mle_5,squared_aligned_ncc,calibration,24,0.007611826339295919,5.793990021959911e-05,3.0986830190446187e-07,2.417550201492856e-07,1.759337891260266e-07,1.2113635849471736e-07,5.7818763861104395e-05,478.303136560984,239.6636900603792,5.479236649199924,True
D15_Apple_iPhone6:facebook_high:0024,D15_Apple_iPhone6,D19_Apple_iPhone6Plus,D02_Apple_iPhone4s|D04_LG_D290|D05_Apple_iPhone5c,same_pipeline_different_device,facebook_high,facebook_high,2048x1536,2048x1536,prnu_python_wavelet_mle,mle_5,squared_aligned_ncc,calibration,24,0.0008633985544159057,7.454570637674757e-07,1.6467204795012394e-07,1.2113635849471736e-07,1.1063025494291673e-07,1.2113635849471736e-07,6.243207052727583e-07,6.15386720412257,6.15386720412257,1.8170806978764116,False
D15_Apple_iPhone6:facebook_high:0025,D15_Apple_iPhone6,D02_Apple_iPhone4s,D04_LG_D290|D05_Apple_iPhone5c|D19_Apple_iPhone6Plus,same_pipeline_different_device,facebook_high,facebook_high,2048x1536,2048x1536,prnu_python_wavelet_mle,mle_5,squared_aligned_ncc,calibration,25,-0.0005557341394454515,3.0884043374517653e-07,2.4665902557115873e-07,1.731745211897352e-07,5.846112942004764e-09,1.731745211897352e-07,1.3566591255544134e-07,1.7834057321099892,1.7834057321099892,0.5785248688606064,False
D15_Apple_iPhone6:facebook_high:0025,D15_Apple_iPhone6,D04_LG_D290,D02_Apple_iPhone4s|D05_Apple_iPhone5c|D19_Apple_iPhone6Plus,same_pipeline_different_device,facebook_high,facebook_high,2048x1536,2048x1536,prnu_python_wavelet_mle,mle_5,squared_aligned_ncc,calibration,25,-0.00041614242897082147,1.731745211897352e-07,2.9188099642297247e-07,3.0884043374517653e-07,9.063371353083394e-08,3.0884043374517653e-07,-1.3566591255544134e-07,0.5607248995532141,0.5607248995532141,-0.5785248688606064,False
D15_Apple_iPhone6:facebook_high:0025,D15_Apple_iPhone6,D05_Apple_iPhone5c,D02_Apple_iPhone4s|D04_LG_D290|D19_Apple_iPhone6Plus,same_pipeline_different_device,facebook_high,facebook_high,2048x1536,2048x1536,prnu_python_wavelet_mle,mle_5,squared_aligned_ncc,calibration,25,0.0006320396722326934,3.994741472760105e-07,2.1644778772754738e-07,1.731745211897352e-07,5.846112942004764e-09,3.0884043374517653e-07,9.063371353083394e-08,1.293464532580004,2.306772061684147,0.8358491713992127,False
D15_Apple_iPhone6:facebook_high:0025,D15_Apple_iPhone6,D15_Apple_iPhone6,D02_Apple_iPhone4s|D04_LG_D290|D05_Apple_iPhone5c|D19_Apple_iPhone6Plus,same_pipeline_different_device,facebook_high,facebook_high,2048x1536,2048x1536,prnu_python_wavelet_mle,mle_5,squared_aligned_ncc,calibration,25,0.002445058967896197,5.978313356489617e-06,2.6220437761466317e-07,2.4100747746745585e-07,7.075601274872305e-08,3.0884043374517653e-07,5.669472922744441e-06,19.35728843530348,24.805509851024816,3.2110657999068124,True
D15_Apple_iPhone6:facebook_high:0025,D15_Apple_iPhone6,D19_Apple_iPhone6Plus,D02_Apple_iPhone4s|D04_LG_D290|D05_Apple_iPhone5c,same_pipeline_different_device,facebook_high,facebook_high,2048x1536,2048x1536,prnu_python_wavelet_mle,mle_5,squared_aligned_ncc,calibration,25,-0.000409057952187377,1.6732840824773043e-07,2.938297007369741e-07,3.0884043374517653e-07,9.063371353083394e-08,3.0884043374517653e-07,-1.415120254974461e-07,0.5417956652197706,0.5417956652197706,-0.6128663500649374,False
D19_Apple_iPhone6Plus:facebook_high:0021,D19_Apple_iPhone6Plus,D02_Apple_iPhone4s,D04_LG_D290|D05_Apple_iPhone5c|D15_Apple_iPhone6,same_pipeline_different_device,facebook_high,facebook_high,2048x1536,2048x1536,prnu_python_wavelet_mle,mle_5,squared_aligned_ncc,calibration,21,0.0006084385721484661,3.7019749607806413e-07,9.904238308372276e-07,8.394074364869509e-07,5.32731948286377e-07,1.825188567824158e-06,-1.4549910717460939e-06,0.20282698599158092,0.44102241651253116,-0.8186595737329725,False
D19_Apple_iPhone6Plus:facebook_high:0021,D19_Apple_iPhone6Plus,D04_LG_D290,D02_Apple_iPhone4s|D05_Apple_iPhone5c|D15_Apple_iPhone6,same_pipeline_different_device,facebook_high,facebook_high,2048x1536,2048x1536,prnu_python_wavelet_mle,mle_5,squared_aligned_ncc,calibration,21,0.001350995398890817,1.825188567824158e-06,5.05426806921863e-07,3.7019749607806413e-07,6.352200787749019e-08,3.7019749607806413e-07,1.4549910717460939e-06,4.930310407716203,4.930310407716203,1.595401949098111,False
D19_Apple_iPhone6Plus:facebook_high:0021,D19_Apple_iPhone6Plus,D05_Apple_iPhone5c,D02_Apple_iPhone4s|D04_LG_D290|D15_Apple_iPhone6,same_pipeline_different_device,facebook_high,facebook_high,2048x1536,2048x1536,prnu_python_wavelet_mle,mle_5,squared_aligned_ncc,calibration,21,0.0005537828890463969,3.0667548820057394e-07,1.0115978334630577e-06,8.394074364869509e-07,4.692099404088868e-07,3.7019749607806413e-07,-6.352200787749019e-08,0.828410487508821,0.36534759506546427,-1.0069060633162827,False
D19_Apple_iPhone6Plus:facebook_high:0021,D19_Apple_iPhone6Plus,D15_Apple_iPhone6,D02_Apple_iPhone4s|D04_LG_D290|D05_Apple_iPhone5c,same_pipeline_different_device,facebook_high,facebook_high,2048x1536,2048x1536,prnu_python_wavelet_mle,mle_5,squared_aligned_ncc,calibration,21,-0.0009161918120606355,8.394074364869509e-07,8.340205173675988e-07,3.7019749607806413e-07,6.352200787749019e-08,3.7019749607806413e-07,4.692099404088868e-07,2.2674584387516865,2.2674584387516865,0.8186595737329725,False
D19_Apple_iPhone6Plus:facebook_high:0021,D19_Apple_iPhone6Plus,D19_Apple_iPhone6Plus,D02_Apple_iPhone4s|D04_LG_D290|D05_Apple_iPhone5c|D15_Apple_iPhone6,same_pipeline_different_device,facebook_high,facebook_high,2048x1536,2048x1536,prnu_python_wavelet_mle,mle_5,squared_aligned_ncc,calibration,21,0.004407864345930199,1.942926809212266e-05,8.353672471474368e-07,6.048024662825075e-07,2.663659741431885e-07,3.7019749607806413e-07,1.9059070596044596e-05,52.48352108795889,32.124981585387765,3.4696339699977177,True
D19_Apple_iPhone6Plus:facebook_high:0022,D19_Apple_iPhone6Plus,D02_Apple_iPhone4s,D04_LG_D290|D05_Apple_iPhone5c|D15_Apple_iPhone6,same_pipeline_different_device,facebook_high,facebook_high,2048x1536,2048x1536,prnu_python_wavelet_mle,mle_5,squared_aligned_ncc,calibration,22,-0.0003831318002971514,1.467899763989363e-07,6.114122898678963e-07,2.3560199325159316e-07,5.164326581883648e-08,2.3560199325159316e-07,-8.881201685265687e-08,0.6230421668894081,0.6230421668894081,-0.4731410788745105,False
D19_Apple_iPhone6Plus:facebook_high:0022,D19_Apple_iPhone6Plus,D04_LG_D290,D02_Apple_iPhone4s|D05_Apple_iPhone5c|D15_Apple_iPhone6,same_pipeline_different_device,facebook_high,facebook_high,2048x1536,2048x1536,prnu_python_wavelet_mle,mle_5,squared_aligned_ncc,calibration,22,-0.00048538849723864816,2.3560199325159316e-07,5.81808284250344e-07,1.8395872743275668e-07,3.716875103382039e-08,1.467899763989363e-07,8.881201685265687e-08,1.605027802520312,1.2807328934024829,0.24743248704485765,False
D19_Apple_iPhone6Plus:facebook_high:0022,D19_Apple_iPhone6Plus,D05_Apple_iPhone5c,D02_Apple_iPhone4s|D04_LG_D290|D15_Apple_iPhone6,same_pipeline_different_device,facebook_high,facebook_high,2048x1536,2048x1536,prnu_python_wavelet_mle,mle_5,squared_aligned_ncc,calibration,22,-0.0011894015927849345,1.4146761489193391e-06,1.8878356569442873e-07,1.8395872743275668e-07,3.716875103382039e-08,1.467899763989363e-07,1.2678861725204028e-06,9.637416556799655,7.690182296115593,2.0399444888432896,False
D19_Apple_iPhone6Plus:facebook_high:0022,D19_Apple_iPhone6Plus,D15_Apple_iPhone6,D02_Apple_iPhone4s|D04_LG_D290|D05_Apple_iPhone5c,same_pipeline_different_device,facebook_high,facebook_high,2048x1536,2048x1536,prnu_python_wavelet_mle,mle_5,squared_aligned_ncc,calibration,22,0.00042890410050820996,1.8395872743275668e-07,5.990227061899562e-07,2.3560199325159316e-07,8.881201685265687e-08,1.467899763989363e-07,3.716875103382039e-08,1.2532104163080289,0.7808029333449314,-0.24743248704485765,False
D19_Apple_iPhone6Plus:facebook_high:0022,D19_Apple_iPhone6Plus,D19_Apple_iPhone6Plus,D02_Apple_iPhone4s|D04_LG_D290|D05_Apple_iPhone5c|D15_Apple_iPhone6,same_pipeline_different_device,facebook_high,facebook_high,2048x1536,2048x1536,prnu_python_wavelet_mle,mle_5,squared_aligned_ncc,calibration,22,0.003609651777296649,1.3029585953340858e-05,4.952567115006563e-07,2.0978036034217492e-07,4.4406008426328434e-08,1.467899763989363e-07,1.2882795976941922e-05,88.76345832994681,62.11060907745685,4.12891681295457,True
D19_Apple_iPhone6Plus:facebook_high:0023,D19_Apple_iPhone6Plus,D02_Apple_iPhone4s,D04_LG_D290|D05_Apple_iPhone5c|D15_Apple_iPhone6,same_pipeline_different_device,facebook_high,facebook_high,2048x1536,2048x1536,prnu_python_wavelet_mle,mle_5,squared_aligned_ncc,calibration,23,0.0006879950389887206,4.7333717367309123e-07,1.9483210752979883e-06,1.07992227641853e-07,9.973254085488384e-08,1.07992227641853e-07,3.653449460312382e-07,4.383067041110343,4.383067041110343,1.477748717032755,False
D19_Apple_iPhone6Plus:facebook_high:0023,D19_Apple_iPhone6Plus,D04_LG_D290,D02_Apple_iPhone4s|D05_Apple_iPhone5c|D15_Apple_iPhone6,same_pipeline_different_device,facebook_high,facebook_high,2048x1536,2048x1536,prnu_python_wavelet_mle,mle_5,squared_aligned_ncc,calibration,23,-0.0003286217090239977,1.07992227641853e-07,2.070102723975068e-06,4.7333717367309123e-07,4.6507748688612205e-07,4.7333717367309123e-07,-3.653449460312382e-07,0.2281507425327162,0.2281507425327162,-1.477748717032755,False
D19_Apple_iPhone6Plus:facebook_high:0023,D19_Apple_iPhone6Plus,D05_Apple_iPhone5c,D02_Apple_iPhone4s|D04_LG_D290|D15_Apple_iPhone6,same_pipeline_different_device,facebook_high,facebook_high,2048x1536,2048x1536,prnu_python_wavelet_mle,mle_5,squared_aligned_ncc,calibration,23,9.088281898669936e-05,8.259686786969161e-09,2.103346904260029e-06,4.7333717367309123e-07,3.653449460312382e-07,4.7333717367309123e-07,-4.6507748688612205e-07,0.017449900929762358,0.017449900929762358,-4.048421307727333,False
D19_Apple_iPhone6Plus:facebook_high:0023,D19_Apple_iPhone6Plus,D15_Apple_iPhone6,D02_Apple_iPhone4s|D04_LG_D290|D05_Apple_iPhone5c,same_pipeline_different_device,facebook_high,facebook_high,2048x1536,2048x1536,prnu_python_wavelet_mle,mle_5,squared_aligned_ncc,calibration,23,0.0023934726469013894,5.728711311465143e-06,1.965296960339711e-07,1.07992227641853e-07,9.973254085488384e-08,4.7333717367309123e-07,5.255374137792051e-06,12.102813026516397,53.047440881244945,3.971186624146089,False
D19_Apple_iPhone6Plus:facebook_high:0023,D19_Apple_iPhone6Plus,D19_Apple_iPhone6Plus,D02_Apple_iPhone4s|D04_LG_D290|D05_Apple_iPhone5c|D15_Apple_iPhone6,same_pipeline_different_device,facebook_high,facebook_high,2048x1536,2048x1536,prnu_python_wavelet_mle,mle_5,squared_aligned_ncc,calibration,23,0.008181485075755234,6.693669804480563e-05,1.579575099891764e-06,2.906647006574721e-07,2.3253874344306103e-07,4.7333717367309123e-07,6.646336087113254e-05,141.4144118987689,230.28836282285897,5.439332275036943,True
D19_Apple_iPhone6Plus:facebook_high:0024,D19_Apple_iPhone6Plus,D02_Apple_iPhone4s,D04_LG_D290|D05_Apple_iPhone5c|D15_Apple_iPhone6,same_pipeline_different_device,facebook_high,facebook_high,2048x1536,2048x1536,prnu_python_wavelet_mle,mle_5,squared_aligned_ncc,calibration,24,-0.00020770863701547674,4.3142877890827074e-08,1.322567948661499e-07,1.6223026196812931e-07,5.340958750477717e-08,2.156398494729065e-07,-1.7249697158207941e-07,0.2000691337722699,0.2659360674601058,-1.324499346982961,False
D19_Apple_iPhone6Plus:facebook_high:0024,D19_Apple_iPhone6Plus,D04_LG_D290,D02_Apple_iPhone4s|D05_Apple_iPhone5c|D15_Apple_iPhone6,same_pipeline_different_device,facebook_high,facebook_high,2048x1536,2048x1536,prnu_python_wavelet_mle,mle_5,squared_aligned_ncc,calibration,24,0.0004643703796248276,2.156398494729065e-07,7.475780433879011e-08,4.3142877890827074e-08,2.4242604733413123e-08,4.3142877890827074e-08,1.7249697158207941e-07,4.998272252921618,4.998272252921618,1.6090923033024662,False
D19_Apple_iPhone6Plus:facebook_high:0024,D19_Apple_iPhone6Plus,D05_Apple_iPhone5c,D02_Apple_iPhone4s|D04_LG_D290|D15_Apple_iPhone6,same_pipeline_different_device,facebook_high,facebook_high,2048x1536,2048x1536,prnu_python_wavelet_mle,mle_5,squared_aligned_ncc,calibration,24,-0.0004027781796077455,1.6223026196812931e-07,9.256100017371583e-08,4.3142877890827074e-08,2.4242604733413123e-08,4.3142877890827074e-08,1.1908738407730224e-07,3.760302276974951,3.760302276974951,1.324499346982961,False
D19_Apple_iPhone6Plus:facebook_high:0024,D19_Apple_iPhone6Plus,D15_Apple_iPhone6,D02_Apple_iPhone4s|D04_LG_D290|D05_Apple_iPhone5c,same_pipeline_different_device,facebook_high,facebook_high,2048x1536,2048x1536,prnu_python_wavelet_mle,mle_5,squared_aligned_ncc,calibration,24,0.00013747826430899522,1.890027315741395e-08,1.4033766311062096e-07,1.6223026196812931e-07,5.340958750477717e-08,4.3142877890827074e-08,-2.4242604733413123e-08,0.4380855909807648,0.11650275927636099,-2.149840321481232,False
D19_Apple_iPhone6Plus:facebook_high:0024,D19_Apple_iPhone6Plus,D19_Apple_iPhone6Plus,D02_Apple_iPhone4s|D04_LG_D290|D05_Apple_iPhone5c|D15_Apple_iPhone6,same_pipeline_different_device,facebook_high,facebook_high,2048x1536,2048x1536,prnu_python_wavelet_mle,mle_5,squared_aligned_ncc,calibration,24,0.007375158285142991,5.439295973091331e-05,1.0997831562231921e-07,1.026865699294782e-07,7.166499440535768e-08,4.3142877890827074e-08,5.434981685302248e-05,1260.7633609550696,529.6988668359322,6.272308669291881,True
D19_Apple_iPhone6Plus:facebook_high:0025,D19_Apple_iPhone6Plus,D02_Apple_iPhone4s,D04_LG_D290|D05_Apple_iPhone5c|D15_Apple_iPhone6,same_pipeline_different_device,facebook_high,facebook_high,2048x1536,2048x1536,prnu_python_wavelet_mle,mle_5,squared_aligned_ncc,calibration,25,0.001245567086561022,1.5514373671241124e-06,8.144396699352238e-08,6.19537839430386e-08,9.983155039588167e-09,6.19537839430386e-08,1.4894835831810738e-06,25.041850043421583,25.041850043421583,3.2205484270258697,False
D19_Apple_iPhone6Plus:facebook_high:0025,D19_Apple_iPhone6Plus,D04_LG_D290,D02_Apple_iPhone4s|D05_Apple_iPhone5c|D15_Apple_iPhone6,same_pipeline_different_device,facebook_high,facebook_high,2048x1536,2048x1536,prnu_python_wavelet_mle,mle_5,squared_aligned_ncc,calibration,25,0.0002489051705831733,6.19537839430386e-08,5.77938494720547e-07,1.3040748813407812e-07,7.843685923062769e-08,1.5514373671241124e-06,-1.4894835831810738e-06,0.03993315183447067,0.4750784240191865,-0.7442753853772412,False
D19_Apple_iPhone6Plus:facebook_high:0025,D19_Apple_iPhone6Plus,D05_Apple_iPhone5c,D02_Apple_iPhone4s|D04_LG_D290|D15_Apple_iPhone6,same_pipeline_different_device,facebook_high,facebook_high,2048x1536,2048x1536,prnu_python_wavelet_mle,mle_5,squared_aligned_ncc,calibration,25,0.00022797067553404851,5.197062890345043e-08,5.812662130670764e-07,1.3040748813407812e-07,6.845370419103953e-08,1.5514373671241124e-06,-1.4994667382206619e-06,0.03349837383367141,0.39852488263570385,-0.9199853419591673,False
D19_Apple_iPhone6Plus:facebook_high:0025,D19_Apple_iPhone6Plus,D15_Apple_iPhone6,D02_Apple_iPhone4s|D04_LG_D290|D05_Apple_iPhone5c,same_pipeline_different_device,facebook_high,facebook_high,2048x1536,2048x1536,prnu_python_wavelet_mle,mle_5,squared_aligned_ncc,calibration,25,-0.00036111976979123994,1.3040748813407812e-07,5.551205933235338e-07,6.19537839430386e-08,9.983155039588167e-09,1.5514373671241124e-06,-1.4210298789900343e-06,0.0840559154352544,2.1049156295921665,0.7442753853772412,False
D19_Apple_iPhone6Plus:facebook_high:0025,D19_Apple_iPhone6Plus,D19_Apple_iPhone6Plus,D02_Apple_iPhone4s|D04_LG_D290|D05_Apple_iPhone5c|D15_Apple_iPhone6,same_pipeline_different_device,facebook_high,facebook_high,2048x1536,2048x1536,prnu_python_wavelet_mle,mle_5,squared_aligned_ncc,calibration,25,0.0035152496717023567,1.2356980254403528e-05,4.4894231702616986e-07,9.618063603855835e-08,3.9218429615313845e-08,1.5514373671241124e-06,1.0805542887279415e-05,7.964859243599094,128.47679910797922,4.855748336344979,True
D02_Apple_iPhone4s:facebook_high:0041,D02_Apple_iPhone4s,D02_Apple_iPhone4s,D04_LG_D290|D05_Apple_iPhone5c|D15_Apple_iPhone6|D19_Apple_iPhone6Plus,same_pipeline_different_device,facebook_high,facebook_high,2048x1536,2048x1536,prnu_python_wavelet_mle,mle_5,squared_aligned_ncc,test,41,3.895636408441183e-05,1.5175983026772518e-09,4.2427617502385846e-07,4.011513142339829e-07,1.3139926489633283e-07,2.5617194100705493e-07,-2.5465434270437766e-07,0.005924139453803246,0.0037831068946519004,-5.577209677147875,True
D02_Apple_iPhone4s:facebook_high:0041,D02_Apple_iPhone4s,D04_LG_D290,D05_Apple_iPhone5c|D15_Apple_iPhone6|D19_Apple_iPhone6Plus,same_pipeline_different_device,facebook_high,facebook_high,2048x1536,2048x1536,prnu_python_wavelet_mle,mle_5,squared_aligned_ncc,test,41,0.0005061343112327546,2.5617194100705493e-07,4.803109196961263e-07,5.189704707997206e-07,1.1965965982069253e-07,2.8333215766824523e-07,-2.7160216661190295e-08,0.9041400140220147,0.4936156398499906,-0.7059981216214712,False
D02_Apple_iPhone4s:facebook_high:0041,D02_Apple_iPhone4s,D05_Apple_iPhone5c,D04_LG_D290|D15_Apple_iPhone6|D19_Apple_iPhone6Plus,same_pipeline_different_device,facebook_high,facebook_high,2048x1536,2048x1536,prnu_python_wavelet_mle,mle_5,squared_aligned_ncc,test,41,0.0005322895430761769,2.8333215766824523e-07,4.712575141423963e-07,5.189704707997206e-07,1.1965965982069253e-07,2.5617194100705493e-07,2.7160216661190295e-08,1.1060233863022582,0.5459504415186425,-0.6052270738061285,False
D02_Apple_iPhone4s:facebook_high:0041,D02_Apple_iPhone4s,D15_Apple_iPhone6,D04_LG_D290|D05_Apple_iPhone5c|D19_Apple_iPhone6Plus,same_pipeline_different_device,facebook_high,facebook_high,2048x1536,2048x1536,prnu_python_wavelet_mle,mle_5,squared_aligned_ncc,test,41,-0.0007203960513493398,5.189704707997206e-07,3.927114097652378e-07,2.8333215766824523e-07,2.7160216661190295e-08,2.5617194100705493e-07,2.6279852979266567e-07,2.0258677385179675,1.8316680855103826,0.6052270738061285,False
D02_Apple_iPhone4s:facebook_high:0041,D02_Apple_iPhone4s,D19_Apple_iPhone6Plus,D04_LG_D290|D05_Apple_iPhone5c|D15_Apple_iPhone6,same_pipeline_different_device,facebook_high,facebook_high,2048x1536,2048x1536,prnu_python_wavelet_mle,mle_5,squared_aligned_ncc,test,41,-0.0007991433730066296,6.386301306204131e-07,3.528248564916736e-07,2.8333215766824523e-07,2.7160216661190295e-08,2.5617194100705493e-07,3.824581896133582e-07,2.4929745549409152,2.253998049060805,0.8127055500718701,False
D02_Apple_iPhone4s:facebook_high:0042,D02_Apple_iPhone4s,D02_Apple_iPhone4s,D04_LG_D290|D05_Apple_iPhone5c|D15_Apple_iPhone6|D19_Apple_iPhone6Plus,same_pipeline_different_device,facebook_high,facebook_high,2048x1536,2048x1536,prnu_python_wavelet_mle,mle_5,squared_aligned_ncc,test,42,-0.0009702867981086587,9.41456470583953e-07,9.931622254161986e-08,1.0790153638397247e-07,3.494962247790424e-08,1.4479051498569833e-08,9.269774190853832e-07,65.02197127187131,8.725144257758645,2.1662090017923408,True
D02_Apple_iPhone4s:facebook_high:0042,D02_Apple_iPhone4s,D04_LG_D290,D05_Apple_iPhone5c|D15_Apple_iPhone6|D19_Apple_iPhone6Plus,same_pipeline_different_device,facebook_high,facebook_high,2048x1536,2048x1536,prnu_python_wavelet_mle,mle_5,squared_aligned_ncc,test,42,0.00012032893043059027,1.4479051498569833e-08,1.2759527955596988e-07,1.1871955182378873e-07,2.163603087963253e-08,1.6698276589996467e-07,-1.5250371440139483e-07,0.08670985547840238,0.12196012599559491,-2.1040611237731213,False
D02_Apple_iPhone4s:facebook_high:0042,D02_Apple_iPhone4s,D05_Apple_iPhone5c,D04_LG_D290|D15_Apple_iPhone6|D19_Apple_iPhone6Plus,same_pipeline_different_device,facebook_high,facebook_high,2048x1536,2048x1536,prnu_python_wavelet_mle,mle_5,squared_aligned_ncc,test,42,-0.0004086352479901418,1.6698276589996467e-07,7.676070808883825e-08,9.70835209441562e-08,2.163603087963253e-08,1.4479051498569833e-08,1.5250371440139483e-07,11.532714412712627,1.7199908313586556,0.5423189602057192,False
D02_Apple_iPhone4s:facebook_high:0042,D02_Apple_iPhone4s,D15_Apple_iPhone6,D04_LG_D290|D05_Apple_iPhone5c|D19_Apple_iPhone6Plus,same_pipeline_different_device,facebook_high,facebook_high,2048x1536,2048x1536,prnu_python_wavelet_mle,mle_5,squared_aligned_ncc,test,42,-0.0003115822859922499,9.70835209441562e-08,1.0006045640744108e-07,1.1871955182378873e-07,4.8263214076175945e-08,1.4479051498569833e-08,8.260446944558636e-08,6.7051022612735105,0.8177551165982657,-0.2011923556608508,False
D02_Apple_iPhone4s:facebook_high:0042,D02_Apple_iPhone4s,D19_Apple_iPhone6Plus,D04_LG_D290|D05_Apple_iPhone5c|D15_Apple_iPhone6,same_pipeline_different_device,facebook_high,facebook_high,2048x1536,2048x1536,prnu_python_wavelet_mle,mle_5,squared_aligned_ncc,test,42,0.0003445570371125639,1.1871955182378873e-07,9.284844611423024e-08,9.70835209441562e-08,6.989924495580848e-08,1.4479051498569833e-08,1.042405003252189e-07,8.199401171790518,1.222859973239721,0.2011923556608508,False
D02_Apple_iPhone4s:facebook_high:0043,D02_Apple_iPhone4s,D02_Apple_iPhone4s,D04_LG_D290|D05_Apple_iPhone5c|D15_Apple_iPhone6|D19_Apple_iPhone6Plus,same_pipeline_different_device,facebook_high,facebook_high,2048x1536,2048x1536,prnu_python_wavelet_mle,mle_5,squared_aligned_ncc,test,43,0.002585581042461452,6.685229327136048e-06,5.049065105194091e-07,5.11693239499388e-07,2.719269036146516e-07,1.408278142586025e-09,6.683821048993462e-06,4747.09443040843,13.064916264433162,2.569930489800347,True
D02_Apple_iPhone4s:facebook_high:0043,D02_Apple_iPhone4s,D04_LG_D290,D05_Apple_iPhone5c|D15_Apple_iPhone6|D19_Apple_iPhone6Plus,same_pipeline_different_device,facebook_high,facebook_high,2048x1536,2048x1536,prnu_python_wavelet_mle,mle_5,squared_aligned_ncc,test,43,-3.752703215797947e-05,1.408278142586025e-09,6.727392546450168e-07,5.724090012918047e-07,1.214315235848335e-07,4.509774777069712e-07,-4.495691995643852e-07,0.003122723888001061,0.0024602655433577083,-6.007485990409096,False
D02_Apple_iPhone4s:facebook_high:0043,D02_Apple_iPhone4s,D05_Apple_iPhone5c,D04_LG_D290|D15_Apple_iPhone6|D19_Apple_iPhone6Plus,same_pipeline_different_device,facebook_high,facebook_high,2048x1536,2048x1536,prnu_python_wavelet_mle,mle_5,squared_aligned_ncc,test,43,0.0006715485669011373,4.509774777069712e-07,5.228828547902217e-07,5.724090012918047e-07,4.224222836444697e-07,1.408278142586025e-09,4.495691995643852e-07,320.233243753141,0.7878588154435229,-0.2384363733956807,False
D02_Apple_iPhone4s:facebook_high:0043,D02_Apple_iPhone4s,D15_Apple_iPhone6,D04_LG_D290|D05_Apple_iPhone5c|D19_Apple_iPhone6Plus,same_pipeline_different_device,facebook_high,facebook_high,2048x1536,2048x1536,prnu_python_wavelet_mle,mle_5,squared_aligned_ncc,test,43,0.000997412294357892,9.948312849362744e-07,3.41598252380454e-07,4.509774777069712e-07,1.214315235848335e-07,1.408278142586025e-09,9.934230067936884e-07,706.4167616132016,2.205944496373896,0.7911557602128347,False
D02_Apple_iPhone4s:facebook_high:0043,D02_Apple_iPhone4s,D19_Apple_iPhone6Plus,D04_LG_D290|D05_Apple_iPhone5c|D15_Apple_iPhone6,same_pipeline_different_device,facebook_high,facebook_high,2048x1536,2048x1536,prnu_python_wavelet_mle,mle_5,squared_aligned_ncc,test,43,-0.000756577161492339,5.724090012918047e-07,4.824056802619439e-07,4.509774777069712e-07,4.495691995643852e-07,1.408278142586025e-09,5.710007231492187e-07,406.46018991723355,1.2692629445759933,0.2384363733956807,False
D02_Apple_iPhone4s:facebook_high:0044,D02_Apple_iPhone4s,D02_Apple_iPhone4s,D04_LG_D290|D05_Apple_iPhone5c|D15_Apple_iPhone6|D19_Apple_iPhone6Plus,same_pipeline_different_device,facebook_high,facebook_high,2048x1536,2048x1536,prnu_python_wavelet_mle,mle_5,squared_aligned_ncc,test,44,0.004522695734122956,2.0454776703453985e-05,4.4854000589689956e-07,2.690358228857361e-07,1.321416938340459e-07,2.8960105758964157e-07,2.0165175645864343e-05,70.6308770889848,76.0299371438779,4.3311271725121046,True
D02_Apple_iPhone4s:facebook_high:0044,D02_Apple_iPhone4s,D04_LG_D290,D05_Apple_iPhone5c|D15_Apple_iPhone6|D19_Apple_iPhone6Plus,same_pipeline_different_device,facebook_high,facebook_high,2048x1536,2048x1536,prnu_python_wavelet_mle,mle_5,squared_aligned_ncc,test,44,-0.0005381459445072884,2.8960105758964157e-07,5.015196553326522e-07,2.484705881818307e-07,2.2315291826028095e-07,2.484705881818307e-07,4.113046940781085e-08,1.1655345596787963,1.1655345596787963,0.1531798312881154,False
D02_Apple_iPhone4s:facebook_high:0044,D02_Apple_iPhone4s,D05_Apple_iPhone5c,D04_LG_D290|D15_Apple_iPhone6|D19_Apple_iPhone6Plus,same_pipeline_different_device,facebook_high,facebook_high,2048x1536,2048x1536,prnu_python_wavelet_mle,mle_5,squared_aligned_ncc,test,44,-0.0004984682418989506,2.484705881818307e-07,5.152298118019225e-07,2.8960105758964157e-07,2.6428338766809177e-07,2.8960105758964157e-07,-4.113046940781085e-08,0.8579754171129725,0.8579754171129725,-0.1531798312881154,False
D02_Apple_iPhone4s:facebook_high:0044,D02_Apple_iPhone4s,D15_Apple_iPhone6,D04_LG_D290|D05_Apple_iPhone5c|D19_Apple_iPhone6Plus,same_pipeline_different_device,facebook_high,facebook_high,2048x1536,2048x1536,prnu_python_wavelet_mle,mle_5,squared_aligned_ncc,test,44,-0.0011094010581816551,1.2307707078945761e-06,1.8779643856434067e-07,2.484705881818307e-07,4.113046940781085e-08,2.8960105758964157e-07,9.411696503049346e-07,4.249883333086966,4.953385899315771,1.6000713628092935,False
D02_Apple_iPhone4s:facebook_high:0044,D02_Apple_iPhone4s,D19_Apple_iPhone6Plus,D04_LG_D290|D05_Apple_iPhone5c|D15_Apple_iPhone6,same_pipeline_different_device,facebook_high,facebook_high,2048x1536,2048x1536,prnu_python_wavelet_mle,mle_5,squared_aligned_ncc,test,44,-0.00015911527243338326,2.5317669921549777e-08,5.896141178886828e-07,2.8960105758964157e-07,4.113046940781085e-08,2.8960105758964157e-07,-2.6428338766809177e-07,0.08742257411719942,0.08742257411719942,-2.437001744576685,False
D02_Apple_iPhone4s:facebook_high:0045,D02_Apple_iPhone4s,D02_Apple_iPhone4s,D04_LG_D290|D05_Apple_iPhone5c|D15_Apple_iPhone6|D19_Apple_iPhone6Plus,same_pipeline_different_device,facebook_high,facebook_high,2048x1536,2048x1536,prnu_python_wavelet_mle,mle_5,squared_aligned_ncc,test,45,0.0037226531220014548,1.3858146266747178e-05,2.9755200777747777e-07,1.3257873715344808e-07,7.998169978241734e-08,9.025664994008224e-07,1.2955579767346355e-05,15.354155373534297,104.52766834479354,4.649451805209479,True
D02_Apple_iPhone4s:facebook_high:0045,D02_Apple_iPhone4s,D04_LG_D290,D05_Apple_iPhone5c|D15_Apple_iPhone6|D19_Apple_iPhone6Plus,same_pipeline_different_device,facebook_high,facebook_high,2048x1536,2048x1536,prnu_python_wavelet_mle,mle_5,squared_aligned_ncc,test,45,-0.0009500349990399419,9.025664994008224e-07,9.588051056969618e-08,8.27100173398691e-08,6.02259599376767e-08,1.8244745696702708e-07,7.201190424337954e-07,4.946994134119059,10.912420628471493,2.3899016476887756,False
D02_Apple_iPhone4s:facebook_high:0045,D02_Apple_iPhone4s,D05_Apple_iPhone5c,D04_LG_D290|D15_Apple_iPhone6|D19_Apple_iPhone6Plus,same_pipeline_different_device,facebook_high,facebook_high,2048x1536,2048x1536,prnu_python_wavelet_mle,mle_5,squared_aligned_ncc,test,45,0.0004271386858703237,1.8244745696702708e-07,3.359201913809613e-07,8.27100173398691e-08,6.02259599376767e-08,9.025664994008224e-07,-7.201190424337954e-07,0.20214295244521774,2.205868924163326,0.7911215011889929,False
D02_Apple_iPhone4s:facebook_high:0045,D02_Apple_iPhone4s,D15_Apple_iPhone6,D04_LG_D290|D05_Apple_iPhone5c|D19_Apple_iPhone6Plus,same_pipeline_different_device,facebook_high,facebook_high,2048x1536,2048x1536,prnu_python_wavelet_mle,mle_5,squared_aligned_ncc,test,45,0.00028759349321545697,8.27100173398691e-08,3.69166004590014e-07,1.8244745696702708e-07,1.599633995648347e-07,9.025664994008224e-07,-8.198564820609533e-07,0.09163869631188057,0.453336093113191,-0.7911215011889929,False
D02_Apple_iPhone4s:facebook_high:0045,D02_Apple_iPhone4s,D19_Apple_iPhone6Plus,D04_LG_D290|D05_Apple_iPhone5c|D15_Apple_iPhone6,same_pipeline_different_device,facebook_high,facebook_high,2048x1536,2048x1536,prnu_python_wavelet_mle,mle_5,squared_aligned_ncc,test,45,-0.00014994684859040018,2.2484057402192396e-08,3.8924132456923954e-07,1.8244745696702708e-07,9.973743962715798e-08,9.025664994008224e-07,-8.8008244199863e-07,0.024911247445056576,0.12323579498428328,-2.093655726378767,False
D02_Apple_iPhone4s:facebook_high:0046,D02_Apple_iPhone4s,D02_Apple_iPhone4s,D04_LG_D290|D05_Apple_iPhone5c|D15_Apple_iPhone6|D19_Apple_iPhone6Plus,same_pipeline_different_device,facebook_high,facebook_high,2048x1536,2048x1536,prnu_python_wavelet_mle,mle_5,squared_aligned_ncc,test,46,0.008773948423415449,7.698217093675443e-05,2.0890374540588792e-07,1.5032548575862344e-07,9.543884076752268e-08,7.418876500048704e-08,7.690798217175395e-05,1037.6526814572132,512.1032574633696,6.238526279439036,True
D02_Apple_iPhone4s:facebook_high:0046,D02_Apple_iPhone4s,D04_LG_D290,D05_Apple_iPhone5c|D15_Apple_iPhone6|D19_Apple_iPhone6Plus,same_pipeline_different_device,facebook_high,facebook_high,2048x1536,2048x1536,prnu_python_wavelet_mle,mle_5,squared_aligned_ncc,test,46,0.00027237614616644945,7.418876500048704e-08,2.5380873887435484e-07,2.264622065167598e-07,1.9087768153504533e-07,4.993794851245903e-07,-4.251907201241033e-07,0.14856189973838765,0.32759887904296536,-1.1159653487338481,False
D02_Apple_iPhone4s:facebook_high:0046,D02_Apple_iPhone4s,D05_Apple_iPhone5c,D04_LG_D290|D15_Apple_iPhone6|D19_Apple_iPhone6Plus,same_pipeline_different_device,facebook_high,facebook_high,2048x1536,2048x1536,prnu_python_wavelet_mle,mle_5,squared_aligned_ncc,test,46,0.0007066678746940392,4.993794851245903e-07,1.1207849883298712e-07,7.418876500048704e-08,3.860424001877256e-08,7.418876500048704e-08,4.251907201241033e-07,6.731200945605605,6.731200945605605,1.9067535743350952,False
D02_Apple_iPhone4s:facebook_high:0046,D02_Apple_iPhone4s,D15_Apple_iPhone6,D04_LG_D290|D05_Apple_iPhone5c|D19_Apple_iPhone6Plus,same_pipeline_different_device,facebook_high,facebook_high,2048x1536,2048x1536,prnu_python_wavelet_mle,mle_5,squared_aligned_ncc,test,46,0.00047588045401840136,2.264622065167598e-07,2.0305092503559728e-07,7.418876500048704e-08,3.860424001877256e-08,7.418876500048704e-08,1.5227344151627276e-07,3.052513497364097,3.052513497364097,1.1159653487338481,False
D02_Apple_iPhone4s:facebook_high:0046,D02_Apple_iPhone4s,D19_Apple_iPhone6Plus,D04_LG_D290|D05_Apple_iPhone5c|D15_Apple_iPhone6,same_pipeline_different_device,facebook_high,facebook_high,2048x1536,2048x1536,prnu_python_wavelet_mle,mle_5,squared_aligned_ncc,test,46,-0.00018863860946718856,3.558452498171448e-08,2.666768188806124e-07,2.264622065167598e-07,1.5227344151627276e-07,7.418876500048704e-08,-3.860424001877256e-08,0.4796484343886958,0.15713228944045007,-1.8506672205276224,False
D02_Apple_iPhone4s:facebook_high:0047,D02_Apple_iPhone4s,D02_Apple_iPhone4s,D04_LG_D290|D05_Apple_iPhone5c|D15_Apple_iPhone6|D19_Apple_iPhone6Plus,same_pipeline_different_device,facebook_high,facebook_high,2048x1536,2048x1536,prnu_python_wavelet_mle,mle_5,squared_aligned_ncc,test,47,0.00020553705574122687,4.22454812827722e-08,7.55715379375624e-08,1.6469768373180906e-08,1.2022994531556475e-08,5.825026434817036e-09,3.6420454847955165e-08,7.252410226031725,2.565031901211436,0.9419709156648608,True
D02_Apple_iPhone4s:facebook_high:0047,D02_Apple_iPhone4s,D04_LG_D290,D05_Apple_iPhone5c|D15_Apple_iPhone6|D19_Apple_iPhone6Plus,same_pipeline_different_device,facebook_high,facebook_high,2048x1536,2048x1536,prnu_python_wavelet_mle,mle_5,squared_aligned_ncc,test,47,-7.632186079241672e-05,5.825026434817036e-09,9.882037510514418e-08,2.7114510311544777e-08,2.404598906311295e-08,2.662780937554559e-07,-2.6045306732063886e-07,0.021875725309069605,0.21483059689766423,-1.5379054828339065,False
D02_Apple_iPhone4s:facebook_high:0047,D02_Apple_iPhone4s,D05_Apple_iPhone5c,D04_LG_D290|D15_Apple_iPhone6|D19_Apple_iPhone6Plus,same_pipeline_different_device,facebook_high,facebook_high,2048x1536,2048x1536,prnu_python_wavelet_mle,mle_5,squared_aligned_ncc,test,47,0.0005160214082336661,2.662780937554559e-07,1.2002685998264546e-08,5.825026434817036e-09,2.7565051863852086e-09,5.825026434817036e-09,2.6045306732063886e-07,45.71277001660847,45.71277001660847,3.822377690302101,False
D02_Apple_iPhone4s:facebook_high:0047,D02_Apple_iPhone4s,D15_Apple_iPhone6,D04_LG_D290|D05_Apple_iPhone5c|D19_Apple_iPhone6Plus,same_pipeline_different_device,facebook_high,facebook_high,2048x1536,2048x1536,prnu_python_wavelet_mle,mle_5,squared_aligned_ncc,test,47,0.00016466484236638,2.7114510311544777e-08,9.172388047956827e-08,5.825026434817036e-09,2.7565051863852086e-09,5.825026434817036e-09,2.128948387672774e-08,4.654830431236737,4.654830431236737,1.5379054828339065,False
D02_Apple_iPhone4s:facebook_high:0047,D02_Apple_iPhone4s,D19_Apple_iPhone6Plus,D04_LG_D290|D05_Apple_iPhone5c|D15_Apple_iPhone6,same_pipeline_different_device,facebook_high,facebook_high,2048x1536,2048x1536,prnu_python_wavelet_mle,mle_5,squared_aligned_ncc,test,47,5.539423479417175e-05,3.0685212484318277e-09,9.97392101672726e-08,2.7114510311544777e-08,2.128948387672774e-08,5.825026434817036e-09,-2.7565051863852086e-09,0.5267823730534211,0.1131689716382345,-2.1788732529216475,False
D02_Apple_iPhone4s:facebook_high:0048,D02_Apple_iPhone4s,D02_Apple_iPhone4s,D04_LG_D290|D05_Apple_iPhone5c|D15_Apple_iPhone6|D19_Apple_iPhone6Plus,same_pipeline_different_device,facebook_high,facebook_high,2048x1536,2048x1536,prnu_python_wavelet_mle,mle_5,squared_aligned_ncc,test,48,0.00500220207363443,2.5022025585472592e-05,2.734327652166824e-07,2.145340585960058e-07,1.8326487839930798e-07,4.0408135183082115e-08,2.498161745028951e-05,619.2323766514396,116.63428058568624,4.7590432322988985,True
D02_Apple_iPhone4s:facebook_high:0048,D02_Apple_iPhone4s,D04_LG_D290,D05_Apple_iPhone5c|D15_Apple_iPhone6|D19_Apple_iPhone6Plus,same_pipeline_different_device,facebook_high,facebook_high,2048x1536,2048x1536,prnu_python_wavelet_mle,mle_5,squared_aligned_ncc,test,48,0.0002010177484280483,4.0408135183082115e-08,3.511076418945492e-07,3.8865998200892945e-07,2.538727364554752e-07,3.8865998200892945e-07,-3.482518468258473e-07,0.10396783063236426,0.10396783063236426,-2.263673748532975,False
D02_Apple_iPhone4s:facebook_high:0048,D02_Apple_iPhone4s,D05_Apple_iPhone5c,D04_LG_D290|D15_Apple_iPhone6|D19_Apple_iPhone6Plus,same_pipeline_different_device,facebook_high,facebook_high,2048x1536,2048x1536,prnu_python_wavelet_mle,mle_5,squared_aligned_ncc,test,48,0.0006234260036354992,3.8865998200892945e-07,2.350236929526001e-07,4.0408135183082115e-08,1.8277909972768567e-08,4.0408135183082115e-08,3.482518468258473e-07,9.618359774535,9.618359774535,2.263673748532975,False
D02_Apple_iPhone4s:facebook_high:0048,D02_Apple_iPhone4s,D15_Apple_iPhone6,D04_LG_D290|D05_Apple_iPhone5c|D19_Apple_iPhone6Plus,same_pipeline_different_device,facebook_high,facebook_high,2048x1536,2048x1536,prnu_python_wavelet_mle,mle_5,squared_aligned_ncc,test,48,-0.00014876231112184816,2.213022521031355e-08,3.5720027855213874e-07,3.8865998200892945e-07,2.538727364554752e-07,4.0408135183082115e-08,-1.8277909972768567e-08,0.5476675701574797,0.05693980917697132,-2.8657605484379776,False
D02_Apple_iPhone4s:facebook_high:0048,D02_Apple_iPhone4s,D19_Apple_iPhone6Plus,D04_LG_D290|D05_Apple_iPhone5c|D15_Apple_iPhone6,same_pipeline_different_device,facebook_high,facebook_high,2048x1536,2048x1536,prnu_python_wavelet_mle,mle_5,squared_aligned_ncc,test,48,0.0008015813860516003,6.425327184644046e-07,1.503994474674417e-07,4.0408135183082115e-08,1.8277909972768567e-08,4.0408135183082115e-08,6.021245832813226e-07,15.901073275299701,15.901073275299701,2.766386608539232,False
D02_Apple_iPhone4s:facebook_high:0049,D02_Apple_iPhone4s,D02_Apple_iPhone4s,D04_LG_D290|D05_Apple_iPhone5c|D15_Apple_iPhone6|D19_Apple_iPhone6Plus,same_pipeline_different_device,facebook_high,facebook_high,2048x1536,2048x1536,prnu_python_wavelet_mle,mle_5,squared_aligned_ncc,test,49,0.0055357519800591625,3.0644549984728936e-05,4.489802806489914e-07,2.710155100960632e-07,1.98366886048621e-07,4.495384593325097e-07,3.0195011525396426e-05,68.16891713832678,113.07304874863722,4.728034058957109,True
D02_Apple_iPhone4s:facebook_high:0049,D02_Apple_iPhone4s,D04_LG_D290,D05_Apple_iPhone5c|D15_Apple_iPhone6|D19_Apple_iPhone6Plus,same_pipeline_different_device,facebook_high,facebook_high,2048x1536,2048x1536,prnu_python_wavelet_mle,mle_5,squared_aligned_ncc,test,49,-0.0006704762928937232,4.495384593325097e-07,4.487942210878186e-07,9.249256085961667e-08,3.9687873624348886e-08,1.2010854151685714e-06,-7.515469558360616e-07,0.37427684464007693,4.860266113885743,1.5810931923569171,False
D02_Apple_iPhone4s:facebook_high:0049,D02_Apple_iPhone4s,D05_Apple_iPhone5c,D04_LG_D290|D15_Apple_iPhone6|D19_Apple_iPhone6Plus,same_pipeline_different_device,facebook_high,facebook_high,2048x1536,2048x1536,prnu_python_wavelet_mle,mle_5,squared_aligned_ncc,test,49,0.0010959404250088466,1.2010854151685714e-06,1.9827856914246472e-07,9.249256085961667e-08,3.9687873624348886e-08,4.495384593325097e-07,7.515469558360616e-07,2.671819040693392,12.985751545916806,2.563852721446528,False
D02_Apple_iPhone4s:facebook_high:0049,D02_Apple_iPhone4s,D15_Apple_iPhone6,D04_LG_D290|D05_Apple_iPhone5c|D19_Apple_iPhone6Plus,same_pipeline_different_device,facebook_high,facebook_high,2048x1536,2048x1536,prnu_python_wavelet_mle,mle_5,squared_aligned_ncc,test,49,-0.00022979270492177897,5.280468723526778e-08,5.810388117868993e-07,4.495384593325097e-07,3.57045898472893e-07,4.495384593325097e-07,-3.967337720972419e-07,0.11746422611688,0.11746422611688,-2.14162145033459,False
D02_Apple_iPhone4s:facebook_high:0049,D02_Apple_iPhone4s,D19_Apple_iPhone6Plus,D04_LG_D290|D05_Apple_iPhone5c|D15_Apple_iPhone6,same_pipeline_different_device,facebook_high,facebook_high,2048x1536,2048x1536,prnu_python_wavelet_mle,mle_5,squared_aligned_ncc,test,49,0.0003041258963975555,9.249256085961667e-08,5.678095205787829e-07,4.495384593325097e-07,3.967337720972419e-07,4.495384593325097e-07,-3.57045898472893e-07,0.2057500508342553,0.2057500508342553,-1.5810931923569171,False
D02_Apple_iPhone4s:facebook_high:0050,D02_Apple_iPhone4s,D02_Apple_iPhone4s,D04_LG_D290|D05_Apple_iPhone5c|D15_Apple_iPhone6|D19_Apple_iPhone6Plus,same_pipeline_different_device,facebook_high,facebook_high,2048x1536,2048x1536,prnu_python_wavelet_mle,mle_5,squared_aligned_ncc,test,50,-0.00040712701194010344,1.6575240385127713e-07,1.0228879364490628e-06,1.6937435172393973e-07,7.946460423468404e-08,2.0637198834108042e-07,-4.061958448980329e-08,0.8031729750906433,0.9786157240703955,-0.021616232332231533,True
D02_Apple_iPhone4s:facebook_high:0050,D02_Apple_iPhone4s,D04_LG_D290,D05_Apple_iPhone5c|D15_Apple_iPhone6|D19_Apple_iPhone6Plus,same_pipeline_different_device,facebook_high,facebook_high,2048x1536,2048x1536,prnu_python_wavelet_mle,mle_5,squared_aligned_ncc,test,50,-0.0004542818380048672,2.0637198834108042e-07,1.2950599191517236e-06,1.3237671510679907e-07,8.493393523508673e-08,3.7053602624766595e-06,-3.498988274135579e-06,0.0556955258658551,1.5589749917467233,0.44402854873256103,False
D02_Apple_iPhone4s:facebook_high:0050,D02_Apple_iPhone4s,D05_Apple_iPhone5c,D04_LG_D290|D15_Apple_iPhone6|D19_Apple_iPhone6Plus,same_pipeline_different_device,facebook_high,facebook_high,2048x1536,2048x1536,prnu_python_wavelet_mle,mle_5,squared_aligned_ncc,test,50,0.001924931235778738,3.7053602624766595e-06,1.2873049443986393e-07,1.3237671510679907e-07,7.399527323428135e-08,2.0637198834108042e-07,3.498988274135579e-06,17.954763591038535,27.991027421153667,3.3318840095758606,False
D02_Apple_iPhone4s:facebook_high:0050,D02_Apple_iPhone4s,D15_Apple_iPhone6,D04_LG_D290|D05_Apple_iPhone5c|D19_Apple_iPhone6Plus,same_pipeline_different_device,facebook_high,facebook_high,2048x1536,2048x1536,prnu_python_wavelet_mle,mle_5,squared_aligned_ncc,test,50,-0.0003638361102293161,1.3237671510679907e-07,1.3197250102298173e-06,2.0637198834108042e-07,1.5892920846936808e-07,2.0637198834108042e-07,-7.399527323428135e-08,0.6414471080639782,0.6414471080639782,-0.44402854873256103,False
D02_Apple_iPhone4s:facebook_high:0050,D02_Apple_iPhone4s,D19_Apple_iPhone6Plus,D04_LG_D290|D05_Apple_iPhone5c|D15_Apple_iPhone6,same_pipeline_different_device,facebook_high,facebook_high,2048x1536,2048x1536,prnu_python_wavelet_mle,mle_5,squared_aligned_ncc,test,50,-0.00021781363564229016,4.744277987171233e-08,1.3480363219748464e-06,2.0637198834108042e-07,7.399527323428135e-08,2.0637198834108042e-07,-1.5892920846936808e-07,0.22988962917438913,0.22988962917438913,-1.470155958389741,False
D04_LG_D290:facebook_high:0041,D04_LG_D290,D02_Apple_iPhone4s,D05_Apple_iPhone5c|D15_Apple_iPhone6|D19_Apple_iPhone6Plus,same_pipeline_different_device,facebook_high,facebook_high,2048x1536,2048x1536,prnu_python_wavelet_mle,mle_5,squared_aligned_ncc,test,41,0.0011683916085986077,1.3651389510436421e-06,7.549706625987004e-07,2.7617334703382254e-07,2.7442080598078697e-07,1.9869860997092434e-06,-6.218471486656013e-07,0.6870400106187977,4.943051042780227,1.5979827605470938,False
D04_LG_D290:facebook_high:0041,D04_LG_D290,D04_LG_D290,D02_Apple_iPhone4s|D05_Apple_iPhone5c|D15_Apple_iPhone6|D19_Apple_iPhone6Plus,same_pipeline_different_device,facebook_high,facebook_high,2048x1536,2048x1536,prnu_python_wavelet_mle,mle_5,squared_aligned_ncc,test,41,0.002421501736696011,5.8636706608217975e-06,9.075127347099359e-07,8.206561490387324e-07,6.816932049953033e-07,1.3651389510436421e-06,4.4985317097781556e-06,4.295292179846637,7.145100499996437,1.966426877062677,True
D04_LG_D290:facebook_high:0041,D04_LG_D290,D05_Apple_iPhone5c,D02_Apple_iPhone4s|D15_Apple_iPhone6|D19_Apple_iPhone6Plus,same_pipeline_different_device,facebook_high,facebook_high,2048x1536,2048x1536,prnu_python_wavelet_mle,mle_5,squared_aligned_ncc,test,41,-0.0014096049445533466,1.9869860997092434e-06,5.476882797101667e-07,2.7617334703382254e-07,2.7442080598078697e-07,1.3651389510436421e-06,6.218471486656013e-07,1.4555193068003827,7.194706227266385,1.9733455093829484,False
D04_LG_D290:facebook_high:0041,D04_LG_D290,D15_Apple_iPhone6,D02_Apple_iPhone4s|D05_Apple_iPhone5c|D19_Apple_iPhone6Plus,same_pipeline_different_device,facebook_high,facebook_high,2048x1536,2048x1536,prnu_python_wavelet_mle,mle_5,squared_aligned_ncc,test,41,-0.000525521975785811,2.7617334703382254e-07,1.1179591972686403e-06,1.3651389510436421e-06,6.218471486656013e-07,1.3651389510436421e-06,-1.0889656040098195e-06,0.2023042026767234,0.2023042026767234,-1.5979827605470938,False
D04_LG_D290:facebook_high:0041,D04_LG_D290,D19_Apple_iPhone6Plus,D02_Apple_iPhone4s|D05_Apple_iPhone5c|D15_Apple_iPhone6,same_pipeline_different_device,facebook_high,facebook_high,2048x1536,2048x1536,prnu_python_wavelet_mle,mle_5,squared_aligned_ncc,test,41,4.186336170251484e-05,1.7525410530355861e-09,1.209432799262236e-06,1.3651389510436421e-06,6.218471486656013e-07,1.3651389510436421e-06,-1.3633864099906066e-06,0.001283782175943172,0.001283782175943172,-6.657944733009764,False
D04_LG_D290:facebook_high:0042,D04_LG_D290,D02_Apple_iPhone4s,D05_Apple_iPhone5c|D15_Apple_iPhone6|D19_Apple_iPhone6Plus,same_pipeline_different_device,facebook_high,facebook_high,2048x1536,2048x1536,prnu_python_wavelet_mle,mle_5,squared_aligned_ncc,test,42,-0.0004178935855416313,1.7463504883684072e-07,1.6218559222675098e-06,8.946560495905558e-07,2.2585231941803085e-07,8.946560495905558e-07,-7.200210007537152e-07,0.1951979745923178,0.1951979745923178,-1.6337409811209227,False
D04_LG_D290:facebook_high:0042,D04_LG_D290,D04_LG_D290,D02_Apple_iPhone4s|D05_Apple_iPhone5c|D15_Apple_iPhone6|D19_Apple_iPhone6Plus,same_pipeline_different_device,facebook_high,facebook_high,2048x1536,2048x1536,prnu_python_wavelet_mle,mle_5,squared_aligned_ncc,test,42,0.002997938281603963,8.987633940306523e-06,1.2600507039098426e-06,7.817298898815404e-07,3.600105003768576e-07,1.7463504883684072e-07,8.812998891469683e-06,51.46523564524298,11.497109240211433,2.4420956333539685,True
D04_LG_D290:facebook_high:0042,D04_LG_D290,D05_Apple_iPhone5c,D02_Apple_iPhone4s|D15_Apple_iPhone6|D19_Apple_iPhone6Plus,same_pipeline_different_device,facebook_high,facebook_high,2048x1536,2048x1536,prnu_python_wavelet_mle,mle_5,squared_aligned_ncc,test,42,0.0009458625955129825,8.946560495905558e-07,1.3818489220162718e-06,6.68803730172525e-07,4.941686813356843e-07,1.7463504883684072e-07,7.200210007537152e-07,5.123003976288984,1.3376959625505824,0.29094870311239873,False
D04_LG_D290:facebook_high:0042,D04_LG_D290,D15_Apple_iPhone6,D02_Apple_iPhone4s|D05_Apple_iPhone5c|D19_Apple_iPhone6Plus,same_pipeline_different_device,facebook_high,facebook_high,2048x1536,2048x1536,prnu_python_wavelet_mle,mle_5,squared_aligned_ncc,test,42,-0.0008178042126160301,6.68803730172525e-07,1.4571330284889487e-06,8.946560495905558e-07,7.200210007537152e-07,1.7463504883684072e-07,4.941686813356843e-07,3.829722238617631,0.7475540242293187,-0.29094870311239873,False
D04_LG_D290:facebook_high:0042,D04_LG_D290,D19_Apple_iPhone6Plus,D02_Apple_iPhone4s|D05_Apple_iPhone5c|D15_Apple_iPhone6,same_pipeline_different_device,facebook_high,facebook_high,2048x1536,2048x1536,prnu_python_wavelet_mle,mle_5,squared_aligned_ncc,test,42,0.0018171703241687195,3.3021079870394493e-06,5.793649428666405e-07,6.68803730172525e-07,2.2585231941803085e-07,1.7463504883684072e-07,3.1274729382026086e-06,18.908621201947646,4.937334883266329,1.5968256883042837,False
D04_LG_D290:facebook_high:0043,D04_LG_D290,D02_Apple_iPhone4s,D05_Apple_iPhone5c|D15_Apple_iPhone6|D19_Apple_iPhone6Plus,same_pipeline_different_device,facebook_high,facebook_high,2048x1536,2048x1536,prnu_python_wavelet_mle,mle_5,squared_aligned_ncc,test,43,-0.001570065253347954,2.465104899770575e-06,1.3549916306916349e-06,1.9182637839463856e-06,5.841573671279777e-08,1.9182637839463856e-06,5.468411158241895e-07,1.285070864810464,1.285070864810464,0.2508138645390279,False
D04_LG_D290:facebook_high:0043,D04_LG_D290,D04_LG_D290,D02_Apple_iPhone4s|D05_Apple_iPhone5c|D15_Apple_iPhone6|D19_Apple_iPhone6Plus,same_pipeline_different_device,facebook_high,facebook_high,2048x1536,2048x1536,prnu_python_wavelet_mle,mle_5,squared_aligned_ncc,test,43,0.0030643516459832134,9.39025101024003e-06,1.6325199479613698e-06,1.9474716523027843e-06,2.7342055791209496e-07,2.465104899770575e-06,6.925146110469455e-06,3.809270352395134,4.8217651841743345,1.5731400818031034,True
D04_LG_D290:facebook_high:0043,D04_LG_D290,D05_Apple_iPhone5c,D02_Apple_iPhone4s|D15_Apple_iPhone6|D19_Apple_iPhone6Plus,same_pipeline_different_device,facebook_high,facebook_high,2048x1536,2048x1536,prnu_python_wavelet_mle,mle_5,squared_aligned_ncc,test,43,0.001385014001353916,1.9182637839463856e-06,1.5372720026330313e-06,1.9766795206591834e-06,4.884253791113917e-07,2.465104899770575e-06,-5.468411158241895e-07,0.7781672025904117,0.970447542911095,-0.029997929445356064,False
D04_LG_D290:facebook_high:0043,D04_LG_D290,D15_Apple_iPhone6,D02_Apple_iPhone4s|D05_Apple_iPhone5c|D19_Apple_iPhone6Plus,same_pipeline_different_device,facebook_high,facebook_high,2048x1536,2048x1536,prnu_python_wavelet_mle,mle_5,squared_aligned_ncc,test,43,0.00041234886621565394,1.7003158746933527e-07,2.120016068125381e-06,1.9766795206591834e-06,5.841573671279777e-08,2.465104899770575e-06,-2.2950733123012397e-06,0.06897539633512552,0.08601879348283686,-2.453189477732389,False
D04_LG_D290:facebook_high:0043,D04_LG_D290,D19_Apple_iPhone6Plus,D02_Apple_iPhone4s|D05_Apple_iPhone5c|D15_Apple_iPhone6,same_pipeline_different_device,facebook_high,facebook_high,2048x1536,2048x1536,prnu_python_wavelet_mle,mle_5,squared_aligned_ncc,test,43,-0.001405944351906996,1.9766795206591834e-06,1.5178000903954318e-06,1.9182637839463856e-06,5.468411158241895e-07,2.465104899770575e-06,-4.884253791113917e-07,0.8018642617777243,1.0304524003433047,0.029997929445356064,False
D04_LG_D290:facebook_high:0044,D04_LG_D290,D02_Apple_iPhone4s,D05_Apple_iPhone5c|D15_Apple_iPhone6|D19_Apple_iPhone6Plus,same_pipeline_different_device,facebook_high,facebook_high,2048x1536,2048x1536,prnu_python_wavelet_mle,mle_5,squared_aligned_ncc,test,44,-0.0003471793735163494,1.2053351739520485e-07,3.616008617878651e-07,1.7500077936547604e-07,1.677695648187602e-07,7.231214546715827e-09,1.1330230284848902e-07,16.66850245093988,0.6887598891401484,-0.3728625605198701,False
D04_LG_D290:facebook_high:0044,D04_LG_D290,D04_LG_D290,D02_Apple_iPhone4s|D05_Apple_iPhone5c|D15_Apple_iPhone6|D19_Apple_iPhone6Plus,same_pipeline_different_device,facebook_high,facebook_high,2048x1536,2048x1536,prnu_python_wavelet_mle,mle_5,squared_aligned_ncc,test,44,0.0038115447376718924,1.4527873287274295e-05,3.013340256897001e-07,1.4776714838034043e-07,8.38847824093801e-08,1.2053351739520485e-07,1.440733976987909e-05,120.52973812786328,98.31598867889599,4.588186665797503,True
D04_LG_D290:facebook_high:0044,D04_LG_D290,D05_Apple_iPhone5c,D02_Apple_iPhone4s|D15_Apple_iPhone6|D19_Apple_iPhone6Plus,same_pipeline_different_device,facebook_high,facebook_high,2048x1536,2048x1536,prnu_python_wavelet_mle,mle_5,squared_aligned_ncc,test,44,-8.503654829963306e-05,7.231214546715827e-09,3.993682960706948e-07,1.7500077936547604e-07,5.4467261970271186e-08,1.2053351739520485e-07,-1.1330230284848902e-07,0.05999339190447871,0.04132104195727024,-3.186383418270559,False
D04_LG_D290:facebook_high:0044,D04_LG_D290,D15_Apple_iPhone6,D02_Apple_iPhone4s|D05_Apple_iPhone5c|D19_Apple_iPhone6Plus,same_pipeline_different_device,facebook_high,facebook_high,2048x1536,2048x1536,prnu_python_wavelet_mle,mle_5,squared_aligned_ncc,test,44,-0.000950037152668991,9.025705914514036e-07,1.0092183710246559e-07,1.2053351739520485e-07,5.4467261970271186e-08,1.2053351739520485e-07,7.820370740561988e-07,7.488129534061953,7.488129534061953,2.0133190379121455,False
D04_LG_D290:facebook_high:0044,D04_LG_D290,D19_Apple_iPhone6Plus,D02_Apple_iPhone4s|D05_Apple_iPhone5c|D15_Apple_iPhone6,same_pipeline_different_device,facebook_high,facebook_high,2048x1536,2048x1536,prnu_python_wavelet_mle,mle_5,squared_aligned_ncc,test,44,-0.0004183309447859147,1.7500077936547604e-07,3.434451077977748e-07,1.2053351739520485e-07,1.1330230284848902e-07,1.2053351739520485e-07,5.4467261970271186e-08,1.4518847798300296,1.4518847798300296,0.3728625605198701,False
D04_LG_D290:facebook_high:0045,D04_LG_D290,D02_Apple_iPhone4s,D05_Apple_iPhone5c|D15_Apple_iPhone6|D19_Apple_iPhone6Plus,same_pipeline_different_device,facebook_high,facebook_high,2048x1536,2048x1536,prnu_python_wavelet_mle,mle_5,squared_aligned_ncc,test,45,0.0005656210683765287,3.1992719299140575e-07,2.1363106933599042e-06,1.1985396380841735e-06,1.1807031801348753e-06,5.192555984046241e-06,-4.872628791054835e-06,0.061612661274015976,0.266930840520885,-1.3207656784008162,False
D04_LG_D290:facebook_high:0045,D04_LG_D290,D04_LG_D290,D02_Apple_iPhone4s|D05_Apple_iPhone5c|D15_Apple_iPhone6|D19_Apple_iPhone6Plus,same_pipeline_different_device,facebook_high,facebook_high,2048x1536,2048x1536,prnu_python_wavelet_mle,mle_5,squared_aligned_ncc,test,45,0.0025898937951897285,6.707549870362255e-06,1.6822148182677797e-06,7.592334155377896e-07,5.903515900674376e-07,3.1992719299140575e-07,6.387622677370849e-06,20.965863538028294,8.83463468953231,2.1786797568163294,True
D04_LG_D290:facebook_high:0045,D04_LG_D290,D05_Apple_iPhone5c,D02_Apple_iPhone4s|D15_Apple_iPhone6|D19_Apple_iPhone6Plus,same_pipeline_different_device,facebook_high,facebook_high,2048x1536,2048x1536,prnu_python_wavelet_mle,mle_5,squared_aligned_ncc,test,45,-0.002278718057164212,5.192555984046241e-06,5.121010963416258e-07,3.1992719299140575e-07,3.020907350421075e-07,3.1992719299140575e-07,4.872628791054835e-06,16.230430228498047,16.230430228498047,2.7868878894005515,False
D04_LG_D290:facebook_high:0045,D04_LG_D290,D15_Apple_iPhone6,D02_Apple_iPhone4s|D05_Apple_iPhone5c|D19_Apple_iPhone6Plus,same_pipeline_different_device,facebook_high,facebook_high,2048x1536,2048x1536,prnu_python_wavelet_mle,mle_5,squared_aligned_ncc,test,45,0.00013355320269202938,1.7836457949298284e-08,2.2370076050406066e-06,1.1985396380841735e-06,8.786124450927678e-07,3.1992719299140575e-07,-3.020907350421075e-07,0.055751615805216745,0.014881825667283962,-4.207614564409509,False
D04_LG_D290:facebook_high:0045,D04_LG_D290,D19_Apple_iPhone6Plus,D02_Apple_iPhone4s|D05_Apple_iPhone5c|D15_Apple_iPhone6,same_pipeline_different_device,facebook_high,facebook_high,2048x1536,2048x1536,prnu_python_wavelet_mle,mle_5,squared_aligned_ncc,test,45,0.0010947783511214375,1.1985396380841735e-06,1.8434398783289817e-06,3.1992719299140575e-07,3.020907350421075e-07,3.1992719299140575e-07,8.786124450927678e-07,3.7462887317501954,3.7462887317501954,1.3207656784008162,False
D04_LG_D290:facebook_high:0046,D04_LG_D290,D02_Apple_iPhone4s,D05_Apple_iPhone5c|D15_Apple_iPhone6|D19_Apple_iPhone6Plus,same_pipeline_different_device,facebook_high,facebook_high,2048x1536,2048x1536,prnu_python_wavelet_mle,mle_5,squared_aligned_ncc,test,46,-0.000320565604916149,1.0276230705525653e-07,2.187631842283255e-08,2.3236996808409274e-08,1.126805973131842e-08,7.886901920360673e-09,9.487540513489585e-08,13.029489664372186,4.422357497508788,1.4866729243752346,False
D04_LG_D290:facebook_high:0046,D04_LG_D290,D04_LG_D290,D02_Apple_iPhone4s|D05_Apple_iPhone5c|D15_Apple_iPhone6|D19_Apple_iPhone6Plus,same_pipeline_different_device,facebook_high,facebook_high,2048x1536,2048x1536,prnu_python_wavelet_mle,mle_5,squared_aligned_ncc,test,46,0.0030888225026988363,9.540824453178703e-06,4.209781558093855e-08,2.8871026674068485e-08,1.330907730968351e-08,1.0276230705525653e-07,9.438062146123446e-06,92.84361870202551,330.4636361182169,5.800496626364563,True
D04_LG_D290:facebook_high:0046,D04_LG_D290,D05_Apple_iPhone5c,D02_Apple_iPhone4s|D15_Apple_iPhone6|D19_Apple_iPhone6Plus,same_pipeline_different_device,facebook_high,facebook_high,2048x1536,2048x1536,prnu_python_wavelet_mle,mle_5,squared_aligned_ncc,test,46,-8.880823115207663e-05,7.886901920360673e-09,5.350145346779784e-08,3.4505056539727695e-08,1.126805973131842e-08,1.0276230705525653e-07,-9.487540513489585e-08,0.07674897680255263,0.2285723517444471,-1.4759024809357797,False
D04_LG_D290:facebook_high:0046,D04_LG_D290,D15_Apple_iPhone6,D02_Apple_iPhone4s|D05_Apple_iPhone5c|D19_Apple_iPhone6Plus,same_pipeline_different_device,facebook_high,facebook_high,2048x1536,2048x1536,prnu_python_wavelet_mle,mle_5,squared_aligned_ncc,test,46,-0.00015243686171136322,2.3236996808409274e-08,4.838475517178164e-08,3.4505056539727695e-08,2.661815461936702e-08,1.0276230705525653e-07,-7.952531024684726e-08,0.22612373616635972,0.6734374360944796,-0.3953601811444827,False
D04_LG_D290:facebook_high:0046,D04_LG_D290,D19_Apple_iPhone6Plus,D02_Apple_iPhone4s|D05_Apple_iPhone5c|D15_Apple_iPhone6,same_pipeline_different_device,facebook_high,facebook_high,2048x1536,2048x1536,prnu_python_wavelet_mle,mle_5,squared_aligned_ncc,test,46,-0.0001857553674587297,3.4505056539727695e-08,4.462873526134216e-08,2.3236996808409274e-08,1.53500948880486e-08,1.0276230705525653e-07,-6.825725051552884e-08,0.33577541735389327,1.4849189344141325,0.3953601811444827,False
D04_LG_D290:facebook_high:0047,D04_LG_D290,D02_Apple_iPhone4s,D05_Apple_iPhone5c|D15_Apple_iPhone6|D19_Apple_iPhone6Plus,same_pipeline_different_device,facebook_high,facebook_high,2048x1536,2048x1536,prnu_python_wavelet_mle,mle_5,squared_aligned_ncc,test,47,-0.0004514645123043291,2.0382020587018573e-07,2.163275119519008e-06,2.0423328059902796e-06,1.7581310105611115e-06,4.163290757137577e-06,-3.959470551267391e-06,0.04895651487246113,0.0997977436744733,-2.3046097043925045,False
D04_LG_D290:facebook_high:0047,D04_LG_D290,D04_LG_D290,D02_Apple_iPhone4s|D05_Apple_iPhone5c|D15_Apple_iPhone6|D19_Apple_iPhone6Plus,same_pipeline_different_device,facebook_high,facebook_high,2048x1536,2048x1536,prnu_python_wavelet_mle,mle_5,squared_aligned_ncc,test,47,0.0013134574120606693,1.7251703732971108e-06,1.6734113911068027e-06,1.1632673007097237e-06,9.192563000600469e-07,2.0382020587018573e-07,1.521350167426925e-06,8.464177366182634,1.483038655212403,0.3940931283672775,True
D04_LG_D290:facebook_high:0047,D04_LG_D290,D05_Apple_iPhone5c,D02_Apple_iPhone4s|D15_Apple_iPhone6|D19_Apple_iPhone6Plus,same_pipeline_different_device,facebook_high,facebook_high,2048x1536,2048x1536,prnu_python_wavelet_mle,mle_5,squared_aligned_ncc,test,47,-0.002040414359177463,4.163290757137577e-06,8.434516024298777e-07,2.842017954291681e-07,8.038158955898238e-08,2.0382020587018573e-07,3.959470551267391e-06,20.426290609230374,14.649065643131019,2.684376554803265,False
D04_LG_D290:facebook_high:0047,D04_LG_D290,D15_Apple_iPhone6,D02_Apple_iPhone4s|D05_Apple_iPhone5c|D19_Apple_iPhone6Plus,same_pipeline_different_device,facebook_high,facebook_high,2048x1536,2048x1536,prnu_python_wavelet_mle,mle_5,squared_aligned_ncc,test,47,0.000533105801346382,2.842017954291681e-07,2.1364812563326806e-06,2.0423328059902796e-06,1.8385126001200938e-06,2.0382020587018573e-07,8.038158955898238e-08,1.3943749797317833,0.1391554768133714,-1.972163432723546,False
D04_LG_D290:facebook_high:0047,D04_LG_D290,D19_Apple_iPhone6Plus,D02_Apple_iPhone4s|D05_Apple_iPhone5c|D15_Apple_iPhone6,same_pipeline_different_device,facebook_high,facebook_high,2048x1536,2048x1536,prnu_python_wavelet_mle,mle_5,squared_aligned_ncc,test,47,-0.0014291020978188646,2.0423328059902796e-06,1.5504375861456435e-06,2.842017954291681e-07,8.038158955898238e-08,2.0382020587018573e-07,1.8385126001200938e-06,10.02026662307982,7.18620655758416,1.972163432723546,False
D04_LG_D290:facebook_high:0048,D04_LG_D290,D02_Apple_iPhone4s,D05_Apple_iPhone5c|D15_Apple_iPhone6|D19_Apple_iPhone6Plus,same_pipeline_different_device,facebook_high,facebook_high,2048x1536,2048x1536,prnu_python_wavelet_mle,mle_5,squared_aligned_ncc,test,48,-0.00014364793963019776,2.063473056000094e-08,4.269674544806376e-07,1.8082887016216048e-07,1.7805853255829425e-07,2.770337603866213e-09,1.7864392956134728e-08,7.448453405535712,0.11411192549893441,-2.17057550961837,False
D04_LG_D290:facebook_high:0048,D04_LG_D290,D04_LG_D290,D02_Apple_iPhone4s|D05_Apple_iPhone5c|D15_Apple_iPhone6|D19_Apple_iPhone6Plus,same_pipeline_different_device,facebook_high,facebook_high,2048x1536,2048x1536,prnu_python_wavelet_mle,mle_5,squared_aligned_ncc,test,48,0.00016088274441783735,2.5883257451415175e-08,3.253842735004784e-07,1.007318003610807e-07,8.902926627914713e-08,2.063473056000094e-08,5.248526891414235e-09,1.2543540307518315,0.2569521974057318,-1.358865213699822,True
D04_LG_D290:facebook_high:0048,D04_LG_D290,D05_Apple_iPhone5c,D02_Apple_iPhone4s|D15_Apple_iPhone6|D19_Apple_iPhone6Plus,same_pipeline_different_device,facebook_high,facebook_high,2048x1536,2048x1536,prnu_python_wavelet_mle,mle_5,squared_aligned_ncc,test,48,5.263399665488279e-05,2.770337603866213e-09,4.329222521326824e-07,1.8082887016216048e-07,1.6019413960215955e-07,2.063473056000094e-08,-1.7864392956134728e-08,0.1342560590171373,0.015320217404344114,-4.178581923886302,False
D04_LG_D290:facebook_high:0048,D04_LG_D290,D15_Apple_iPhone6,D02_Apple_iPhone4s|D05_Apple_iPhone5c|D19_Apple_iPhone6Plus,same_pipeline_different_device,facebook_high,facebook_high,2048x1536,2048x1536,prnu_python_wavelet_mle,mle_5,squared_aligned_ncc,test,48,-0.0010475223891048277,1.097303155675886e-06,6.807797944200921e-08,2.063473056000094e-08,1.7864392956134728e-08,2.063473056000094e-08,1.0766684251158852e-06,53.1774889177829,53.1774889177829,3.9736351661551534,False
D04_LG_D290:facebook_high:0048,D04_LG_D290,D19_Apple_iPhone6Plus,D02_Apple_iPhone4s|D05_Apple_iPhone5c|D15_Apple_iPhone6,same_pipeline_different_device,facebook_high,facebook_high,2048x1536,2048x1536,prnu_python_wavelet_mle,mle_5,squared_aligned_ncc,test,48,0.00042523977960929346,1.8082887016216048e-07,3.7356940794658446e-07,2.063473056000094e-08,1.7864392956134728e-08,2.063473056000094e-08,1.6019413960215955e-07,8.763325968146406,8.763325968146406,2.17057550961837,False
D04_LG_D290:facebook_high:0049,D04_LG_D290,D02_Apple_iPhone4s,D05_Apple_iPhone5c|D15_Apple_iPhone6|D19_Apple_iPhone6Plus,same_pipeline_different_device,facebook_high,facebook_high,2048x1536,2048x1536,prnu_python_wavelet_mle,mle_5,squared_aligned_ncc,test,49,0.0008262904067482973,6.827558362842666e-07,7.184727491628354e-07,8.885015695431787e-07,1.949402191102062e-07,8.885015695431787e-07,-2.0574573325891212e-07,0.7684351493439726,0.7684351493439726,-0.26339910558374235,False
D04_LG_D290:facebook_high:0049,D04_LG_D290,D04_LG_D290,D02_Apple_iPhone4s|D05_Apple_iPhone5c|D15_Apple_iPhone6|D19_Apple_iPhone6Plus,same_pipeline_different_device,facebook_high,facebook_high,2048x1536,2048x1536,prnu_python_wavelet_mle,mle_5,squared_aligned_ncc,test,49,0.0030065970736846445,9.039625963489068e-06,7.095435209431933e-07,7.856287029137227e-07,2.0034297618455916e-07,6.827558362842666e-07,8.356870127204802e-06,13.239910203748744,11.50623179876588,2.4428887841416937,True
D04_LG_D290:facebook_high:0049,D04_LG_D290,D05_Apple_iPhone5c,D02_Apple_iPhone4s|D15_Apple_iPhone6|D19_Apple_iPhone6Plus,same_pipeline_different_device,facebook_high,facebook_high,2048x1536,2048x1536,prnu_python_wavelet_mle,mle_5,squared_aligned_ncc,test,49,0.0009426036120995817,8.885015695431787e-07,6.498908380765315e-07,6.827558362842666e-07,4.0068595236911833e-07,6.827558362842666e-07,2.0574573325891212e-07,1.3013459897737871,1.3013459897737871,0.26339910558374235,False
D04_LG_D290:facebook_high:0049,D04_LG_D290,D15_Apple_iPhone6,D02_Apple_iPhone4s|D05_Apple_iPhone5c|D19_Apple_iPhone6Plus,same_pipeline_different_device,facebook_high,facebook_high,2048x1536,2048x1536,prnu_python_wavelet_mle,mle_5,squared_aligned_ncc,test,49,0.00042833968913928895,1.8347488929194268e-07,8.848997314936102e-07,8.885015695431787e-07,1.949402191102062e-07,6.827558362842666e-07,-4.992809469923239e-07,0.2687269438668739,0.2064992292430906,-1.577458599066997,False
D04_LG_D290:facebook_high:0049,D04_LG_D290,D19_Apple_iPhone6Plus,D02_Apple_iPhone4s|D05_Apple_iPhone5c|D15_Apple_iPhone6,same_pipeline_different_device,facebook_high,facebook_high,2048x1536,2048x1536,prnu_python_wavelet_mle,mle_5,squared_aligned_ncc,test,49,0.0010408850986796693,1.083441788653385e-06,5.84910765039796e-07,6.827558362842666e-07,2.0574573325891212e-07,6.827558362842666e-07,4.0068595236911833e-07,1.5868656569085584,1.5868656569085584,0.46176078572953827,False
D04_LG_D290:facebook_high:0050,D04_LG_D290,D02_Apple_iPhone4s,D05_Apple_iPhone5c|D15_Apple_iPhone6|D19_Apple_iPhone6Plus,same_pipeline_different_device,facebook_high,facebook_high,2048x1536,2048x1536,prnu_python_wavelet_mle,mle_5,squared_aligned_ncc,test,50,0.0009273844118355983,8.600418473156587e-07,4.5925177382205465e-07,5.979159170854854e-07,3.197451689356667e-08,1.4994897040162635e-07,7.100928769140324e-07,5.7355635387966,1.438399317930679,0.3635309105489828,False
D04_LG_D290:facebook_high:0050,D04_LG_D290,D04_LG_D290,D02_Apple_iPhone4s|D05_Apple_iPhone5c|D15_Apple_iPhone6|D19_Apple_iPhone6Plus,same_pipeline_different_device,facebook_high,facebook_high,2048x1536,2048x1536,prnu_python_wavelet_mle,mle_5,squared_aligned_ncc,test,50,0.004073669899665737,1.6594786451442656e-05,5.594492921954556e-07,6.139031755322687e-07,1.310629651150867e-07,8.600418473156587e-07,1.5734744604127e-05,19.29532441152473,27.03160223443148,3.2970066346851823,True
D04_LG_D290:facebook_high:0050,D04_LG_D290,D05_Apple_iPhone5c,D02_Apple_iPhone4s|D15_Apple_iPhone6|D19_Apple_iPhone6Plus,same_pipeline_different_device,facebook_high,facebook_high,2048x1536,2048x1536,prnu_python_wavelet_mle,mle_5,squared_aligned_ncc,test,50,0.0003872324500886081,1.4994897040162635e-07,6.959493994600653e-07,6.29890433979052e-07,3.197451689356667e-08,8.600418473156587e-07,-7.100928769140324e-07,0.17435078405736112,0.2380556400172496,-1.4352508510482362,False
D04_LG_D290:facebook_high:0050,D04_LG_D290,D15_Apple_iPhone6,D02_Apple_iPhone4s|D05_Apple_iPhone5c|D19_Apple_iPhone6Plus,same_pipeline_different_device,facebook_high,facebook_high,2048x1536,2048x1536,prnu_python_wavelet_mle,mle_5,squared_aligned_ncc,test,50,-0.0007732502292825301,5.979159170854854e-07,5.46627083898779e-07,6.29890433979052e-07,2.3015141333660663e-07,8.600418473156587e-07,-2.621259302301733e-07,0.6952172373375618,0.9492379703378222,-0.05209575275766554,False
D04_LG_D290:facebook_high:0050,D04_LG_D290,D19_Apple_iPhone6Plus,D02_Apple_iPhone4s|D05_Apple_iPhone5c|D15_Apple_iPhone6,same_pipeline_different_device,facebook_high,facebook_high,2048x1536,2048x1536,prnu_python_wavelet_mle,mle_5,squared_aligned_ncc,test,50,-0.0007936563702126079,6.29890433979052e-07,5.359689116009234e-07,5.979159170854854e-07,2.621259302301733e-07,8.600418473156587e-07,-2.3015141333660663e-07,0.7323950990815743,1.0534766109747087,0.05209575275766554,False
D05_Apple_iPhone5c:facebook_high:0041,D05_Apple_iPhone5c,D02_Apple_iPhone4s,D04_LG_D290|D15_Apple_iPhone6|D19_Apple_iPhone6Plus,same_pipeline_different_device,facebook_high,facebook_high,2048x1536,2048x1536,prnu_python_wavelet_mle,mle_5,squared_aligned_ncc,test,41,-0.0015275959806166641,2.3335494799961876e-06,6.568371927852431e-07,2.9141659095329695e-07,1.1431970935204922e-07,1.5019981058011845e-06,8.315513741950031e-07,1.5536301084424093,8.00760681594195,2.0803919418991796,False
D05_Apple_iPhone5c:facebook_high:0041,D05_Apple_iPhone5c,D04_LG_D290,D02_Apple_iPhone4s|D15_Apple_iPhone6|D19_Apple_iPhone6Plus,same_pipeline_different_device,facebook_high,facebook_high,2048x1536,2048x1536,prnu_python_wavelet_mle,mle_5,squared_aligned_ncc,test,41,-0.0012255603231996312,1.5019981058011845e-06,9.340209841835775e-07,2.9141659095329695e-07,1.1431970935204922e-07,2.3335494799961876e-06,-8.315513741950031e-07,0.6436538495012493,5.154126952373477,1.6397977437416138,False
D05_Apple_iPhone5c:facebook_high:0041,D05_Apple_iPhone5c,D05_Apple_iPhone5c,D02_Apple_iPhone4s|D04_LG_D290|D15_Apple_iPhone6|D19_Apple_iPhone6Plus,same_pipeline_different_device,facebook_high,facebook_high,2048x1536,2048x1536,prnu_python_wavelet_mle,mle_5,squared_aligned_ncc,test,41,-0.00014250407750040128,2.0307412104240374e-08,1.0760152645879794e-06,8.967073483772407e-07,6.624506120999684e-07,2.3335494799961876e-06,-2.3132420678919473e-06,0.008702370478243963,0.022646644014895634,-3.7877436051436995,True
D05_Apple_iPhone5c:facebook_high:0041,D05_Apple_iPhone5c,D15_Apple_iPhone6,D02_Apple_iPhone4s|D04_LG_D290|D19_Apple_iPhone6Plus,same_pipeline_different_device,facebook_high,facebook_high,2048x1536,2048x1536,prnu_python_wavelet_mle,mle_5,squared_aligned_ncc,test,41,0.00042082880319822184,1.7709688160124774e-07,1.3756547255835566e-06,1.5019981058011845e-06,8.315513741950031e-07,2.3335494799961876e-06,-2.15645259839494e-06,0.07589163337626638,0.11790752659224031,-2.1378546346957563,False
D05_Apple_iPhone5c:facebook_high:0041,D05_Apple_iPhone5c,D19_Apple_iPhone6Plus,D02_Apple_iPhone4s|D04_LG_D290|D15_Apple_iPhone6,same_pipeline_different_device,facebook_high,facebook_high,2048x1536,2048x1536,prnu_python_wavelet_mle,mle_5,squared_aligned_ncc,test,41,0.0005398301500965808,2.9141659095329695e-07,1.3375481557995402e-06,1.5019981058011845e-06,8.315513741950031e-07,2.3335494799961876e-06,-2.042132889042891e-06,0.12488125640848766,0.194019279936343,-1.6397977437416138,False
D05_Apple_iPhone5c:facebook_high:0042,D05_Apple_iPhone5c,D02_Apple_iPhone4s,D04_LG_D290|D15_Apple_iPhone6|D19_Apple_iPhone6Plus,same_pipeline_different_device,facebook_high,facebook_high,2048x1536,2048x1536,prnu_python_wavelet_mle,mle_5,squared_aligned_ncc,test,42,-0.00038754804522772053,1.5019348735982732e-07,1.0526713734538199e-07,1.9743057585663883e-08,9.509393606675203e-09,1.9743057585663883e-08,1.3045042977416345e-07,7.6074076524442695,7.6074076524442695,2.0291224637004266,False
D05_Apple_iPhone5c:facebook_high:0042,D05_Apple_iPhone5c,D04_LG_D290,D02_Apple_iPhone4s|D15_Apple_iPhone6|D19_Apple_iPhone6Plus,same_pipeline_different_device,facebook_high,facebook_high,2048x1536,2048x1536,prnu_python_wavelet_mle,mle_5,squared_aligned_ncc,test,42,-0.00014050999105282117,1.9743057585663883e-08,1.487506139367698e-07,1.5019348735982732e-07,1.3563120311166607e-07,1.5019348735982732e-07,-1.3045042977416345e-07,0.13145082341928904,0.13145082341928904,-2.0291224637004266,False
D05_Apple_iPhone5c:facebook_high:0042,D05_Apple_iPhone5c,D05_Apple_iPhone5c,D02_Apple_iPhone4s|D04_LG_D290|D15_Apple_iPhone6|D19_Apple_iPhone6Plus,same_pipeline_different_device,facebook_high,facebook_high,2048x1536,2048x1536,prnu_python_wavelet_mle,mle_5,squared_aligned_ncc,test,42,0.0003185208755833995,1.0145554818241546e-07,1.1649872484899332e-07,8.49682724727456e-08,6.997991169041932e-08,1.5019348735982732e-07,-4.873793917741186e-08,0.6754989844489893,1.194040378012373,0.17734283182941368,True
D05_Apple_iPhone5c:facebook_high:0042,D05_Apple_iPhone5c,D15_Apple_iPhone6,D02_Apple_iPhone4s|D04_LG_D290|D19_Apple_iPhone6Plus,same_pipeline_different_device,facebook_high,facebook_high,2048x1536,2048x1536,prnu_python_wavelet_mle,mle_5,squared_aligned_ncc,test,42,-0.0001011615736284716,1.023366397898868e-08,1.5192041180566154e-07,1.5019348735982732e-07,1.3045042977416345e-07,1.5019348735982732e-07,-1.3995982338083865e-07,0.06813653613669209,0.06813653613669209,-2.686241702548445,False
D05_Apple_iPhone5c:facebook_high:0042,D05_Apple_iPhone5c,D19_Apple_iPhone6Plus,D02_Apple_iPhone4s|D04_LG_D290|D15_Apple_iPhone6,same_pipeline_different_device,facebook_high,facebook_high,2048x1536,2048x1536,prnu_python_wavelet_mle,mle_5,squared_aligned_ncc,test,42,-0.0005346257480438941,2.858246904714934e-07,6.005673630815996e-08,1.9743057585663883e-08,9.509393606675203e-09,1.5019348735982732e-07,1.3563120311166607e-07,1.903043171151133,14.47722518314694,2.6725767375958664,False
D05_Apple_iPhone5c:facebook_high:0043,D05_Apple_iPhone5c,D02_Apple_iPhone4s,D04_LG_D290|D15_Apple_iPhone6|D19_Apple_iPhone6Plus,same_pipeline_different_device,facebook_high,facebook_high,2048x1536,2048x1536,prnu_python_wavelet_mle,mle_5,squared_aligned_ncc,test,43,0.0010154886141346005,1.0312171254370116e-06,2.0817253819857176e-06,1.5861806910695358e-06,1.2919664558275135e-06,2.9421423524202235e-07,7.370028901949892e-07,3.504987189313686,0.6501258849278254,-0.43058926572416567,False
D05_Apple_iPhone5c:facebook_high:0043,D05_Apple_iPhone5c,D04_LG_D290,D02_Apple_iPhone4s|D15_Apple_iPhone6|D19_Apple_iPhone6Plus,same_pipeline_different_device,facebook_high,facebook_high,2048x1536,2048x1536,prnu_python_wavelet_mle,mle_5,squared_aligned_ncc,test,43,-0.0005424151871417525,2.9421423524202235e-07,2.3273930120507136e-06,1.5861806910695358e-06,5.549635656325242e-07,1.0312171254370116e-06,-7.370028901949892e-07,0.2853077475001587,0.18548595182030522,-1.6847761312293414,False
D05_Apple_iPhone5c:facebook_high:0043,D05_Apple_iPhone5c,D05_Apple_iPhone5c,D02_Apple_iPhone4s|D04_LG_D290|D15_Apple_iPhone6|D19_Apple_iPhone6Plus,same_pipeline_different_device,facebook_high,facebook_high,2048x1536,2048x1536,prnu_python_wavelet_mle,mle_5,squared_aligned_ncc,test,43,0.005772180692046783,3.3318069941637675e-05,1.819098317848541e-06,1.3086989082532736e-06,6.459832279137567e-07,1.0312171254370116e-06,3.228685281620066e-05,32.30946143133345,25.45892697817518,3.2370664468434427,True
D05_Apple_iPhone5c:facebook_high:0043,D05_Apple_iPhone5c,D15_Apple_iPhone6,D02_Apple_iPhone4s|D04_LG_D290|D19_Apple_iPhone6Plus,same_pipeline_different_device,facebook_high,facebook_high,2048x1536,2048x1536,prnu_python_wavelet_mle,mle_5,squared_aligned_ncc,test,43,-0.002089205882541401,4.364781219645594e-06,9.705373505828565e-07,1.0312171254370116e-06,5.549635656325242e-07,1.0312171254370116e-06,3.3335640942085824e-06,4.232650052040086,4.232650052040086,1.442828286739342,False
D05_Apple_iPhone5c:facebook_high:0043,D05_Apple_iPhone5c,D19_Apple_iPhone6Plus,D02_Apple_iPhone4s|D04_LG_D290|D15_Apple_iPhone6,same_pipeline_different_device,facebook_high,facebook_high,2048x1536,2048x1536,prnu_python_wavelet_mle,mle_5,squared_aligned_ncc,test,43,-0.001259436656235452,1.5861806910695358e-06,1.896737526774876e-06,1.0312171254370116e-06,7.370028901949892e-07,1.0312171254370116e-06,5.549635656325242e-07,1.5381636436626676,1.5381636436626676,0.43058926572416567,False
D05_Apple_iPhone5c:facebook_high:0044,D05_Apple_iPhone5c,D02_Apple_iPhone4s,D04_LG_D290|D15_Apple_iPhone6|D19_Apple_iPhone6Plus,same_pipeline_different_device,facebook_high,facebook_high,2048x1536,2048x1536,prnu_python_wavelet_mle,mle_5,squared_aligned_ncc,test,44,-0.001726616980824985,2.981206198473187e-06,4.820280848002671e-07,4.3074613793169657e-07,1.9870016898973264e-07,4.3074613793169657e-07,2.5504600605414903e-06,6.9210282715196785,6.9210282715196785,1.9345643527408036,False
D05_Apple_iPhone5c:facebook_high:0044,D05_Apple_iPhone5c,D04_LG_D290,D02_Apple_iPhone4s|D15_Apple_iPhone6|D19_Apple_iPhone6Plus,same_pipeline_different_device,facebook_high,facebook_high,2048x1536,2048x1536,prnu_python_wavelet_mle,mle_5,squared_aligned_ncc,test,44,-0.0006563125306831316,4.3074613793169657e-07,1.3321814383140973e-06,7.832921475271409e-07,5.51246178585177e-07,2.981206198473187e-06,-2.5504600605414903e-06,0.14448720056744196,0.5499176000826325,-0.59798683001104,False
D05_Apple_iPhone5c:facebook_high:0044,D05_Apple_iPhone5c,D05_Apple_iPhone5c,D02_Apple_iPhone4s|D04_LG_D290|D15_Apple_iPhone6|D19_Apple_iPhone6Plus,same_pipeline_different_device,facebook_high,facebook_high,2048x1536,2048x1536,prnu_python_wavelet_mle,mle_5,squared_aligned_ncc,test,44,0.005578545066931592,3.1120165063786804e-05,1.1068226132184971e-06,6.070191427294187e-07,2.756230892925885e-07,2.981206198473187e-06,2.8138958865313617e-05,10.438783160898053,51.267188912456994,3.9370509552005153,True
D05_Apple_iPhone5c:facebook_high:0044,D05_Apple_iPhone5c,D15_Apple_iPhone6,D02_Apple_iPhone4s|D04_LG_D290|D19_Apple_iPhone6Plus,same_pipeline_different_device,facebook_high,facebook_high,2048x1536,2048x1536,prnu_python_wavelet_mle,mle_5,squared_aligned_ncc,test,44,-0.000481711499698693,2.3204596894196393e-07,1.3984148279773417e-06,7.832921475271409e-07,3.525460095954443e-07,2.981206198473187e-06,-2.749160229531223e-06,0.07783626944718058,0.29624447235240997,-1.216570245432914,False
D05_Apple_iPhone5c:facebook_high:0044,D05_Apple_iPhone5c,D19_Apple_iPhone6Plus,D02_Apple_iPhone4s|D04_LG_D290|D15_Apple_iPhone6,same_pipeline_different_device,facebook_high,facebook_high,2048x1536,2048x1536,prnu_python_wavelet_mle,mle_5,squared_aligned_ncc,test,44,-0.0008850379356429536,7.832921475271409e-07,1.2146661017822827e-06,4.3074613793169657e-07,1.9870016898973264e-07,2.981206198473187e-06,-2.197914050946046e-06,0.26274336472542587,1.8184542554188785,0.59798683001104,False
D05_Apple_iPhone5c:facebook_high:0045,D05_Apple_iPhone5c,D02_Apple_iPhone4s,D04_LG_D290|D15_Apple_iPhone6|D19_Apple_iPhone6Plus,same_pipeline_different_device,facebook_high,facebook_high,2048x1536,2048x1536,prnu_python_wavelet_mle,mle_5,squared_aligned_ncc,test,45,0.0005408972436966571,2.9256982823864083e-07,1.8090754201578803e-07,3.564685418710703e-08,1.3999092096429772e-08,3.564685418710703e-08,2.569229740515338e-07,8.207451538443447,8.207451538443447,2.1050424658307563,False
D05_Apple_iPhone5c:facebook_high:0045,D05_Apple_iPhone5c,D04_LG_D290,D02_Apple_iPhone4s|D15_Apple_iPhone6|D19_Apple_iPhone6Plus,same_pipeline_different_device,facebook_high,facebook_high,2048x1536,2048x1536,prnu_python_wavelet_mle,mle_5,squared_aligned_ncc,test,45,-0.00018880374516176058,3.564685418710703e-08,2.6654853336629933e-07,2.9256982823864083e-07,1.92858181530939e-07,2.9256982823864083e-07,-2.569229740515338e-07,0.12184050010116187,0.12184050010116187,-2.1050424658307563,False
D05_Apple_iPhone5c:facebook_high:0045,D05_Apple_iPhone5c,D05_Apple_iPhone5c,D02_Apple_iPhone4s|D04_LG_D290|D15_Apple_iPhone6|D19_Apple_iPhone6Plus,same_pipeline_different_device,facebook_high,facebook_high,2048x1536,2048x1536,prnu_python_wavelet_mle,mle_5,squared_aligned_ncc,test,45,0.006054636702954897,3.6658625604768544e-05,2.0882311357150126e-07,1.6410834121287393e-07,1.3546103307398178e-07,2.9256982823864083e-07,3.63660557765299e-05,125.29872210495729,223.38063582774643,5.408877203503769,True
D05_Apple_iPhone5c:facebook_high:0045,D05_Apple_iPhone5c,D15_Apple_iPhone6,D02_Apple_iPhone4s|D04_LG_D290|D19_Apple_iPhone6Plus,same_pipeline_different_device,facebook_high,facebook_high,2048x1536,2048x1536,prnu_python_wavelet_mle,mle_5,squared_aligned_ncc,test,45,-0.0006967266391990333,4.854280097695798e-07,1.1662148150547504e-07,3.564685418710703e-08,1.3999092096429772e-08,2.9256982823864083e-07,1.92858181530939e-07,1.6591868433324235,13.617695609873826,2.6113700947676257,False
D05_Apple_iPhone5c:facebook_high:0045,D05_Apple_iPhone5c,D19_Apple_iPhone6Plus,D02_Apple_iPhone4s|D04_LG_D290|D15_Apple_iPhone6,same_pipeline_different_device,facebook_high,facebook_high,2048x1536,2048x1536,prnu_python_wavelet_mle,mle_5,squared_aligned_ncc,test,45,-0.00014713178477364182,2.164776209067726e-08,2.712148973984426e-07,2.9256982823864083e-07,1.92858181530939e-07,2.9256982823864083e-07,-2.7092206614796355e-07,0.07399177906007383,0.07399177906007383,-2.603801285732125,False
D05_Apple_iPhone5c:facebook_high:0046,D05_Apple_iPhone5c,D02_Apple_iPhone4s,D04_LG_D290|D15_Apple_iPhone6|D19_Apple_iPhone6Plus,same_pipeline_different_device,facebook_high,facebook_high,2048x1536,2048x1536,prnu_python_wavelet_mle,mle_5,squared_aligned_ncc,test,46,-0.0005996026098555929,3.595232897456383e-07,3.0810592906907323e-07,1.727168364118524e-07,8.874296604265787e-08,8.397387036919452e-08,2.7554941937644374e-07,4.281370957001024,2.0815763952990434,0.7331254890207255,False
D05_Apple_iPhone5c:facebook_high:0046,D05_Apple_iPhone5c,D04_LG_D290,D02_Apple_iPhone4s|D15_Apple_iPhone6|D19_Apple_iPhone6Plus,same_pipeline_different_device,facebook_high,facebook_high,2048x1536,2048x1536,prnu_python_wavelet_mle,mle_5,squared_aligned_ncc,test,46,-0.00028978245352193863,8.397387036919452e-08,3.9995573552788774e-07,3.595232897456383e-07,1.868064533337859e-07,3.595232897456383e-07,-2.7554941937644374e-07,0.23357004334435688,0.23357004334435688,-1.454273275359462,False
D05_Apple_iPhone5c:facebook_high:0046,D05_Apple_iPhone5c,D05_Apple_iPhone5c,D02_Apple_iPhone4s|D04_LG_D290|D15_Apple_iPhone6|D19_Apple_iPhone6Plus,same_pipeline_different_device,facebook_high,facebook_high,2048x1536,2048x1536,prnu_python_wavelet_mle,mle_5,squared_aligned_ncc,test,46,0.006344055639885121,4.024704196195821e-05,3.2096026923821447e-07,2.6612006307874534e-07,1.3777470968822187e-07,3.595232897456383e-07,3.9887518672212574e-05,111.94557657289151,151.2364062158254,5.018844216612832,True
D05_Apple_iPhone5c:facebook_high:0046,D05_Apple_iPhone5c,D15_Apple_iPhone6,D02_Apple_iPhone4s|D04_LG_D290|D19_Apple_iPhone6Plus,same_pipeline_different_device,facebook_high,facebook_high,2048x1536,2048x1536,prnu_python_wavelet_mle,mle_5,squared_aligned_ncc,test,46,0.0004155921515282169,1.727168364118524e-07,3.7037474684700183e-07,3.595232897456383e-07,2.7554941937644374e-07,3.595232897456383e-07,-1.868064533337859e-07,0.4804051401900808,0.4804051401900808,-0.7331254890207255,False
D05_Apple_iPhone5c:facebook_high:0046,D05_Apple_iPhone5c,D19_Apple_iPhone6Plus,D02_Apple_iPhone4s|D04_LG_D290|D15_Apple_iPhone6,same_pipeline_different_device,facebook_high,facebook_high,2048x1536,2048x1536,prnu_python_wavelet_mle,mle_5,squared_aligned_ncc,test,46,0.0008170845001749652,6.676270804261727e-07,2.0540466550889505e-07,1.727168364118524e-07,8.874296604265787e-08,3.595232897456383e-07,3.0810379068053443e-07,1.8569786700008142,3.8654429660475067,1.3520762850575903,False
D05_Apple_iPhone5c:facebook_high:0047,D05_Apple_iPhone5c,D02_Apple_iPhone4s,D04_LG_D290|D15_Apple_iPhone6|D19_Apple_iPhone6Plus,same_pipeline_different_device,facebook_high,facebook_high,2048x1536,2048x1536,prnu_python_wavelet_mle,mle_5,squared_aligned_ncc,test,47,0.0004644605336763299,2.1572358734290116e-07,2.140702244079624e-06,7.660510130624443e-07,7.605427966311246e-07,7.660510130624443e-07,-5.503274257195431e-07,0.28160472822887134,0.28160472822887134,-1.2672508642537288,False
D05_Apple_iPhone5c:facebook_high:0047,D05_Apple_iPhone5c,D04_LG_D290,D02_Apple_iPhone4s|D15_Apple_iPhone6|D19_Apple_iPhone6Plus,same_pipeline_different_device,facebook_high,facebook_high,2048x1536,2048x1536,prnu_python_wavelet_mle,mle_5,squared_aligned_ncc,test,47,0.0008752434021816127,7.660510130624443e-07,1.9572597688397765e-06,2.1572358734290116e-07,2.1021537091158144e-07,2.1572358734290116e-07,5.503274257195431e-07,3.55107673897883,3.55107673897883,1.2672508642537288,False
D05_Apple_iPhone5c:facebook_high:0047,D05_Apple_iPhone5c,D05_Apple_iPhone5c,D02_Apple_iPhone4s|D04_LG_D290|D15_Apple_iPhone6|D19_Apple_iPhone6Plus,same_pipeline_different_device,facebook_high,facebook_high,2048x1536,2048x1536,prnu_python_wavelet_mle,mle_5,squared_aligned_ncc,test,47,0.0023640174340070286,5.588578428289176e-06,1.6594575798954433e-06,4.908873002026727e-07,3.802713983155623e-07,2.1572358734290116e-07,5.372854840946274e-06,25.906200138448046,11.384646589923632,2.432265657305628,True
D05_Apple_iPhone5c:facebook_high:0047,D05_Apple_iPhone5c,D15_Apple_iPhone6,D02_Apple_iPhone4s|D04_LG_D290|D19_Apple_iPhone6Plus,same_pipeline_different_device,facebook_high,facebook_high,2048x1536,2048x1536,prnu_python_wavelet_mle,mle_5,squared_aligned_ncc,test,47,7.4217359366389e-05,5.508216431319728e-09,2.2107740343834845e-06,7.660510130624443e-07,5.503274257195431e-07,2.1572358734290116e-07,-2.1021537091158144e-07,0.02553367714289027,0.007190404212507358,-4.935007890121833,False
D05_Apple_iPhone5c:facebook_high:0047,D05_Apple_iPhone5c,D19_Apple_iPhone6Plus,D02_Apple_iPhone4s|D04_LG_D290|D15_Apple_iPhone6,same_pipeline_different_device,facebook_high,facebook_high,2048x1536,2048x1536,prnu_python_wavelet_mle,mle_5,squared_aligned_ncc,test,47,-0.002377088030079052,5.650547502745108e-06,3.2909427227888833e-07,2.1572358734290116e-07,2.1021537091158144e-07,2.1572358734290116e-07,5.4348239154022065e-06,26.193461606789153,26.193461606789153,3.265509822629742,False
D05_Apple_iPhone5c:facebook_high:0048,D05_Apple_iPhone5c,D02_Apple_iPhone4s,D04_LG_D290|D15_Apple_iPhone6|D19_Apple_iPhone6Plus,same_pipeline_different_device,facebook_high,facebook_high,2048x1536,2048x1536,prnu_python_wavelet_mle,mle_5,squared_aligned_ncc,test,48,0.0005048439103276187,2.5486737379488066e-07,1.0968761724705674e-07,1.4796574306941333e-07,1.1584888186664884e-09,1.4796574306941333e-07,1.0690163072546733e-07,1.7224755440542605,1.7224755440542605,0.543762525868317,False
D05_Apple_iPhone5c:facebook_high:0048,D05_Apple_iPhone5c,D04_LG_D290,D02_Apple_iPhone4s|D15_Apple_iPhone6|D19_Apple_iPhone6Plus,same_pipeline_different_device,facebook_high,facebook_high,2048x1536,2048x1536,prnu_python_wavelet_mle,mle_5,squared_aligned_ncc,test,48,0.00038466315533127593,1.4796574306941333e-07,1.4532149415554582e-07,1.4912423188807982e-07,1.0574314190680084e-07,2.5486737379488066e-07,-1.0690163072546733e-07,0.5805597666984922,0.992231384504056,-0.007798948387813809,False
D05_Apple_iPhone5c:facebook_high:0048,D05_Apple_iPhone5c,D05_Apple_iPhone5c,D02_Apple_iPhone4s|D04_LG_D290|D15_Apple_iPhone6|D19_Apple_iPhone6Plus,same_pipeline_different_device,facebook_high,facebook_high,2048x1536,2048x1536,prnu_python_wavelet_mle,mle_5,squared_aligned_ncc,test,48,-0.0003126031564271391,9.772073340821039e-08,1.459825563840127e-07,1.4854498747874659e-07,5.3450815362733665e-08,2.5486737379488066e-07,-1.5714664038667026e-07,0.383417979136305,0.6578527829637605,-0.41877410678665505,True
D05_Apple_iPhone5c:facebook_high:0048,D05_Apple_iPhone5c,D15_Apple_iPhone6,D02_Apple_iPhone4s|D04_LG_D290|D19_Apple_iPhone6Plus,same_pipeline_different_device,facebook_high,facebook_high,2048x1536,2048x1536,prnu_python_wavelet_mle,mle_5,squared_aligned_ncc,test,48,0.00017880961043433057,3.197287678367706e-08,1.8398578291745793e-07,1.4912423188807982e-07,1.1584888186664884e-09,2.5486737379488066e-07,-2.228944970112036e-07,0.1254490769360267,0.21440430156028048,-1.539891786739176,False
D05_Apple_iPhone5c:facebook_high:0048,D05_Apple_iPhone5c,D19_Apple_iPhone6Plus,D02_Apple_iPhone4s|D04_LG_D290|D15_Apple_iPhone6,same_pipeline_different_device,facebook_high,facebook_high,2048x1536,2048x1536,prnu_python_wavelet_mle,mle_5,squared_aligned_ncc,test,48,0.00038616606775852255,1.4912423188807982e-07,1.4493533121599033e-07,1.4796574306941333e-07,1.0690163072546733e-07,2.5486737379488066e-07,-1.0574314190680084e-07,0.5851052242100482,1.007829439400193,0.007798948387813809,False
D05_Apple_iPhone5c:facebook_high:0049,D05_Apple_iPhone5c,D02_Apple_iPhone4s,D04_LG_D290|D15_Apple_iPhone6|D19_Apple_iPhone6Plus,same_pipeline_different_device,facebook_high,facebook_high,2048x1536,2048x1536,prnu_python_wavelet_mle,mle_5,squared_aligned_ncc,test,49,-0.0012463730691275319,1.5534458274463833e-06,4.611181187390241e-07,8.750037481534574e-08,5.3267472154934755e-08,8.750037481534574e-08,1.4659454526310376e-06,17.75359055003661,17.75359055003661,2.8765877799737787,False
D05_Apple_iPhone5c:facebook_high:0049,D05_Apple_iPhone5c,D04_LG_D290,D02_Apple_iPhone4s|D15_Apple_iPhone6|D19_Apple_iPhone6Plus,same_pipeline_different_device,facebook_high,facebook_high,2048x1536,2048x1536,prnu_python_wavelet_mle,mle_5,squared_aligned_ncc,test,49,0.0002958046227078707,8.750037481534574e-08,9.497666029493698e-07,1.2616210787413155e-06,2.918247487050678e-07,1.5534458274463833e-06,-1.4659454526310376e-06,0.056326634163472805,0.06935551116714254,-2.6685096664942467,False
D05_Apple_iPhone5c:facebook_high:0049,D05_Apple_iPhone5c,D05_Apple_iPhone5c,D02_Apple_iPhone4s|D04_LG_D290|D15_Apple_iPhone6|D19_Apple_iPhone6Plus,same_pipeline_different_device,facebook_high,facebook_high,2048x1536,2048x1536,prnu_python_wavelet_mle,mle_5,squared_aligned_ncc,test,49,0.0014328272632801676,2.0529939663989347e-06,7.342000459158639e-07,6.745607267783306e-07,6.136940880404523e-07,1.5534458274463833e-06,4.995481389525514e-07,1.32157422558708,3.0434531464704957,1.1129927742121826,True
D05_Apple_iPhone5c:facebook_high:0049,D05_Apple_iPhone5c,D15_Apple_iPhone6,D02_Apple_iPhone4s|D04_LG_D290|D19_Apple_iPhone6Plus,same_pipeline_different_device,facebook_high,facebook_high,2048x1536,2048x1536,prnu_python_wavelet_mle,mle_5,squared_aligned_ncc,test,49,0.0011232190697906244,1.2616210787413155e-06,5.583930349740467e-07,8.750037481534574e-08,5.3267472154934755e-08,1.5534458274463833e-06,-2.918247487050678e-07,0.8121435948720651,14.418464851193455,2.6685096664942467,False
D05_Apple_iPhone5c:facebook_high:0049,D05_Apple_iPhone5c,D19_Apple_iPhone6Plus,D02_Apple_iPhone4s|D04_LG_D290|D15_Apple_iPhone6,same_pipeline_different_device,facebook_high,facebook_high,2048x1536,2048x1536,prnu_python_wavelet_mle,mle_5,squared_aligned_ncc,test,49,0.00018502135730885498,3.4232902660410984e-08,9.675224270010147e-07,1.2616210787413155e-06,2.918247487050678e-07,1.5534458274463833e-06,-1.5192129247859723e-06,0.02203675342621017,0.027134060485549436,-3.6069654957791197,False
D05_Apple_iPhone5c:facebook_high:0050,D05_Apple_iPhone5c,D02_Apple_iPhone4s,D04_LG_D290|D15_Apple_iPhone6|D19_Apple_iPhone6Plus,same_pipeline_different_device,facebook_high,facebook_high,2048x1536,2048x1536,prnu_python_wavelet_mle,mle_5,squared_aligned_ncc,test,50,5.7710456207750235e-05,3.3304967557066577e-09,3.405239529769539e-07,1.3869608553663016e-07,1.2558548911595243e-07,1.3869608553663016e-07,-1.353655887809235e-07,0.02401291098318028,0.02401291098318028,-3.729163635649014,False
D05_Apple_iPhone5c:facebook_high:0050,D05_Apple_iPhone5c,D04_LG_D290,D02_Apple_iPhone4s|D15_Apple_iPhone6|D19_Apple_iPhone6Plus,same_pipeline_different_device,facebook_high,facebook_high,2048x1536,2048x1536,prnu_python_wavelet_mle,mle_5,squared_aligned_ncc,test,50,0.00037241923357505337,1.3869608553663016e-07,2.954020900499794e-07,1.3110596420677735e-08,9.780099664971077e-09,3.3304967557066577e-09,1.353655887809235e-07,41.64426381709593,10.57893028557281,2.358864314094733,False
D05_Apple_iPhone5c:facebook_high:0050,D05_Apple_iPhone5c,D05_Apple_iPhone5c,D02_Apple_iPhone4s|D04_LG_D290|D15_Apple_iPhone6|D19_Apple_iPhone6Plus,same_pipeline_different_device,facebook_high,facebook_high,2048x1536,2048x1536,prnu_python_wavelet_mle,mle_5,squared_aligned_ncc,test,50,0.006114206042550013,3.7383515530755087e-05,2.562255889216421e-07,7.590334097865394e-08,6.768279439046176e-08,3.3304967557066577e-09,3.738018503399938e-05,11224.606499525964,492.51475690995386,6.1995244234321945,True
D05_Apple_iPhone5c:facebook_high:0050,D05_Apple_iPhone5c,D15_Apple_iPhone6,D02_Apple_iPhone4s|D04_LG_D290|D19_Apple_iPhone6Plus,same_pipeline_different_device,facebook_high,facebook_high,2048x1536,2048x1536,prnu_python_wavelet_mle,mle_5,squared_aligned_ncc,test,50,-0.0009326120184586696,8.697651769735538e-07,5.1712392904338186e-08,1.3110596420677735e-08,9.780099664971077e-09,3.3304967557066577e-09,8.664346802178472e-07,261.15178628630997,66.34062624350025,4.194802473382406,False
D05_Apple_iPhone5c:facebook_high:0050,D05_Apple_iPhone5c,D19_Apple_iPhone6Plus,D02_Apple_iPhone4s|D04_LG_D290|D15_Apple_iPhone6,same_pipeline_different_device,facebook_high,facebook_high,2048x1536,2048x1536,prnu_python_wavelet_mle,mle_5,squared_aligned_ncc,test,50,-0.00011450151274405825,1.3110596420677735e-08,3.372639197552969e-07,1.3869608553663016e-07,1.353655887809235e-07,3.3304967557066577e-09,9.780099664971077e-09,3.9365288070655864,0.09452751582679078,-2.358864314094733,False
D15_Apple_iPhone6:facebook_high:0041,D15_Apple_iPhone6,D02_Apple_iPhone4s,D04_LG_D290|D05_Apple_iPhone5c|D19_Apple_iPhone6Plus,same_pipeline_different_device,facebook_high,facebook_high,2048x1536,2048x1536,prnu_python_wavelet_mle,mle_5,squared_aligned_ncc,test,41,0.0010926739471302266,1.1939363547371493e-06,2.396868202102497e-07,2.009976072039469e-07,7.080578862595002e-08,2.009976072039469e-07,9.929387475332025e-07,5.940052577470209,5.940052577470209,1.7817179847613414,False
D15_Apple_iPhone6:facebook_high:0041,D15_Apple_iPhone6,D04_LG_D290,D02_Apple_iPhone4s|D05_Apple_iPhone5c|D19_Apple_iPhone6Plus,same_pipeline_different_device,facebook_high,facebook_high,2048x1536,2048x1536,prnu_python_wavelet_mle,mle_5,squared_aligned_ncc,test,41,0.00044832756685703244,2.009976072039469e-07,5.706664027213171e-07,3.878710348488052e-07,2.576792162708083e-07,1.1939363547371493e-06,-9.929387475332025e-07,0.1683486782243074,0.5182073141457886,-0.6573798964307951,False
D15_Apple_iPhone6:facebook_high:0041,D15_Apple_iPhone6,D05_Apple_iPhone5c,D02_Apple_iPhone4s|D04_LG_D290|D19_Apple_iPhone6Plus,same_pipeline_different_device,facebook_high,facebook_high,2048x1536,2048x1536,prnu_python_wavelet_mle,mle_5,squared_aligned_ncc,test,41,0.0006227929309560323,3.878710348488052e-07,5.083752601730311e-07,2.009976072039469e-07,7.080578862595002e-08,1.1939363547371493e-06,-8.060653198883441e-07,0.3248674297502205,1.9297296134239192,0.6573798964307951,False
D15_Apple_iPhone6:facebook_high:0041,D15_Apple_iPhone6,D15_Apple_iPhone6,D02_Apple_iPhone4s|D04_LG_D290|D05_Apple_iPhone5c|D19_Apple_iPhone6Plus,same_pipeline_different_device,facebook_high,facebook_high,2048x1536,2048x1536,prnu_python_wavelet_mle,mle_5,squared_aligned_ncc,test,41,0.008123738991631522,6.599513520415433e-05,4.782492038419746e-07,2.9443432102637605e-07,1.288396081354042e-07,1.1939363547371493e-06,6.480119884941718e-05,55.27525394658367,224.14212777267343,5.412280349630814,True
D15_Apple_iPhone6:facebook_high:0041,D15_Apple_iPhone6,D19_Apple_iPhone6Plus,D02_Apple_iPhone4s|D04_LG_D290|D05_Apple_iPhone5c,same_pipeline_different_device,facebook_high,facebook_high,2048x1536,2048x1536,prnu_python_wavelet_mle,mle_5,squared_aligned_ncc,test,41,-0.00036082103400161814,1.3019181857799687e-07,5.942683322633005e-07,3.878710348488052e-07,1.868734276448583e-07,1.1939363547371493e-06,-1.0637445361591525e-06,0.1090441865359391,0.3356574914874645,-1.0916640095034893,False
D15_Apple_iPhone6:facebook_high:0042,D15_Apple_iPhone6,D02_Apple_iPhone4s,D04_LG_D290|D05_Apple_iPhone5c|D19_Apple_iPhone6Plus,same_pipeline_different_device,facebook_high,facebook_high,2048x1536,2048x1536,prnu_python_wavelet_mle,mle_5,squared_aligned_ncc,test,42,0.0009740734588982614,9.48819103330023e-07,2.607128342657796e-07,2.2150803554334667e-07,4.7403211091922095e-09,2.2150803554334667e-07,7.273110677866763e-07,4.2834522955459535,4.2834522955459535,1.4547592955666584,False
D15_Apple_iPhone6:facebook_high:0042,D15_Apple_iPhone6,D04_LG_D290,D02_Apple_iPhone4s|D05_Apple_iPhone5c|D19_Apple_iPhone6Plus,same_pipeline_different_device,facebook_high,facebook_high,2048x1536,2048x1536,prnu_python_wavelet_mle,mle_5,squared_aligned_ncc,test,42,-0.00047064640181706125,2.2150803554334667e-07,5.031498568613384e-07,3.438627528198376e-07,1.2709503838568316e-07,9.48819103330023e-07,-7.273110677866763e-07,0.23345655116547612,0.6441757175700937,-0.43978373672578286,False
D15_Apple_iPhone6:facebook_high:0042,D15_Apple_iPhone6,D05_Apple_iPhone5c,D02_Apple_iPhone4s|D04_LG_D290|D19_Apple_iPhone6Plus,same_pipeline_different_device,facebook_high,facebook_high,2048x1536,2048x1536,prnu_python_wavelet_mle,mle_5,squared_aligned_ncc,test,42,0.0005863981180220803,3.438627528198376e-07,4.62364951102508e-07,2.2150803554334667e-07,4.7403211091922095e-09,9.48819103330023e-07,-6.049563505101853e-07,0.36241128747618984,1.55237146127165,0.43978373672578286,False
D15_Apple_iPhone6:facebook_high:0042,D15_Apple_iPhone6,D15_Apple_iPhone6,D02_Apple_iPhone4s|D04_LG_D290|D05_Apple_iPhone5c|D19_Apple_iPhone6Plus,same_pipeline_different_device,facebook_high,facebook_high,2048x1536,2048x1536,prnu_python_wavelet_mle,mle_5,squared_aligned_ncc,test,42,0.0032234398640500687,1.0390564557147126e-05,4.3273940153184044e-07,2.8268539418159213e-07,6.354751919284158e-08,9.48819103330023e-07,9.441745453817103e-06,10.951049067920197,36.756637488219184,3.6043188212748074,True
D15_Apple_iPhone6:facebook_high:0042,D15_Apple_iPhone6,D19_Apple_iPhone6Plus,D02_Apple_iPhone4s|D04_LG_D290|D05_Apple_iPhone5c,same_pipeline_different_device,facebook_high,facebook_high,2048x1536,2048x1536,prnu_python_wavelet_mle,mle_5,squared_aligned_ncc,test,42,-0.00046558319818712794,2.1676771443415446e-07,5.047299638977358e-07,3.438627528198376e-07,1.2235471727649095e-07,9.48819103330023e-07,-7.320513888958685e-07,0.22846052917081416,0.6303902142833337,-0.4614162635866581,False
D15_Apple_iPhone6:facebook_high:0043,D15_Apple_iPhone6,D02_Apple_iPhone4s,D04_LG_D290|D05_Apple_iPhone5c|D19_Apple_iPhone6Plus,same_pipeline_different_device,facebook_high,facebook_high,2048x1536,2048x1536,prnu_python_wavelet_mle,mle_5,squared_aligned_ncc,test,43,-0.0009657215443475607,9.326181012170377e-07,1.9061894401328278e-07,1.2317480149059495e-07,1.1480101254961692e-07,8.373788940978036e-09,9.242443122760597e-07,111.37349027907436,7.571500744722109,2.024391296773164,False
D15_Apple_iPhone6:facebook_high:0043,D15_Apple_iPhone6,D04_LG_D290,D02_Apple_iPhone4s|D05_Apple_iPhone5c|D19_Apple_iPhone6Plus,same_pipeline_different_device,facebook_high,facebook_high,2048x1536,2048x1536,prnu_python_wavelet_mle,mle_5,squared_aligned_ncc,test,43,9.150840912712906e-05,8.373788940978036e-09,4.98700381438636e-07,4.4030824160827535e-07,3.1713344011768037e-07,9.326181012170377e-07,-9.242443122760597e-07,0.008978797355584779,0.019018015448431833,-3.962368567559409,False
D15_Apple_iPhone6:facebook_high:0043,D15_Apple_iPhone6,D05_Apple_iPhone5c,D02_Apple_iPhone4s|D04_LG_D290|D19_Apple_iPhone6Plus,same_pipeline_different_device,facebook_high,facebook_high,2048x1536,2048x1536,prnu_python_wavelet_mle,mle_5,squared_aligned_ncc,test,43,0.0006635572632473217,4.4030824160827535e-07,3.547222305495369e-07,1.2317480149059495e-07,1.1480101254961692e-07,9.326181012170377e-07,-4.923098596087624e-07,0.47212062583139525,3.5746616700810776,1.2738705339279797,False
D15_Apple_iPhone6:facebook_high:0043,D15_Apple_iPhone6,D15_Apple_iPhone6,D02_Apple_iPhone4s|D04_LG_D290|D05_Apple_iPhone5c|D19_Apple_iPhone6Plus,same_pipeline_different_device,facebook_high,facebook_high,2048x1536,2048x1536,prnu_python_wavelet_mle,mle_5,squared_aligned_ncc,test,43,0.005431409818094977,2.9500212612098512e-05,3.761187333142215e-07,2.8174152154943517e-07,2.1596722633364865e-07,9.326181012170377e-07,2.8567594510881475e-05,31.631610595592825,104.70665612176131,4.651162689129544,True
D15_Apple_iPhone6:facebook_high:0043,D15_Apple_iPhone6,D19_Apple_iPhone6Plus,D02_Apple_iPhone4s|D04_LG_D290|D05_Apple_iPhone5c,same_pipeline_different_device,facebook_high,facebook_high,2048x1536,2048x1536,prnu_python_wavelet_mle,mle_5,squared_aligned_ncc,test,43,0.000350962678201821,1.2317480149059495e-07,4.604333772554303e-07,4.4030824160827535e-07,4.319344526672973e-07,9.326181012170377e-07,-8.094432997264427e-07,0.13207421272421763,0.2797467543207575,-1.2738705339279797,False
D15_Apple_iPhone6:facebook_high:0044,D15_Apple_iPhone6,D02_Apple_iPhone4s,D04_LG_D290|D05_Apple_iPhone5c|D19_Apple_iPhone6Plus,same_pipeline_different_device,facebook_high,facebook_high,2048x1536,2048x1536,prnu_python_wavelet_mle,mle_5,squared_aligned_ncc,test,44,-0.002152649241494329,4.633898756906109e-06,1.1477520110536724e-06,8.817557627949788e-07,8.765393997611479e-07,5.216363033830828e-09,4.628682393872278e-06,888.3390068622267,5.255308728822631,1.659238752141313,False
D15_Apple_iPhone6:facebook_high:0044,D15_Apple_iPhone6,D04_LG_D290,D02_Apple_iPhone4s|D05_Apple_iPhone5c|D19_Apple_iPhone6Plus,same_pipeline_different_device,facebook_high,facebook_high,2048x1536,2048x1536,prnu_python_wavelet_mle,mle_5,squared_aligned_ncc,test,44,7.222439362037474e-05,5.216363033830828e-09,2.690646142344432e-06,2.5562839073322078e-06,1.674528144537229e-06,4.633898756906109e-06,-4.628682393872278e-06,0.0011256963752297449,0.0020406039481251264,-6.194509461938543,False
D15_Apple_iPhone6:facebook_high:0044,D15_Apple_iPhone6,D05_Apple_iPhone5c,D02_Apple_iPhone4s|D04_LG_D290|D19_Apple_iPhone6Plus,same_pipeline_different_device,facebook_high,facebook_high,2048x1536,2048x1536,prnu_python_wavelet_mle,mle_5,squared_aligned_ncc,test,44,0.0009390185103580114,8.817557627949788e-07,2.3984663424240493e-06,2.5562839073322078e-06,2.0776148495739015e-06,4.633898756906109e-06,-3.7521429941111307e-06,0.19028377809956643,0.34493655429501874,-1.0643947794567143,False
D15_Apple_iPhone6:facebook_high:0044,D15_Apple_iPhone6,D15_Apple_iPhone6,D02_Apple_iPhone4s|D04_LG_D290|D05_Apple_iPhone5c|D19_Apple_iPhone6Plus,same_pipeline_different_device,facebook_high,facebook_high,2048x1536,2048x1536,prnu_python_wavelet_mle,mle_5,squared_aligned_ncc,test,44,0.003207063431523052,1.0285255853812414e-05,2.019288697516782e-06,1.7190198350635931e-06,1.2755337721491883e-06,4.633898756906109e-06,5.651357096906305e-06,2.219568530383585,5.983209526742851,1.7889571341428248,True
D15_Apple_iPhone6:facebook_high:0044,D15_Apple_iPhone6,D19_Apple_iPhone6Plus,D02_Apple_iPhone4s|D04_LG_D290|D05_Apple_iPhone5c,same_pipeline_different_device,facebook_high,facebook_high,2048x1536,2048x1536,prnu_python_wavelet_mle,mle_5,squared_aligned_ncc,test,44,0.001598838299307409,2.5562839073322078e-06,1.8402902942449729e-06,8.817557627949788e-07,8.765393997611479e-07,4.633898756906109e-06,-2.0776148495739015e-06,0.5516486314083712,2.8990838678834714,1.0643947794567143,False
D15_Apple_iPhone6:facebook_high:0045,D15_Apple_iPhone6,D02_Apple_iPhone4s,D04_LG_D290|D05_Apple_iPhone5c|D19_Apple_iPhone6Plus,same_pipeline_different_device,facebook_high,facebook_high,2048x1536,2048x1536,prnu_python_wavelet_mle,mle_5,squared_aligned_ncc,test,45,0.0005692921131585435,3.240935101045199e-07,7.338693837810282e-07,1.867791918772072e-08,1.2600822762446437e-08,6.077096425274283e-09,3.180164136792456e-07,53.330322151321184,17.351692490327626,2.853690051509979,False
D15_Apple_iPhone6:facebook_high:0045,D15_Apple_iPhone6,D04_LG_D290,D02_Apple_iPhone4s|D05_Apple_iPhone5c|D19_Apple_iPhone6Plus,same_pipeline_different_device,facebook_high,facebook_high,2048x1536,2048x1536,prnu_python_wavelet_mle,mle_5,squared_aligned_ncc,test,45,-7.795573375496047e-05,6.077096425274283e-09,8.398748550074435e-07,3.240935101045199e-07,3.0541559091679917e-07,3.240935101045199e-07,-3.180164136792456e-07,0.018751058678448774,0.018751058678448774,-3.976505065309084,False
D15_Apple_iPhone6:facebook_high:0045,D15_Apple_iPhone6,D05_Apple_iPhone5c,D02_Apple_iPhone4s|D04_LG_D290|D19_Apple_iPhone6Plus,same_pipeline_different_device,facebook_high,facebook_high,2048x1536,2048x1536,prnu_python_wavelet_mle,mle_5,squared_aligned_ncc,test,45,0.0014754162584606724,2.1768531357300897e-06,1.1628284190583832e-07,1.867791918772072e-08,1.2600822762446437e-08,3.240935101045199e-07,1.8527596256255697e-06,6.716743988573101,116.54687622597712,4.758293563114666,False
D15_Apple_iPhone6:facebook_high:0045,D15_Apple_iPhone6,D15_Apple_iPhone6,D02_Apple_iPhone4s|D04_LG_D290|D05_Apple_iPhone5c|D19_Apple_iPhone6Plus,same_pipeline_different_device,facebook_high,facebook_high,2048x1536,2048x1536,prnu_python_wavelet_mle,mle_5,squared_aligned_ncc,test,45,0.0032952928739519594,1.0858955125118565e-05,6.314254153619012e-07,1.7138571464612032e-07,1.5900820683962283e-07,3.240935101045199e-07,1.0534861615014045e-05,33.505623490012375,63.3597446994943,4.148828718134011,True
D15_Apple_iPhone6:facebook_high:0045,D15_Apple_iPhone6,D19_Apple_iPhone6Plus,D02_Apple_iPhone4s|D04_LG_D290|D05_Apple_iPhone5c,same_pipeline_different_device,facebook_high,facebook_high,2048x1536,2048x1536,prnu_python_wavelet_mle,mle_5,squared_aligned_ncc,test,45,-0.00013666718401913723,1.867791918772072e-08,8.356745807532947e-07,3.240935101045199e-07,3.180164136792456e-07,3.240935101045199e-07,-3.0541559091679917e-07,0.057631265685317505,0.057631265685317505,-2.853690051509979,False
D15_Apple_iPhone6:facebook_high:0046,D15_Apple_iPhone6,D02_Apple_iPhone4s,D04_LG_D290|D05_Apple_iPhone5c|D19_Apple_iPhone6Plus,same_pipeline_different_device,facebook_high,facebook_high,2048x1536,2048x1536,prnu_python_wavelet_mle,mle_5,squared_aligned_ncc,test,46,0.0004432752330069407,1.9649293219735757e-07,9.581893503445466e-07,9.94913728388053e-07,3.0767525791574994e-07,1.3025889863038029e-06,-1.1060960541064453e-06,0.150847991395138,0.1974974579109618,-1.6220295660607,False
D15_Apple_iPhone6:facebook_high:0046,D15_Apple_iPhone6,D04_LG_D290,D02_Apple_iPhone4s|D05_Apple_iPhone5c|D19_Apple_iPhone6Plus,same_pipeline_different_device,facebook_high,facebook_high,2048x1536,2048x1536,prnu_python_wavelet_mle,mle_5,squared_aligned_ncc,test,46,0.0011413102059930082,1.3025889863038029e-06,5.894906656423983e-07,5.770653363417843e-07,3.805724041444268e-07,1.9649293219735757e-07,1.1060960541064453e-06,6.629190026008071,2.2572643066058387,0.814153596254183,False
D15_Apple_iPhone6:facebook_high:0046,D15_Apple_iPhone6,D05_Apple_iPhone5c,D02_Apple_iPhone4s|D04_LG_D290|D19_Apple_iPhone6Plus,same_pipeline_different_device,facebook_high,facebook_high,2048x1536,2048x1536,prnu_python_wavelet_mle,mle_5,squared_aligned_ncc,test,46,-0.0009974536221740102,9.94913728388053e-07,6.920490849476483e-07,5.770653363417843e-07,3.805724041444268e-07,1.9649293219735757e-07,7.984207961906954e-07,5.063356311405447,1.724091997442011,0.5447005336031481,False
D15_Apple_iPhone6:facebook_high:0046,D15_Apple_iPhone6,D15_Apple_iPhone6,D02_Apple_iPhone4s|D04_LG_D290|D05_Apple_iPhone5c|D19_Apple_iPhone6Plus,same_pipeline_different_device,facebook_high,facebook_high,2048x1536,2048x1536,prnu_python_wavelet_mle,mle_5,squared_aligned_ncc,test,46,0.0026766282079292484,7.16433856348254e-06,7.677652458077494e-07,7.859895323649186e-07,3.6276182498100926e-07,1.9649293219735757e-07,6.967845631285182e-06,36.46104968440633,9.115055949824388,2.2099275463262025,True
D15_Apple_iPhone6:facebook_high:0046,D15_Apple_iPhone6,D19_Apple_iPhone6Plus,D02_Apple_iPhone4s|D04_LG_D290|D05_Apple_iPhone5c,same_pipeline_different_device,facebook_high,facebook_high,2048x1536,2048x1536,prnu_python_wavelet_mle,mle_5,squared_aligned_ncc,test,46,0.0007596481661544273,5.770653363417843e-07,8.313318822964045e-07,9.94913728388053e-07,3.0767525791574994e-07,1.9649293219735757e-07,3.805724041444268e-07,2.93682490198772,0.5800154524721842,-0.5447005336031481,False
D15_Apple_iPhone6:facebook_high:0047,D15_Apple_iPhone6,D02_Apple_iPhone4s,D04_LG_D290|D05_Apple_iPhone5c|D19_Apple_iPhone6Plus,same_pipeline_different_device,facebook_high,facebook_high,2048x1536,2048x1536,prnu_python_wavelet_mle,mle_5,squared_aligned_ncc,test,47,-0.00018673694533638343,3.487068675356345e-08,7.659879646674395e-07,7.199937745563e-07,1.6521517460491314e-07,5.547785999513868e-07,-5.199079131978234e-07,0.06285514033277247,0.048431928144174165,-3.0275960103474535,False
D15_Apple_iPhone6:facebook_high:0047,D15_Apple_iPhone6,D04_LG_D290,D02_Apple_iPhone4s|D05_Apple_iPhone5c|D19_Apple_iPhone6Plus,same_pipeline_different_device,facebook_high,facebook_high,2048x1536,2048x1536,prnu_python_wavelet_mle,mle_5,squared_aligned_ncc,test,47,-0.000744834612482118,5.547785999513868e-07,5.926853269348318e-07,7.199937745563e-07,3.0319774493833197e-07,3.487068675356345e-08,5.199079131978234e-07,15.909597762501587,0.7705324956361909,-0.2606734503725665,False
D15_Apple_iPhone6:facebook_high:0047,D15_Apple_iPhone6,D05_Apple_iPhone5c,D02_Apple_iPhone4s|D04_LG_D290|D19_Apple_iPhone6Plus,same_pipeline_different_device,facebook_high,facebook_high,2048x1536,2048x1536,prnu_python_wavelet_mle,mle_5,squared_aligned_ncc,test,47,0.0008485244690380472,7.199937745563e-07,5.376136020665274e-07,5.547785999513868e-07,4.684129195432451e-07,3.487068675356345e-08,6.851230878027365e-07,20.64753641488645,1.2978037988837174,0.2606734503725665,False
D15_Apple_iPhone6:facebook_high:0047,D15_Apple_iPhone6,D15_Apple_iPhone6,D02_Apple_iPhone4s|D04_LG_D290|D05_Apple_iPhone5c|D19_Apple_iPhone6Plus,same_pipeline_different_device,facebook_high,facebook_high,2048x1536,2048x1536,prnu_python_wavelet_mle,mle_5,squared_aligned_ncc,test,47,0.007640303179086398,5.837423266835772e-05,5.832086451889706e-07,6.373861872538434e-07,2.3420645977162255e-07,3.487068675356345e-08,5.8339361981604154e-05,1674.0201614294972,91.58377422620516,4.517254118720922,True
D15_Apple_iPhone6:facebook_high:0047,D15_Apple_iPhone6,D19_Apple_iPhone6Plus,D02_Apple_iPhone4s|D04_LG_D290|D05_Apple_iPhone5c,same_pipeline_different_device,facebook_high,facebook_high,2048x1536,2048x1536,prnu_python_wavelet_mle,mle_5,squared_aligned_ncc,test,47,0.0010115292973980694,1.023191519494632e-06,4.3654768708708346e-07,5.547785999513868e-07,1.6521517460491314e-07,3.487068675356345e-08,9.883208327410684e-07,29.34245392772689,1.8443240593351842,0.6121128468610202,False
D15_Apple_iPhone6:facebook_high:0048,D15_Apple_iPhone6,D02_Apple_iPhone4s,D04_LG_D290|D05_Apple_iPhone5c|D19_Apple_iPhone6Plus,same_pipeline_different_device,facebook_high,facebook_high,2048x1536,2048x1536,prnu_python_wavelet_mle,mle_5,squared_aligned_ncc,test,48,0.0002406398768931673,5.790755035115872e-08,2.9776964988212952e-08,7.02769640277526e-09,6.988919880137784e-09,7.02769640277526e-09,5.0879853948383456e-08,8.239904946418978,8.239904946418978,2.10898880822608,False
D15_Apple_iPhone6:facebook_high:0048,D15_Apple_iPhone6,D04_LG_D290,D02_Apple_iPhone4s|D05_Apple_iPhone5c|D19_Apple_iPhone6Plus,same_pipeline_different_device,facebook_high,facebook_high,2048x1536,2048x1536,prnu_python_wavelet_mle,mle_5,squared_aligned_ncc,test,48,8.38313569183707e-05,7.02769640277526e-09,4.673691630434078e-08,5.790755035115872e-08,2.4356871688067415e-08,5.790755035115872e-08,-5.0879853948383456e-08,0.12136062327206762,0.12136062327206762,-2.10898880822608,False
D15_Apple_iPhone6:facebook_high:0048,D15_Apple_iPhone6,D05_Apple_iPhone5c,D02_Apple_iPhone4s|D04_LG_D290|D19_Apple_iPhone6Plus,same_pipeline_different_device,facebook_high,facebook_high,2048x1536,2048x1536,prnu_python_wavelet_mle,mle_5,squared_aligned_ncc,test,48,0.00028681775056510386,8.226442203922613e-08,2.165800775885715e-08,7.02769640277526e-09,6.988919880137784e-09,5.790755035115872e-08,2.4356871688067415e-08,1.420616509252494,11.705745001554087,2.4600797470638582,False
D15_Apple_iPhone6:facebook_high:0048,D15_Apple_iPhone6,D15_Apple_iPhone6,D02_Apple_iPhone4s|D04_LG_D290|D05_Apple_iPhone5c|D19_Apple_iPhone6Plus,same_pipeline_different_device,facebook_high,facebook_high,2048x1536,2048x1536,prnu_python_wavelet_mle,mle_5,squared_aligned_ncc,test,48,0.0018278834797406112,3.341158015508645e-06,3.68096113289494e-08,3.246762337696699e-08,2.893438691426062e-08,5.790755035115872e-08,3.2832504651574865e-06,57.69814117930114,102.90737873591671,4.633829348101159,True
D15_Apple_iPhone6:facebook_high:0048,D15_Apple_iPhone6,D19_Apple_iPhone6Plus,D02_Apple_iPhone4s|D04_LG_D290|D05_Apple_iPhone5c,same_pipeline_different_device,facebook_high,facebook_high,2048x1536,2048x1536,prnu_python_wavelet_mle,mle_5,squared_aligned_ncc,test,48,6.2270797840943285e-06,3.877652263747627e-11,4.9066556264386706e-08,5.790755035115872e-08,2.4356871688067415e-08,5.790755035115872e-08,-5.786877382852124e-08,0.0006696280951677376,0.0006696280951677376,-7.308788081533418,False
D15_Apple_iPhone6:facebook_high:0049,D15_Apple_iPhone6,D02_Apple_iPhone4s,D04_LG_D290|D05_Apple_iPhone5c|D19_Apple_iPhone6Plus,same_pipeline_different_device,facebook_high,facebook_high,2048x1536,2048x1536,prnu_python_wavelet_mle,mle_5,squared_aligned_ncc,test,49,-0.00012151702405275616,1.476638713463812e-08,5.711614905138929e-07,4.3564592873819e-07,1.679992728295214e-08,8.589925413482509e-07,-8.442261542136128e-07,0.017190355473239858,0.03389538650666989,-3.3844763651056624,False
D15_Apple_iPhone6:facebook_high:0049,D15_Apple_iPhone6,D04_LG_D290,D02_Apple_iPhone4s|D05_Apple_iPhone5c|D19_Apple_iPhone6Plus,same_pipeline_different_device,facebook_high,facebook_high,2048x1536,2048x1536,prnu_python_wavelet_mle,mle_5,squared_aligned_ncc,test,49,-0.0009268185050743489,8.589925413482509e-07,2.8975277244268865e-07,4.188460014552379e-07,1.679992728295214e-08,1.476638713463812e-08,8.442261542136128e-07,58.17215365654859,2.0508552985196675,0.7182569249288395,False
D15_Apple_iPhone6:facebook_high:0049,D15_Apple_iPhone6,D05_Apple_iPhone5c,D02_Apple_iPhone4s|D04_LG_D290|D19_Apple_iPhone6Plus,same_pipeline_different_device,facebook_high,facebook_high,2048x1536,2048x1536,prnu_python_wavelet_mle,mle_5,squared_aligned_ncc,test,49,0.0006471831282220187,4.188460014552379e-07,4.364682857403597e-07,4.3564592873819e-07,4.208795416035519e-07,1.476638713463812e-08,4.040796143205998e-07,28.364825981890565,0.961436739850613,-0.0393265093048587,False
D15_Apple_iPhone6:facebook_high:0049,D15_Apple_iPhone6,D15_Apple_iPhone6,D02_Apple_iPhone4s|D04_LG_D290|D05_Apple_iPhone5c|D19_Apple_iPhone6Plus,same_pipeline_different_device,facebook_high,facebook_high,2048x1536,2048x1536,prnu_python_wavelet_mle,mle_5,squared_aligned_ncc,test,49,0.010429890308655607,0.00010878261185058816,4.320627146690792e-07,4.2724596509671395e-07,2.1043977080177596e-07,1.476638713463812e-08,0.00010876784546345352,7366.907751958658,254.61354989265604,5.53974690502395,True
D15_Apple_iPhone6:facebook_high:0049,D15_Apple_iPhone6,D19_Apple_iPhone6Plus,D02_Apple_iPhone4s|D04_LG_D290|D05_Apple_iPhone5c,same_pipeline_different_device,facebook_high,facebook_high,2048x1536,2048x1536,prnu_python_wavelet_mle,mle_5,squared_aligned_ncc,test,49,0.0006600347935815127,4.3564592873819e-07,4.308683099793756e-07,4.188460014552379e-07,4.040796143205998e-07,1.476638713463812e-08,4.208795416035519e-07,29.502540111269163,1.0401100338181157,0.0393265093048587,False
D15_Apple_iPhone6:facebook_high:0050,D15_Apple_iPhone6,D02_Apple_iPhone4s,D04_LG_D290|D05_Apple_iPhone5c|D19_Apple_iPhone6Plus,same_pipeline_different_device,facebook_high,facebook_high,2048x1536,2048x1536,prnu_python_wavelet_mle,mle_5,squared_aligned_ncc,test,50,0.0014250714493006097,2.0308286356117402e-06,2.5920949060792545e-07,3.0874367246662095e-07,9.327194641039356e-08,4.020156188770145e-07,1.6288130167347257e-06,5.051616256315195,6.577717429435896,1.883687789932651,False
D15_Apple_iPhone6:facebook_high:0050,D15_Apple_iPhone6,D04_LG_D290,D02_Apple_iPhone4s|D05_Apple_iPhone5c|D19_Apple_iPhone6Plus,same_pipeline_different_device,facebook_high,facebook_high,2048x1536,2048x1536,prnu_python_wavelet_mle,mle_5,squared_aligned_ncc,test,50,0.0006340470162984875,4.020156188770145e-07,8.02147162852834e-07,3.0874367246662095e-07,2.4187449198648e-07,2.0308286356117402e-06,-1.6288130167347257e-06,0.19795644587014433,1.3021015642692317,0.2639795470952162,False
D15_Apple_iPhone6:facebook_high:0050,D15_Apple_iPhone6,D05_Apple_iPhone5c,D02_Apple_iPhone4s|D04_LG_D290|D19_Apple_iPhone6Plus,same_pipeline_different_device,facebook_high,facebook_high,2048x1536,2048x1536,prnu_python_wavelet_mle,mle_5,squared_aligned_ncc,test,50,0.00025859075869052425,6.686918048014095e-08,9.138626423184585e-07,4.020156188770145e-07,9.327194641039356e-08,2.0308286356117402e-06,-1.9639594551315994e-06,0.03292704234495795,0.16633478238216837,-1.7937527602202312,False
D15_Apple_iPhone6:facebook_high:0050,D15_Apple_iPhone6,D15_Apple_iPhone6,D02_Apple_iPhone4s|D04_LG_D290|D05_Apple_iPhone5c|D19_Apple_iPhone6Plus,same_pipeline_different_device,facebook_high,facebook_high,2048x1536,2048x1536,prnu_python_wavelet_mle,mle_5,squared_aligned_ncc,test,50,0.003798908627577074,1.4431706760679526e-05,7.02114276858879e-07,3.553796456718177e-07,1.6757321919843678e-07,2.0308286356117402e-06,1.2400878125067786e-05,7.106314391874974,40.609266558858494,3.70399628093079,True
D15_Apple_iPhone6:facebook_high:0050,D15_Apple_iPhone6,D19_Apple_iPhone6Plus,D02_Apple_iPhone4s|D04_LG_D290|D05_Apple_iPhone5c,same_pipeline_different_device,facebook_high,facebook_high,2048x1536,2048x1536,prnu_python_wavelet_mle,mle_5,squared_aligned_ncc,test,50,-0.0005556470754594331,3.0874367246662095e-07,8.332378116562985e-07,4.020156188770145e-07,3.3514643839687356e-07,2.0308286356117402e-06,-1.7220849631451194e-06,0.15202842182379364,0.7679892471070197,-0.2639795470952162,False
D19_Apple_iPhone6Plus:facebook_high:0041,D19_Apple_iPhone6Plus,D02_Apple_iPhone4s,D04_LG_D290|D05_Apple_iPhone5c|D15_Apple_iPhone6,same_pipeline_different_device,facebook_high,facebook_high,2048x1536,2048x1536,prnu_python_wavelet_mle,mle_5,squared_aligned_ncc,test,41,-0.000441394100842785,1.9482875225881063e-07,2.6976596711898377e-07,1.5197894604133304e-07,7.337974369404046e-08,7.859920234729258e-08,1.1622954991151805e-07,2.4787624612010033,1.281945672960674,0.24837898081481136,False
D19_Apple_iPhone6Plus:facebook_high:0041,D19_Apple_iPhone6Plus,D04_LG_D290,D02_Apple_iPhone4s|D05_Apple_iPhone5c|D15_Apple_iPhone6,same_pipeline_different_device,facebook_high,facebook_high,2048x1536,2048x1536,prnu_python_wavelet_mle,mle_5,squared_aligned_ncc,test,41,0.00028035549280742224,7.859920234729258e-08,3.0850915042282317e-07,1.9482875225881063e-07,4.284980621747759e-08,1.9482875225881063e-07,-1.1622954991151805e-07,0.4034271196423891,0.4034271196423891,-0.907759428050932,False
D19_Apple_iPhone6Plus:facebook_high:0041,D19_Apple_iPhone6Plus,D05_Apple_iPhone5c,D02_Apple_iPhone4s|D04_LG_D290|D15_Apple_iPhone6,same_pipeline_different_device,facebook_high,facebook_high,2048x1536,2048x1536,prnu_python_wavelet_mle,mle_5,squared_aligned_ncc,test,41,0.0003898447717250201,1.5197894604133304e-07,2.84049235858143e-07,1.9482875225881063e-07,1.1622954991151805e-07,1.9482875225881063e-07,-4.284980621747759e-08,0.7800642578639734,0.7800642578639734,-0.24837898081481136,False
D19_Apple_iPhone6Plus:facebook_high:0041,D19_Apple_iPhone6Plus,D15_Apple_iPhone6,D02_Apple_iPhone4s|D04_LG_D290|D05_Apple_iPhone5c,same_pipeline_different_device,facebook_high,facebook_high,2048x1536,2048x1536,prnu_python_wavelet_mle,mle_5,squared_aligned_ncc,test,41,0.0007607363228927128,5.787197529683258e-07,1.4180230021581207e-07,1.5197894604133304e-07,4.284980621747759e-08,1.9482875225881063e-07,3.8389100070951514e-07,2.970402192996412,3.8078942382646472,1.3370763429784702,False
D19_Apple_iPhone6Plus:facebook_high:0041,D19_Apple_iPhone6Plus,D19_Apple_iPhone6Plus,D02_Apple_iPhone4s|D04_LG_D290|D05_Apple_iPhone5c|D15_Apple_iPhone6,same_pipeline_different_device,facebook_high,facebook_high,2048x1536,2048x1536,prnu_python_wavelet_mle,mle_5,squared_aligned_ncc,test,41,0.005004111607529361,2.5041132980610088e-05,2.5103166340394047e-07,1.7340384915007184e-07,5.8114774955759025e-08,1.9482875225881063e-07,2.4846304228351277e-05,128.52893985249895,144.40932599447845,4.972651808822535,True
D19_Apple_iPhone6Plus:facebook_high:0042,D19_Apple_iPhone6Plus,D02_Apple_iPhone4s,D04_LG_D290|D05_Apple_iPhone5c|D15_Apple_iPhone6,same_pipeline_different_device,facebook_high,facebook_high,2048x1536,2048x1536,prnu_python_wavelet_mle,mle_5,squared_aligned_ncc,test,42,7.730012666663132e-05,5.9753095826772465e-09,7.614534861657097e-07,2.934230236011252e-07,1.726659411426534e-07,1.8701803524375323e-06,-1.864205042854855e-06,0.003195044571444258,0.02036414698936506,-3.8939794248692436,False
D19_Apple_iPhone6Plus:facebook_high:0042,D19_Apple_iPhone6Plus,D04_LG_D290,D02_Apple_iPhone4s|D05_Apple_iPhone5c|D15_Apple_iPhone6,same_pipeline_different_device,facebook_high,facebook_high,2048x1536,2048x1536,prnu_python_wavelet_mle,mle_5,squared_aligned_ncc,test,42,0.0013675453749099268,1.8701803524375323e-06,1.400518052140914e-07,1.207570824584718e-07,1.1478177287579457e-07,5.9753095826772465e-09,1.864205042854855e-06,312.9846791301473,15.487127664587995,2.7400092056388594,False
D19_Apple_iPhone6Plus:facebook_high:0042,D19_Apple_iPhone6Plus,D05_Apple_iPhone5c,D02_Apple_iPhone4s|D04_LG_D290|D15_Apple_iPhone6,same_pipeline_different_device,facebook_high,facebook_high,2048x1536,2048x1536,prnu_python_wavelet_mle,mle_5,squared_aligned_ncc,test,42,0.00034750119777990953,1.207570824584718e-07,7.231928952071116e-07,2.934230236011252e-07,2.8744771401844797e-07,5.9753095826772465e-09,1.1478177287579457e-07,20.209343262908632,0.4115460367644059,-0.8878343896319496,False
D19_Apple_iPhone6Plus:facebook_high:0042,D19_Apple_iPhone6Plus,D15_Apple_iPhone6,D02_Apple_iPhone4s|D04_LG_D290|D05_Apple_iPhone5c,same_pipeline_different_device,facebook_high,facebook_high,2048x1536,2048x1536,prnu_python_wavelet_mle,mle_5,squared_aligned_ncc,test,42,-0.0005416853547966062,2.934230236011252e-07,6.656375814928939e-07,1.207570824584718e-07,1.1478177287579457e-07,5.9753095826772465e-09,2.8744771401844797e-07,49.10591150821286,2.4298618153683282,0.8878343896319496,False
D19_Apple_iPhone6Plus:facebook_high:0042,D19_Apple_iPhone6Plus,D19_Apple_iPhone6Plus,D02_Apple_iPhone4s|D04_LG_D290|D05_Apple_iPhone5c|D15_Apple_iPhone6,same_pipeline_different_device,facebook_high,facebook_high,2048x1536,2048x1536,prnu_python_wavelet_mle,mle_5,squared_aligned_ncc,test,42,0.005270779101386026,2.7781112335607685e-05,5.725839420199517e-07,2.070900530297985e-07,1.4372385700922396e-07,5.9753095826772465e-09,2.777513702602501e-05,4649.317654795103,134.14991173723934,4.8989579189305985,True
D19_Apple_iPhone6Plus:facebook_high:0043,D19_Apple_iPhone6Plus,D02_Apple_iPhone4s,D04_LG_D290|D05_Apple_iPhone5c|D15_Apple_iPhone6,same_pipeline_different_device,facebook_high,facebook_high,2048x1536,2048x1536,prnu_python_wavelet_mle,mle_5,squared_aligned_ncc,test,43,-0.00014373984802133234,2.066114390919572e-08,1.296591590241547e-06,1.4935044144095069e-06,7.494788334646966e-07,2.2429832478742035e-06,-2.222322103965008e-06,0.00921145707565021,0.013834002571304488,-4.280625762935285,False
D19_Apple_iPhone6Plus:facebook_high:0043,D19_Apple_iPhone6Plus,D04_LG_D290,D02_Apple_iPhone4s|D05_Apple_iPhone5c|D15_Apple_iPhone6,same_pipeline_different_device,facebook_high,facebook_high,2048x1536,2048x1536,prnu_python_wavelet_mle,mle_5,squared_aligned_ncc,test,43,0.0014976592562643224,2.2429832478742035e-06,5.558175555865445e-07,1.532871084409306e-07,1.326259645317349e-07,2.066114390919572e-08,2.222322103965008e-06,108.56045811073955,14.632562846852448,2.683249377192123,False
D19_Apple_iPhone6Plus:facebook_high:0043,D19_Apple_iPhone6Plus,D05_Apple_iPhone5c,D02_Apple_iPhone4s|D04_LG_D290|D15_Apple_iPhone6,same_pipeline_different_device,facebook_high,facebook_high,2048x1536,2048x1536,prnu_python_wavelet_mle,mle_5,squared_aligned_ncc,test,43,0.00039151897583760944,1.532871084409306e-07,1.2523829353976353e-06,1.4935044144095069e-06,7.494788334646966e-07,2.066114390919572e-08,1.326259645317349e-07,7.419100758148566,0.10263585896499434,-2.2765679047244785,False
D19_Apple_iPhone6Plus:facebook_high:0043,D19_Apple_iPhone6Plus,D15_Apple_iPhone6,D02_Apple_iPhone4s|D04_LG_D290|D05_Apple_iPhone5c,same_pipeline_different_device,facebook_high,facebook_high,2048x1536,2048x1536,prnu_python_wavelet_mle,mle_5,squared_aligned_ncc,test,43,-0.0012220901826009024,1.4935044144095069e-06,8.056438334081099e-07,1.532871084409306e-07,1.326259645317349e-07,2.066114390919572e-08,1.4728432705003112e-06,72.28565954399012,9.743183426185059,2.2765679047244785,False
D19_Apple_iPhone6Plus:facebook_high:0043,D19_Apple_iPhone6Plus,D19_Apple_iPhone6Plus,D02_Apple_iPhone4s|D04_LG_D290|D05_Apple_iPhone5c|D15_Apple_iPhone6,same_pipeline_different_device,facebook_high,facebook_high,2048x1536,2048x1536,prnu_python_wavelet_mle,mle_5,squared_aligned_ncc,test,43,0.0062134402124530055,3.860683927372805e-05,9.776089786584592e-07,8.233957614252187e-07,7.364216352501556e-07,2.066114390919572e-08,3.858617812981886e-05,1868.5722070085958,46.88734273650296,3.8477477613421947,True
D19_Apple_iPhone6Plus:facebook_high:0044,D19_Apple_iPhone6Plus,D02_Apple_iPhone4s,D04_LG_D290|D05_Apple_iPhone5c|D15_Apple_iPhone6,same_pipeline_different_device,facebook_high,facebook_high,2048x1536,2048x1536,prnu_python_wavelet_mle,mle_5,squared_aligned_ncc,test,44,-0.00013284286668577015,1.76472272292933e-08,9.594041848093682e-07,2.2791299525052947e-07,1.8639224808148202e-07,4.1520747169047455e-08,-2.3873519939754155e-08,0.4250219091059327,0.07742966657032824,-2.5583852828006,False
D19_Apple_iPhone6Plus:facebook_high:0044,D19_Apple_iPhone6Plus,D04_LG_D290,D02_Apple_iPhone4s|D05_Apple_iPhone5c|D15_Apple_iPhone6,same_pipeline_different_device,facebook_high,facebook_high,2048x1536,2048x1536,prnu_python_wavelet_mle,mle_5,squared_aligned_ncc,test,44,-0.00020376640343552088,4.1520747169047455e-08,9.514463448294502e-07,2.2791299525052947e-07,2.1026576802123617e-07,1.76472272292933e-08,2.3873519939754155e-08,2.3528198866349723,0.18217805932218337,-1.7027707222516675,False
D19_Apple_iPhone6Plus:facebook_high:0044,D19_Apple_iPhone6Plus,D05_Apple_iPhone5c,D02_Apple_iPhone4s|D04_LG_D290|D15_Apple_iPhone6,same_pipeline_different_device,facebook_high,facebook_high,2048x1536,2048x1536,prnu_python_wavelet_mle,mle_5,squared_aligned_ncc,test,44,-0.0016151714497255477,2.6087788120085276e-06,9.569365654962339e-08,4.1520747169047455e-08,2.3873519939754155e-08,1.76472272292933e-08,2.591131584779234e-06,147.82938861228675,62.830728969956944,4.140444268606929,False
D19_Apple_iPhone6Plus:facebook_high:0044,D19_Apple_iPhone6Plus,D15_Apple_iPhone6,D02_Apple_iPhone4s|D04_LG_D290|D05_Apple_iPhone5c,same_pipeline_different_device,facebook_high,facebook_high,2048x1536,2048x1536,prnu_python_wavelet_mle,mle_5,squared_aligned_ncc,test,44,0.0004774023410610064,2.2791299525052947e-07,8.893155954689561e-07,4.1520747169047455e-08,2.3873519939754155e-08,1.76472272292933e-08,2.1026576802123617e-07,12.914946483615742,5.489135210467315,1.7027707222516675,False
D19_Apple_iPhone6Plus:facebook_high:0044,D19_Apple_iPhone6Plus,D19_Apple_iPhone6Plus,D02_Apple_iPhone4s|D04_LG_D290|D05_Apple_iPhone5c|D15_Apple_iPhone6,same_pipeline_different_device,facebook_high,facebook_high,2048x1536,2048x1536,prnu_python_wavelet_mle,mle_5,squared_aligned_ncc,test,44,0.005880816223845631,3.458399945864598e-05,7.239649454143494e-07,1.3471687120978847e-07,1.051328840106181e-07,1.76472272292933e-08,3.456635223141669e-05,1959.741267525512,256.7161718355965,5.547971084862734,True
D19_Apple_iPhone6Plus:facebook_high:0045,D19_Apple_iPhone6Plus,D02_Apple_iPhone4s,D04_LG_D290|D05_Apple_iPhone5c|D15_Apple_iPhone6,same_pipeline_different_device,facebook_high,facebook_high,2048x1536,2048x1536,prnu_python_wavelet_mle,mle_5,squared_aligned_ncc,test,45,0.0004396778940278184,1.9331665049673748e-07,1.6688523926185118e-07,7.436904291138134e-08,6.801556521805766e-08,7.436904291138134e-08,1.1894760758535614e-07,2.59942367050622,2.59942367050622,0.9552897552661612,False
D19_Apple_iPhone6Plus:facebook_high:0045,D19_Apple_iPhone6Plus,D04_LG_D290,D02_Apple_iPhone4s|D05_Apple_iPhone5c|D15_Apple_iPhone6,same_pipeline_different_device,facebook_high,facebook_high,2048x1536,2048x1536,prnu_python_wavelet_mle,mle_5,squared_aligned_ncc,test,45,0.0002727068809388229,7.436904291138134e-08,2.065344417903032e-07,1.9331665049673748e-07,1.8696317280341381e-07,1.9331665049673748e-07,-1.1894760758535614e-07,0.3847006593601022,0.3847006593601022,-0.9552897552661612,False
D19_Apple_iPhone6Plus:facebook_high:0045,D19_Apple_iPhone6Plus,D05_Apple_iPhone5c,D02_Apple_iPhone4s|D04_LG_D290|D15_Apple_iPhone6,same_pipeline_different_device,facebook_high,facebook_high,2048x1536,2048x1536,prnu_python_wavelet_mle,mle_5,squared_aligned_ncc,test,45,-0.0006480225282973182,4.199331971808485e-07,9.13463903671475e-08,7.436904291138134e-08,6.801556521805766e-08,1.9331665049673748e-07,2.2661654668411102e-07,2.1722557063853922,5.646612901570399,1.7310558789467834,False
D19_Apple_iPhone6Plus:facebook_high:0045,D19_Apple_iPhone6Plus,D15_Apple_iPhone6,D02_Apple_iPhone4s|D04_LG_D290|D05_Apple_iPhone5c,same_pipeline_different_device,facebook_high,facebook_high,2048x1536,2048x1536,prnu_python_wavelet_mle,mle_5,squared_aligned_ncc,test,45,7.970870525434268e-05,6.353477693323676e-09,2.292062968629891e-07,1.9331665049673748e-07,1.1894760758535614e-07,1.9331665049673748e-07,-1.8696317280341381e-07,0.03286565164975741,0.03286565164975741,-3.415327189385966,False
D19_Apple_iPhone6Plus:facebook_high:0045,D19_Apple_iPhone6Plus,D19_Apple_iPhone6Plus,D02_Apple_iPhone4s|D04_LG_D290|D05_Apple_iPhone5c|D15_Apple_iPhone6,same_pipeline_different_device,facebook_high,facebook_high,2048x1536,2048x1536,prnu_python_wavelet_mle,mle_5,squared_aligned_ncc,test,45,0.005148629692033335,2.6508387705687275e-05,1.7349309207057274e-07,1.338428467040594e-07,9.348158640170691e-08,1.9331665049673748e-07,2.6315071055190538e-05,137.124182720798,198.05606618858087,5.2885501531801715,True
D19_Apple_iPhone6Plus:facebook_high:0046,D19_Apple_iPhone6Plus,D02_Apple_iPhone4s,D04_LG_D290|D05_Apple_iPhone5c|D15_Apple_iPhone6,same_pipeline_different_device,facebook_high,facebook_high,2048x1536,2048x1536,prnu_python_wavelet_mle,mle_5,squared_aligned_ncc,test,46,-0.00036948666665492455,1.3652039683576734e-07,5.31384665252197e-07,6.179210410352088e-07,1.1474203774153114e-07,6.179210410352088e-07,-4.814006441994414e-07,0.2209350188287058,0.2209350188287058,-1.5098866531496942,False
D19_Apple_iPhone6Plus:facebook_high:0046,D19_Apple_iPhone6Plus,D04_LG_D290,D02_Apple_iPhone4s|D05_Apple_iPhone5c|D15_Apple_iPhone6,same_pipeline_different_device,facebook_high,facebook_high,2048x1536,2048x1536,prnu_python_wavelet_mle,mle_5,squared_aligned_ncc,test,46,-0.0007860795386188403,6.179210410352088e-07,3.7091778385238317e-07,2.4356987594464214e-07,1.070494791088748e-07,1.3652039683576734e-07,4.814006441994414e-07,4.526217732714047,2.5369354015504286,0.9309568177586467,False
D19_Apple_iPhone6Plus:facebook_high:0046,D19_Apple_iPhone6Plus,D05_Apple_iPhone5c,D02_Apple_iPhone4s|D04_LG_D290|D15_Apple_iPhone6,same_pipeline_different_device,facebook_high,facebook_high,2048x1536,2048x1536,prnu_python_wavelet_mle,mle_5,squared_aligned_ncc,test,46,-0.0008559574047677489,7.326630787767399e-07,3.326704379385394e-07,2.4356987594464214e-07,1.070494791088748e-07,1.3652039683576734e-07,5.961426819409725e-07,5.366693151779556,3.008020084319694,1.1012820830332846,False
D19_Apple_iPhone6Plus:facebook_high:0046,D19_Apple_iPhone6Plus,D15_Apple_iPhone6,D02_Apple_iPhone4s|D04_LG_D290|D05_Apple_iPhone5c,same_pipeline_different_device,facebook_high,facebook_high,2048x1536,2048x1536,prnu_python_wavelet_mle,mle_5,squared_aligned_ncc,test,46,0.0004935279890184974,2.4356987594464214e-07,4.957015055492386e-07,6.179210410352088e-07,1.1474203774153114e-07,1.3652039683576734e-07,1.070494791088748e-07,1.784128097998823,0.39417637492419305,-0.9309568177586467,False
D19_Apple_iPhone6Plus:facebook_high:0046,D19_Apple_iPhone6Plus,D19_Apple_iPhone6Plus,D02_Apple_iPhone4s|D04_LG_D290|D05_Apple_iPhone5c|D15_Apple_iPhone6,same_pipeline_different_device,facebook_high,facebook_high,2048x1536,2048x1536,prnu_python_wavelet_mle,mle_5,squared_aligned_ncc,test,46,0.0034418008423126273,1.184599303814391e-05,4.3266859814808954e-07,4.3074545848992545e-07,2.407003220997207e-07,1.3652039683576734e-07,1.1709472641308143e-05,86.77086583915018,27.50114436417435,3.314227617049422,True
D19_Apple_iPhone6Plus:facebook_high:0047,D19_Apple_iPhone6Plus,D02_Apple_iPhone4s,D04_LG_D290|D05_Apple_iPhone5c|D15_Apple_iPhone6,same_pipeline_different_device,facebook_high,facebook_high,2048x1536,2048x1536,prnu_python_wavelet_mle,mle_5,squared_aligned_ncc,test,47,-0.0005906729775260245,3.4889456637945947e-07,3.020281421398369e-07,1.6411753747360355e-07,1.4983241208348926e-07,1.4285125390114295e-08,3.3460944098934516e-07,24.42362645419299,2.1258822899141734,0.7541869114604101,False
D19_Apple_iPhone6Plus:facebook_high:0047,D19_Apple_iPhone6Plus,D04_LG_D290,D02_Apple_iPhone4s|D05_Apple_iPhone5c|D15_Apple_iPhone6,same_pipeline_different_device,facebook_high,facebook_high,2048x1536,2048x1536,prnu_python_wavelet_mle,mle_5,squared_aligned_ncc,test,47,-0.00011952039738100897,1.4285125390114295e-08,4.1356462246961856e-07,3.4889456637945947e-07,1.8477702890585593e-07,3.4889456637945947e-07,-3.3460944098934516e-07,0.04094396063072453,0.04094396063072453,-3.19555096110472,False
D19_Apple_iPhone6Plus:facebook_high:0047,D19_Apple_iPhone6Plus,D05_Apple_iPhone5c,D02_Apple_iPhone4s|D04_LG_D290|D15_Apple_iPhone6,same_pipeline_different_device,facebook_high,facebook_high,2048x1536,2048x1536,prnu_python_wavelet_mle,mle_5,squared_aligned_ncc,test,47,0.00040511422768597444,1.6411753747360355e-07,3.636204851084555e-07,3.4889456637945947e-07,3.3460944098934516e-07,3.4889456637945947e-07,-1.8477702890585593e-07,0.4703929303820355,0.4703929303820355,-0.7541869114604101,False
D19_Apple_iPhone6Plus:facebook_high:0047,D19_Apple_iPhone6Plus,D15_Apple_iPhone6,D02_Apple_iPhone4s|D04_LG_D290|D05_Apple_iPhone5c,same_pipeline_different_device,facebook_high,facebook_high,2048x1536,2048x1536,prnu_python_wavelet_mle,mle_5,squared_aligned_ncc,test,47,0.0008530426504904621,7.276817635557927e-07,1.7576574308105913e-07,1.6411753747360355e-07,1.4983241208348926e-07,3.4889456637945947e-07,3.787871971763332e-07,2.085678120777503,4.433906179422367,1.4892809516158074,False
D19_Apple_iPhone6Plus:facebook_high:0047,D19_Apple_iPhone6Plus,D19_Apple_iPhone6Plus,D02_Apple_iPhone4s|D04_LG_D290|D05_Apple_iPhone5c|D15_Apple_iPhone6,same_pipeline_different_device,facebook_high,facebook_high,2048x1536,2048x1536,prnu_python_wavelet_mle,mle_5,squared_aligned_ncc,test,47,0.0063331491880820965,4.010877863850492e-05,3.137447481997425e-07,2.565060519265315e-07,1.6730472049467258e-07,3.4889456637945947e-07,3.975988407212546e-05,114.95959669054407,156.36581802753284,5.052198249413456,True
D19_Apple_iPhone6Plus:facebook_high:0048,D19_Apple_iPhone6Plus,D02_Apple_iPhone4s,D04_LG_D290|D05_Apple_iPhone5c|D15_Apple_iPhone6,same_pipeline_different_device,facebook_high,facebook_high,2048x1536,2048x1536,prnu_python_wavelet_mle,mle_5,squared_aligned_ncc,test,48,0.0005201654881153582,2.7057213502628887e-07,6.172270041968397e-07,9.770854994926052e-08,8.582879373907556e-08,1.7420927064310737e-06,-1.4715205714047848e-06,0.15531442960954392,2.769175626562828,1.0185496681662247,False
D19_Apple_iPhone6Plus:facebook_high:0048,D19_Apple_iPhone6Plus,D04_LG_D290,D02_Apple_iPhone4s|D05_Apple_iPhone5c|D15_Apple_iPhone6,same_pipeline_different_device,facebook_high,facebook_high,2048x1536,2048x1536,prnu_python_wavelet_mle,mle_5,squared_aligned_ncc,test,48,-0.001319883595788308,1.7420927064310737e-06,1.2672014706191145e-07,9.770854994926052e-08,8.582879373907556e-08,2.7057213502628887e-07,1.4715205714047848e-06,6.438551797884921,17.829480709065198,2.8808533068892395,False
D19_Apple_iPhone6Plus:facebook_high:0048,D19_Apple_iPhone6Plus,D05_Apple_iPhone5c,D02_Apple_iPhone4s|D04_LG_D290|D15_Apple_iPhone6,same_pipeline_different_device,facebook_high,facebook_high,2048x1536,2048x1536,prnu_python_wavelet_mle,mle_5,squared_aligned_ncc,test,48,-0.0003125836687180898,9.770854994926052e-08,6.748481992225159e-07,2.7057213502628887e-07,2.586923788161039e-07,2.7057213502628887e-07,-1.7286358507702834e-07,0.36111830192627603,0.36111830192627603,-1.0185496681662247,False
D19_Apple_iPhone6Plus:facebook_high:0048,D19_Apple_iPhone6Plus,D15_Apple_iPhone6,D02_Apple_iPhone4s|D04_LG_D290|D05_Apple_iPhone5c,same_pipeline_different_device,facebook_high,facebook_high,2048x1536,2048x1536,prnu_python_wavelet_mle,mle_5,squared_aligned_ncc,test,48,-0.00010899429439280273,1.1879756210184949e-08,7.034577971355411e-07,2.7057213502628887e-07,1.7286358507702834e-07,2.7057213502628887e-07,-2.586923788161039e-07,0.04390605931771469,0.04390605931771469,-3.1257029429651784,False
D19_Apple_iPhone6Plus:facebook_high:0048,D19_Apple_iPhone6Plus,D19_Apple_iPhone6Plus,D02_Apple_iPhone4s|D04_LG_D290|D05_Apple_iPhone5c|D15_Apple_iPhone6,same_pipeline_different_device,facebook_high,facebook_high,2048x1536,2048x1536,prnu_python_wavelet_mle,mle_5,squared_aligned_ncc,test,48,0.004918914817846279,2.4195722985227697e-05,5.30563286904202e-07,1.841403424877747e-07,1.2934618940805198e-07,2.7057213502628887e-07,2.392515085020141e-05,89.42429708394337,131.3982729603866,4.878232962588083,True
D19_Apple_iPhone6Plus:facebook_high:0049,D19_Apple_iPhone6Plus,D02_Apple_iPhone4s,D04_LG_D290|D05_Apple_iPhone5c|D15_Apple_iPhone6,same_pipeline_different_device,facebook_high,facebook_high,2048x1536,2048x1536,prnu_python_wavelet_mle,mle_5,squared_aligned_ncc,test,49,0.0012276387215409655,1.5070968306267363e-06,2.8771149467462314e-07,5.343969635010361e-08,5.0979827236717325e-08,2.459869113386284e-09,1.50463696151335e-06,612.6735859340295,28.201822494521235,3.3393866033210937,False
D19_Apple_iPhone6Plus:facebook_high:0049,D19_Apple_iPhone6Plus,D04_LG_D290,D02_Apple_iPhone4s|D05_Apple_iPhone5c|D15_Apple_iPhone6,same_pipeline_different_device,facebook_high,facebook_high,2048x1536,2048x1536,prnu_python_wavelet_mle,mle_5,squared_aligned_ncc,test,49,4.959706758858112e-05,2.459869113386284e-09,7.892571485124064e-07,8.072349185603795e-07,6.998619120663567e-07,1.5070968306267363e-06,-1.50463696151335e-06,0.001632190489288821,0.0030472778825935917,-5.793506584386147,False
D19_Apple_iPhone6Plus:facebook_high:0049,D19_Apple_iPhone6Plus,D05_Apple_iPhone5c,D02_Apple_iPhone4s|D04_LG_D290|D15_Apple_iPhone6,same_pipeline_different_device,facebook_high,facebook_high,2048x1536,2048x1536,prnu_python_wavelet_mle,mle_5,squared_aligned_ncc,test,49,-0.0008984625304153643,8.072349185603795e-07,5.209987986967421e-07,5.343969635010361e-08,5.0979827236717325e-08,1.5070968306267363e-06,-6.998619120663567e-07,0.5356224644336127,15.10552966603476,2.7150608798335654,False
D19_Apple_iPhone6Plus:facebook_high:0049,D19_Apple_iPhone6Plus,D15_Apple_iPhone6,D02_Apple_iPhone4s|D04_LG_D290|D05_Apple_iPhone5c,same_pipeline_different_device,facebook_high,facebook_high,2048x1536,2048x1536,prnu_python_wavelet_mle,mle_5,squared_aligned_ncc,test,49,-0.00023117027566299178,5.343969635010361e-08,7.722638727668341e-07,8.072349185603795e-07,6.998619120663567e-07,1.5070968306267363e-06,-1.4536571342766326e-06,0.035458701301813736,0.06620092258323984,-2.7150608798335654,False
D19_Apple_iPhone6Plus:facebook_high:0049,D19_Apple_iPhone6Plus,D19_Apple_iPhone6Plus,D02_Apple_iPhone4s|D04_LG_D290|D05_Apple_iPhone5c|D15_Apple_iPhone6,same_pipeline_different_device,facebook_high,facebook_high,2048x1536,2048x1536,prnu_python_wavelet_mle,mle_5,squared_aligned_ncc,test,49,0.0024601553800158407,6.052364493820886e-06,5.925578286626514e-07,4.3033730745524156e-07,4.023875247234966e-07,1.5070968306267363e-06,4.54526766319415e-06,4.015909509479871,14.064233774224604,2.6436349629765044,True
D19_Apple_iPhone6Plus:facebook_high:0050,D19_Apple_iPhone6Plus,D02_Apple_iPhone4s,D04_LG_D290|D05_Apple_iPhone5c|D15_Apple_iPhone6,same_pipeline_different_device,facebook_high,facebook_high,2048x1536,2048x1536,prnu_python_wavelet_mle,mle_5,squared_aligned_ncc,test,50,-9.327784356252495e-05,8.700756099674876e-09,1.8012389514539365e-07,9.908796474374515e-08,6.97438941362404e-08,2.9344070607504756e-08,-2.0643314507829878e-08,0.2965081503535387,0.08780840460469852,-2.432598058495266,False
D19_Apple_iPhone6Plus:facebook_high:0050,D19_Apple_iPhone6Plus,D04_LG_D290,D02_Apple_iPhone4s|D05_Apple_iPhone5c|D15_Apple_iPhone6,same_pipeline_different_device,facebook_high,facebook_high,2048x1536,2048x1536,prnu_python_wavelet_mle,mle_5,squared_aligned_ncc,test,50,-0.00017130111093482364,2.9344070607504756e-08,1.7324279030945035e-07,9.908796474374515e-08,9.038720864407027e-08,8.700756099674876e-09,2.0643314507829878e-08,3.372588574066714,0.29614162207683326,-1.216917486117925,False
D19_Apple_iPhone6Plus:facebook_high:0050,D19_Apple_iPhone6Plus,D05_Apple_iPhone5c,D02_Apple_iPhone4s|D04_LG_D290|D15_Apple_iPhone6,same_pipeline_different_device,facebook_high,facebook_high,2048x1536,2048x1536,prnu_python_wavelet_mle,mle_5,squared_aligned_ncc,test,50,-0.00031478240856779965,9.908796474374515e-08,1.499948255973702e-07,2.9344070607504756e-08,2.0643314507829878e-08,8.700756099674876e-09,9.038720864407027e-08,11.388431489011374,3.3767627562347595,1.216917486117925,False
D19_Apple_iPhone6Plus:facebook_high:0050,D19_Apple_iPhone6Plus,D15_Apple_iPhone6,D02_Apple_iPhone4s|D04_LG_D290|D05_Apple_iPhone5c,same_pipeline_different_device,facebook_high,facebook_high,2048x1536,2048x1536,prnu_python_wavelet_mle,mle_5,squared_aligned_ncc,test,50,-0.000641825248868359,4.11939650084931e-07,4.5710930483641594e-08,2.9344070607504756e-08,2.0643314507829878e-08,8.700756099674876e-09,4.0323889398525614e-07,47.34527038406743,14.038258549568011,2.641786355973645,False
D19_Apple_iPhone6Plus:facebook_high:0050,D19_Apple_iPhone6Plus,D19_Apple_iPhone6Plus,D02_Apple_iPhone4s|D04_LG_D290|D05_Apple_iPhone5c|D15_Apple_iPhone6,same_pipeline_different_device,facebook_high,facebook_high,2048x1536,2048x1536,prnu_python_wavelet_mle,mle_5,squared_aligned_ncc,test,50,0.005175254175097687,2.678325577686604e-05,1.3726811038396394e-07,6.421601767562496e-08,4.5193604322035144e-08,8.700756099674876e-09,2.6774555020766364e-05,3078.2676206573424,417.08060926724824,6.033279510712617,True
D02_Apple_iPhone4s:facebook_low:0021,D02_Apple_iPhone4s,D02_Apple_iPhone4s,D04_LG_D290|D05_Apple_iPhone5c|D15_Apple_iPhone6|D19_Apple_iPhone6Plus,same_pipeline_different_device,facebook_low,facebook_low,1224x918,1224x918,prnu_python_wavelet_mle,mle_5,squared_aligned_ncc,calibration,21,0.00048250059498254844,2.3280682415851324e-07,2.5553183288433195e-06,2.3646725870581134e-06,1.890757486848113e-06,7.749703787557212e-07,-5.42163554597208e-07,0.3004073839987327,0.09845203324666099,-2.3181858215286386,True
D02_Apple_iPhone4s:facebook_low:0021,D02_Apple_iPhone4s,D04_LG_D290,D05_Apple_iPhone5c|D15_Apple_iPhone6|D19_Apple_iPhone6Plus,same_pipeline_different_device,facebook_low,facebook_low,1224x918,1224x918,prnu_python_wavelet_mle,mle_5,squared_aligned_ncc,calibration,21,-0.0008803240191859593,7.749703787557212e-07,3.1487676455391857e-06,3.954374795360506e-06,1.364693524232267e-06,3.954374795360506e-06,-3.1794044166047844e-06,0.1959779785327784,0.1959779785327784,-1.6297529804884512,False
D02_Apple_iPhone4s:facebook_low:0021,D02_Apple_iPhone4s,D05_Apple_iPhone5c,D04_LG_D290|D15_Apple_iPhone6|D19_Apple_iPhone6Plus,same_pipeline_different_device,facebook_low,facebook_low,1224x918,1224x918,prnu_python_wavelet_mle,mle_5,squared_aligned_ncc,calibration,21,-0.0019885609860802625,3.954374795360506e-06,2.088966173337591e-06,7.749703787557212e-07,6.021105570914414e-07,7.749703787557212e-07,3.1794044166047844e-06,5.102614117599669,5.102614117599669,1.6297529804884512,False
D02_Apple_iPhone4s:facebook_low:0021,D02_Apple_iPhone4s,D15_Apple_iPhone6,D04_LG_D290|D05_Apple_iPhone5c|D19_Apple_iPhone6Plus,same_pipeline_different_device,facebook_low,facebook_low,1224x918,1224x918,prnu_python_wavelet_mle,mle_5,squared_aligned_ncc,calibration,21,-0.0023063105427484766,5.319068319592773e-06,1.6340683319268357e-06,7.749703787557212e-07,6.021105570914414e-07,7.749703787557212e-07,4.5440979408370515e-06,6.863576293242298,6.863576293242298,1.9262286314403667,False
D02_Apple_iPhone4s:facebook_low:0021,D02_Apple_iPhone4s,D19_Apple_iPhone6Plus,D04_LG_D290|D05_Apple_iPhone5c|D15_Apple_iPhone6,same_pipeline_different_device,facebook_low,facebook_low,1224x918,1224x918,prnu_python_wavelet_mle,mle_5,squared_aligned_ncc,calibration,21,-0.0004157641418692571,1.7285982166427975e-07,3.3494711645696664e-06,3.954374795360506e-06,1.364693524232267e-06,7.749703787557212e-07,-6.021105570914414e-07,0.22305345649703467,0.043713565509037884,-3.1300968015042354,False
D02_Apple_iPhone4s:facebook_low:0022,D02_Apple_iPhone4s,D02_Apple_iPhone4s,D04_LG_D290|D05_Apple_iPhone5c|D15_Apple_iPhone6|D19_Apple_iPhone6Plus,same_pipeline_different_device,facebook_low,facebook_low,1224x918,1224x918,prnu_python_wavelet_mle,mle_5,squared_aligned_ncc,calibration,22,-0.0007454459587944171,5.556896774829277e-07,1.5230277493293229e-06,1.6363712348046798e-06,4.878617825274118e-07,2.0748347082781903e-06,-1.5191450307952626e-06,0.2678235886771284,0.3395865593721805,-1.0800264031486009,True
D02_Apple_iPhone4s:facebook_low:0022,D02_Apple_iPhone4s,D04_LG_D290,D05_Apple_iPhone5c|D15_Apple_iPhone6|D19_Apple_iPhone6Plus,same_pipeline_different_device,facebook_low,facebook_low,1224x918,1224x918,prnu_python_wavelet_mle,mle_5,squared_aligned_ncc,calibration,22,0.0014404286543519573,2.0748347082781903e-06,1.339092096346367e-06,1.197907761331169e-06,5.521705600092291e-07,6.457372013219399e-07,1.4290975069562503e-06,3.2131255625827833,1.7320488064728294,0.5493049890000457,False
D02_Apple_iPhone4s:facebook_low:0022,D02_Apple_iPhone4s,D05_Apple_iPhone5c,D04_LG_D290|D15_Apple_iPhone6|D19_Apple_iPhone6Plus,same_pipeline_different_device,facebook_low,facebook_low,1224x918,1224x918,prnu_python_wavelet_mle,mle_5,squared_aligned_ncc,calibration,22,0.000803577750638941,6.457372013219399e-07,1.8154579319984507e-06,2.0748347082781903e-06,9.879661810780233e-08,2.0748347082781903e-06,-1.4290975069562503e-06,0.3112234428822561,0.3112234428822561,-1.1672441589165974,False
D02_Apple_iPhone4s:facebook_low:0022,D02_Apple_iPhone4s,D15_Apple_iPhone6,D04_LG_D290|D05_Apple_iPhone5c|D19_Apple_iPhone6Plus,same_pipeline_different_device,facebook_low,facebook_low,1224x918,1224x918,prnu_python_wavelet_mle,mle_5,squared_aligned_ncc,calibration,22,0.0010944897264621395,1.197907761331169e-06,1.631401078662041e-06,2.0748347082781903e-06,9.879661810780233e-08,2.0748347082781903e-06,-8.769269469470213e-07,0.5773509362224124,0.5773509362224124,-0.5493049890000457,False
D02_Apple_iPhone4s:facebook_low:0022,D02_Apple_iPhone4s,D19_Apple_iPhone6Plus,D04_LG_D290|D05_Apple_iPhone5c|D15_Apple_iPhone6,same_pipeline_different_device,facebook_low,facebook_low,1224x918,1224x918,prnu_python_wavelet_mle,mle_5,squared_aligned_ncc,calibration,22,-0.0014743240235395993,2.1736313263859927e-06,1.306159890310433e-06,1.197907761331169e-06,5.521705600092291e-07,2.0748347082781903e-06,9.879661810780233e-08,1.0476166210800422,1.8145231181827854,0.5958226883904789,False
D02_Apple_iPhone4s:facebook_low:0023,D02_Apple_iPhone4s,D02_Apple_iPhone4s,D04_LG_D290|D05_Apple_iPhone5c|D15_Apple_iPhone6|D19_Apple_iPhone6Plus,same_pipeline_different_device,facebook_low,facebook_low,1224x918,1224x918,prnu_python_wavelet_mle,mle_5,squared_aligned_ncc,calibration,23,0.0031429892036687387,9.878381134378252e-06,1.650972269085692e-06,1.4487716085327892e-06,1.7657430925222154e-07,1.466470646754039e-06,8.411910487624212e-06,6.736160151751803,6.818453009568817,1.9196326146837066,True
D02_Apple_iPhone4s:facebook_low:0023,D02_Apple_iPhone4s,D04_LG_D290,D05_Apple_iPhone5c|D15_Apple_iPhone6|D19_Apple_iPhone6Plus,same_pipeline_different_device,facebook_low,facebook_low,1224x918,1224x918,prnu_python_wavelet_mle,mle_5,squared_aligned_ncc,calibration,23,0.0012109792098768826,1.466470646754039e-06,1.7124728098629098e-06,1.4310725703115393e-06,3.177505420619434e-07,2.593023831027594e-06,-1.126553184273555e-06,0.5655446082702945,1.0247353468837668,0.024434381089308843,False
D02_Apple_iPhone4s:facebook_low:0023,D02_Apple_iPhone4s,D05_Apple_iPhone5c,D04_LG_D290|D15_Apple_iPhone6|D19_Apple_iPhone6Plus,same_pipeline_different_device,facebook_low,facebook_low,1224x918,1224x918,prnu_python_wavelet_mle,mle_5,squared_aligned_ncc,calibration,23,-0.0016102868784870583,2.593023831027594e-06,1.3369550817717248e-06,1.4310725703115393e-06,3.539807644249967e-08,1.466470646754039e-06,1.126553184273555e-06,1.7682071146579887,1.8119443310013985,0.5944004847434368,False
D02_Apple_iPhone4s:facebook_low:0023,D02_Apple_iPhone4s,D15_Apple_iPhone6,D04_LG_D290|D05_Apple_iPhone5c|D19_Apple_iPhone6Plus,same_pipeline_different_device,facebook_low,facebook_low,1224x918,1224x918,prnu_python_wavelet_mle,mle_5,squared_aligned_ncc,calibration,23,-0.0011962744544257138,1.4310725703115393e-06,1.7242721686770762e-06,1.466470646754039e-06,3.531486185044431e-07,1.466470646754039e-06,-3.539807644249967e-08,0.9758617218006704,0.9758617218006704,-0.024434381089308843,False
D02_Apple_iPhone4s:facebook_low:0023,D02_Apple_iPhone4s,D19_Apple_iPhone6Plus,D04_LG_D290|D05_Apple_iPhone5c|D15_Apple_iPhone6,same_pipeline_different_device,facebook_low,facebook_low,1224x918,1224x918,prnu_python_wavelet_mle,mle_5,squared_aligned_ncc,calibration,23,0.0010551407622917408,1.113322028249596e-06,1.8301890160310573e-06,1.466470646754039e-06,3.539807644249967e-08,1.466470646754039e-06,-3.531486185044431e-07,0.7591846660646633,0.7591846660646633,-0.27551022938161474,False
D02_Apple_iPhone4s:facebook_low:0024,D02_Apple_iPhone4s,D02_Apple_iPhone4s,D04_LG_D290|D05_Apple_iPhone5c|D15_Apple_iPhone6|D19_Apple_iPhone6Plus,same_pipeline_different_device,facebook_low,facebook_low,1224x918,1224x918,prnu_python_wavelet_mle,mle_5,squared_aligned_ncc,calibration,24,0.00015491925073088362,2.3999974247018384e-08,1.5084453228846574e-06,1.6858497301042867e-07,1.5780007326602594e-07,3.158274038969544e-07,-2.9182742964993603e-07,0.075990791017137,0.14236129008683202,-1.9493871562371226,True
D02_Apple_iPhone4s:facebook_low:0024,D02_Apple_iPhone4s,D04_LG_D290,D05_Apple_iPhone5c|D15_Apple_iPhone6|D19_Apple_iPhone6Plus,same_pipeline_different_device,facebook_low,facebook_low,1224x918,1224x918,prnu_python_wavelet_mle,mle_5,squared_aligned_ncc,calibration,24,-0.0005619852345898017,3.158274038969544e-07,1.9059846292138918e-06,2.1342542123902928e-08,2.1115284759000362e-08,2.1342542123902928e-08,2.944848617730515e-07,14.798021813120302,14.798021813120302,2.6944935105609513,False
D02_Apple_iPhone4s:facebook_low:0024,D02_Apple_iPhone4s,D05_Apple_iPhone5c,D04_LG_D290|D15_Apple_iPhone6|D19_Apple_iPhone6Plus,same_pipeline_different_device,facebook_low,facebook_low,1224x918,1224x918,prnu_python_wavelet_mle,mle_5,squared_aligned_ncc,calibration,24,0.00014609086940634903,2.1342542123902928e-08,2.004146249804909e-06,3.158274038969544e-07,3.1560014653205183e-07,3.158274038969544e-07,-2.944848617730515e-07,0.06757659994212029,0.06757659994212029,-2.6944935105609513,False
D02_Apple_iPhone4s:facebook_low:0024,D02_Apple_iPhone4s,D15_Apple_iPhone6,D04_LG_D290|D05_Apple_iPhone5c|D19_Apple_iPhone6Plus,same_pipeline_different_device,facebook_low,facebook_low,1224x918,1224x918,prnu_python_wavelet_mle,mle_5,squared_aligned_ncc,calibration,24,-1.5075057708100716e-05,2.272573649025668e-10,2.011184678057909e-06,3.158274038969544e-07,2.944848617730515e-07,3.158274038969544e-07,-3.1560014653205183e-07,0.0007195618939283511,0.0007195618939283511,-7.236868011808726,False
D02_Apple_iPhone4s:facebook_low:0024,D02_Apple_iPhone4s,D19_Apple_iPhone6Plus,D04_LG_D290|D05_Apple_iPhone5c|D15_Apple_iPhone6,same_pipeline_different_device,facebook_low,facebook_low,1224x918,1224x918,prnu_python_wavelet_mle,mle_5,squared_aligned_ncc,calibration,24,0.0023867098877226093,5.69638408815287e-06,1.1246573446191998e-07,2.1342542123902928e-08,2.1115284759000362e-08,3.158274038969544e-07,5.3805566842559155e-06,18.03638322028395,266.90279232355886,5.586884518414797,False
D02_Apple_iPhone4s:facebook_low:0025,D02_Apple_iPhone4s,D02_Apple_iPhone4s,D04_LG_D290|D05_Apple_iPhone5c|D15_Apple_iPhone6|D19_Apple_iPhone6Plus,same_pipeline_different_device,facebook_low,facebook_low,1224x918,1224x918,prnu_python_wavelet_mle,mle_5,squared_aligned_ncc,calibration,25,-0.0005302018598955532,2.8111401223670384e-07,8.233129594716027e-07,1.9900519007261492e-07,1.4410736538958498e-07,2.8893451039215446e-06,-2.6082310916848406e-06,0.09729333192326652,1.412596385723047,0.34542941939040794,True
D02_Apple_iPhone4s:facebook_low:0025,D02_Apple_iPhone4s,D04_LG_D290,D05_Apple_iPhone5c|D15_Apple_iPhone6|D19_Apple_iPhone6Plus,same_pipeline_different_device,facebook_low,facebook_low,1224x918,1224x918,prnu_python_wavelet_mle,mle_5,squared_aligned_ncc,calibration,25,0.0016998073725930079,2.8893451039215446e-06,1.3463557798828878e-07,1.0389929554642334e-07,9.800294172678684e-08,2.941110845988065e-07,2.595234019322738e-06,9.823992549831527,27.809092340097276,3.3253630298167067,False
D02_Apple_iPhone4s:facebook_low:0025,D02_Apple_iPhone4s,D05_Apple_iPhone5c,D04_LG_D290|D15_Apple_iPhone6|D19_Apple_iPhone6Plus,same_pipeline_different_device,facebook_low,facebook_low,1224x918,1224x918,prnu_python_wavelet_mle,mle_5,squared_aligned_ncc,calibration,25,-0.0005423200942237034,2.941110845988065e-07,9.997135844292016e-07,1.0389929554642334e-07,9.800294172678684e-08,2.8893451039215446e-06,-2.595234019322738e-06,0.1017916081397221,2.8307322302045295,1.0405354167762635,False
D02_Apple_iPhone4s:facebook_low:0025,D02_Apple_iPhone4s,D15_Apple_iPhone6,D04_LG_D290|D05_Apple_iPhone5c|D19_Apple_iPhone6Plus,same_pipeline_different_device,facebook_low,facebook_low,1224x918,1224x918,prnu_python_wavelet_mle,mle_5,squared_aligned_ncc,calibration,25,7.678771919803649e-05,5.8963538196365015e-09,1.0957851613555914e-06,2.941110845988065e-07,1.9021178905238315e-07,2.8893451039215446e-06,-2.883448750101908e-06,0.002040723280730195,0.020048050306161188,-3.9096233715458,False
D02_Apple_iPhone4s:facebook_low:0025,D02_Apple_iPhone4s,D19_Apple_iPhone6Plus,D04_LG_D290|D05_Apple_iPhone5c|D15_Apple_iPhone6,same_pipeline_different_device,facebook_low,facebook_low,1224x918,1224x918,prnu_python_wavelet_mle,mle_5,squared_aligned_ncc,calibration,25,-0.00032233413648948716,1.0389929554642334e-07,1.0631175141133292e-06,2.941110845988065e-07,2.8821473077917e-07,2.8893451039215446e-06,-2.785445808375121e-06,0.03595946202667404,0.3532654870459954,-1.0405354167762635,False
D04_LG_D290:facebook_low:0021,D04_LG_D290,D02_Apple_iPhone4s,D05_Apple_iPhone5c|D15_Apple_iPhone6|D19_Apple_iPhone6Plus,same_pipeline_different_device,facebook_low,facebook_low,1224x918,1224x918,prnu_python_wavelet_mle,mle_5,squared_aligned_ncc,calibration,21,-0.0007998504696885595,6.397607738610092e-07,8.174316978273908e-07,8.062937882185774e-07,5.820406190351334e-07,2.2425316918344406e-07,4.1550760467756514e-07,2.8528505358052296,0.7934586415139008,-0.23135386196963914,False
D04_LG_D290:facebook_low:0021,D04_LG_D290,D04_LG_D290,D02_Apple_iPhone4s|D05_Apple_iPhone5c|D15_Apple_iPhone6|D19_Apple_iPhone6Plus,same_pipeline_different_device,facebook_low,facebook_low,1224x918,1224x918,prnu_python_wavelet_mle,mle_5,squared_aligned_ncc,calibration,21,0.0011282162706044104,1.2728719532565243e-06,7.730139668357955e-07,7.230272810397933e-07,2.910203095175667e-07,6.397607738610092e-07,6.331111793955151e-07,1.9896061235118194,1.7604756924607237,0.5655840523382825,True
D04_LG_D290:facebook_low:0021,D04_LG_D290,D05_Apple_iPhone5c,D02_Apple_iPhone4s|D15_Apple_iPhone6|D19_Apple_iPhone6Plus,same_pipeline_different_device,facebook_low,facebook_low,1224x918,1224x918,prnu_python_wavelet_mle,mle_5,squared_aligned_ncc,calibration,21,-0.00047355376588455514,2.2425316918344406e-07,9.559342327199125e-07,8.062937882185774e-07,1.665330143575682e-07,6.397607738610092e-07,-4.1550760467756514e-07,0.3505266004823297,0.27812836023319515,-1.2796725443972843,False
D04_LG_D290:facebook_low:0021,D04_LG_D290,D15_Apple_iPhone6,D02_Apple_iPhone4s|D05_Apple_iPhone5c|D19_Apple_iPhone6Plus,same_pipeline_different_device,facebook_low,facebook_low,1224x918,1224x918,prnu_python_wavelet_mle,mle_5,squared_aligned_ncc,calibration,21,0.0008979386327687307,8.062937882185774e-07,7.619206930415346e-07,6.397607738610092e-07,4.1550760467756514e-07,6.397607738610092e-07,1.665330143575682e-07,1.2603051346091878,1.2603051346091878,0.23135386196963914,False
D04_LG_D290:facebook_low:0021,D04_LG_D290,D19_Apple_iPhone6Plus,D02_Apple_iPhone4s|D05_Apple_iPhone5c|D15_Apple_iPhone6,same_pipeline_different_device,facebook_low,facebook_low,1224x918,1224x918,prnu_python_wavelet_mle,mle_5,squared_aligned_ncc,calibration,21,0.001192370804775155,1.421748136080151e-06,5.567692437543435e-07,6.397607738610092e-07,1.665330143575682e-07,6.397607738610092e-07,7.819873622191417e-07,2.222312142552572,2.222312142552572,0.7985481595477779,False
D04_LG_D290:facebook_low:0022,D04_LG_D290,D02_Apple_iPhone4s,D05_Apple_iPhone5c|D15_Apple_iPhone6|D19_Apple_iPhone6Plus,same_pipeline_different_device,facebook_low,facebook_low,1224x918,1224x918,prnu_python_wavelet_mle,mle_5,squared_aligned_ncc,calibration,22,0.0014906415459262122,2.2220122184412878e-06,3.0292142524668547e-06,2.884353246368411e-06,6.547881764475141e-07,2.229565069920897e-06,-7.55285147960901e-09,0.9966124103837539,0.7703675758990153,-0.2608875067424137,False
D04_LG_D290:facebook_low:0022,D04_LG_D290,D04_LG_D290,D02_Apple_iPhone4s|D05_Apple_iPhone5c|D15_Apple_iPhone6|D19_Apple_iPhone6Plus,same_pipeline_different_device,facebook_low,facebook_low,1224x918,1224x918,prnu_python_wavelet_mle,mle_5,squared_aligned_ncc,calibration,22,-0.00118214854045014,1.3974751716883962e-06,2.8274137439604627e-06,2.556959158144654e-06,3.311705139635616e-07,2.2220122184412878e-06,-8.245370467528916e-07,0.6289232615780603,0.5465379324644408,-0.6041515639583004,True
D04_LG_D290:facebook_low:0022,D04_LG_D290,D05_Apple_iPhone5c,D02_Apple_iPhone4s|D15_Apple_iPhone6|D19_Apple_iPhone6Plus,same_pipeline_different_device,facebook_low,facebook_low,1224x918,1224x918,prnu_python_wavelet_mle,mle_5,squared_aligned_ncc,calibration,22,-0.0014931728198440048,2.229565069920897e-06,3.0266966353069854e-06,2.884353246368411e-06,6.623410279271231e-07,2.2220122184412878e-06,7.55285147960901e-09,1.0033991043869719,0.7729861357058345,-0.25749416625305876,False
D04_LG_D290:facebook_low:0022,D04_LG_D290,D15_Apple_iPhone6,D02_Apple_iPhone4s|D05_Apple_iPhone5c|D19_Apple_iPhone6Plus,same_pipeline_different_device,facebook_low,facebook_low,1224x918,1224x918,prnu_python_wavelet_mle,mle_5,squared_aligned_ncc,calibration,22,-0.0016983383780532109,2.884353246368411e-06,2.8084339098244796e-06,2.229565069920897e-06,7.55285147960901e-09,2.2220122184412878e-06,6.623410279271231e-07,1.2980816317885717,1.2936842639316848,0.25749416625305876,False
D04_LG_D290:facebook_low:0022,D04_LG_D290,D19_Apple_iPhone6Plus,D02_Apple_iPhone4s|D05_Apple_iPhone5c|D15_Apple_iPhone6,same_pipeline_different_device,facebook_low,facebook_low,1224x918,1224x918,prnu_python_wavelet_mle,mle_5,squared_aligned_ncc,calibration,22,-0.001993420287122426,3.973724441111256e-06,2.4453101782435317e-06,2.229565069920897e-06,7.55285147960901e-09,2.2220122184412878e-06,1.751712222669968e-06,1.7883450001453056,1.7822868211925478,0.5778972707503129,False
D04_LG_D290:facebook_low:0023,D04_LG_D290,D02_Apple_iPhone4s,D05_Apple_iPhone5c|D15_Apple_iPhone6|D19_Apple_iPhone6Plus,same_pipeline_different_device,facebook_low,facebook_low,1224x918,1224x918,prnu_python_wavelet_mle,mle_5,squared_aligned_ncc,calibration,23,0.001366053514332375,1.8661022040198322e-06,5.8610278342649255e-08,4.809057365752873e-08,1.292164918864724e-08,3.516892446888149e-08,1.8309332795509507e-06,53.06111097230212,38.80390816938587,3.6585209675718016,False
D04_LG_D290:facebook_low:0023,D04_LG_D290,D04_LG_D290,D02_Apple_iPhone4s|D05_Apple_iPhone5c|D15_Apple_iPhone6|D19_Apple_iPhone6Plus,same_pipeline_different_device,facebook_low,facebook_low,1224x918,1224x918,prnu_python_wavelet_mle,mle_5,squared_aligned_ncc,calibration,23,0.0026604994982313995,7.078257580089528e-06,5.10483259761945e-07,7.033095527953312e-08,2.8701206216328015e-08,1.8661022040198322e-06,5.212155376069696e-06,3.793070692935264,100.64213619673895,4.611571018847078,True
D04_LG_D290:facebook_low:0023,D04_LG_D290,D05_Apple_iPhone5c,D02_Apple_iPhone4s|D15_Apple_iPhone6|D19_Apple_iPhone6Plus,same_pipeline_different_device,facebook_low,facebook_low,1224x918,1224x918,prnu_python_wavelet_mle,mle_5,squared_aligned_ncc,calibration,23,-0.0001875337955379816,3.516892446888149e-08,6.689213715262995e-07,9.257133690153752e-08,4.448076324400879e-08,1.8661022040198322e-06,-1.8309332795509507e-06,0.018846194165101436,0.3799115973261629,-0.9678166919416249,False
D04_LG_D290:facebook_low:0023,D04_LG_D290,D15_Apple_iPhone6,D02_Apple_iPhone4s|D05_Apple_iPhone5c|D19_Apple_iPhone6Plus,same_pipeline_different_device,facebook_low,facebook_low,1224x918,1224x918,prnu_python_wavelet_mle,mle_5,squared_aligned_ncc,calibration,23,-0.00030425538105600947,9.257133690153752e-08,6.497872340487475e-07,4.809057365752873e-08,1.292164918864724e-08,1.8661022040198322e-06,-1.7735308671182946e-06,0.049606788257431214,1.9249372561195304,0.6548933729849225,False
D04_LG_D290:facebook_low:0023,D04_LG_D290,D19_Apple_iPhone6Plus,D02_Apple_iPhone4s|D05_Apple_iPhone5c|D15_Apple_iPhone6,same_pipeline_different_device,facebook_low,facebook_low,1224x918,1224x918,prnu_python_wavelet_mle,mle_5,squared_aligned_ncc,calibration,23,-0.0002192956307305933,4.809057365752873e-08,6.646141551300837e-07,9.257133690153752e-08,5.740241243265603e-08,1.8661022040198322e-06,-1.8180116303623034e-06,0.025770600106433207,0.5194974520966434,-0.6548933729849225,False
D04_LG_D290:facebook_low:0024,D04_LG_D290,D02_Apple_iPhone4s,D05_Apple_iPhone5c|D15_Apple_iPhone6|D19_Apple_iPhone6Plus,same_pipeline_different_device,facebook_low,facebook_low,1224x918,1224x918,prnu_python_wavelet_mle,mle_5,squared_aligned_ncc,calibration,24,0.0002122478777924135,4.50491616273833e-08,7.16419053964721e-07,1.716837793046922e-07,1.436822253065667e-07,2.800155399812549e-08,1.7047607629257807e-08,1.608809340738697,0.2623961437115922,-1.337899918241261,False
D04_LG_D290:facebook_low:0024,D04_LG_D290,D04_LG_D290,D02_Apple_iPhone4s|D05_Apple_iPhone5c|D15_Apple_iPhone6|D19_Apple_iPhone6Plus,same_pipeline_different_device,facebook_low,facebook_low,1224x918,1224x918,prnu_python_wavelet_mle,mle_5,squared_aligned_ncc,calibration,24,0.004631289077295838,2.1448838517479737e-05,5.485765808803866e-07,1.0836647046603776e-07,7.184111265328337e-08,4.50491616273833e-08,2.1403789355852354e-05,476.12070330831597,197.9287359386854,5.287907046406378,True
D04_LG_D290:facebook_low:0024,D04_LG_D290,D05_Apple_iPhone5c,D02_Apple_iPhone4s|D15_Apple_iPhone6|D19_Apple_iPhone6Plus,same_pipeline_different_device,facebook_low,facebook_low,1224x918,1224x918,prnu_python_wavelet_mle,mle_5,squared_aligned_ncc,calibration,24,-0.0001673366486999351,2.800155399812549e-08,7.221015898411402e-07,1.716837793046922e-07,1.2663461767730891e-07,4.50491616273833e-08,-1.7047607629257807e-08,0.6215776939365869,0.16309958990610474,-1.8133942837292398,False
D04_LG_D290:facebook_low:0024,D04_LG_D290,D15_Apple_iPhone6,D02_Apple_iPhone4s|D05_Apple_iPhone5c|D19_Apple_iPhone6Plus,same_pipeline_different_device,facebook_low,facebook_low,1224x918,1224x918,prnu_python_wavelet_mle,mle_5,squared_aligned_ncc,calibration,24,-0.0013962706860030205,1.9495718285913453e-06,8.157816497673367e-08,4.50491616273833e-08,1.7047607629257807e-08,4.50491616273833e-08,1.904522666963962e-06,43.276539632788435,43.276539632788435,3.767610678310124,False
D04_LG_D290:facebook_low:0024,D04_LG_D290,D19_Apple_iPhone6Plus,D02_Apple_iPhone4s|D05_Apple_iPhone5c|D15_Apple_iPhone6,same_pipeline_different_device,facebook_low,facebook_low,1224x918,1224x918,prnu_python_wavelet_mle,mle_5,squared_aligned_ncc,calibration,24,0.00041434741377821126,1.716837793046922e-07,6.742075147389513e-07,4.50491616273833e-08,1.7047607629257807e-08,4.50491616273833e-08,1.2663461767730891e-07,3.811031617519239,3.811031617519239,1.337899918241261,False
D04_LG_D290:facebook_low:0025,D04_LG_D290,D02_Apple_iPhone4s,D05_Apple_iPhone5c|D15_Apple_iPhone6|D19_Apple_iPhone6Plus,same_pipeline_different_device,facebook_low,facebook_low,1224x918,1224x918,prnu_python_wavelet_mle,mle_5,squared_aligned_ncc,calibration,25,0.0006181720060503489,3.8213662906431257e-07,1.3145054942429217e-06,1.1323441137451431e-06,1.088836671118705e-06,4.3507442626438055e-08,3.386291864378745e-07,8.783247324955399,0.33747393961401395,-1.086266987609335,False
D04_LG_D290:facebook_low:0025,D04_LG_D290,D04_LG_D290,D02_Apple_iPhone4s|D05_Apple_iPhone5c|D15_Apple_iPhone6|D19_Apple_iPhone6Plus,same_pipeline_different_device,facebook_low,facebook_low,1224x918,1224x918,prnu_python_wavelet_mle,mle_5,squared_aligned_ncc,calibration,25,-0.00014246501834241327,2.029628145130415e-08,1.0814132779482694e-06,7.572403714047278e-07,5.444183355593525e-07,3.8213662906431257e-07,-3.6184034761300844e-07,0.05311263016319836,0.02680295744619808,-3.6192430450836355,True
D04_LG_D290:facebook_low:0025,D04_LG_D290,D05_Apple_iPhone5c,D02_Apple_iPhone4s|D15_Apple_iPhone6|D19_Apple_iPhone6Plus,same_pipeline_different_device,facebook_low,facebook_low,1224x918,1224x918,prnu_python_wavelet_mle,mle_5,squared_aligned_ncc,calibration,25,-0.00020858437771424315,4.3507442626438055e-08,1.427381889722213e-06,1.1323441137451431e-06,7.502074846808305e-07,3.8213662906431257e-07,-3.386291864378745e-07,0.11385310728513248,0.03842245665281065,-3.2591131816554615,False
D04_LG_D290:facebook_low:0025,D04_LG_D290,D15_Apple_iPhone6,D02_Apple_iPhone4s|D05_Apple_iPhone5c|D19_Apple_iPhone6Plus,same_pipeline_different_device,facebook_low,facebook_low,1224x918,1224x918,prnu_python_wavelet_mle,mle_5,squared_aligned_ncc,calibration,25,-0.0016636300449189968,2.7676649263571834e-06,5.193293951452979e-07,3.8213662906431257e-07,3.386291864378745e-07,3.8213662906431257e-07,2.385528297292871e-06,7.242605696119732,7.242605696119732,1.9799810444271237,False
D04_LG_D290:facebook_low:0025,D04_LG_D290,D19_Apple_iPhone6Plus,D02_Apple_iPhone4s|D05_Apple_iPhone5c|D15_Apple_iPhone6,same_pipeline_different_device,facebook_low,facebook_low,1224x918,1224x918,prnu_python_wavelet_mle,mle_5,squared_aligned_ncc,calibration,25,-0.0010641165884174267,1.1323441137451431e-06,1.0644363326826448e-06,3.8213662906431257e-07,3.386291864378745e-07,3.8213662906431257e-07,7.502074846808305e-07,2.9631917686555314,2.9631917686555314,1.086266987609335,False
D05_Apple_iPhone5c:facebook_low:0021,D05_Apple_iPhone5c,D02_Apple_iPhone4s,D04_LG_D290|D15_Apple_iPhone6|D19_Apple_iPhone6Plus,same_pipeline_different_device,facebook_low,facebook_low,1224x918,1224x918,prnu_python_wavelet_mle,mle_5,squared_aligned_ncc,calibration,21,0.0010456736861567313,1.0934334579206061e-06,9.247179702043296e-07,3.421011635968956e-07,2.1061663988806648e-07,3.421011635968956e-07,7.513322943237105e-07,3.196228409234585,3.196228409234585,1.1619714925701992,False
D05_Apple_iPhone5c:facebook_low:0021,D05_Apple_iPhone5c,D04_LG_D290,D02_Apple_iPhone4s|D15_Apple_iPhone6|D19_Apple_iPhone6Plus,same_pipeline_different_device,facebook_low,facebook_low,1224x918,1224x918,prnu_python_wavelet_mle,mle_5,squared_aligned_ncc,calibration,21,0.0005848941473436844,3.421011635968956e-07,1.1751620683122333e-06,1.0934334579206061e-06,9.61948934211777e-07,1.0934334579206061e-06,-7.513322943237105e-07,0.31286875403234227,0.31286875403234227,-1.1619714925701992,False
D05_Apple_iPhone5c:facebook_low:0021,D05_Apple_iPhone5c,D05_Apple_iPhone5c,D02_Apple_iPhone4s|D04_LG_D290|D15_Apple_iPhone6|D19_Apple_iPhone6Plus,same_pipeline_different_device,facebook_low,facebook_low,1224x918,1224x918,prnu_python_wavelet_mle,mle_5,squared_aligned_ncc,calibration,21,0.0028243600171108606,7.97700950625446e-06,9.668968421333988e-07,7.177673107587509e-07,4.809744671058885e-07,1.0934334579206061e-06,6.883576048333854e-06,7.295377188680894,11.113642801344595,2.408173434818533,True
D05_Apple_iPhone5c:facebook_low:0021,D05_Apple_iPhone5c,D15_Apple_iPhone6,D02_Apple_iPhone4s|D04_LG_D290|D19_Apple_iPhone6Plus,same_pipeline_different_device,facebook_low,facebook_low,1224x918,1224x918,prnu_python_wavelet_mle,mle_5,squared_aligned_ncc,calibration,21,-0.000362607947663629,1.3148452370882913e-07,1.2453676149415887e-06,1.0934334579206061e-06,7.513322943237105e-07,1.0934334579206061e-06,-9.61948934211777e-07,0.12024922299238458,0.12024922299238458,-2.1181888316189337,False
D05_Apple_iPhone5c:facebook_low:0021,D05_Apple_iPhone5c,D19_Apple_iPhone6Plus,D02_Apple_iPhone4s|D04_LG_D290|D15_Apple_iPhone6,same_pipeline_different_device,facebook_low,facebook_low,1224x918,1224x918,prnu_python_wavelet_mle,mle_5,squared_aligned_ncc,calibration,21,-0.001516762414917796,2.3005682233072642e-06,5.223397150754437e-07,3.421011635968956e-07,2.1061663988806648e-07,1.0934334579206061e-06,1.2071347653866581e-06,2.103985575566966,6.724818469246916,1.9058049317030399,False
D05_Apple_iPhone5c:facebook_low:0022,D05_Apple_iPhone5c,D02_Apple_iPhone4s,D04_LG_D290|D15_Apple_iPhone6|D19_Apple_iPhone6Plus,same_pipeline_different_device,facebook_low,facebook_low,1224x918,1224x918,prnu_python_wavelet_mle,mle_5,squared_aligned_ncc,calibration,22,0.00037120859869039434,1.3779582374168623e-07,9.68400279753955e-07,3.830166130229441e-07,2.8090072604980667e-07,3.830166130229441e-07,-2.4522078928125784e-07,0.35976461348278843,0.35976461348278843,-1.0223053128227555,False
D05_Apple_iPhone5c:facebook_low:0022,D05_Apple_iPhone5c,D04_LG_D290,D02_Apple_iPhone4s|D15_Apple_iPhone6|D19_Apple_iPhone6Plus,same_pipeline_different_device,facebook_low,facebook_low,1224x918,1224x918,prnu_python_wavelet_mle,mle_5,squared_aligned_ncc,calibration,22,0.0006188833597883725,3.830166130229441e-07,8.866600166602023e-07,1.3779582374168623e-07,3.56799367685488e-08,1.3779582374168623e-07,2.4522078928125784e-07,2.779595220105885,2.779595220105885,1.0223053128227555,False
D05_Apple_iPhone5c:facebook_low:0022,D05_Apple_iPhone5c,D05_Apple_iPhone5c,D02_Apple_iPhone4s|D04_LG_D290|D15_Apple_iPhone6|D19_Apple_iPhone6Plus,same_pipeline_different_device,facebook_low,facebook_low,1224x918,1224x918,prnu_python_wavelet_mle,mle_5,squared_aligned_ncc,calibration,22,0.0016614505371431068,2.760417887373118e-06,7.607491657508877e-07,2.604062183823152e-07,1.4045036302490336e-07,1.3779582374168623e-07,2.622622063631432e-06,20.032667263906575,10.600429991730891,2.360894565552904,True
D05_Apple_iPhone5c:facebook_low:0022,D05_Apple_iPhone5c,D15_Apple_iPhone6,D02_Apple_iPhone4s|D04_LG_D290|D19_Apple_iPhone6Plus,same_pipeline_different_device,facebook_low,facebook_low,1224x918,1224x918,prnu_python_wavelet_mle,mle_5,squared_aligned_ncc,calibration,22,-0.0015556568835272716,2.4200683392657832e-06,2.0764277457925592e-07,1.3779582374168623e-07,3.56799367685488e-08,1.3779582374168623e-07,2.282272515524097e-06,17.562711797437878,17.562711797437878,2.8657780066618397,False
D05_Apple_iPhone5c:facebook_low:0022,D05_Apple_iPhone5c,D19_Apple_iPhone6Plus,D02_Apple_iPhone4s|D04_LG_D290|D15_Apple_iPhone6,same_pipeline_different_device,facebook_low,facebook_low,1224x918,1224x918,prnu_python_wavelet_mle,mle_5,squared_aligned_ncc,calibration,22,-0.00031955576504444014,1.0211588697313744e-07,9.802935920101377e-07,3.830166130229441e-07,2.4522078928125784e-07,1.3779582374168623e-07,-3.56799367685488e-08,0.7410666317766288,0.2666095503461107,-1.3219700491255448,False
D05_Apple_iPhone5c:facebook_low:0023,D05_Apple_iPhone5c,D02_Apple_iPhone4s,D04_LG_D290|D15_Apple_iPhone6|D19_Apple_iPhone6Plus,same_pipeline_different_device,facebook_low,facebook_low,1224x918,1224x918,prnu_python_wavelet_mle,mle_5,squared_aligned_ncc,calibration,23,0.0011322656381296706,1.2820254752891901e-06,1.8599878327092663e-06,1.5994252238564337e-06,1.2928306638944773e-06,3.6739437143094085e-06,-2.3919182390202184e-06,0.34895076652805296,0.8015538683315565,-0.22120309979415254,False
D05_Apple_iPhone5c:facebook_low:0023,D05_Apple_iPhone5c,D04_LG_D290,D02_Apple_iPhone4s|D15_Apple_iPhone6|D19_Apple_iPhone6Plus,same_pipeline_different_device,facebook_low,facebook_low,1224x918,1224x918,prnu_python_wavelet_mle,mle_5,squared_aligned_ncc,calibration,23,0.0019167534307545685,3.6739437143094085e-06,1.0626817530358602e-06,1.2820254752891901e-06,3.1739974856724363e-07,1.2820254752891901e-06,2.3919182390202184e-06,2.865733782303091,2.865733782303091,1.0528244368512265,False
D05_Apple_iPhone5c:facebook_low:0023,D05_Apple_iPhone5c,D05_Apple_iPhone5c,D02_Apple_iPhone4s|D04_LG_D290|D15_Apple_iPhone6|D19_Apple_iPhone6Plus,same_pipeline_different_device,facebook_low,facebook_low,1224x918,1224x918,prnu_python_wavelet_mle,mle_5,squared_aligned_ncc,calibration,23,0.0037990972845377523,1.4433140177382123e-05,1.7154972433542472e-06,1.440725349572812e-06,6.464153319472386e-07,1.2820254752891901e-06,1.3151114702092933e-05,11.258075955258532,10.017967811603842,2.304380261874149,True
D05_Apple_iPhone5c:facebook_low:0023,D05_Apple_iPhone5c,D15_Apple_iPhone6,D02_Apple_iPhone4s|D04_LG_D290|D19_Apple_iPhone6Plus,same_pipeline_different_device,facebook_low,facebook_low,1224x918,1224x918,prnu_python_wavelet_mle,mle_5,squared_aligned_ncc,calibration,23,0.000553709815663364,3.0659455996195654e-07,2.1851314711516773e-06,1.5994252238564337e-06,3.1739974856724363e-07,1.2820254752891901e-06,-9.754309153272336e-07,0.2391485706575348,0.1916904619165096,-1.6518733854291465,False
D05_Apple_iPhone5c:facebook_low:0023,D05_Apple_iPhone5c,D19_Apple_iPhone6Plus,D02_Apple_iPhone4s|D04_LG_D290|D15_Apple_iPhone6,same_pipeline_different_device,facebook_low,facebook_low,1224x918,1224x918,prnu_python_wavelet_mle,mle_5,squared_aligned_ncc,calibration,23,-0.0012646838434393134,1.5994252238564337e-06,1.754187916520185e-06,1.2820254752891901e-06,9.754309153272336e-07,1.2820254752891901e-06,3.1739974856724363e-07,1.247576787423547,1.247576787423547,0.22120309979415254,False
D05_Apple_iPhone5c:facebook_low:0024,D05_Apple_iPhone5c,D02_Apple_iPhone4s,D04_LG_D290|D15_Apple_iPhone6|D19_Apple_iPhone6Plus,same_pipeline_different_device,facebook_low,facebook_low,1224x918,1224x918,prnu_python_wavelet_mle,mle_5,squared_aligned_ncc,calibration,24,-0.00014927212565415913,2.2282167497311073e-08,3.503644139265983e-06,3.5589581917014684e-06,3.25518015856021e-06,3.5589581917014684e-06,-3.536676024204157e-06,0.00626086801167462,0.00626086801167462,-5.073436443470621,False
D05_Apple_iPhone5c:facebook_low:0024,D05_Apple_iPhone5c,D04_LG_D290,D02_Apple_iPhone4s|D15_Apple_iPhone6|D19_Apple_iPhone6Plus,same_pipeline_different_device,facebook_low,facebook_low,1224x918,1224x918,prnu_python_wavelet_mle,mle_5,squared_aligned_ncc,calibration,24,0.001886520127563305,3.5589581917014684e-06,2.324752131197931e-06,1.3783587583480347e-07,1.1555370833749239e-07,2.2282167497311073e-08,3.536676024204157e-06,159.72226185495418,25.820260292515467,3.25115946641011,False
D05_Apple_iPhone5c:facebook_low:0024,D05_Apple_iPhone5c,D05_Apple_iPhone5c,D02_Apple_iPhone4s|D04_LG_D290|D15_Apple_iPhone6|D19_Apple_iPhone6Plus,same_pipeline_different_device,facebook_low,facebook_low,1224x918,1224x918,prnu_python_wavelet_mle,mle_5,squared_aligned_ncc,calibration,24,0.0015344044667869993,2.3543970676958955e-06,2.6333036463238153e-06,1.848397033768136e-06,1.7683380121020788e-06,2.2282167497311073e-08,2.3321149001985843e-06,105.66283858964866,1.273750728162677,0.24196587722307505,True
D05_Apple_iPhone5c:facebook_low:0024,D05_Apple_iPhone5c,D15_Apple_iPhone6,D02_Apple_iPhone4s|D04_LG_D290|D19_Apple_iPhone6Plus,same_pipeline_different_device,facebook_low,facebook_low,1224x918,1224x918,prnu_python_wavelet_mle,mle_5,squared_aligned_ncc,calibration,24,0.0003712625429999685,1.3783587583480347e-07,3.4651262364868194e-06,3.5589581917014684e-06,3.25518015856021e-06,2.2282167497311073e-08,1.1555370833749239e-07,6.185927641529352,0.038729276493384944,-3.25115946641011,False
D05_Apple_iPhone5c:facebook_low:0024,D05_Apple_iPhone5c,D19_Apple_iPhone6Plus,D02_Apple_iPhone4s|D04_LG_D290|D15_Apple_iPhone6,same_pipeline_different_device,facebook_low,facebook_low,1224x918,1224x918,prnu_python_wavelet_mle,mle_5,squared_aligned_ncc,calibration,24,-0.002610390459349267,6.814138350261678e-06,1.2396920783445277e-06,1.3783587583480347e-07,1.1555370833749239e-07,2.2282167497311073e-08,6.791856182764367e-06,305.81128838044964,49.43660936597112,3.9006912300122902,False
D05_Apple_iPhone5c:facebook_low:0025,D05_Apple_iPhone5c,D02_Apple_iPhone4s,D04_LG_D290|D15_Apple_iPhone6|D19_Apple_iPhone6Plus,same_pipeline_different_device,facebook_low,facebook_low,1224x918,1224x918,prnu_python_wavelet_mle,mle_5,squared_aligned_ncc,calibration,25,-0.0023549820225306477,5.5459403264425405e-06,8.492325356992818e-07,6.478005586801941e-08,3.7433037913234465e-08,2.4555705332750413e-06,3.090369793167499e-06,2.258513958890773,85.61184846369449,4.449823690200944,False
D05_Apple_iPhone5c:facebook_low:0025,D05_Apple_iPhone5c,D04_LG_D290,D02_Apple_iPhone4s|D15_Apple_iPhone6|D19_Apple_iPhone6Plus,same_pipeline_different_device,facebook_low,facebook_low,1224x918,1224x918,prnu_python_wavelet_mle,mle_5,squared_aligned_ncc,calibration,25,0.0015670260155067756,2.4555705332750413e-06,1.8793558000884482e-06,6.478005586801941e-08,3.7433037913234465e-08,5.5459403264425405e-06,-3.090369793167499e-06,0.4427690145829921,37.90627378089846,3.6351166335050102,False
D05_Apple_iPhone5c:facebook_low:0025,D05_Apple_iPhone5c,D05_Apple_iPhone5c,D02_Apple_iPhone4s|D04_LG_D290|D15_Apple_iPhone6|D19_Apple_iPhone6Plus,same_pipeline_different_device,facebook_low,facebook_low,1224x918,1224x918,prnu_python_wavelet_mle,mle_5,squared_aligned_ncc,calibration,25,0.001456896491503273,2.1225473869545466e-06,2.023409483385097e-06,1.2601752945715304e-06,1.214111757660128e-06,5.5459403264425405e-06,-3.423392939487994e-06,0.38272092053252593,1.6843270901261633,0.5213661310008106,True
D05_Apple_iPhone5c:facebook_low:0025,D05_Apple_iPhone5c,D15_Apple_iPhone6,D02_Apple_iPhone4s|D04_LG_D290|D19_Apple_iPhone6Plus,same_pipeline_different_device,facebook_low,facebook_low,1224x918,1224x918,prnu_python_wavelet_mle,mle_5,squared_aligned_ncc,calibration,25,0.0002545192642375414,6.478005586801941e-08,2.6762859592241225e-06,2.4555705332750413e-06,2.4282235153202566e-06,5.5459403264425405e-06,-5.4811602705745215e-06,0.01168062619771691,0.026380857316128895,-3.6351166335050102,False
D05_Apple_iPhone5c:facebook_low:0025,D05_Apple_iPhone5c,D19_Apple_iPhone6Plus,D02_Apple_iPhone4s|D04_LG_D290|D15_Apple_iPhone6,same_pipeline_different_device,facebook_low,facebook_low,1224x918,1224x918,prnu_python_wavelet_mle,mle_5,squared_aligned_ncc,calibration,25,0.00016536933801277959,2.7347017954784947e-08,2.688763638528534e-06,2.4555705332750413e-06,2.390790477407022e-06,5.5459403264425405e-06,-5.518593308487755e-06,0.0049309975126123964,0.011136726713490778,-4.497506919483115,False
D15_Apple_iPhone6:facebook_low:0021,D15_Apple_iPhone6,D02_Apple_iPhone4s,D04_LG_D290|D05_Apple_iPhone5c|D19_Apple_iPhone6Plus,same_pipeline_different_device,facebook_low,facebook_low,1224x918,1224x918,prnu_python_wavelet_mle,mle_5,squared_aligned_ncc,calibration,21,-0.000706345628459569,4.989241468439435e-07,1.816096064798338e-06,2.28290212784768e-07,1.5215137254776683e-07,7.613884023700116e-08,4.2278530660694237e-07,6.552820417160512,2.1854819825952383,0.7818363912219279,False
D15_Apple_iPhone6:facebook_low:0021,D15_Apple_iPhone6,D04_LG_D290,D02_Apple_iPhone4s|D05_Apple_iPhone5c|D19_Apple_iPhone6Plus,same_pipeline_different_device,facebook_low,facebook_low,1224x918,1224x918,prnu_python_wavelet_mle,mle_5,squared_aligned_ncc,calibration,21,-0.0002759326733770417,7.613884023700116e-08,1.9570245003339855e-06,4.989241468439435e-07,2.7063393405917553e-07,4.989241468439435e-07,-4.2278530660694237e-07,0.15260604386184645,0.15260604386184645,-1.8798955550062004,False
D15_Apple_iPhone6:facebook_low:0021,D15_Apple_iPhone6,D05_Apple_iPhone5c,D02_Apple_iPhone4s|D04_LG_D290|D19_Apple_iPhone6Plus,same_pipeline_different_device,facebook_low,facebook_low,1224x918,1224x918,prnu_python_wavelet_mle,mle_5,squared_aligned_ncc,calibration,21,-0.00047779725070867454,2.28290212784768e-07,1.9063073761513965e-06,4.989241468439435e-07,4.2278530660694237e-07,4.989241468439435e-07,-2.7063393405917553e-07,0.45756497100585103,0.45756497100585103,-0.7818363912219279,False
D15_Apple_iPhone6:facebook_low:0021,D15_Apple_iPhone6,D15_Apple_iPhone6,D02_Apple_iPhone4s|D04_LG_D290|D05_Apple_iPhone5c|D19_Apple_iPhone6Plus,same_pipeline_different_device,facebook_low,facebook_low,1224x918,1224x918,prnu_python_wavelet_mle,mle_5,squared_aligned_ncc,calibration,21,0.0032867686565633213,1.080284820176706e-05,1.4868030853097394e-06,3.636071798143558e-07,2.113926533034712e-07,4.989241468439435e-07,1.0303924054923118e-05,21.652285763483082,29.71021696348953,3.391490992157024,True
D15_Apple_iPhone6:facebook_low:0021,D15_Apple_iPhone6,D19_Apple_iPhone6Plus,D02_Apple_iPhone4s|D04_LG_D290|D05_Apple_iPhone5c,same_pipeline_different_device,facebook_low,facebook_low,1224x918,1224x918,prnu_python_wavelet_mle,mle_5,squared_aligned_ncc,calibration,21,-0.002268007747203092,5.143859141373245e-06,2.677843999552376e-07,2.28290212784768e-07,1.5215137254776683e-07,4.989241468439435e-07,4.6449349945293014e-06,10.309902164310705,22.532105422420695,3.114941199808168,False
D15_Apple_iPhone6:facebook_low:0022,D15_Apple_iPhone6,D02_Apple_iPhone4s,D04_LG_D290|D05_Apple_iPhone5c|D19_Apple_iPhone6Plus,same_pipeline_different_device,facebook_low,facebook_low,1224x918,1224x918,prnu_python_wavelet_mle,mle_5,squared_aligned_ncc,calibration,22,-0.001197340368613731,1.4336239583120652e-06,2.097446410297999e-07,2.628051746010541e-07,6.421959592306812e-08,3.9403977964223406e-08,1.3942199803478417e-06,36.38272155196399,5.455082688110491,1.6965477773938868,False
D15_Apple_iPhone6:facebook_low:0022,D15_Apple_iPhone6,D04_LG_D290,D02_Apple_iPhone4s|D05_Apple_iPhone5c|D19_Apple_iPhone6Plus,same_pipeline_different_device,facebook_low,facebook_low,1224x918,1224x918,prnu_python_wavelet_mle,mle_5,squared_aligned_ncc,calibration,22,0.00019850435250700022,3.9403977964223406e-08,6.744846344790805e-07,3.270247705241222e-07,6.421959592306812e-08,1.4336239583120652e-06,-1.3942199803478417e-06,0.027485574397499095,0.12049233426896286,-2.1161691441002155,False
D15_Apple_iPhone6:facebook_low:0022,D15_Apple_iPhone6,D05_Apple_iPhone5c,D02_Apple_iPhone4s|D04_LG_D290|D19_Apple_iPhone6Plus,same_pipeline_different_device,facebook_low,facebook_low,1224x918,1224x918,prnu_python_wavelet_mle,mle_5,squared_aligned_ncc,calibration,22,-0.0005718607964567271,3.270247705241222e-07,5.786110369591142e-07,2.628051746010541e-07,2.2340119663683066e-07,1.4336239583120652e-06,-1.106599187787943e-06,0.22811056457870443,1.2443619918084008,0.21862294218722944,False
D15_Apple_iPhone6:facebook_low:0022,D15_Apple_iPhone6,D15_Apple_iPhone6,D02_Apple_iPhone4s|D04_LG_D290|D05_Apple_iPhone5c|D19_Apple_iPhone6Plus,same_pipeline_different_device,facebook_low,facebook_low,1224x918,1224x918,prnu_python_wavelet_mle,mle_5,squared_aligned_ncc,calibration,22,0.005223548803674674,2.728546210437112e-05,5.157144703503663e-07,2.9491497256258813e-07,1.438103962799494e-07,1.4336239583120652e-06,2.5851838146059054e-05,19.032509847628912,92.51975871988148,4.5274222294899875,True
D15_Apple_iPhone6:facebook_low:0022,D15_Apple_iPhone6,D19_Apple_iPhone6Plus,D02_Apple_iPhone4s|D04_LG_D290|D05_Apple_iPhone5c,same_pipeline_different_device,facebook_low,facebook_low,1224x918,1224x918,prnu_python_wavelet_mle,mle_5,squared_aligned_ncc,calibration,22,0.0005126452717045717,2.628051746010541e-07,6.000175689334703e-07,3.270247705241222e-07,2.876207925598988e-07,1.4336239583120652e-06,-1.170818783711011e-06,0.18331527809459763,0.8036246739959684,-0.21862294218722944,False
D15_Apple_iPhone6:facebook_low:0023,D15_Apple_iPhone6,D02_Apple_iPhone4s,D04_LG_D290|D05_Apple_iPhone5c|D19_Apple_iPhone6Plus,same_pipeline_different_device,facebook_low,facebook_low,1224x918,1224x918,prnu_python_wavelet_mle,mle_5,squared_aligned_ncc,calibration,23,-0.0010434041055051313,1.0886921273849631e-06,2.751871853224525e-06,4.5876956869674515e-07,2.415908877346102e-07,7.579667310014695e-06,-6.490975182629732e-06,0.14363323386852614,2.373069622899526,0.8641843166353329,False
D15_Apple_iPhone6:facebook_low:0023,D15_Apple_iPhone6,D04_LG_D290,D02_Apple_iPhone4s|D05_Apple_iPhone5c|D19_Apple_iPhone6Plus,same_pipeline_different_device,facebook_low,facebook_low,1224x918,1224x918,prnu_python_wavelet_mle,mle_5,squared_aligned_ncc,calibration,23,0.0027531195597021744,7.579667310014695e-06,5.882134590146143e-07,4.5876956869674515e-07,2.415908877346102e-07,1.0886921273849631e-06,6.490975182629732e-06,6.96217701897142,16.52173079297025,2.804676532155142,False
D15_Apple_iPhone6:facebook_low:0023,D15_Apple_iPhone6,D05_Apple_iPhone5c,D02_Apple_iPhone4s|D04_LG_D290|D19_Apple_iPhone6Plus,same_pipeline_different_device,facebook_low,facebook_low,1224x918,1224x918,prnu_python_wavelet_mle,mle_5,squared_aligned_ncc,calibration,23,0.0006773253049286917,4.5876956869674515e-07,2.961846039453931e-06,1.0886921273849631e-06,8.715134464228282e-07,1.0886921273849631e-06,-6.29922558688218e-07,0.42139513748364194,0.42139513748364194,-0.8641843166353329,False
D15_Apple_iPhone6:facebook_low:0023,D15_Apple_iPhone6,D15_Apple_iPhone6,D02_Apple_iPhone4s|D04_LG_D290|D05_Apple_iPhone5c|D19_Apple_iPhone6Plus,same_pipeline_different_device,facebook_low,facebook_low,1224x918,1224x918,prnu_python_wavelet_mle,mle_5,squared_aligned_ncc,calibration,23,0.002085305524585513,4.348499130866862e-06,2.3360769217646344e-06,7.737308480408541e-07,4.357567232114141e-07,1.0886921273849631e-06,3.259807003481899e-06,3.9942413667599035,5.62017029807923,1.726361965595828,True
D15_Apple_iPhone6:facebook_low:0023,D15_Apple_iPhone6,D19_Apple_iPhone6Plus,D02_Apple_iPhone4s|D04_LG_D290|D05_Apple_iPhone5c,same_pipeline_different_device,facebook_low,facebook_low,1224x918,1224x918,prnu_python_wavelet_mle,mle_5,squared_aligned_ncc,calibration,23,0.0004660243351608743,2.1717868096213492e-07,3.0423763353654677e-06,1.0886921273849631e-06,6.29922558688218e-07,1.0886921273849631e-06,-8.715134464228282e-07,0.19948585600944668,0.19948585600944668,-1.612011942361299,False
D15_Apple_iPhone6:facebook_low:0024,D15_Apple_iPhone6,D02_Apple_iPhone4s,D04_LG_D290|D05_Apple_iPhone5c|D19_Apple_iPhone6Plus,same_pipeline_different_device,facebook_low,facebook_low,1224x918,1224x918,prnu_python_wavelet_mle,mle_5,squared_aligned_ncc,calibration,24,-0.0015152431898004155,2.295961924236538e-06,1.7921849447885648e-06,5.258021391435772e-07,4.739650231812393e-07,5.183711596233789e-08,2.2441248082742e-06,44.291853078876194,4.366589165985867,1.473982193133983,False
D15_Apple_iPhone6:facebook_low:0024,D15_Apple_iPhone6,D04_LG_D290,D02_Apple_iPhone4s|D05_Apple_iPhone5c|D19_Apple_iPhone6Plus,same_pipeline_different_device,facebook_low,facebook_low,1224x918,1224x918,prnu_python_wavelet_mle,mle_5,squared_aligned_ncc,calibration,24,0.00022767765802190142,5.183711596233789e-08,2.540226547546631e-06,2.295961924236538e-06,1.7701597850929607e-06,2.295961924236538e-06,-2.2441248082742e-06,0.02257751551327445,0.02257751551327445,-3.7908007567274122,False
D15_Apple_iPhone6:facebook_low:0024,D15_Apple_iPhone6,D05_Apple_iPhone5c,D02_Apple_iPhone4s|D04_LG_D290|D19_Apple_iPhone6Plus,same_pipeline_different_device,facebook_low,facebook_low,1224x918,1224x918,prnu_python_wavelet_mle,mle_5,squared_aligned_ncc,calibration,24,-0.0007251221546357395,5.258021391435772e-07,2.3822382064862182e-06,2.295961924236538e-06,2.2441248082742e-06,2.295961924236538e-06,-1.7701597850929607e-06,0.2290116981440879,0.2290116981440879,-1.473982193133983,False
D15_Apple_iPhone6:facebook_low:0024,D15_Apple_iPhone6,D15_Apple_iPhone6,D02_Apple_iPhone4s|D04_LG_D290|D05_Apple_iPhone5c|D19_Apple_iPhone6Plus,same_pipeline_different_device,facebook_low,facebook_low,1224x918,1224x918,prnu_python_wavelet_mle,mle_5,squared_aligned_ncc,calibration,24,0.007268594196797868,5.283246159772364e-05,1.918129189650558e-06,1.4108820316900575e-06,1.1220624041371e-06,2.295961924236538e-06,5.05364996734871e-05,23.011035609961908,37.4464061566062,3.6229107415828743,True
D15_Apple_iPhone6:facebook_low:0024,D15_Apple_iPhone6,D19_Apple_iPhone6Plus,D02_Apple_iPhone4s|D04_LG_D290|D05_Apple_iPhone5c,same_pipeline_different_device,facebook_low,facebook_low,1224x918,1224x918,prnu_python_wavelet_mle,mle_5,squared_aligned_ncc,calibration,24,-0.00219064273199894,4.798915579259779e-06,9.578670597808176e-07,5.258021391435772e-07,4.739650231812393e-07,2.295961924236538e-06,2.502953655023241e-06,2.0901546879334827,9.126846815564917,2.211220269737151,False
D15_Apple_iPhone6:facebook_low:0025,D15_Apple_iPhone6,D02_Apple_iPhone4s,D04_LG_D290|D05_Apple_iPhone5c|D19_Apple_iPhone6Plus,same_pipeline_different_device,facebook_low,facebook_low,1224x918,1224x918,prnu_python_wavelet_mle,mle_5,squared_aligned_ncc,calibration,25,0.0009157912473780713,8.386736087742837e-07,2.037617122524653e-06,6.345754363636125e-07,3.568964527000824e-07,2.776789836635301e-07,5.609946251107537e-07,3.0202991876062306,1.3216294875519303,0.27886543554530085,False
D15_Apple_iPhone6:facebook_low:0025,D15_Apple_iPhone6,D04_LG_D290,D02_Apple_iPhone4s|D05_Apple_iPhone5c|D19_Apple_iPhone6Plus,same_pipeline_different_device,facebook_low,facebook_low,1224x918,1224x918,prnu_python_wavelet_mle,mle_5,squared_aligned_ncc,calibration,25,-0.0005269525440336445,2.776789836635301e-07,2.224615330894904e-06,8.386736087742837e-07,2.0409817241067124e-07,8.386736087742837e-07,-5.609946251107537e-07,0.3310930268443241,0.3310930268443241,-1.10535589522358,False
D15_Apple_iPhone6:facebook_low:0025,D15_Apple_iPhone6,D05_Apple_iPhone5c,D02_Apple_iPhone4s|D04_LG_D290|D19_Apple_iPhone6Plus,same_pipeline_different_device,facebook_low,facebook_low,1224x918,1224x918,prnu_python_wavelet_mle,mle_5,squared_aligned_ncc,calibration,25,-0.002280481735850304,5.2005969475468155e-06,5.83642676267142e-07,6.345754363636125e-07,2.0409817241067124e-07,8.386736087742837e-07,4.361923338772532e-06,6.200978417751163,8.195395928573049,2.1035725244604695,False
D15_Apple_iPhone6:facebook_low:0025,D15_Apple_iPhone6,D15_Apple_iPhone6,D02_Apple_iPhone4s|D04_LG_D290|D05_Apple_iPhone5c|D19_Apple_iPhone6Plus,same_pipeline_different_device,facebook_low,facebook_low,1224x918,1224x918,prnu_python_wavelet_mle,mle_5,squared_aligned_ncc,calibration,25,0.0010984881676659882,1.2066762545021803e-06,1.7378812440870604e-06,7.366245225689481e-07,2.8049731255537684e-07,8.386736087742837e-07,3.6800264572789657e-07,1.438791255475095,1.6381157801995865,0.4935466668154209,True
D15_Apple_iPhone6:facebook_low:0025,D15_Apple_iPhone6,D19_Apple_iPhone6Plus,D02_Apple_iPhone4s|D04_LG_D290|D05_Apple_iPhone5c,same_pipeline_different_device,facebook_low,facebook_low,1224x918,1224x918,prnu_python_wavelet_mle,mle_5,squared_aligned_ncc,calibration,25,0.0007966024330640802,6.345754363636125e-07,2.105649846661543e-06,8.386736087742837e-07,5.609946251107537e-07,8.386736087742837e-07,-2.0409817241067124e-07,0.7566417134444477,0.7566417134444477,-0.27886543554530085,False
D19_Apple_iPhone6Plus:facebook_low:0021,D19_Apple_iPhone6Plus,D02_Apple_iPhone4s,D04_LG_D290|D05_Apple_iPhone5c|D15_Apple_iPhone6,same_pipeline_different_device,facebook_low,facebook_low,1224x918,1224x918,prnu_python_wavelet_mle,mle_5,squared_aligned_ncc,calibration,21,-0.00041456210141025643,1.7186173592568774e-07,1.5905551169918035e-06,1.323326120615417e-06,8.42041062654161e-07,1.323326120615417e-06,-1.1514643846897293e-06,0.12987103726612975,0.12987103726612975,-2.0412133419348493,False
D19_Apple_iPhone6Plus:facebook_low:0021,D19_Apple_iPhone6Plus,D04_LG_D290,D02_Apple_iPhone4s|D05_Apple_iPhone5c|D15_Apple_iPhone6,same_pipeline_different_device,facebook_low,facebook_low,1224x918,1224x918,prnu_python_wavelet_mle,mle_5,squared_aligned_ncc,calibration,21,-0.0011503591268014598,1.323326120615417e-06,1.2067336554285604e-06,4.81285057961256e-07,3.094233220355683e-07,1.7186173592568774e-07,1.1514643846897293e-06,7.699946200867059,2.749568262561657,1.0114439039212826,False
D19_Apple_iPhone6Plus:facebook_low:0021,D19_Apple_iPhone6Plus,D05_Apple_iPhone5c,D02_Apple_iPhone4s|D04_LG_D290|D15_Apple_iPhone6,same_pipeline_different_device,facebook_low,facebook_low,1224x918,1224x918,prnu_python_wavelet_mle,mle_5,squared_aligned_ncc,calibration,21,0.0006937471138399468,4.81285057961256e-07,1.487414009646614e-06,1.323326120615417e-06,1.1514643846897293e-06,1.7186173592568774e-07,3.094233220355683e-07,2.800420089841066,0.3636934618485675,-1.0114439039212826,False
D19_Apple_iPhone6Plus:facebook_low:0021,D19_Apple_iPhone6Plus,D15_Apple_iPhone6,D02_Apple_iPhone4s|D04_LG_D290|D05_Apple_iPhone5c,same_pipeline_different_device,facebook_low,facebook_low,1224x918,1224x918,prnu_python_wavelet_mle,mle_5,squared_aligned_ncc,calibration,21,-0.0017225139106546389,2.967054172398737e-06,6.588243048341204e-07,4.81285057961256e-07,3.094233220355683e-07,1.7186173592568774e-07,2.7951924364730493e-06,17.264192965452636,6.164858275399832,1.8188651477713407,False
D19_Apple_iPhone6Plus:facebook_low:0021,D19_Apple_iPhone6Plus,D19_Apple_iPhone6Plus,D02_Apple_iPhone4s|D04_LG_D290|D05_Apple_iPhone5c|D15_Apple_iPhone6,same_pipeline_different_device,facebook_low,facebook_low,1224x918,1224x918,prnu_python_wavelet_mle,mle_5,squared_aligned_ncc,calibration,21,-0.0005392314326448847,2.907705379522548e-07,1.2358817717252744e-06,9.023055892883366e-07,5.757321923448647e-07,1.7186173592568774e-07,1.1890880202656708e-07,1.691886424782668,0.3222528391756837,-1.132418826726294,True
D19_Apple_iPhone6Plus:facebook_low:0022,D19_Apple_iPhone6Plus,D02_Apple_iPhone4s,D04_LG_D290|D05_Apple_iPhone5c|D15_Apple_iPhone6,same_pipeline_different_device,facebook_low,facebook_low,1224x918,1224x918,prnu_python_wavelet_mle,mle_5,squared_aligned_ncc,calibration,22,0.0015427783504136671,2.380165038505116e-06,2.7096014695871615e-06,2.8445137230086143e-06,4.3396658777135523e-07,2.0058103749729017e-06,3.7435466353221424e-07,1.1866351217458788,0.8367563915239751,-0.1782223004089989,False
D19_Apple_iPhone6Plus:facebook_low:0022,D19_Apple_iPhone6Plus,D04_LG_D290,D02_Apple_iPhone4s|D05_Apple_iPhone5c|D15_Apple_iPhone6,same_pipeline_different_device,facebook_low,facebook_low,1224x918,1224x918,prnu_python_wavelet_mle,mle_5,squared_aligned_ncc,calibration,22,0.0014162663502932285,2.0058103749729017e-06,2.8343863574312332e-06,2.8445137230086143e-06,4.3396658777135523e-07,2.380165038505116e-06,-3.7435466353221424e-07,0.8427190310436073,0.7051505354846296,-0.34934397345308277,False
D19_Apple_iPhone6Plus:facebook_low:0022,D19_Apple_iPhone6Plus,D05_Apple_iPhone5c,D02_Apple_iPhone4s|D04_LG_D290|D15_Apple_iPhone6,same_pipeline_different_device,facebook_low,facebook_low,1224x918,1224x918,prnu_python_wavelet_mle,mle_5,squared_aligned_ncc,calibration,22,-0.0018106574250199758,3.2784803107799695e-06,2.410163045495544e-06,2.380165038505116e-06,3.7435466353221424e-07,2.380165038505116e-06,8.983152722748536e-07,1.377417220126487,1.377417220126487,0.320210165957155,False
D19_Apple_iPhone6Plus:facebook_low:0022,D19_Apple_iPhone6Plus,D15_Apple_iPhone6,D02_Apple_iPhone4s|D04_LG_D290|D05_Apple_iPhone5c,same_pipeline_different_device,facebook_low,facebook_low,1224x918,1224x918,prnu_python_wavelet_mle,mle_5,squared_aligned_ncc,calibration,22,-0.0016865686238658106,2.8445137230086143e-06,2.5548185747526624e-06,2.380165038505116e-06,3.7435466353221424e-07,2.380165038505116e-06,4.6434868450349834e-07,1.1950909609172047,1.1950909609172047,0.1782223004089989,False
D19_Apple_iPhone6Plus:facebook_low:0022,D19_Apple_iPhone6Plus,D19_Apple_iPhone6Plus,D02_Apple_iPhone4s|D04_LG_D290|D05_Apple_iPhone5c|D15_Apple_iPhone6,same_pipeline_different_device,facebook_low,facebook_low,1224x918,1224x918,prnu_python_wavelet_mle,mle_5,squared_aligned_ncc,calibration,22,0.0021395391929009164,4.577627957959104e-06,2.6272423618166506e-06,2.612339380756865e-06,4.193516740178563e-07,2.380165038505116e-06,2.1974629194539885e-06,1.9232397266174974,1.7523098230188001,0.5609348165025203,True
D19_Apple_iPhone6Plus:facebook_low:0023,D19_Apple_iPhone6Plus,D02_Apple_iPhone4s,D04_LG_D290|D05_Apple_iPhone5c|D15_Apple_iPhone6,same_pipeline_different_device,facebook_low,facebook_low,1224x918,1224x918,prnu_python_wavelet_mle,mle_5,squared_aligned_ncc,calibration,23,-6.629855941161472e-05,4.3954989800554074e-09,4.6621748363460204e-07,6.817944870509183e-08,6.193428149693776e-09,6.817944870509183e-08,-6.378394972503642e-08,0.06446955884122806,0.06446955884122806,-2.7415621225366245,False
D19_Apple_iPhone6Plus:facebook_low:0023,D19_Apple_iPhone6Plus,D04_LG_D290,D02_Apple_iPhone4s|D05_Apple_iPhone5c|D15_Apple_iPhone6,same_pipeline_different_device,facebook_low,facebook_low,1224x918,1224x918,prnu_python_wavelet_mle,mle_5,squared_aligned_ncc,calibration,23,0.0002611119466916285,6.817944870509183e-08,4.4495616705958993e-07,6.198602055539805e-08,5.759052157534264e-08,4.3954989800554074e-09,6.378394972503642e-08,15.511196570504582,1.099916531085563,0.09523429609392053,False
D19_Apple_iPhone6Plus:facebook_low:0023,D19_Apple_iPhone6Plus,D05_Apple_iPhone5c,D02_Apple_iPhone4s|D04_LG_D290|D15_Apple_iPhone6,same_pipeline_different_device,facebook_low,facebook_low,1224x918,1224x918,prnu_python_wavelet_mle,mle_5,squared_aligned_ncc,calibration,23,0.00024896991897696807,6.198602055539805e-08,4.4702064310948784e-07,6.817944870509183e-08,6.378394972503642e-08,4.3954989800554074e-09,5.759052157534264e-08,14.102157874830558,0.9091598968996762,-0.09523429609392053,False
D19_Apple_iPhone6Plus:facebook_low:0023,D19_Apple_iPhone6Plus,D15_Apple_iPhone6,D02_Apple_iPhone4s|D04_LG_D290|D05_Apple_iPhone5c,same_pipeline_different_device,facebook_low,facebook_low,1224x918,1224x918,prnu_python_wavelet_mle,mle_5,squared_aligned_ncc,calibration,23,-0.0011262712735586025,1.2684869816433163e-06,4.485365608018176e-08,6.198602055539805e-08,6.193428149693776e-09,4.3954989800554074e-09,1.264091482663261e-06,288.5877092450893,20.464081582873128,3.0186712314818394,False
D19_Apple_iPhone6Plus:facebook_low:0023,D19_Apple_iPhone6Plus,D19_Apple_iPhone6Plus,D02_Apple_iPhone4s|D04_LG_D290|D05_Apple_iPhone5c|D15_Apple_iPhone6,same_pipeline_different_device,facebook_low,facebook_low,1224x918,1224x918,prnu_python_wavelet_mle,mle_5,squared_aligned_ncc,calibration,23,0.0031084730799190267,9.66260488858128e-06,3.507619874709654e-07,6.508273463024494e-08,3.189197486251821e-08,4.3954989800554074e-09,9.658209389601223e-06,2198.295331753092,148.4664856736201,5.000359247072375,True
D19_Apple_iPhone6Plus:facebook_low:0024,D19_Apple_iPhone6Plus,D02_Apple_iPhone4s,D04_LG_D290|D05_Apple_iPhone5c|D15_Apple_iPhone6,same_pipeline_different_device,facebook_low,facebook_low,1224x918,1224x918,prnu_python_wavelet_mle,mle_5,squared_aligned_ncc,calibration,24,0.0016944729937710533,2.8712387266194363e-06,2.2649568651570992e-06,1.079878327252986e-06,5.099827676924955e-07,5.698955595604904e-07,2.3013431670589458e-06,5.038184064521869,2.6588539228519803,0.9778951738777781,False
D19_Apple_iPhone6Plus:facebook_low:0024,D19_Apple_iPhone6Plus,D04_LG_D290,D02_Apple_iPhone4s|D05_Apple_iPhone5c|D15_Apple_iPhone6,same_pipeline_different_device,facebook_low,facebook_low,1224x918,1224x918,prnu_python_wavelet_mle,mle_5,squared_aligned_ncc,calibration,24,0.0007549142729876621,5.698955595604904e-07,3.0320712541767477e-06,2.8712387266194363e-06,1.7913603993664503e-06,2.8712387266194363e-06,-2.3013431670589458e-06,0.19848421319932494,0.19848421319932494,-1.617045712499598,False
D19_Apple_iPhone6Plus:facebook_low:0024,D19_Apple_iPhone6Plus,D05_Apple_iPhone5c,D02_Apple_iPhone4s|D04_LG_D290|D15_Apple_iPhone6,same_pipeline_different_device,facebook_low,facebook_low,1224x918,1224x918,prnu_python_wavelet_mle,mle_5,squared_aligned_ncc,calibration,24,0.0022682805621566794,5.1450967086578215e-06,1.5070042044776376e-06,1.079878327252986e-06,5.099827676924955e-07,2.8712387266194363e-06,2.273857982038385e-06,1.7919431989257124,4.764515203991556,1.5611957909000935,False
D19_Apple_iPhone6Plus:facebook_low:0024,D19_Apple_iPhone6Plus,D15_Apple_iPhone6,D02_Apple_iPhone4s|D04_LG_D290|D05_Apple_iPhone5c,same_pipeline_different_device,facebook_low,facebook_low,1224x918,1224x918,prnu_python_wavelet_mle,mle_5,squared_aligned_ncc,calibration,24,-0.0010391719430647586,1.079878327252986e-06,2.8620769982792493e-06,2.8712387266194363e-06,2.273857982038385e-06,2.8712387266194363e-06,-1.7913603993664503e-06,0.3761018954088929,0.3761018954088929,-0.9778951738777781,False
D19_Apple_iPhone6Plus:facebook_low:0024,D19_Apple_iPhone6Plus,D19_Apple_iPhone6Plus,D02_Apple_iPhone4s|D04_LG_D290|D05_Apple_iPhone5c|D15_Apple_iPhone6,same_pipeline_different_device,facebook_low,facebook_low,1224x918,1224x918,prnu_python_wavelet_mle,mle_5,squared_aligned_ncc,calibration,24,0.0029303726127593694,8.587083649610174e-06,2.4165273305226836e-06,1.975558526936211e-06,1.1506715835294729e-06,2.8712387266194363e-06,5.715844922990738e-06,2.9907243762069577,4.346661226446896,1.4694080162453105,True
D19_Apple_iPhone6Plus:facebook_low:0025,D19_Apple_iPhone6Plus,D02_Apple_iPhone4s,D04_LG_D290|D05_Apple_iPhone5c|D15_Apple_iPhone6,same_pipeline_different_device,facebook_low,facebook_low,1224x918,1224x918,prnu_python_wavelet_mle,mle_5,squared_aligned_ncc,calibration,25,-0.0009515399129030764,9.054282058475943e-07,1.337580190762987e-06,3.6421662189352636e-07,4.096643492997045e-08,3.6421662189352636e-07,5.412115839540679e-07,2.4859606932280087,2.4859606932280087,0.9106591817117131,False
D19_Apple_iPhone6Plus:facebook_low:0025,D19_Apple_iPhone6Plus,D04_LG_D290,D02_Apple_iPhone4s|D05_Apple_iPhone5c|D15_Apple_iPhone6,same_pipeline_different_device,facebook_low,facebook_low,1224x918,1224x918,prnu_python_wavelet_mle,mle_5,squared_aligned_ncc,calibration,25,0.000603503622104728,3.6421662189352636e-07,1.5179840520810099e-06,9.054282058475943e-07,5.821780188840383e-07,9.054282058475943e-07,-5.412115839540679e-07,0.40225897485993817,0.40225897485993817,-0.9106591817117131,False
D19_Apple_iPhone6Plus:facebook_low:0025,D19_Apple_iPhone6Plus,D05_Apple_iPhone5c,D02_Apple_iPhone4s|D04_LG_D290|D15_Apple_iPhone6,same_pipeline_different_device,facebook_low,facebook_low,1224x918,1224x918,prnu_python_wavelet_mle,mle_5,squared_aligned_ncc,calibration,25,-0.0005685509537091253,3.232501869635559e-07,1.5316395303909998e-06,9.054282058475943e-07,5.412115839540679e-07,9.054282058475943e-07,-5.821780188840383e-07,0.357013604033854,0.357013604033854,-1.0299813913911269,False
D19_Apple_iPhone6Plus:facebook_low:0025,D19_Apple_iPhone6Plus,D15_Apple_iPhone6,D02_Apple_iPhone4s|D04_LG_D290|D05_Apple_iPhone5c,same_pipeline_different_device,facebook_low,facebook_low,1224x918,1224x918,prnu_python_wavelet_mle,mle_5,squared_aligned_ncc,calibration,25,0.0018235333184320704,3.3252737634318788e-06,5.309650049015589e-07,3.6421662189352636e-07,4.096643492997045e-08,9.054282058475943e-07,2.4198455575842843e-06,3.6725979397991093,9.12993412037075,2.2115584788492715,False
D19_Apple_iPhone6Plus:facebook_low:0025,D19_Apple_iPhone6Plus,D19_Apple_iPhone6Plus,D02_Apple_iPhone4s|D04_LG_D290|D05_Apple_iPhone5c|D15_Apple_iPhone6,same_pipeline_different_device,facebook_low,facebook_low,1224x918,1224x918,prnu_python_wavelet_mle,mle_5,squared_aligned_ncc,calibration,25,-5.8390908265192374e-05,3.409498168034111e-09,1.2295421945341388e-06,6.348224138705603e-07,2.9108900944201917e-07,9.054282058475943e-07,-9.020187076795602e-07,0.003765619566536911,0.005370790466023629,-5.2267801809174355,True
D02_Apple_iPhone4s:facebook_low:0041,D02_Apple_iPhone4s,D02_Apple_iPhone4s,D04_LG_D290|D05_Apple_iPhone5c|D15_Apple_iPhone6|D19_Apple_iPhone6Plus,same_pipeline_different_device,facebook_low,facebook_low,1224x918,1224x918,prnu_python_wavelet_mle,mle_5,squared_aligned_ncc,test,41,-9.890418209534309e-05,9.782037235948784e-09,6.088331386693711e-07,4.538758595513386e-07,3.3230846682253727e-07,2.044819024252324e-07,-1.9469986518928362e-07,0.04783815643306394,0.02155223070382822,-3.83727595485081,True
D02_Apple_iPhone4s:facebook_low:0041,D02_Apple_iPhone4s,D04_LG_D290,D05_Apple_iPhone5c|D15_Apple_iPhone6|D19_Apple_iPhone6Plus,same_pipeline_different_device,facebook_low,facebook_low,1224x918,1224x918,prnu_python_wavelet_mle,mle_5,squared_aligned_ncc,test,41,-0.00045219675189593346,2.044819024252324e-07,7.43616884084084e-07,7.032698166774449e-07,6.646169336450744e-07,3.86528830323704e-08,1.6582901939286202e-07,5.290210881656257,0.29075882054955043,-1.2352611508137752,False
D02_Apple_iPhone4s:facebook_low:0041,D02_Apple_iPhone4s,D05_Apple_iPhone5c,D04_LG_D290|D15_Apple_iPhone6|D19_Apple_iPhone6Plus,same_pipeline_different_device,facebook_low,facebook_low,1224x918,1224x918,prnu_python_wavelet_mle,mle_5,squared_aligned_ncc,test,41,0.0001966033647534304,3.86528830323704e-08,7.988932238817046e-07,7.032698166774449e-07,4.987879142522125e-07,2.044819024252324e-07,-1.6582901939286202e-07,0.18902838135762942,0.05496166921393495,-2.9011192600966584,False
D02_Apple_iPhone4s:facebook_low:0041,D02_Apple_iPhone4s,D15_Apple_iPhone6,D04_LG_D290|D05_Apple_iPhone5c|D19_Apple_iPhone6Plus,same_pipeline_different_device,facebook_low,facebook_low,1224x918,1224x918,prnu_python_wavelet_mle,mle_5,squared_aligned_ncc,test,41,-0.0008386118390992611,7.032698166774449e-07,5.773542460000131e-07,2.044819024252324e-07,1.6582901939286202e-07,2.044819024252324e-07,4.987879142522125e-07,3.4392765733123563,3.4392765733123563,1.2352611508137752,False
D02_Apple_iPhone4s:facebook_low:0041,D02_Apple_iPhone4s,D19_Apple_iPhone6Plus,D04_LG_D290|D05_Apple_iPhone5c|D15_Apple_iPhone6,same_pipeline_different_device,facebook_low,facebook_low,1224x918,1224x918,prnu_python_wavelet_mle,mle_5,squared_aligned_ncc,test,41,0.0012202163548086203,1.4889279525424367e-06,3.154682007116826e-07,2.044819024252324e-07,1.6582901939286202e-07,2.044819024252324e-07,1.2844460501172043e-06,7.281465669495394,7.281465669495394,1.9853321701721764,False
D02_Apple_iPhone4s:facebook_low:0042,D02_Apple_iPhone4s,D02_Apple_iPhone4s,D04_LG_D290|D05_Apple_iPhone5c|D15_Apple_iPhone6|D19_Apple_iPhone6Plus,same_pipeline_different_device,facebook_low,facebook_low,1224x918,1224x918,prnu_python_wavelet_mle,mle_5,squared_aligned_ncc,test,42,0.00020613845153789206,4.2493061202439873e-08,1.101341436412726e-06,5.980850672366408e-07,4.812658516961682e-07,1.7065372711412713e-07,-1.2816066591168727e-07,0.24900165921381856,0.0710485239144533,-2.6443921999616187,True
D02_Apple_iPhone4s:facebook_low:0042,D02_Apple_iPhone4s,D04_LG_D290,D05_Apple_iPhone5c|D15_Apple_iPhone6|D19_Apple_iPhone6Plus,same_pipeline_different_device,facebook_low,facebook_low,1224x918,1224x918,prnu_python_wavelet_mle,mle_5,squared_aligned_ncc,test,42,-0.0004131025624637629,1.7065372711412713e-07,1.4115706728455924e-06,1.0255164073591543e-06,9.625317033923364e-07,1.0255164073591543e-06,-8.548626802450272e-07,0.16640760293010223,0.16640760293010223,-1.7933150609531054,False
D02_Apple_iPhone4s:facebook_low:0042,D02_Apple_iPhone4s,D05_Apple_iPhone5c,D04_LG_D290|D15_Apple_iPhone6|D19_Apple_iPhone6Plus,same_pipeline_different_device,facebook_low,facebook_low,1224x918,1224x918,prnu_python_wavelet_mle,mle_5,squared_aligned_ncc,test,42,-0.0010126778398677214,1.0255164073591543e-06,1.1266164460972498e-06,1.7065372711412713e-07,1.0766902314730914e-07,1.7065372711412713e-07,8.548626802450272e-07,6.009340813712938,6.009340813712938,1.7933150609531054,False
D02_Apple_iPhone4s:facebook_low:0042,D02_Apple_iPhone4s,D15_Apple_iPhone6,D04_LG_D290|D05_Apple_iPhone5c|D19_Apple_iPhone6Plus,same_pipeline_different_device,facebook_low,facebook_low,1224x918,1224x918,prnu_python_wavelet_mle,mle_5,squared_aligned_ncc,test,42,0.0002509675356830401,6.298470396681799e-08,1.4474603472280286e-06,1.0255164073591543e-06,8.548626802450272e-07,1.7065372711412713e-07,-1.0766902314730914e-07,0.36907898252170057,0.061417548773317295,-2.7900596740247714,False
D02_Apple_iPhone4s:facebook_low:0042,D02_Apple_iPhone4s,D19_Apple_iPhone6Plus,D04_LG_D290|D05_Apple_iPhone5c|D15_Apple_iPhone6,same_pipeline_different_device,facebook_low,facebook_low,1224x918,1224x918,prnu_python_wavelet_mle,mle_5,squared_aligned_ncc,test,42,-0.0017737561577654366,3.1462109072108044e-06,4.1971827948003317e-07,1.7065372711412713e-07,1.0766902314730914e-07,1.7065372711412713e-07,2.9755571800966774e-06,18.43622732661872,18.43622732661872,2.9143176053647277,False
D02_Apple_iPhone4s:facebook_low:0043,D02_Apple_iPhone4s,D02_Apple_iPhone4s,D04_LG_D290|D05_Apple_iPhone5c|D15_Apple_iPhone6|D19_Apple_iPhone6Plus,same_pipeline_different_device,facebook_low,facebook_low,1224x918,1224x918,prnu_python_wavelet_mle,mle_5,squared_aligned_ncc,test,43,-0.0005518642938458968,3.045541988220304e-07,4.687592795835723e-07,4.055547441489956e-07,3.717296724527243e-07,1.0476699100547796e-06,-7.431157112327493e-07,0.290696712675566,0.7509570612004506,-0.2864068043513175,True
D02_Apple_iPhone4s:facebook_low:0043,D02_Apple_iPhone4s,D04_LG_D290,D05_Apple_iPhone5c|D15_Apple_iPhone6|D19_Apple_iPhone6Plus,same_pipeline_different_device,facebook_low,facebook_low,1224x918,1224x918,prnu_python_wavelet_mle,mle_5,squared_aligned_ncc,test,43,0.0010235574776507569,1.0476699100547796e-06,2.757890694265032e-07,5.139242341102423e-08,3.513470342950588e-08,5.139242341102423e-08,9.962774866437554e-07,20.38568801622309,20.38568801622309,3.014833086804094,False
D02_Apple_iPhone4s:facebook_low:0043,D02_Apple_iPhone4s,D05_Apple_iPhone5c,D04_LG_D290|D15_Apple_iPhone6|D19_Apple_iPhone6Plus,same_pipeline_different_device,facebook_low,facebook_low,1224x918,1224x918,prnu_python_wavelet_mle,mle_5,squared_aligned_ncc,test,43,0.00022669897090861314,5.139242341102423e-08,6.078815649744217e-07,7.59717064886967e-07,2.8795284516781256e-07,1.0476699100547796e-06,-9.962774866437554e-07,0.049054022567410635,0.06764679350551452,-2.6934553237811443,False
D02_Apple_iPhone4s:facebook_low:0043,D02_Apple_iPhone4s,D15_Apple_iPhone6,D04_LG_D290|D05_Apple_iPhone5c|D19_Apple_iPhone6Plus,same_pipeline_different_device,facebook_low,facebook_low,1224x918,1224x918,prnu_python_wavelet_mle,mle_5,squared_aligned_ncc,test,43,0.00012750576450309354,1.625771998151835e-08,6.195931327842569e-07,7.59717064886967e-07,2.8795284516781256e-07,1.0476699100547796e-06,-1.0314121900732613e-06,0.015517979303870893,0.02139970356455955,-3.8443782091736587,False
D02_Apple_iPhone4s:facebook_low:0043,D02_Apple_iPhone4s,D19_Apple_iPhone6Plus,D04_LG_D290|D05_Apple_iPhone5c|D15_Apple_iPhone6,same_pipeline_different_device,facebook_low,facebook_low,1224x918,1224x918,prnu_python_wavelet_mle,mle_5,squared_aligned_ncc,test,43,-0.0008716174991858338,7.59717064886967e-07,3.7177335114910737e-07,5.139242341102423e-08,3.513470342950588e-08,1.0476699100547796e-06,-2.8795284516781256e-07,0.725149264664138,14.782666674636705,2.6934553237811443,False
D02_Apple_iPhone4s:facebook_low:0044,D02_Apple_iPhone4s,D02_Apple_iPhone4s,D04_LG_D290|D05_Apple_iPhone5c|D15_Apple_iPhone6|D19_Apple_iPhone6Plus,same_pipeline_different_device,facebook_low,facebook_low,1224x918,1224x918,prnu_python_wavelet_mle,mle_5,squared_aligned_ncc,test,44,-0.0002499950333293095,6.249751668932257e-08,8.477818632705024e-07,4.340248032069005e-07,2.1244956805815661e-07,3.089358051397725e-07,-2.464382884504499e-07,0.20229936332904722,0.1439952653109778,-1.9379748597315647,True
D02_Apple_iPhone4s:facebook_low:0044,D02_Apple_iPhone4s,D04_LG_D290,D05_Apple_iPhone5c|D15_Apple_iPhone6|D19_Apple_iPhone6Plus,same_pipeline_different_device,facebook_low,facebook_low,1224x918,1224x918,prnu_python_wavelet_mle,mle_5,squared_aligned_ncc,test,44,-0.0005558199394945925,3.089358051397725e-07,1.0273972159807456e-06,5.591138012740286e-07,4.248991361163132e-07,1.3421466515771535e-07,1.7472113998205714e-07,2.301803642521052,0.5525454825758437,-0.5932195275742078,False
D02_Apple_iPhone4s:facebook_low:0044,D02_Apple_iPhone4s,D05_Apple_iPhone5c,D04_LG_D290|D15_Apple_iPhone6|D19_Apple_iPhone6Plus,same_pipeline_different_device,facebook_low,facebook_low,1224x918,1224x918,prnu_python_wavelet_mle,mle_5,squared_aligned_ncc,test,44,-0.0003663531972805961,1.3421466515771535e-07,1.0856375959747648e-06,5.591138012740286e-07,2.5017799613425606e-07,3.089358051397725e-07,-1.7472113998205714e-07,0.4344419226414767,0.2400489217971121,-1.426912535591562,False
D02_Apple_iPhone4s:facebook_low:0044,D02_Apple_iPhone4s,D15_Apple_iPhone6,D04_LG_D290|D05_Apple_iPhone5c|D19_Apple_iPhone6Plus,same_pipeline_different_device,facebook_low,facebook_low,1224x918,1224x918,prnu_python_wavelet_mle,mle_5,squared_aligned_ncc,test,44,-0.001545594766266531,2.388863181510493e-06,3.340880905238388e-07,3.089358051397725e-07,1.7472113998205714e-07,3.089358051397725e-07,2.0799273763707205e-06,7.732555248588601,7.732555248588601,2.04543937053554,False
D02_Apple_iPhone4s:facebook_low:0044,D02_Apple_iPhone4s,D19_Apple_iPhone6Plus,D04_LG_D290|D05_Apple_iPhone5c|D15_Apple_iPhone6,same_pipeline_different_device,facebook_low,facebook_low,1224x918,1224x918,prnu_python_wavelet_mle,mle_5,squared_aligned_ncc,test,44,-0.0007477391264833134,5.591138012740286e-07,9.440045506026604e-07,3.089358051397725e-07,1.7472113998205714e-07,3.089358051397725e-07,2.5017799613425606e-07,1.8098057653792103,1.8098057653792103,0.5932195275742078,False
D02_Apple_iPhone4s:facebook_low:0045,D02_Apple_iPhone4s,D02_Apple_iPhone4s,D04_LG_D290|D05_Apple_iPhone5c|D15_Apple_iPhone6|D19_Apple_iPhone6Plus,same_pipeline_different_device,facebook_low,facebook_low,1224x918,1224x918,prnu_python_wavelet_mle,mle_5,squared_aligned_ncc,test,45,0.0034209692485950246,1.1703030599832807e-05,5.303867548729491e-07,5.819551106534066e-07,2.502975588850591e-07,3.33941936561262e-07,1.1369088663271545e-05,35.04510610540187,20.109851061695974,3.00120979757593,True
D02_Apple_iPhone4s:facebook_low:0045,D02_Apple_iPhone4s,D04_LG_D290,D05_Apple_iPhone5c|D15_Apple_iPhone6|D19_Apple_iPhone6Plus,same_pipeline_different_device,facebook_low,facebook_low,1224x918,1224x918,prnu_python_wavelet_mle,mle_5,squared_aligned_ncc,test,45,0.0005778770946847279,3.33941936561262e-07,5.958683609768448e-07,8.299682847455512e-07,4.568769585828979e-09,8.299682847455512e-07,-4.960263481842892e-07,0.4023550570533436,0.4023550570533436,-0.9104203536772744,False
D02_Apple_iPhone4s:facebook_low:0045,D02_Apple_iPhone4s,D05_Apple_iPhone5c,D04_LG_D290|D15_Apple_iPhone6|D19_Apple_iPhone6Plus,same_pipeline_different_device,facebook_low,facebook_low,1224x918,1224x918,prnu_python_wavelet_mle,mle_5,squared_aligned_ncc,test,45,-0.0009110259517409761,8.299682847455512e-07,4.3052624491541504e-07,3.33941936561262e-07,2.1084219270765898e-07,3.33941936561262e-07,4.960263481842892e-07,2.485367047014452,2.485367047014452,0.9104203536772744,False
D02_Apple_iPhone4s:facebook_low:0045,D02_Apple_iPhone4s,D15_Apple_iPhone6,D04_LG_D290|D05_Apple_iPhone5c|D19_Apple_iPhone6Plus,same_pipeline_different_device,facebook_low,facebook_low,1224x918,1224x918,prnu_python_wavelet_mle,mle_5,squared_aligned_ncc,test,45,-0.0009135299964048144,8.345370543313802e-07,4.290033217201388e-07,3.33941936561262e-07,2.1084219270765898e-07,3.33941936561262e-07,5.005951177701182e-07,2.4990483762685,2.4990483762685,0.9159100099161481,False
D02_Apple_iPhone4s:facebook_low:0045,D02_Apple_iPhone4s,D19_Apple_iPhone6Plus,D04_LG_D290|D05_Apple_iPhone5c|D15_Apple_iPhone6,same_pipeline_different_device,facebook_low,facebook_low,1224x918,1224x918,prnu_python_wavelet_mle,mle_5,squared_aligned_ncc,test,45,0.00035085573082622296,1.2309974385360302e-07,6.661490918793978e-07,8.299682847455512e-07,4.568769585828979e-09,3.33941936561262e-07,-2.1084219270765898e-07,0.3686261902928752,0.1483186118266465,-1.9083925365217222,False
D02_Apple_iPhone4s:facebook_low:0046,D02_Apple_iPhone4s,D02_Apple_iPhone4s,D04_LG_D290|D05_Apple_iPhone5c|D15_Apple_iPhone6|D19_Apple_iPhone6Plus,same_pipeline_different_device,facebook_low,facebook_low,1224x918,1224x918,prnu_python_wavelet_mle,mle_5,squared_aligned_ncc,test,46,0.005071341787269298,2.5718507523303762e-05,8.031638971863098e-07,6.293138912315721e-07,3.472818311231724e-07,1.8452497986737653e-07,2.5533982543436387e-05,139.37683419225084,40.867535075338076,3.710335984412584,True
D02_Apple_iPhone4s:facebook_low:0046,D02_Apple_iPhone4s,D04_LG_D290,D05_Apple_iPhone5c|D15_Apple_iPhone6|D19_Apple_iPhone6Plus,same_pipeline_different_device,facebook_low,facebook_low,1224x918,1224x918,prnu_python_wavelet_mle,mle_5,squared_aligned_ncc,test,46,-0.0004295637087410627,1.8452497986737653e-07,1.009376869625954e-06,8.790886421137213e-07,4.995495017642985e-07,3.795391403494229e-07,-1.9501416048204634e-07,0.48618168786885463,0.20990486172554357,-1.561100890320196,False
D02_Apple_iPhone4s:facebook_low:0046,D02_Apple_iPhone4s,D05_Apple_iPhone5c,D04_LG_D290|D15_Apple_iPhone6|D19_Apple_iPhone6Plus,same_pipeline_different_device,facebook_low,facebook_low,1224x918,1224x918,prnu_python_wavelet_mle,mle_5,squared_aligned_ncc,test,46,0.0006160674803537538,3.795391403494229e-07,9.443721494652721e-07,8.790886421137213e-07,6.945636622463448e-07,1.8452497986737653e-07,1.9501416048204634e-07,2.0568442311832724,0.4317416039375067,-0.8399280087280907,False
D02_Apple_iPhone4s:facebook_low:0046,D02_Apple_iPhone4s,D15_Apple_iPhone6,D04_LG_D290|D05_Apple_iPhone5c|D19_Apple_iPhone6Plus,same_pipeline_different_device,facebook_low,facebook_low,1224x918,1224x918,prnu_python_wavelet_mle,mle_5,squared_aligned_ncc,test,46,-0.0009375972707477989,8.790886421137213e-07,7.778556488771724e-07,3.795391403494229e-07,1.9501416048204634e-07,1.8452497986737653e-07,6.945636622463448e-07,4.764063070189998,2.3162002245786506,0.8399280087280907,False
D02_Apple_iPhone4s:facebook_low:0046,D02_Apple_iPhone4s,D19_Apple_iPhone6Plus,D04_LG_D290|D05_Apple_iPhone5c|D15_Apple_iPhone6,same_pipeline_different_device,facebook_low,facebook_low,1224x918,1224x918,prnu_python_wavelet_mle,mle_5,squared_aligned_ncc,test,46,-0.0013302266071668835,1.7695028264147182e-06,4.810509207768403e-07,3.795391403494229e-07,1.9501416048204634e-07,1.8452497986737653e-07,1.5849778465473416e-06,9.589502882951193,4.662240697456459,1.5394961689368394,False
D02_Apple_iPhone4s:facebook_low:0047,D02_Apple_iPhone4s,D02_Apple_iPhone4s,D04_LG_D290|D05_Apple_iPhone5c|D15_Apple_iPhone6|D19_Apple_iPhone6Plus,same_pipeline_different_device,facebook_low,facebook_low,1224x918,1224x918,prnu_python_wavelet_mle,mle_5,squared_aligned_ncc,test,47,-0.0016121023016656044,2.5988738310355392e-06,1.8724712132689304e-06,1.642697702612183e-06,1.609053740065849e-06,3.2736839194185787e-12,2.59887055735162e-06,793868.2826462706,1.5820767429715554,0.45873837826468566,True
D02_Apple_iPhone4s:facebook_low:0047,D02_Apple_iPhone4s,D04_LG_D290,D05_Apple_iPhone5c|D15_Apple_iPhone6|D19_Apple_iPhone6Plus,same_pipeline_different_device,facebook_low,facebook_low,1224x918,1224x918,prnu_python_wavelet_mle,mle_5,squared_aligned_ncc,test,47,1.8093324513252336e-06,3.2736839194185787e-12,2.496627193130601e-06,3.2181107538156174e-06,9.863754203518183e-07,6.728465140874852e-08,-6.72813777248291e-08,4.865424507487195e-05,1.0172688791201701e-06,-13.798389091259025,False
D02_Apple_iPhone4s:facebook_low:0047,D02_Apple_iPhone4s,D05_Apple_iPhone5c,D04_LG_D290|D15_Apple_iPhone6|D19_Apple_iPhone6Plus,same_pipeline_different_device,facebook_low,facebook_low,1224x918,1224x918,prnu_python_wavelet_mle,mle_5,squared_aligned_ncc,test,47,0.00025939285149893495,6.728465140874852e-08,2.474200067222324e-06,3.2181107538156174e-06,9.863754203518183e-07,3.2736839194185787e-12,6.72813777248291e-08,20553.19116474097,0.02090812173849863,-3.8676175955686034,False
D02_Apple_iPhone4s:facebook_low:0047,D02_Apple_iPhone4s,D15_Apple_iPhone6,D04_LG_D290|D05_Apple_iPhone5c|D19_Apple_iPhone6Plus,same_pipeline_different_device,facebook_low,facebook_low,1224x918,1224x918,prnu_python_wavelet_mle,mle_5,squared_aligned_ncc,test,47,0.001793909349386311,3.2181107538156174e-06,1.423924699753368e-06,6.728465140874852e-08,6.72813777248291e-08,3.2736839194185787e-12,3.218107480131698e-06,983024.2726631863,47.828303876702414,3.8676175955686034,False
D02_Apple_iPhone4s:facebook_low:0047,D02_Apple_iPhone4s,D19_Apple_iPhone6Plus,D04_LG_D290|D05_Apple_iPhone5c|D15_Apple_iPhone6,same_pipeline_different_device,facebook_low,facebook_low,1224x918,1224x918,prnu_python_wavelet_mle,mle_5,squared_aligned_ncc,test,47,-0.002050484375499466,4.204486174167436e-06,1.0951328929694284e-06,6.728465140874852e-08,6.72813777248291e-08,3.2736839194185787e-12,4.2044829004835164e-06,1284328.6883097047,62.488042757709195,4.134975222562485,False
D02_Apple_iPhone4s:facebook_low:0048,D02_Apple_iPhone4s,D02_Apple_iPhone4s,D04_LG_D290|D05_Apple_iPhone5c|D15_Apple_iPhone6|D19_Apple_iPhone6Plus,same_pipeline_different_device,facebook_low,facebook_low,1224x918,1224x918,prnu_python_wavelet_mle,mle_5,squared_aligned_ncc,test,48,0.0020972954405308244,4.398648164871385e-06,1.566621622616201e-06,1.4969565646399656e-06,1.3023235854887665e-06,3.1904158227278274e-06,1.2082323421435572e-06,1.3787068549298098,2.9383939846840565,1.0778631683813042,True
D02_Apple_iPhone4s:facebook_low:0048,D02_Apple_iPhone4s,D04_LG_D290,D05_Apple_iPhone5c|D15_Apple_iPhone6|D19_Apple_iPhone6Plus,same_pipeline_different_device,facebook_low,facebook_low,1224x918,1224x918,prnu_python_wavelet_mle,mle_5,squared_aligned_ncc,test,48,-0.0017861735141715173,3.1904158227278274e-06,1.025356889245659e-06,3.0710841984535274e-07,2.2495088138830723e-07,2.6868047094345786e-06,5.036111132932488e-07,1.1874386744689125,10.388565133884608,2.340705694889527,False
D02_Apple_iPhone4s:facebook_low:0048,D02_Apple_iPhone4s,D05_Apple_iPhone5c,D04_LG_D290|D15_Apple_iPhone6|D19_Apple_iPhone6Plus,same_pipeline_different_device,facebook_low,facebook_low,1224x918,1224x918,prnu_python_wavelet_mle,mle_5,squared_aligned_ncc,test,48,-0.0016391475557235775,2.6868047094345786e-06,1.1932272603434086e-06,3.0710841984535274e-07,2.2495088138830723e-07,3.1904158227278274e-06,-5.036111132932488e-07,0.8421487538691248,8.74871718198916,2.168907081848886,False
D02_Apple_iPhone4s:facebook_low:0048,D02_Apple_iPhone4s,D15_Apple_iPhone6,D04_LG_D290|D05_Apple_iPhone5c|D19_Apple_iPhone6Plus,same_pipeline_different_device,facebook_low,facebook_low,1224x918,1224x918,prnu_python_wavelet_mle,mle_5,squared_aligned_ncc,test,48,0.000554173636909365,3.0710841984535274e-07,1.9864593568731507e-06,2.6868047094345786e-06,5.036111132932488e-07,3.1904158227278274e-06,-2.883307402882475e-06,0.09625968428866834,0.11430247191653234,-2.168907081848886,False
D02_Apple_iPhone4s:facebook_low:0048,D02_Apple_iPhone4s,D19_Apple_iPhone6Plus,D04_LG_D290|D05_Apple_iPhone5c|D15_Apple_iPhone6,same_pipeline_different_device,facebook_low,facebook_low,1224x918,1224x918,prnu_python_wavelet_mle,mle_5,squared_aligned_ncc,test,48,0.0002866313633520336,8.215753845704551e-08,2.0614429840025863e-06,2.6868047094345786e-06,5.036111132932488e-07,3.1904158227278274e-06,-3.108258284270782e-06,0.025751357510131783,0.030578157827605958,-3.487469321381271,False
D02_Apple_iPhone4s:facebook_low:0049,D02_Apple_iPhone4s,D02_Apple_iPhone4s,D04_LG_D290|D05_Apple_iPhone5c|D15_Apple_iPhone6|D19_Apple_iPhone6Plus,same_pipeline_different_device,facebook_low,facebook_low,1224x918,1224x918,prnu_python_wavelet_mle,mle_5,squared_aligned_ncc,test,49,0.0001604072140608672,2.573047432276887e-08,6.212622244635345e-07,1.3904141402969933e-07,6.563925255311058e-08,4.961155970981646e-08,-2.3881085387047587e-08,0.5186386897180674,0.18505618992966244,-1.6870957706707053,True
D02_Apple_iPhone4s:facebook_low:0049,D02_Apple_iPhone4s,D04_LG_D290,D05_Apple_iPhone5c|D15_Apple_iPhone6|D19_Apple_iPhone6Plus,same_pipeline_different_device,facebook_low,facebook_low,1224x918,1224x918,prnu_python_wavelet_mle,mle_5,squared_aligned_ncc,test,49,0.00022273652531593568,4.961155970981646e-08,8.118124460481072e-07,1.8089006481603762e-07,8.369730157267657e-08,1.8089006481603762e-07,-1.3127850510622116e-07,0.27426359629132,0.27426359629132,-1.2936656047883108,False
D02_Apple_iPhone4s:facebook_low:0049,D02_Apple_iPhone4s,D05_Apple_iPhone5c,D04_LG_D290|D15_Apple_iPhone6|D19_Apple_iPhone6Plus,same_pipeline_different_device,facebook_low,facebook_low,1224x918,1224x918,prnu_python_wavelet_mle,mle_5,squared_aligned_ncc,test,49,-0.00042531172663828307,1.8089006481603762e-07,7.680529443460335e-07,9.719276324336105e-08,4.7581203533544594e-08,4.961155970981646e-08,1.3127850510622116e-07,3.646127351651183,1.8611474638611398,0.621193213565002,False
D02_Apple_iPhone4s:facebook_low:0049,D02_Apple_iPhone4s,D15_Apple_iPhone6,D04_LG_D290|D05_Apple_iPhone5c|D19_Apple_iPhone6Plus,same_pipeline_different_device,facebook_low,facebook_low,1224x918,1224x918,prnu_python_wavelet_mle,mle_5,squared_aligned_ncc,test,49,-0.0003117575391924966,9.719276324336105e-08,7.959520448702591e-07,1.8089006481603762e-07,1.3127850510622116e-07,4.961155970981646e-08,4.7581203533544594e-08,1.9590749376123702,0.537302937793762,-0.621193213565002,False
D02_Apple_iPhone4s:facebook_low:0049,D02_Apple_iPhone4s,D19_Apple_iPhone6Plus,D04_LG_D290|D05_Apple_iPhone5c|D15_Apple_iPhone6,same_pipeline_different_device,facebook_low,facebook_low,1224x918,1224x918,prnu_python_wavelet_mle,mle_5,squared_aligned_ncc,test,49,-0.0014687935559788254,2.157354510084923e-06,1.0923146258973838e-07,9.719276324336105e-08,4.7581203533544594e-08,4.961155970981646e-08,2.1077429503751063e-06,43.48491607003549,22.19665783843516,3.0999417297265364,False
D02_Apple_iPhone4s:facebook_low:0050,D02_Apple_iPhone4s,D02_Apple_iPhone4s,D04_LG_D290|D05_Apple_iPhone5c|D15_Apple_iPhone6|D19_Apple_iPhone6Plus,same_pipeline_different_device,facebook_low,facebook_low,1224x918,1224x918,prnu_python_wavelet_mle,mle_5,squared_aligned_ncc,test,50,-0.0006829421730351331,4.6641001170994966e-07,6.163594715749511e-07,5.367044252223416e-07,2.3161754613863632e-07,1.0730255365219849e-07,3.5910745805775116e-07,4.3466813774230575,0.8690258358066063,-0.14038242365626452,True
D02_Apple_iPhone4s:facebook_low:0050,D02_Apple_iPhone4s,D04_LG_D290,D05_Apple_iPhone5c|D15_Apple_iPhone6|D19_Apple_iPhone6Plus,same_pipeline_different_device,facebook_low,facebook_low,1224x918,1224x918,prnu_python_wavelet_mle,mle_5,squared_aligned_ncc,test,50,-0.000327570684970738,1.0730255365219849e-07,7.860451108825353e-07,5.705376459294711e-07,6.766644141425896e-08,5.705376459294711e-07,-4.6323509227727263e-07,0.18807269672343943,0.18807269672343943,-1.6709267061963047,False
D02_Apple_iPhone4s:facebook_low:0050,D02_Apple_iPhone4s,D05_Apple_iPhone5c,D04_LG_D290|D15_Apple_iPhone6|D19_Apple_iPhone6Plus,same_pipeline_different_device,facebook_low,facebook_low,1224x918,1224x918,prnu_python_wavelet_mle,mle_5,squared_aligned_ncc,test,50,-0.0007553394243182803,5.705376459294711e-07,6.316334134567779e-07,5.028712045152122e-07,3.9556865086301367e-07,1.0730255365219849e-07,4.6323509227727263e-07,5.317092897702733,1.1345601832172756,0.12624507206105307,False
D02_Apple_iPhone4s:facebook_low:0050,D02_Apple_iPhone4s,D15_Apple_iPhone6,D04_LG_D290|D05_Apple_iPhone5c|D19_Apple_iPhone6Plus,same_pipeline_different_device,facebook_low,facebook_low,1224x918,1224x918,prnu_python_wavelet_mle,mle_5,squared_aligned_ncc,test,50,-0.0011334577549264565,1.284726482202923e-06,3.935704680322939e-07,5.028712045152122e-07,6.766644141425896e-08,1.0730255365219849e-07,1.1774239285507244e-06,11.972934832167441,2.5547823591160888,0.9379670376854072,False
D02_Apple_iPhone4s:facebook_low:0050,D02_Apple_iPhone4s,D19_Apple_iPhone6Plus,D04_LG_D290|D05_Apple_iPhone5c|D15_Apple_iPhone6,same_pipeline_different_device,facebook_low,facebook_low,1224x918,1224x918,prnu_python_wavelet_mle,mle_5,squared_aligned_ncc,test,50,0.0007091341230791338,5.028712045152122e-07,6.541888939281975e-07,5.705376459294711e-07,4.6323509227727263e-07,1.0730255365219849e-07,3.9556865086301367e-07,4.6864793744348034,0.881398814088731,-0.12624507206105307,False
D04_LG_D290:facebook_low:0041,D04_LG_D290,D02_Apple_iPhone4s,D05_Apple_iPhone5c|D15_Apple_iPhone6|D19_Apple_iPhone6Plus,same_pipeline_different_device,facebook_low,facebook_low,1224x918,1224x918,prnu_python_wavelet_mle,mle_5,squared_aligned_ncc,test,41,0.0016769842493635325,2.8122761726133706e-06,1.5870907318023577e-07,9.66621120507557e-08,3.925996928009316e-08,9.66621120507557e-08,2.715614060562615e-06,29.093882938712223,29.093882938712223,3.370527943788911,False
D04_LG_D290:facebook_low:0041,D04_LG_D290,D04_LG_D290,D02_Apple_iPhone4s|D05_Apple_iPhone5c|D15_Apple_iPhone6|D19_Apple_iPhone6Plus,same_pipeline_different_device,facebook_low,facebook_low,1224x918,1224x918,prnu_python_wavelet_mle,mle_5,squared_aligned_ncc,test,41,0.0011379091990350871,1.2948373452486735e-06,8.221008480385194e-07,2.0936253838502236e-07,1.3233041097431323e-07,2.8122761726133706e-06,-1.517438827364697e-06,0.460423253540358,6.184665868291293,1.822072981473486,True
D04_LG_D290:facebook_low:0041,D04_LG_D290,D05_Apple_iPhone5c,D02_Apple_iPhone4s|D15_Apple_iPhone6|D19_Apple_iPhone6Plus,same_pipeline_different_device,facebook_low,facebook_low,1224x918,1224x918,prnu_python_wavelet_mle,mle_5,squared_aligned_ncc,test,41,0.0003109053104254665,9.66621120507557e-08,1.0639137600344406e-06,3.22062964719289e-07,2.6466082194862645e-07,2.8122761726133706e-06,-2.715614060562615e-06,0.03437148633981074,0.30013420554271636,-1.2035255525488697,False
D04_LG_D290:facebook_low:0041,D04_LG_D290,D15_Apple_iPhone6,D02_Apple_iPhone4s|D05_Apple_iPhone5c|D19_Apple_iPhone6Plus,same_pipeline_different_device,facebook_low,facebook_low,1224x918,1224x918,prnu_python_wavelet_mle,mle_5,squared_aligned_ncc,test,41,0.0005675059160214006,3.22062964719289e-07,9.887801424782629e-07,9.66621120507557e-08,3.925996928009316e-08,2.8122761726133706e-06,-2.4902132078940814e-06,0.1145203902289599,3.331842827417003,1.2035255525488697,False
D04_LG_D290:facebook_low:0041,D04_LG_D290,D19_Apple_iPhone6Plus,D02_Apple_iPhone4s|D05_Apple_iPhone5c|D15_Apple_iPhone6,same_pipeline_different_device,facebook_low,facebook_low,1224x918,1224x918,prnu_python_wavelet_mle,mle_5,squared_aligned_ncc,test,41,-0.00023958744284845678,5.7402142770662543e-08,1.0770004164611383e-06,3.22062964719289e-07,2.2540085266853331e-07,2.8122761726133706e-06,-2.754874029842708e-06,0.020411275154858036,0.17823267205123822,-1.7246654359068305,False
D04_LG_D290:facebook_low:0042,D04_LG_D290,D02_Apple_iPhone4s,D05_Apple_iPhone5c|D15_Apple_iPhone6|D19_Apple_iPhone6Plus,same_pipeline_different_device,facebook_low,facebook_low,1224x918,1224x918,prnu_python_wavelet_mle,mle_5,squared_aligned_ncc,test,42,-0.0004320034018067554,1.8662693917260894e-07,2.410196237487997e-06,1.641240188521987e-06,8.839365333302759e-07,4.832044868750293e-06,-4.645417929577684e-06,0.038622766187366986,0.11371092450561741,-2.174095800997611,False
D04_LG_D290:facebook_low:0042,D04_LG_D290,D04_LG_D290,D02_Apple_iPhone4s|D05_Apple_iPhone5c|D15_Apple_iPhone6|D19_Apple_iPhone6Plus,same_pipeline_different_device,facebook_low,facebook_low,1224x918,1224x918,prnu_python_wavelet_mle,mle_5,squared_aligned_ncc,test,42,0.0034582178483477544,1.1959270686630972e-05,1.8543039129091499e-06,1.199271921856849e-06,7.273066246746891e-07,1.8662693917260894e-07,1.1772643747458364e-05,64.08115966350384,9.972109301211916,2.299792126412706,True
D04_LG_D290:facebook_low:0042,D04_LG_D290,D05_Apple_iPhone5c,D02_Apple_iPhone4s|D15_Apple_iPhone6|D19_Apple_iPhone6Plus,same_pipeline_different_device,facebook_low,facebook_low,1224x918,1224x918,prnu_python_wavelet_mle,mle_5,squared_aligned_ncc,test,42,-0.002198191272103111,4.832044868750293e-06,8.617235942954356e-07,7.57303655191711e-07,5.706767160191021e-07,1.8662693917260894e-07,4.645417929577684e-06,25.891465027357032,6.380590976451926,1.8532607226047677,False
D04_LG_D290:facebook_low:0042,D04_LG_D290,D15_Apple_iPhone6,D02_Apple_iPhone4s|D05_Apple_iPhone5c|D19_Apple_iPhone6Plus,same_pipeline_different_device,facebook_low,facebook_low,1224x918,1224x918,prnu_python_wavelet_mle,mle_5,squared_aligned_ncc,test,42,0.0012811089682466465,1.641240188521987e-06,1.9253251543715374e-06,7.57303655191711e-07,5.706767160191021e-07,1.8662693917260894e-07,1.454613249349378e-06,8.794229792323948,2.167215458779884,0.7734431448289616,False
D04_LG_D290:facebook_low:0042,D04_LG_D290,D19_Apple_iPhone6Plus,D02_Apple_iPhone4s|D05_Apple_iPhone5c|D15_Apple_iPhone6,same_pipeline_different_device,facebook_low,facebook_low,1224x918,1224x918,prnu_python_wavelet_mle,mle_5,squared_aligned_ncc,test,42,-0.0008702319548210759,7.57303655191711e-07,2.2199706654816294e-06,1.641240188521987e-06,1.454613249349378e-06,1.8662693917260894e-07,5.706767160191021e-07,4.057847481982707,0.4614215886790453,-0.7734431448289616,False
D04_LG_D290:facebook_low:0043,D04_LG_D290,D02_Apple_iPhone4s,D05_Apple_iPhone5c|D15_Apple_iPhone6|D19_Apple_iPhone6Plus,same_pipeline_different_device,facebook_low,facebook_low,1224x918,1224x918,prnu_python_wavelet_mle,mle_5,squared_aligned_ncc,test,43,-0.0025944803652375495,6.7313283656031685e-06,1.9682226006578633e-06,1.970956533635979e-06,3.113073246422964e-08,2.0020872661002087e-06,4.72924109950296e-06,3.362155326383386,3.4152596725131,1.2282535289352001,False
D04_LG_D290:facebook_low:0043,D04_LG_D290,D04_LG_D290,D02_Apple_iPhone4s|D05_Apple_iPhone5c|D15_Apple_iPhone6|D19_Apple_iPhone6Plus,same_pipeline_different_device,facebook_low,facebook_low,1224x918,1224x918,prnu_python_wavelet_mle,mle_5,squared_aligned_ncc,test,43,-0.0007621532278758041,5.808775427615073e-07,3.1589990418941898e-06,1.986521899868094e-06,3.5231631931403324e-08,6.7313283656031685e-06,-6.150450822841661e-06,0.08629463773150176,0.292409332512306,-1.2296006346790964,True
D04_LG_D290:facebook_low:0043,D04_LG_D290,D05_Apple_iPhone5c,D02_Apple_iPhone4s|D15_Apple_iPhone6|D19_Apple_iPhone6Plus,same_pipeline_different_device,facebook_low,facebook_low,1224x918,1224x918,prnu_python_wavelet_mle,mle_5,squared_aligned_ncc,test,43,-0.001414951329940436,2.0020872661002087e-06,3.5446363004921836e-06,1.970956533635979e-06,3.933253139857701e-08,6.7313283656031685e-06,-4.72924109950296e-06,0.2974282574492723,1.0157947331323438,0.01567129442604731,False
D04_LG_D290:facebook_low:0043,D04_LG_D290,D15_Apple_iPhone6,D02_Apple_iPhone4s|D05_Apple_iPhone5c|D19_Apple_iPhone6Plus,same_pipeline_different_device,facebook_low,facebook_low,1224x918,1224x918,prnu_python_wavelet_mle,mle_5,squared_aligned_ncc,test,43,-0.0014039075944078296,1.970956533635979e-06,3.5550132113135932e-06,2.0020872661002087e-06,7.046326386280665e-08,6.7313283656031685e-06,-4.760371831967189e-06,0.2928035042395929,0.9844508613628675,-0.01567129442604731,False
D04_LG_D290:facebook_low:0043,D04_LG_D290,D19_Apple_iPhone6Plus,D02_Apple_iPhone4s|D05_Apple_iPhone5c|D15_Apple_iPhone6,same_pipeline_different_device,facebook_low,facebook_low,1224x918,1224x918,prnu_python_wavelet_mle,mle_5,squared_aligned_ncc,test,43,-0.0013898287672362384,1.931624002237402e-06,3.5681240551131186e-06,2.0020872661002087e-06,3.113073246422964e-08,6.7313283656031685e-06,-4.7997043633657664e-06,0.2869602992639502,0.9648050986308607,-0.035829168372618625,False
D04_LG_D290:facebook_low:0044,D04_LG_D290,D02_Apple_iPhone4s,D05_Apple_iPhone5c|D15_Apple_iPhone6|D19_Apple_iPhone6Plus,same_pipeline_different_device,facebook_low,facebook_low,1224x918,1224x918,prnu_python_wavelet_mle,mle_5,squared_aligned_ncc,test,44,0.0006348308612484675,4.0301022239347096e-07,1.108179238582222e-06,9.882124495607003e-07,5.457988767968794e-07,9.882124495607003e-07,-5.852022271672293e-07,0.40781739045346477,0.40781739045346477,-0.8969357771863837,False
D04_LG_D290:facebook_low:0044,D04_LG_D290,D04_LG_D290,D02_Apple_iPhone4s|D05_Apple_iPhone5c|D15_Apple_iPhone6|D19_Apple_iPhone6Plus,same_pipeline_different_device,facebook_low,facebook_low,1224x918,1224x918,prnu_python_wavelet_mle,mle_5,squared_aligned_ncc,test,44,0.0018927273901373387,3.5824169733761015e-06,9.318869845350342e-07,7.153130111622606e-07,2.926011135836147e-07,4.0301022239347096e-07,3.1794067509826308e-06,8.88914666258386,5.008180918665648,1.6110727590769098,True
D04_LG_D290:facebook_low:0044,D04_LG_D290,D05_Apple_iPhone5c,D02_Apple_iPhone4s|D15_Apple_iPhone6|D19_Apple_iPhone6Plus,same_pipeline_different_device,facebook_low,facebook_low,1224x918,1224x918,prnu_python_wavelet_mle,mle_5,squared_aligned_ncc,test,44,0.0009940887533619422,9.882124495607003e-07,9.131118295264787e-07,4.424135727638209e-07,3.9403350370349934e-08,4.0301022239347096e-07,5.852022271672293e-07,2.4520778745802603,2.233684747480046,0.8036525749685879,False
D04_LG_D290:facebook_low:0044,D04_LG_D290,D15_Apple_iPhone6,D02_Apple_iPhone4s|D05_Apple_iPhone5c|D19_Apple_iPhone6Plus,same_pipeline_different_device,facebook_low,facebook_low,1224x918,1224x918,prnu_python_wavelet_mle,mle_5,squared_aligned_ncc,test,44,0.0013761946422734485,1.8939116934221449e-06,6.112120815726641e-07,4.424135727638209e-07,3.9403350370349934e-08,4.0301022239347096e-07,1.490901471028674e-06,4.69941353391543,4.280862545854115,1.4541545186945495,False
D04_LG_D290:facebook_low:0044,D04_LG_D290,D19_Apple_iPhone6Plus,D02_Apple_iPhone4s|D05_Apple_iPhone5c|D15_Apple_iPhone6,same_pipeline_different_device,facebook_low,facebook_low,1224x918,1224x918,prnu_python_wavelet_mle,mle_5,squared_aligned_ncc,test,44,0.0006651417689213487,4.424135727638209e-07,1.095044788458772e-06,9.882124495607003e-07,5.852022271672293e-07,4.0301022239347096e-07,3.9403350370349934e-08,1.0977725828797447,0.4476907500613773,-0.8036525749685879,False
D04_LG_D290:facebook_low:0045,D04_LG_D290,D02_Apple_iPhone4s,D05_Apple_iPhone5c|D15_Apple_iPhone6|D19_Apple_iPhone6Plus,same_pipeline_different_device,facebook_low,facebook_low,1224x918,1224x918,prnu_python_wavelet_mle,mle_5,squared_aligned_ncc,test,45,0.0008954520308591345,8.018343395697484e-07,1.8754805932861992e-06,2.6929939777700524e-06,1.7901825967523408e-07,2.6929939777700524e-06,-1.891159638200304e-06,0.29774828543571846,0.29774828543571846,-1.2115068291655948,False
D04_LG_D290:facebook_low:0045,D04_LG_D290,D04_LG_D290,D02_Apple_iPhone4s|D05_Apple_iPhone5c|D15_Apple_iPhone6|D19_Apple_iPhone6Plus,same_pipeline_different_device,facebook_low,facebook_low,1224x918,1224x918,prnu_python_wavelet_mle,mle_5,squared_aligned_ncc,test,45,0.0006674757559678182,4.4552388480481046e-07,1.6070690298570864e-06,1.7474141586699005e-06,1.035088948937769e-06,8.018343395697484e-07,-3.5631045476493793e-07,0.5556308364691285,0.2549618146301018,-1.3666414915854634,True
D04_LG_D290:facebook_low:0045,D04_LG_D290,D05_Apple_iPhone5c,D02_Apple_iPhone4s|D15_Apple_iPhone6|D19_Apple_iPhone6Plus,same_pipeline_different_device,facebook_low,facebook_low,1224x918,1224x918,prnu_python_wavelet_mle,mle_5,squared_aligned_ncc,test,45,-0.0016410344230911344,2.6929939777700524e-06,1.2450940472194311e-06,8.018343395697484e-07,7.4039877492649e-07,8.018343395697484e-07,1.891159638200304e-06,3.3585415900434876,3.3585415900434876,1.2115068291655948,False
D04_LG_D290:facebook_low:0045,D04_LG_D290,D15_Apple_iPhone6,D02_Apple_iPhone4s|D05_Apple_iPhone5c|D19_Apple_iPhone6Plus,same_pipeline_different_device,facebook_low,facebook_low,1224x918,1224x918,prnu_python_wavelet_mle,mle_5,squared_aligned_ncc,test,45,-0.000247861987088094,6.143556464325846e-08,2.122280184928362e-06,2.6929939777700524e-06,1.7901825967523408e-07,8.018343395697484e-07,-7.4039877492649e-07,0.07661877474120629,0.022813108811379705,-3.780419960373411,False
D04_LG_D290:facebook_low:0045,D04_LG_D290,D19_Apple_iPhone6Plus,D02_Apple_iPhone4s|D05_Apple_iPhone5c|D15_Apple_iPhone6,same_pipeline_different_device,facebook_low,facebook_low,1224x918,1224x918,prnu_python_wavelet_mle,mle_5,squared_aligned_ncc,test,45,0.0016947012236513215,2.8720122374452865e-06,1.1854212939943531e-06,8.018343395697484e-07,7.4039877492649e-07,8.018343395697484e-07,2.070177897875538e-06,3.581802494248828,3.581802494248828,1.27586616371768,False
D04_LG_D290:facebook_low:0046,D04_LG_D290,D02_Apple_iPhone4s,D05_Apple_iPhone5c|D15_Apple_iPhone6|D19_Apple_iPhone6Plus,same_pipeline_different_device,facebook_low,facebook_low,1224x918,1224x918,prnu_python_wavelet_mle,mle_5,squared_aligned_ncc,test,46,0.0003214748039069191,1.0334604954699209e-07,5.595044179172739e-07,6.275668158731656e-08,3.8335183347713855e-08,2.4421498239602702e-08,7.892455130738938e-08,4.2317653295899245,1.646773649164376,0.4988180095494812,False
D04_LG_D290:facebook_low:0046,D04_LG_D290,D04_LG_D290,D02_Apple_iPhone4s|D05_Apple_iPhone5c|D15_Apple_iPhone6|D19_Apple_iPhone6Plus,same_pipeline_different_device,facebook_low,facebook_low,1224x918,1224x918,prnu_python_wavelet_mle,mle_5,squared_aligned_ncc,test,46,0.0024858371141403646,6.179386158037696e-06,4.4546482582470346e-07,8.305136556715433e-08,3.9462275653694704e-08,1.0334604954699209e-07,6.076040108490704e-06,59.7931530534981,74.40438957070633,4.309514939704904,True
D04_LG_D290:facebook_low:0046,D04_LG_D290,D05_Apple_iPhone5c,D02_Apple_iPhone4s|D15_Apple_iPhone6|D19_Apple_iPhone6Plus,same_pipeline_different_device,facebook_low,facebook_low,1224x918,1224x918,prnu_python_wavelet_mle,mle_5,squared_aligned_ncc,test,46,-0.00015627379255525446,2.4421498239602702e-08,5.858126016864037e-07,1.0334604954699209e-07,4.058936795967553e-08,1.0334604954699209e-07,-7.892455130738938e-08,0.23630799964441887,0.23630799964441887,-1.4426192415983614,False
D04_LG_D290:facebook_low:0046,D04_LG_D290,D15_Apple_iPhone6,D02_Apple_iPhone4s|D05_Apple_iPhone5c|D19_Apple_iPhone6Plus,same_pipeline_different_device,facebook_low,facebook_low,1224x918,1224x918,prnu_python_wavelet_mle,mle_5,squared_aligned_ncc,test,46,0.0002505128371707058,6.275668158731656e-08,5.730342072371658e-07,1.0334604954699209e-07,7.892455130738938e-08,1.0334604954699209e-07,-4.058936795967553e-08,0.6072479970197671,0.6072479970197671,-0.4988180095494812,False
D04_LG_D290:facebook_low:0046,D04_LG_D290,D19_Apple_iPhone6Plus,D02_Apple_iPhone4s|D05_Apple_iPhone5c|D15_Apple_iPhone6,same_pipeline_different_device,facebook_low,facebook_low,1224x918,1224x918,prnu_python_wavelet_mle,mle_5,squared_aligned_ncc,test,46,0.0012614813014567051,1.5913350739249026e-06,6.350807645797045e-08,6.275668158731656e-08,3.8335183347713855e-08,1.0334604954699209e-07,1.4879890243779105e-06,15.398121949512086,25.357221473076095,3.2330635602020124,False
D04_LG_D290:facebook_low:0047,D04_LG_D290,D02_Apple_iPhone4s,D05_Apple_iPhone5c|D15_Apple_iPhone6|D19_Apple_iPhone6Plus,same_pipeline_different_device,facebook_low,facebook_low,1224x918,1224x918,prnu_python_wavelet_mle,mle_5,squared_aligned_ncc,test,47,-0.0006532815768446276,4.2677681864460315e-07,3.1809921811332977e-07,2.0243914219058084e-08,5.7798003322480766e-09,2.0243914219058084e-08,4.065329044255451e-07,21.081734195594727,21.081734195594727,3.0484069876325943,False
D04_LG_D290:facebook_low:0047,D04_LG_D290,D04_LG_D290,D02_Apple_iPhone4s|D05_Apple_iPhone5c|D15_Apple_iPhone6|D19_Apple_iPhone6Plus,same_pipeline_different_device,facebook_low,facebook_low,1224x918,1224x918,prnu_python_wavelet_mle,mle_5,squared_aligned_ncc,test,47,1.2021948633855707e-05,1.445272489550651e-10,3.452686182461481e-07,2.235103664318306e-07,2.0615635237889657e-07,4.2677681864460315e-07,-4.266322913956481e-07,0.0003386483113447163,0.000646624365850812,-7.343745010347339,True
D04_LG_D290:facebook_low:0047,D04_LG_D290,D05_Apple_iPhone5c,D02_Apple_iPhone4s|D15_Apple_iPhone6|D19_Apple_iPhone6Plus,same_pipeline_different_device,facebook_low,facebook_low,1224x918,1224x918,prnu_python_wavelet_mle,mle_5,squared_aligned_ncc,test,47,0.00014228110984617067,2.0243914219058084e-08,4.536101862551781e-07,4.2677681864460315e-07,4.1231270475779314e-07,4.2677681864460315e-07,-4.065329044255451e-07,0.04743442786642105,0.04743442786642105,-3.0484069876325943,False
D04_LG_D290:facebook_low:0047,D04_LG_D290,D15_Apple_iPhone6,D02_Apple_iPhone4s|D05_Apple_iPhone5c|D19_Apple_iPhone6Plus,same_pipeline_different_device,facebook_low,facebook_low,1224x918,1224x918,prnu_python_wavelet_mle,mle_5,squared_aligned_ncc,test,47,-0.00012026684450342084,1.4464113886810008e-08,4.555367863659275e-07,4.2677681864460315e-07,4.065329044255451e-07,4.2677681864460315e-07,-4.1231270475779314e-07,0.03389151719333412,0.03389151719333412,-3.3845905261936817,False
D04_LG_D290:facebook_low:0047,D04_LG_D290,D19_Apple_iPhone6Plus,D02_Apple_iPhone4s|D05_Apple_iPhone5c|D15_Apple_iPhone6,same_pipeline_different_device,facebook_low,facebook_low,1224x918,1224x918,prnu_python_wavelet_mle,mle_5,squared_aligned_ncc,test,47,-0.0009589523586884393,9.195896262341212e-07,1.5382828225015708e-07,2.0243914219058084e-08,5.7798003322480766e-09,4.2677681864460315e-07,4.92812807589518e-07,2.154731902155881,45.42548522401851,3.8160732960968087,False
D04_LG_D290:facebook_low:0048,D04_LG_D290,D02_Apple_iPhone4s,D05_Apple_iPhone5c|D15_Apple_iPhone6|D19_Apple_iPhone6Plus,same_pipeline_different_device,facebook_low,facebook_low,1224x918,1224x918,prnu_python_wavelet_mle,mle_5,squared_aligned_ncc,test,48,-0.0003851509218865715,1.483412326300759e-07,2.5425050284313687e-06,2.6764219808247996e-06,2.222969165904201e-06,2.6764219808247996e-06,-2.5280807481947236e-06,0.05542520338454297,0.05542520338454297,-2.89272085394129,False
D04_LG_D290:facebook_low:0048,D04_LG_D290,D04_LG_D290,D02_Apple_iPhone4s|D05_Apple_iPhone5c|D15_Apple_iPhone6|D19_Apple_iPhone6Plus,same_pipeline_different_device,facebook_low,facebook_low,1224x918,1224x918,prnu_python_wavelet_mle,mle_5,squared_aligned_ncc,test,48,0.0010517155018399144,1.106105496810383e-06,1.9439640794810454e-06,1.4123816067274378e-06,1.312360011542247e-06,1.483412326300759e-07,9.577642641803072e-07,7.456493903948606,0.7831491797555247,-0.24443207782374898,True
D04_LG_D290:facebook_low:0048,D04_LG_D290,D05_Apple_iPhone5c,D02_Apple_iPhone4s|D15_Apple_iPhone6|D19_Apple_iPhone6Plus,same_pipeline_different_device,facebook_low,facebook_low,1224x918,1224x918,prnu_python_wavelet_mle,mle_5,squared_aligned_ncc,test,48,0.001635977377846283,2.6764219808247996e-06,1.699811445699794e-06,1.483412326300759e-07,9.663927488977031e-08,1.483412326300759e-07,2.5280807481947236e-06,18.042333431993878,18.042333431993878,2.89272085394129,False
D04_LG_D290:facebook_low:0048,D04_LG_D290,D15_Apple_iPhone6,D02_Apple_iPhone4s|D05_Apple_iPhone5c|D19_Apple_iPhone6Plus,same_pipeline_different_device,facebook_low,facebook_low,1224x918,1224x918,prnu_python_wavelet_mle,mle_5,squared_aligned_ncc,test,48,0.00022738064504329648,5.170195774030559e-08,2.5747181200612923e-06,2.6764219808247996e-06,2.222969165904201e-06,1.483412326300759e-07,-9.663927488977031e-08,0.3485339633737351,0.01931756580641012,-3.9467404515926408,False
D04_LG_D290:facebook_low:0048,D04_LG_D290,D19_Apple_iPhone6Plus,D02_Apple_iPhone4s|D05_Apple_iPhone5c|D15_Apple_iPhone6,same_pipeline_different_device,facebook_low,facebook_low,1224x918,1224x918,prnu_python_wavelet_mle,mle_5,squared_aligned_ncc,test,48,0.002213456831909988,4.8993911467290005e-06,9.588217237317272e-07,1.483412326300759e-07,9.663927488977031e-08,1.483412326300759e-07,4.7510499140989245e-06,33.02784438192445,33.02784438192445,3.4973509748426306,False
D04_LG_D290:facebook_low:0049,D04_LG_D290,D02_Apple_iPhone4s,D05_Apple_iPhone5c|D15_Apple_iPhone6|D19_Apple_iPhone6Plus,same_pipeline_different_device,facebook_low,facebook_low,1224x918,1224x918,prnu_python_wavelet_mle,mle_5,squared_aligned_ncc,test,49,-0.0013455916556277905,1.8106169036951382e-06,1.2811902987690166e-06,1.2742512376631299e-06,1.038950575961004e-06,2.334018996941794e-06,-5.234020932466556e-07,0.7757507141405207,1.4209261487676936,0.3513088764538477,False
D04_LG_D290:facebook_low:0049,D04_LG_D290,D04_LG_D290,D02_Apple_iPhone4s|D05_Apple_iPhone5c|D15_Apple_iPhone6|D19_Apple_iPhone6Plus,same_pipeline_different_device,facebook_low,facebook_low,1224x918,1224x918,prnu_python_wavelet_mle,mle_5,squared_aligned_ncc,test,49,0.0025796365738679945,6.654524853237405e-06,1.413546950000547e-06,1.542434070679134e-06,5.29883879639332e-07,1.8106169036951382e-06,4.843907949542267e-06,3.675280419428724,4.314300999787574,1.4619353183163533,True
D04_LG_D290:facebook_low:0049,D04_LG_D290,D05_Apple_iPhone5c,D02_Apple_iPhone4s|D15_Apple_iPhone6|D19_Apple_iPhone6Plus,same_pipeline_different_device,facebook_low,facebook_low,1224x918,1224x918,prnu_python_wavelet_mle,mle_5,squared_aligned_ncc,test,49,-0.0015277496512654794,2.334018996941794e-06,1.1067229343534646e-06,1.2742512376631299e-06,5.363656660320083e-07,1.8106169036951382e-06,5.234020932466556e-07,1.2890739019272865,1.8316788149424827,0.6052329315271638,False
D04_LG_D290:facebook_low:0049,D04_LG_D290,D15_Apple_iPhone6,D02_Apple_iPhone4s|D05_Apple_iPhone5c|D19_Apple_iPhone6Plus,same_pipeline_different_device,facebook_low,facebook_low,1224x918,1224x918,prnu_python_wavelet_mle,mle_5,squared_aligned_ncc,test,49,-0.00048507799548333025,2.3530066170212576e-07,1.8062957127666873e-06,1.8106169036951382e-06,5.234020932466556e-07,1.8106169036951382e-06,-1.5753162419930124e-06,0.1299560725529073,0.1299560725529073,-2.04055878906796,False
D04_LG_D290:facebook_low:0049,D04_LG_D290,D19_Apple_iPhone6Plus,D02_Apple_iPhone4s|D05_Apple_iPhone5c|D15_Apple_iPhone6,same_pipeline_different_device,facebook_low,facebook_low,1224x918,1224x918,prnu_python_wavelet_mle,mle_5,squared_aligned_ncc,test,49,-0.0011288273728356918,1.2742512376631299e-06,1.4599788541130191e-06,1.8106169036951382e-06,5.234020932466556e-07,1.8106169036951382e-06,-5.363656660320083e-07,0.703766343428373,0.703766343428373,-0.3513088764538477,False
D04_LG_D290:facebook_low:0050,D04_LG_D290,D02_Apple_iPhone4s,D05_Apple_iPhone5c|D15_Apple_iPhone6|D19_Apple_iPhone6Plus,same_pipeline_different_device,facebook_low,facebook_low,1224x918,1224x918,prnu_python_wavelet_mle,mle_5,squared_aligned_ncc,test,50,0.0006311673807627866,3.9837226253895646e-07,2.4596513997684007e-06,3.455170977314768e-07,2.466559451526152e-07,6.934575948994864e-06,-6.536203686455907e-06,0.05744724197543741,1.1529740934804817,0.14234477224046316,False
D04_LG_D290:facebook_low:0050,D04_LG_D290,D04_LG_D290,D02_Apple_iPhone4s|D05_Apple_iPhone5c|D15_Apple_iPhone6|D19_Apple_iPhone6Plus,same_pipeline_different_device,facebook_low,facebook_low,1224x918,1224x918,prnu_python_wavelet_mle,mle_5,squared_aligned_ncc,test,50,0.00331709848431085,1.100314235461734e-05,1.94433161546104e-06,3.719446801352166e-07,1.4975555498004743e-07,3.9837226253895646e-07,1.0604770092078384e-05,27.620252184453612,29.582738891754715,3.3871910456856913,True
D04_LG_D290:facebook_low:0050,D04_LG_D290,D05_Apple_iPhone5c,D02_Apple_iPhone4s|D15_Apple_iPhone6|D19_Apple_iPhone6Plus,same_pipeline_different_device,facebook_low,facebook_low,1224x918,1224x918,prnu_python_wavelet_mle,mle_5,squared_aligned_ncc,test,50,0.0026333583024333897,6.934575948994864e-06,2.809168376164316e-07,3.455170977314768e-07,5.285516480747968e-08,3.9837226253895646e-07,6.536203686455907e-06,17.407276060834526,20.07013833620518,2.9992330554703504,False
D04_LG_D290:facebook_low:0050,D04_LG_D290,D15_Apple_iPhone6,D02_Apple_iPhone4s|D05_Apple_iPhone5c|D19_Apple_iPhone6Plus,same_pipeline_different_device,facebook_low,facebook_low,1224x918,1224x918,prnu_python_wavelet_mle,mle_5,squared_aligned_ncc,test,50,-0.000314421933997712,9.886115257886157e-08,2.559488436421766e-06,3.9837226253895646e-07,5.285516480747968e-08,3.9837226253895646e-07,-2.995111099600949e-07,0.24816274092173782,0.24816274092173782,-1.3936705346369163,False
D04_LG_D290:facebook_low:0050,D04_LG_D290,D19_Apple_iPhone6Plus,D02_Apple_iPhone4s|D05_Apple_iPhone5c|D15_Apple_iPhone6,same_pipeline_different_device,facebook_low,facebook_low,1224x918,1224x918,prnu_python_wavelet_mle,mle_5,squared_aligned_ncc,test,50,0.000587807024227745,3.455170977314768e-07,2.4772697880375605e-06,3.9837226253895646e-07,2.995111099600949e-07,3.9837226253895646e-07,-5.285516480747968e-08,0.8673221763216734,0.8673221763216734,-0.14234477224046316,False
D05_Apple_iPhone5c:facebook_low:0041,D05_Apple_iPhone5c,D02_Apple_iPhone4s,D04_LG_D290|D15_Apple_iPhone6|D19_Apple_iPhone6Plus,same_pipeline_different_device,facebook_low,facebook_low,1224x918,1224x918,prnu_python_wavelet_mle,mle_5,squared_aligned_ncc,test,41,-0.004546756458306317,2.0672994291150205e-05,1.4216795378405373e-06,1.962170572908428e-06,3.1826839315282e-07,1.962170572908428e-06,1.8710823718241777e-05,10.53577837553014,10.53577837553014,2.354776929247281,False
D05_Apple_iPhone5c:facebook_low:0041,D05_Apple_iPhone5c,D04_LG_D290,D02_Apple_iPhone4s|D15_Apple_iPhone6|D19_Apple_iPhone6Plus,same_pipeline_different_device,facebook_low,facebook_low,1224x918,1224x918,prnu_python_wavelet_mle,mle_5,squared_aligned_ncc,test,41,-0.0014007749901067009,1.962170572908428e-06,7.658620777254462e-06,2.280438966061248e-06,2.2580098915093122e-06,2.0672994291150205e-05,-1.8710823718241777e-05,0.09491467686170665,0.860435469710233,-0.15031665776343495,False
D05_Apple_iPhone5c:facebook_low:0041,D05_Apple_iPhone5c,D05_Apple_iPhone5c,D02_Apple_iPhone4s|D04_LG_D290|D15_Apple_iPhone6|D19_Apple_iPhone6Plus,same_pipeline_different_device,facebook_low,facebook_low,1224x918,1224x918,prnu_python_wavelet_mle,mle_5,squared_aligned_ncc,test,41,0.0003542283336670791,1.2547771237255553e-07,6.234508226167954e-06,2.121304769484838e-06,1.1290049457546561e-06,2.0672994291150205e-05,-2.054751657877765e-05,0.006069643836078,0.05915119514063412,-2.8276584835102323,True
D05_Apple_iPhone5c:facebook_low:0041,D05_Apple_iPhone5c,D15_Apple_iPhone6,D02_Apple_iPhone4s|D04_LG_D290|D19_Apple_iPhone6Plus,same_pipeline_different_device,facebook_low,facebook_low,1224x918,1224x918,prnu_python_wavelet_mle,mle_5,squared_aligned_ncc,test,41,-0.001510112236246448,2.280438966061248e-06,7.552531312870189e-06,1.962170572908428e-06,1.9397414983564923e-06,2.0672994291150205e-05,-1.8392555325088956e-05,0.11031004671817035,1.1622022048170189,0.15031665776343495,False
D05_Apple_iPhone5c:facebook_low:0041,D05_Apple_iPhone5c,D19_Apple_iPhone6Plus,D02_Apple_iPhone4s|D04_LG_D290|D15_Apple_iPhone6,same_pipeline_different_device,facebook_low,facebook_low,1224x918,1224x918,prnu_python_wavelet_mle,mle_5,squared_aligned_ncc,test,41,-0.00014976339523373514,2.242907455193596e-08,8.305201276706627e-06,2.280438966061248e-06,3.1826839315282e-07,2.0672994291150205e-05,-2.065056521659827e-05,0.0010849456172653958,0.00983541979668732,-4.621765144098076,False
D05_Apple_iPhone5c:facebook_low:0042,D05_Apple_iPhone5c,D02_Apple_iPhone4s,D04_LG_D290|D15_Apple_iPhone6|D19_Apple_iPhone6Plus,same_pipeline_different_device,facebook_low,facebook_low,1224x918,1224x918,prnu_python_wavelet_mle,mle_5,squared_aligned_ncc,test,42,0.0009865580075967598,9.732967023532885e-07,2.1779054554916763e-06,1.7201158438016193e-06,2.3580402344019478e-07,1.7201158438016193e-06,-7.468191414483308e-07,0.5658320664044407,0.5658320664044407,-0.5694579472694912,False
D05_Apple_iPhone5c:facebook_low:0042,D05_Apple_iPhone5c,D04_LG_D290,D02_Apple_iPhone4s|D15_Apple_iPhone6|D19_Apple_iPhone6Plus,same_pipeline_different_device,facebook_low,facebook_low,1224x918,1224x918,prnu_python_wavelet_mle,mle_5,squared_aligned_ncc,test,42,-0.001311531869152107,1.7201158438016193e-06,1.9289657416755657e-06,1.4843118203614245e-06,5.11015118008136e-07,9.732967023532885e-07,7.468191414483308e-07,1.7673088171804463,1.1588642091274173,0.14744039539473697,False
D05_Apple_iPhone5c:facebook_low:0042,D05_Apple_iPhone5c,D05_Apple_iPhone5c,D02_Apple_iPhone4s|D04_LG_D290|D15_Apple_iPhone6|D19_Apple_iPhone6Plus,same_pipeline_different_device,facebook_low,facebook_low,1224x918,1224x918,prnu_python_wavelet_mle,mle_5,squared_aligned_ncc,test,42,-0.0006327121958473354,4.0032472277395693e-07,1.8767532672070792e-06,1.602213832081522e-06,3.734095707241654e-07,9.732967023532885e-07,-5.729719795793315e-07,0.41130800279712293,0.249857238002916,-1.3868655722182286,True
D05_Apple_iPhone5c:facebook_low:0042,D05_Apple_iPhone5c,D15_Apple_iPhone6,D02_Apple_iPhone4s|D04_LG_D290|D19_Apple_iPhone6Plus,same_pipeline_different_device,facebook_low,facebook_low,1224x918,1224x918,prnu_python_wavelet_mle,mle_5,squared_aligned_ncc,test,42,0.001218323364448628,1.4843118203614245e-06,2.0075670828222973e-06,1.7201158438016193e-06,7.468191414483308e-07,9.732967023532885e-07,5.11015118008136e-07,1.52503529167681,0.8629138704291883,-0.14744039539473697,False
D05_Apple_iPhone5c:facebook_low:0042,D05_Apple_iPhone5c,D19_Apple_iPhone6Plus,D02_Apple_iPhone4s|D04_LG_D290|D15_Apple_iPhone6,same_pipeline_different_device,facebook_low,facebook_low,1224x918,1224x918,prnu_python_wavelet_mle,mle_5,squared_aligned_ncc,test,42,-0.0018246338543148827,3.3292887023119846e-06,1.3925747888387774e-06,1.4843118203614245e-06,2.3580402344019478e-07,9.732967023532885e-07,2.355991999958696e-06,3.4206308253816675,2.242984699469223,0.8078074340565902,False
D05_Apple_iPhone5c:facebook_low:0043,D05_Apple_iPhone5c,D02_Apple_iPhone4s,D04_LG_D290|D15_Apple_iPhone6|D19_Apple_iPhone6Plus,same_pipeline_different_device,facebook_low,facebook_low,1224x918,1224x918,prnu_python_wavelet_mle,mle_5,squared_aligned_ncc,test,43,1.3796861352327318e-05,1.903533831753432e-10,2.624233503795761e-07,2.710715680298041e-07,1.1210787815520015e-07,1.3301903692392001e-07,-1.3282868354074466e-07,0.0014310236156965673,0.0007022255582127817,-7.261255897551408,False
D05_Apple_iPhone5c:facebook_low:0043,D05_Apple_iPhone5c,D04_LG_D290,D02_Apple_iPhone4s|D15_Apple_iPhone6|D19_Apple_iPhone6Plus,same_pipeline_different_device,facebook_low,facebook_low,1224x918,1224x918,prnu_python_wavelet_mle,mle_5,squared_aligned_ncc,test,43,0.0003647177496694122,1.3301903692392001e-07,2.1814712253266124e-07,2.710715680298041e-07,1.1210787815520015e-07,1.903533831753432e-10,1.3282868354074466e-07,698.8004873093855,0.4907155622801971,-0.7118906219400234,False
D05_Apple_iPhone5c:facebook_low:0043,D05_Apple_iPhone5c,D05_Apple_iPhone5c,D02_Apple_iPhone4s|D04_LG_D290|D15_Apple_iPhone6|D19_Apple_iPhone6Plus,same_pipeline_different_device,facebook_low,facebook_low,1224x918,1224x918,prnu_python_wavelet_mle,mle_5,squared_aligned_ncc,test,43,0.004453341137124255,1.9832247283603153e-05,1.9686510113047595e-07,2.0204530247686207e-07,1.2508020463054213e-07,1.903533831753432e-10,1.9832056930219977e-05,104186.4712503416,98.15742826227951,4.5865726006124135,True
D05_Apple_iPhone5c:facebook_low:0043,D05_Apple_iPhone5c,D15_Apple_iPhone6,D02_Apple_iPhone4s|D04_LG_D290|D19_Apple_iPhone6Plus,same_pipeline_different_device,facebook_low,facebook_low,1224x918,1224x918,prnu_python_wavelet_mle,mle_5,squared_aligned_ncc,test,43,-0.0006190148998085622,3.8317944618500425e-07,1.3476031944563316e-07,1.3301903692392001e-07,1.3282868354074466e-07,1.903533831753432e-10,3.829890928018289e-07,2012.9899442451208,2.8806361483744842,1.0580111546086375,False
D05_Apple_iPhone5c:facebook_low:0043,D05_Apple_iPhone5c,D19_Apple_iPhone6Plus,D02_Apple_iPhone4s|D04_LG_D290|D15_Apple_iPhone6,same_pipeline_different_device,facebook_low,facebook_low,1224x918,1224x918,prnu_python_wavelet_mle,mle_5,squared_aligned_ncc,test,43,-0.0005206453380467399,2.710715680298041e-07,1.721296121640332e-07,1.3301903692392001e-07,1.3282868354074466e-07,1.903533831753432e-10,2.708812146466288e-07,1424.0438678208714,2.0378404046395477,0.7118906219400234,False
D05_Apple_iPhone5c:facebook_low:0044,D05_Apple_iPhone5c,D02_Apple_iPhone4s,D04_LG_D290|D15_Apple_iPhone6|D19_Apple_iPhone6Plus,same_pipeline_different_device,facebook_low,facebook_low,1224x918,1224x918,prnu_python_wavelet_mle,mle_5,squared_aligned_ncc,test,44,0.0002730866932764735,7.457634204467873e-08,1.4372132288428078e-06,1.2033075768504483e-06,1.0044009801788777e-06,2.9094255130064046e-06,-2.8348491709617257e-06,0.025632669305775267,0.06197612603743071,-2.7810060320055996,False
D05_Apple_iPhone5c:facebook_low:0044,D05_Apple_iPhone5c,D04_LG_D290,D02_Apple_iPhone4s|D15_Apple_iPhone6|D19_Apple_iPhone6Plus,same_pipeline_different_device,facebook_low,facebook_low,1224x918,1224x918,prnu_python_wavelet_mle,mle_5,squared_aligned_ncc,test,44,-0.0017057038174918893,2.9094255130064046e-06,4.922635051888993e-07,1.9890659667157067e-07,1.2433025462689194e-07,7.457634204467873e-08,2.8348491709617257e-06,39.0127141294134,14.62709413207834,2.6828755713855994,False
D05_Apple_iPhone5c:facebook_low:0044,D05_Apple_iPhone5c,D05_Apple_iPhone5c,D02_Apple_iPhone4s|D04_LG_D290|D15_Apple_iPhone6|D19_Apple_iPhone6Plus,same_pipeline_different_device,facebook_low,facebook_low,1224x918,1224x918,prnu_python_wavelet_mle,mle_5,squared_aligned_ncc,test,44,0.007401432263676785,5.478119955379565e-05,1.0965540071432756e-06,7.011070867610095e-07,5.643656174028848e-07,7.457634204467873e-08,5.470662321175097e-05,734.565386982593,78.13528145447094,4.358441702014929,True
D05_Apple_iPhone5c:facebook_low:0044,D05_Apple_iPhone5c,D15_Apple_iPhone6,D02_Apple_iPhone4s|D04_LG_D290|D19_Apple_iPhone6Plus,same_pipeline_different_device,facebook_low,facebook_low,1224x918,1224x918,prnu_python_wavelet_mle,mle_5,squared_aligned_ncc,test,44,0.0010969537715193145,1.2033075768504483e-06,1.0609694839075514e-06,1.9890659667157067e-07,1.2433025462689194e-07,7.457634204467873e-08,1.1287312348057696e-06,16.135245358770025,6.0496112094126175,1.7999940070707954,False
D05_Apple_iPhone5c:facebook_low:0044,D05_Apple_iPhone5c,D19_Apple_iPhone6Plus,D02_Apple_iPhone4s|D04_LG_D290|D15_Apple_iPhone6,same_pipeline_different_device,facebook_low,facebook_low,1224x918,1224x918,prnu_python_wavelet_mle,mle_5,squared_aligned_ncc,test,44,0.00044598945802739627,1.9890659667157067e-07,1.3957698106338439e-06,1.2033075768504483e-06,1.1287312348057696e-06,7.457634204467873e-08,1.2433025462689194e-07,2.66715410300502,0.1652998788490896,-1.7999940070707954,False
D05_Apple_iPhone5c:facebook_low:0045,D05_Apple_iPhone5c,D02_Apple_iPhone4s,D04_LG_D290|D15_Apple_iPhone6|D19_Apple_iPhone6Plus,same_pipeline_different_device,facebook_low,facebook_low,1224x918,1224x918,prnu_python_wavelet_mle,mle_5,squared_aligned_ncc,test,45,-0.0004592808790953003,2.1093892590255185e-07,1.532085535869912e-06,1.2195449767951382e-06,4.6340210225668696e-07,1.2195449767951382e-06,-1.0086060508925865e-06,0.17296526976551668,0.17296526976551668,-1.7546644574383805,False
D05_Apple_iPhone5c:facebook_low:0045,D05_Apple_iPhone5c,D04_LG_D290,D02_Apple_iPhone4s|D15_Apple_iPhone6|D19_Apple_iPhone6Plus,same_pipeline_different_device,facebook_low,facebook_low,1224x918,1224x918,prnu_python_wavelet_mle,mle_5,squared_aligned_ncc,test,45,0.0011043301031825304,1.2195449767951382e-06,1.1958835189057166e-06,7.561428745384513e-07,5.452039486358994e-07,2.1093892590255185e-07,1.0086060508925865e-06,5.781507474625785,1.6128499227603608,0.47800275250832946,False
D05_Apple_iPhone5c:facebook_low:0045,D05_Apple_iPhone5c,D05_Apple_iPhone5c,D02_Apple_iPhone4s|D04_LG_D290|D15_Apple_iPhone6|D19_Apple_iPhone6Plus,same_pipeline_different_device,facebook_low,facebook_low,1224x918,1224x918,prnu_python_wavelet_mle,mle_5,squared_aligned_ncc,test,45,0.0057038740742304155,3.253417945467788e-05,1.2017988833780718e-06,9.878439256667948e-07,5.043030254462932e-07,2.1093892590255185e-07,3.232324052877533e-05,154.23506740385983,32.93453409931868,3.494521775926671,True
D05_Apple_iPhone5c:facebook_low:0045,D05_Apple_iPhone5c,D15_Apple_iPhone6,D02_Apple_iPhone4s|D04_LG_D290|D19_Apple_iPhone6Plus,same_pipeline_different_device,facebook_low,facebook_low,1224x918,1224x918,prnu_python_wavelet_mle,mle_5,squared_aligned_ncc,test,45,0.0016188170854905587,2.620568756276147e-06,7.288755924120471e-07,7.561428745384513e-07,4.6340210225668696e-07,2.1093892590255185e-07,2.409629830373595e-06,12.423353086982056,3.465705813700538,1.2429163099359108,False
D05_Apple_iPhone5c:facebook_low:0045,D05_Apple_iPhone5c,D19_Apple_iPhone6Plus,D02_Apple_iPhone4s|D04_LG_D290|D15_Apple_iPhone6,same_pipeline_different_device,facebook_low,facebook_low,1224x918,1224x918,prnu_python_wavelet_mle,mle_5,squared_aligned_ncc,test,45,-0.0008695647615551422,7.561428745384513e-07,1.3503508863246122e-06,1.2195449767951382e-06,1.0086060508925865e-06,2.1093892590255185e-07,5.452039486358994e-07,3.5846530994842034,0.6200204903680807,-0.47800275250832946,False
D05_Apple_iPhone5c:facebook_low:0046,D05_Apple_iPhone5c,D02_Apple_iPhone4s,D04_LG_D290|D15_Apple_iPhone6|D19_Apple_iPhone6Plus,same_pipeline_different_device,facebook_low,facebook_low,1224x918,1224x918,prnu_python_wavelet_mle,mle_5,squared_aligned_ncc,test,46,0.0002681721146133609,7.191628305620158e-08,3.5332517828097256e-07,2.1296607229917778e-07,9.05344350586687e-08,7.245778253032309e-07,-6.526615422470293e-07,0.09925266899536307,0.3376889204923334,-1.0856301608574874,False
D05_Apple_iPhone5c:facebook_low:0046,D05_Apple_iPhone5c,D04_LG_D290,D02_Apple_iPhone4s|D15_Apple_iPhone6|D19_Apple_iPhone6Plus,same_pipeline_different_device,facebook_low,facebook_low,1224x918,1224x918,prnu_python_wavelet_mle,mle_5,squared_aligned_ncc,test,46,0.0008512213726776548,7.245778253032309e-07,1.3577133086529615e-07,1.2243163724050908e-07,5.05153541843075e-08,7.191628305620158e-08,6.526615422470293e-07,10.075295809392475,5.918223766622057,1.778036364453131,False
D05_Apple_iPhone5c:facebook_low:0046,D05_Apple_iPhone5c,D05_Apple_iPhone5c,D02_Apple_iPhone4s|D04_LG_D290|D15_Apple_iPhone6|D19_Apple_iPhone6Plus,same_pipeline_different_device,facebook_low,facebook_low,1224x918,1224x918,prnu_python_wavelet_mle,mle_5,squared_aligned_ncc,test,46,0.009474994421999824,8.977551929692779e-05,2.8297295447477983e-07,1.6769885476984344e-07,7.052489462148811e-08,7.191628305620158e-08,8.970360301387159e-05,1248.3336941478117,535.3377005474442,6.282897763739525,True
D05_Apple_iPhone5c:facebook_low:0046,D05_Apple_iPhone5c,D15_Apple_iPhone6,D02_Apple_iPhone4s|D04_LG_D290|D19_Apple_iPhone6Plus,same_pipeline_different_device,facebook_low,facebook_low,1224x918,1224x918,prnu_python_wavelet_mle,mle_5,squared_aligned_ncc,test,46,0.0004614824723639867,2.1296607229917778e-07,3.0630858186664714e-07,1.2243163724050908e-07,5.05153541843075e-08,7.191628305620158e-08,1.410497892429762e-07,2.961305329597579,1.739469283424019,0.5535800571751448,False
D05_Apple_iPhone5c:facebook_low:0046,D05_Apple_iPhone5c,D19_Apple_iPhone6Plus,D02_Apple_iPhone4s|D04_LG_D290|D15_Apple_iPhone6,same_pipeline_different_device,facebook_low,facebook_low,1224x918,1224x918,prnu_python_wavelet_mle,mle_5,squared_aligned_ncc,test,46,0.00034990232528594187,1.2243163724050908e-07,3.364867268862034e-07,2.1296607229917778e-07,1.410497892429762e-07,7.191628305620158e-08,5.05153541843075e-08,1.702418868684168,0.5748879899917362,-0.5535800571751448,False
D05_Apple_iPhone5c:facebook_low:0047,D05_Apple_iPhone5c,D02_Apple_iPhone4s,D04_LG_D290|D15_Apple_iPhone6|D19_Apple_iPhone6Plus,same_pipeline_different_device,facebook_low,facebook_low,1224x918,1224x918,prnu_python_wavelet_mle,mle_5,squared_aligned_ncc,test,47,0.00263718151972454,6.954726367976634e-06,1.7824379938720437e-06,2.0613780669099287e-06,1.3052267876004114e-08,2.0613780669099287e-06,4.8933483010667055e-06,3.373823792741712,3.373823792741712,1.2160467577279075,False
D05_Apple_iPhone5c:facebook_low:0047,D05_Apple_iPhone5c,D04_LG_D290,D02_Apple_iPhone4s|D15_Apple_iPhone6|D19_Apple_iPhone6Plus,same_pipeline_different_device,facebook_low,facebook_low,1224x918,1224x918,prnu_python_wavelet_mle,mle_5,squared_aligned_ncc,test,47,-0.0014357500015357578,2.0613780669099287e-06,3.413554094227612e-06,2.0744303347859328e-06,8.629247548656628e-07,6.954726367976634e-06,-4.8933483010667055e-06,0.29639959328977217,0.9937080230378761,-0.006311854873946032,False
D05_Apple_iPhone5c:facebook_low:0047,D05_Apple_iPhone5c,D05_Apple_iPhone5c,D02_Apple_iPhone4s|D04_LG_D290|D15_Apple_iPhone6|D19_Apple_iPhone6Plus,same_pipeline_different_device,facebook_low,facebook_low,1224x918,1224x918,prnu_python_wavelet_mle,mle_5,squared_aligned_ncc,test,47,0.007083945630440857,5.018228569504211e-05,3.0755100873981913e-06,2.067904200847931e-06,4.3146237743283163e-07,6.954726367976634e-06,4.3227559327065476e-05,7.215565795098541,24.267219765047713,3.1891264587904864,True
D05_Apple_iPhone5c:facebook_low:0047,D05_Apple_iPhone5c,D15_Apple_iPhone6,D02_Apple_iPhone4s|D04_LG_D290|D19_Apple_iPhone6Plus,same_pipeline_different_device,facebook_low,facebook_low,1224x918,1224x918,prnu_python_wavelet_mle,mle_5,squared_aligned_ncc,test,47,-0.0011006841417592378,1.21150557992027e-06,3.6968449232241655e-06,2.0744303347859328e-06,1.3052267876004114e-08,6.954726367976634e-06,-5.743220788056364e-06,0.17419888516372184,0.5840184457412927,-0.5378227114792651,False
D05_Apple_iPhone5c:facebook_low:0047,D05_Apple_iPhone5c,D19_Apple_iPhone6Plus,D02_Apple_iPhone4s|D04_LG_D290|D15_Apple_iPhone6,same_pipeline_different_device,facebook_low,facebook_low,1224x918,1224x918,prnu_python_wavelet_mle,mle_5,squared_aligned_ncc,test,47,-0.0014402882818331658,2.0744303347859328e-06,3.4092033382689443e-06,2.0613780669099287e-06,8.498724869896587e-07,6.954726367976634e-06,-4.880296033190702e-06,0.29827634115667656,1.0063318166063393,0.006311854873946032,False
D05_Apple_iPhone5c:facebook_low:0048,D05_Apple_iPhone5c,D02_Apple_iPhone4s,D04_LG_D290|D15_Apple_iPhone6|D19_Apple_iPhone6Plus,same_pipeline_different_device,facebook_low,facebook_low,1224x918,1224x918,prnu_python_wavelet_mle,mle_5,squared_aligned_ncc,test,48,-0.0008229223831227781,6.772012486444724e-07,3.139470785473768e-06,2.8526242599000475e-06,9.518381014980968e-07,1.9007861584019506e-06,-1.2235849097574783e-06,0.35627429506000624,0.23739588075584853,-1.4380261484489,False
D05_Apple_iPhone5c:facebook_low:0048,D05_Apple_iPhone5c,D04_LG_D290,D02_Apple_iPhone4s|D15_Apple_iPhone6|D19_Apple_iPhone6Plus,same_pipeline_different_device,facebook_low,facebook_low,1224x918,1224x918,prnu_python_wavelet_mle,mle_5,squared_aligned_ncc,test,48,0.0013786900153413568,1.9007861584019506e-06,2.7316091488879416e-06,2.8526242599000475e-06,1.8123776782192574e-06,6.772012486444724e-07,1.2235849097574783e-06,2.8068261276934754,0.6663289607123204,-0.4059717953840032,False
D05_Apple_iPhone5c:facebook_low:0048,D05_Apple_iPhone5c,D05_Apple_iPhone5c,D02_Apple_iPhone4s|D04_LG_D290|D15_Apple_iPhone6|D19_Apple_iPhone6Plus,same_pipeline_different_device,facebook_low,facebook_low,1224x918,1224x918,prnu_python_wavelet_mle,mle_5,squared_aligned_ncc,test,48,0.000521201218412885,2.716507100750759e-07,2.523903401266444e-06,2.376705209150999e-06,1.0877115056277877e-06,6.772012486444724e-07,-4.055505385693965e-07,0.40113734376424826,0.11429718293591584,-2.168953354715052,True
D05_Apple_iPhone5c:facebook_low:0048,D05_Apple_iPhone5c,D15_Apple_iPhone6,D02_Apple_iPhone4s|D04_LG_D290|D19_Apple_iPhone6Plus,same_pipeline_different_device,facebook_low,facebook_low,1224x918,1224x918,prnu_python_wavelet_mle,mle_5,squared_aligned_ncc,test,48,-0.0021598615553130493,4.665001938119305e-06,1.8102038889821567e-06,1.9007861584019506e-06,9.518381014980968e-07,6.772012486444724e-07,3.987800689474833e-06,6.888649345312135,2.4542486894166546,0.8978206815847098,False
D05_Apple_iPhone5c:facebook_low:0048,D05_Apple_iPhone5c,D19_Apple_iPhone6Plus,D02_Apple_iPhone4s|D04_LG_D290|D15_Apple_iPhone6,same_pipeline_different_device,facebook_low,facebook_low,1224x918,1224x918,prnu_python_wavelet_mle,mle_5,squared_aligned_ncc,test,48,0.001688971361480131,2.8526242599000475e-06,2.414329781721909e-06,1.9007861584019506e-06,1.2235849097574783e-06,6.772012486444724e-07,2.1754230112555754e-06,4.212373006709654,1.5007602234952808,0.4059717953840032,False
D05_Apple_iPhone5c:facebook_low:0049,D05_Apple_iPhone5c,D02_Apple_iPhone4s,D04_LG_D290|D15_Apple_iPhone6|D19_Apple_iPhone6Plus,same_pipeline_different_device,facebook_low,facebook_low,1224x918,1224x918,prnu_python_wavelet_mle,mle_5,squared_aligned_ncc,test,49,0.0010561178133354286,1.1153848356444073e-06,1.6039437163343778e-07,1.4077787714144367e-07,1.3826616464757902e-07,3.37893525265005e-07,7.774913103794024e-07,3.3009949947091384,7.9230121826865405,2.069771459617481,False
D05_Apple_iPhone5c:facebook_low:0049,D05_Apple_iPhone5c,D04_LG_D290,D02_Apple_iPhone4s|D15_Apple_iPhone6|D19_Apple_iPhone6Plus,same_pipeline_different_device,facebook_low,facebook_low,1224x918,1224x918,prnu_python_wavelet_mle,mle_5,squared_aligned_ncc,test,49,-0.0005812860958813698,3.37893525265005e-07,4.1955814175990514e-07,1.4077787714144367e-07,1.3826616464757902e-07,1.1153848356444073e-06,-7.774913103794024e-07,0.3029389628287253,2.4001890931024157,0.8755475230428988,False
D05_Apple_iPhone5c:facebook_low:0049,D05_Apple_iPhone5c,D05_Apple_iPhone5c,D02_Apple_iPhone4s|D04_LG_D290|D15_Apple_iPhone6|D19_Apple_iPhone6Plus,same_pipeline_different_device,facebook_low,facebook_low,1224x918,1224x918,prnu_python_wavelet_mle,mle_5,squared_aligned_ncc,test,49,6.966674458041788e-05,4.853455300433184e-09,3.991419876361801e-07,2.393357012032243e-07,1.6769090638557018e-07,1.1153848356444073e-06,-1.110531380343974e-06,0.004351372858345458,0.020278860512799243,-3.8981762895695375,True
D05_Apple_iPhone5c:facebook_low:0049,D05_Apple_iPhone5c,D15_Apple_iPhone6,D02_Apple_iPhone4s|D04_LG_D290|D19_Apple_iPhone6Plus,same_pipeline_different_device,facebook_low,facebook_low,1224x918,1224x918,prnu_python_wavelet_mle,mle_5,squared_aligned_ncc,test,49,-5.01169880765461e-05,2.511712493864664e-09,5.313520793502853e-07,3.37893525265005e-07,1.9711564812356132e-07,1.1153848356444073e-06,-1.1128731231505427e-06,0.0022518797222247835,0.0074334436917510155,-4.901766042870477,False
D05_Apple_iPhone5c:facebook_low:0049,D05_Apple_iPhone5c,D19_Apple_iPhone6Plus,D02_Apple_iPhone4s|D04_LG_D290|D15_Apple_iPhone6,same_pipeline_different_device,facebook_low,facebook_low,1224x918,1224x918,prnu_python_wavelet_mle,mle_5,squared_aligned_ncc,test,49,0.00037520378081976156,1.4077787714144367e-07,4.852633578010923e-07,3.37893525265005e-07,3.353818127711403e-07,1.1153848356444073e-06,-9.746069585029637e-07,0.12621462354749519,0.4166338405893798,-0.8755475230428988,False
D05_Apple_iPhone5c:facebook_low:0050,D05_Apple_iPhone5c,D02_Apple_iPhone4s,D04_LG_D290|D15_Apple_iPhone6|D19_Apple_iPhone6Plus,same_pipeline_different_device,facebook_low,facebook_low,1224x918,1224x918,prnu_python_wavelet_mle,mle_5,squared_aligned_ncc,test,50,-0.0014444119129643134,2.0863257743132272e-06,2.896643336287829e-06,1.6592321945461688e-06,1.6177325203289033e-07,1.4974589425132785e-06,5.888668317999488e-07,1.3932440583723897,1.2574043471256755,0.22904955419456563,False
D05_Apple_iPhone5c:facebook_low:0050,D05_Apple_iPhone5c,D04_LG_D290,D02_Apple_iPhone4s|D15_Apple_iPhone6|D19_Apple_iPhone6Plus,same_pipeline_different_device,facebook_low,facebook_low,1224x918,1224x918,prnu_python_wavelet_mle,mle_5,squared_aligned_ncc,test,50,0.0012237070493027644,1.4974589425132785e-06,3.0929322802211453e-06,2.0863257743132272e-06,4.2709357976705843e-07,2.0863257743132272e-06,-5.888668317999488e-07,0.7177493375914455,0.7177493375914455,-0.3316348828773208,False
D05_Apple_iPhone5c:facebook_low:0050,D05_Apple_iPhone5c,D05_Apple_iPhone5c,D02_Apple_iPhone4s|D04_LG_D290|D15_Apple_iPhone6|D19_Apple_iPhone6Plus,same_pipeline_different_device,facebook_low,facebook_low,1224x918,1224x918,prnu_python_wavelet_mle,mle_5,squared_aligned_ncc,test,50,0.006703204684366643,4.493295304051491e-05,2.6940639457941782e-06,1.872778984429698e-06,2.944334158999744e-07,2.0863257743132272e-06,4.2846627266201684e-05,21.53688249156863,23.992661928656773,3.1777480306233414,True
D05_Apple_iPhone5c:facebook_low:0050,D05_Apple_iPhone5c,D15_Apple_iPhone6,D02_Apple_iPhone4s|D04_LG_D290|D19_Apple_iPhone6Plus,same_pipeline_different_device,facebook_low,facebook_low,1224x918,1224x918,prnu_python_wavelet_mle,mle_5,squared_aligned_ncc,test,50,-0.0023522837566509786,5.53323887180404e-06,1.7476723037908916e-06,1.6592321945461688e-06,1.6177325203289033e-07,2.0863257743132272e-06,3.4469130974908128e-06,2.6521451922461443,3.3348188939387624,1.2044183732269982,False
D05_Apple_iPhone5c:facebook_low:0050,D05_Apple_iPhone5c,D19_Apple_iPhone6Plus,D02_Apple_iPhone4s|D04_LG_D290|D15_Apple_iPhone6,same_pipeline_different_device,facebook_low,facebook_low,1224x918,1224x918,prnu_python_wavelet_mle,mle_5,squared_aligned_ncc,test,50,0.001288111871906384,1.6592321945461688e-06,3.039007862876848e-06,2.0863257743132272e-06,5.888668317999488e-07,2.0863257743132272e-06,-4.2709357976705843e-07,0.7952891226166976,0.7952891226166976,-0.22904955419456563,False
D15_Apple_iPhone6:facebook_low:0041,D15_Apple_iPhone6,D02_Apple_iPhone4s,D04_LG_D290|D05_Apple_iPhone5c|D19_Apple_iPhone6Plus,same_pipeline_different_device,facebook_low,facebook_low,1224x918,1224x918,prnu_python_wavelet_mle,mle_5,squared_aligned_ncc,test,41,0.0008789582662976364,7.725676338929467e-07,1.0583832613717152e-06,1.2616240829650922e-06,4.6510456558556483e-07,1.8679705259939644e-07,5.857705812935503e-07,4.135866295223563,0.6123596119671749,-0.4904355677862764,False
D15_Apple_iPhone6:facebook_low:0041,D15_Apple_iPhone6,D04_LG_D290,D02_Apple_iPhone4s|D05_Apple_iPhone5c|D19_Apple_iPhone6Plus,same_pipeline_different_device,facebook_low,facebook_low,1224x918,1224x918,prnu_python_wavelet_mle,mle_5,squared_aligned_ncc,test,41,-0.0004322002459501804,1.8679705259939644e-07,1.2536401218028986e-06,1.2616240829650922e-06,4.6510456558556483e-07,7.725676338929467e-07,-5.857705812935503e-07,0.24178731337492268,0.14806078539685336,-1.9101323773962662,False
D15_Apple_iPhone6:facebook_low:0041,D15_Apple_iPhone6,D05_Apple_iPhone5c,D02_Apple_iPhone4s|D04_LG_D290|D19_Apple_iPhone6Plus,same_pipeline_different_device,facebook_low,facebook_low,1224x918,1224x918,prnu_python_wavelet_mle,mle_5,squared_aligned_ncc,test,41,-0.0013140504741259587,1.726728648550657e-06,7.403295898191451e-07,7.725676338929467e-07,4.890564490721455e-07,7.725676338929467e-07,9.541610146577104e-07,2.235051758316252,2.235051758316252,0.8042643858807228,False
D15_Apple_iPhone6:facebook_low:0041,D15_Apple_iPhone6,D15_Apple_iPhone6,D02_Apple_iPhone4s|D04_LG_D290|D05_Apple_iPhone5c|D19_Apple_iPhone6Plus,same_pipeline_different_device,facebook_low,facebook_low,1224x918,1224x918,prnu_python_wavelet_mle,mle_5,squared_aligned_ncc,test,41,0.006241787285873282,3.895990852208935e-05,9.86929354502023e-07,1.0170958584290194e-06,4.770805073288552e-07,7.725676338929467e-07,3.8187340888196406e-05,50.429123371078155,38.30505079655505,3.6455817620755955,True
D15_Apple_iPhone6:facebook_low:0041,D15_Apple_iPhone6,D19_Apple_iPhone6Plus,D02_Apple_iPhone4s|D04_LG_D290|D05_Apple_iPhone5c,same_pipeline_different_device,facebook_low,facebook_low,1224x918,1224x918,prnu_python_wavelet_mle,mle_5,squared_aligned_ncc,test,41,0.001123220407117451,1.2616240829650922e-06,8.953644450143334e-07,7.725676338929467e-07,5.857705812935503e-07,7.725676338929467e-07,4.890564490721455e-07,1.6330273591812328,1.6330273591812328,0.4904355677862764,False
D15_Apple_iPhone6:facebook_low:0042,D15_Apple_iPhone6,D02_Apple_iPhone4s,D04_LG_D290|D05_Apple_iPhone5c|D19_Apple_iPhone6Plus,same_pipeline_different_device,facebook_low,facebook_low,1224x918,1224x918,prnu_python_wavelet_mle,mle_5,squared_aligned_ncc,test,42,-0.0010719105882823867,1.1489923092718924e-06,1.2582984239819168e-06,7.326106204951347e-07,6.193676549167587e-07,2.9290416858722395e-06,-1.7800493766003472e-06,0.39227584735781384,1.5683533341290443,0.45002623718634993,False
D15_Apple_iPhone6:facebook_low:0042,D15_Apple_iPhone6,D04_LG_D290,D02_Apple_iPhone4s|D05_Apple_iPhone5c|D19_Apple_iPhone6Plus,same_pipeline_different_device,facebook_low,facebook_low,1224x918,1224x918,prnu_python_wavelet_mle,mle_5,squared_aligned_ncc,test,42,-0.001711444327424132,2.9290416858722395e-06,6.64948631781801e-07,7.326106204951347e-07,4.163816887767577e-07,1.1489923092718924e-06,1.7800493766003472e-06,2.549226537232743,3.9980879391192112,1.3858162316139957,False
D15_Apple_iPhone6:facebook_low:0042,D15_Apple_iPhone6,D05_Apple_iPhone5c,D02_Apple_iPhone4s|D04_LG_D290|D19_Apple_iPhone6Plus,same_pipeline_different_device,facebook_low,facebook_low,1224x918,1224x918,prnu_python_wavelet_mle,mle_5,squared_aligned_ncc,test,42,-0.0003365159217308684,1.1324296557837594e-07,1.6035482052130885e-06,1.1489923092718924e-06,4.163816887767577e-07,1.1489923092718924e-06,-1.0357493436935163e-06,0.09855850614886809,0.09855850614886809,-2.3171049360805824,False
D15_Apple_iPhone6:facebook_low:0042,D15_Apple_iPhone6,D15_Apple_iPhone6,D02_Apple_iPhone4s|D04_LG_D290|D05_Apple_iPhone5c|D19_Apple_iPhone6Plus,same_pipeline_different_device,facebook_low,facebook_low,1224x918,1224x918,prnu_python_wavelet_mle,mle_5,squared_aligned_ncc,test,42,0.0015167904500664737,2.3006532694128558e-06,1.2309718953044105e-06,9.408014648835136e-07,5.178746718467583e-07,1.1489923092718924e-06,1.1516609601409634e-06,2.0023226011588906,2.4454184599911457,0.8942162575631016,True
D15_Apple_iPhone6:facebook_low:0042,D15_Apple_iPhone6,D19_Apple_iPhone6Plus,D02_Apple_iPhone4s|D04_LG_D290|D05_Apple_iPhone5c,same_pipeline_different_device,facebook_low,facebook_low,1224x918,1224x918,prnu_python_wavelet_mle,mle_5,squared_aligned_ncc,test,42,-0.0008559267611747717,7.326106204951347e-07,1.3970923202408358e-06,1.1489923092718924e-06,1.0357493436935163e-06,1.1489923092718924e-06,-4.163816887767577e-07,0.6376114222726037,0.6376114222726037,-0.45002623718634993,False
D15_Apple_iPhone6:facebook_low:0043,D15_Apple_iPhone6,D02_Apple_iPhone4s,D04_LG_D290|D05_Apple_iPhone5c|D19_Apple_iPhone6Plus,same_pipeline_different_device,facebook_low,facebook_low,1224x918,1224x918,prnu_python_wavelet_mle,mle_5,squared_aligned_ncc,test,43,-0.00025103359930563545,6.301786798034234e-08,1.4638293075808695e-06,1.0624853479661248e-06,8.011121354584567e-07,2.6137321250766805e-07,-1.9835534452732572e-07,0.241103008895732,0.05931175248766963,-2.824947805639022,False
D15_Apple_iPhone6:facebook_low:0043,D15_Apple_iPhone6,D04_LG_D290,D02_Apple_iPhone4s|D05_Apple_iPhone5c|D19_Apple_iPhone6Plus,same_pipeline_different_device,facebook_low,facebook_low,1224x918,1224x918,prnu_python_wavelet_mle,mle_5,squared_aligned_ncc,test,43,0.0005112467237133829,2.6137321250766805e-07,1.3977108594050942e-06,1.0624853479661248e-06,9.994674799857825e-07,6.301786798034234e-08,1.9835534452732572e-07,4.147604812482712,0.246001710054642,-1.4024167916323016,False
D15_Apple_iPhone6:facebook_low:0043,D15_Apple_iPhone6,D05_Apple_iPhone5c,D02_Apple_iPhone4s|D04_LG_D290|D19_Apple_iPhone6Plus,same_pipeline_different_device,facebook_low,facebook_low,1224x918,1224x918,prnu_python_wavelet_mle,mle_5,squared_aligned_ncc,test,43,0.0017514649189375206,3.0676293622688157e-06,4.622921428180451e-07,2.6137321250766805e-07,1.9835534452732572e-07,6.301786798034234e-08,3.0046114942884736e-06,48.67872336185232,11.736586671745556,2.4627110286629765,False
D15_Apple_iPhone6:facebook_low:0043,D15_Apple_iPhone6,D15_Apple_iPhone6,D02_Apple_iPhone4s|D04_LG_D290|D05_Apple_iPhone5c|D19_Apple_iPhone6Plus,same_pipeline_different_device,facebook_low,facebook_low,1224x918,1224x918,prnu_python_wavelet_mle,mle_5,squared_aligned_ncc,test,43,0.0026454373862425168,6.9983389645296386e-06,1.1136264476807376e-06,6.619292802368965e-07,4.997337399928912e-07,6.301786798034234e-08,6.935321096549296e-06,111.05324868674843,10.572638457729227,2.358269386304219,True
D15_Apple_iPhone6:facebook_low:0043,D15_Apple_iPhone6,D19_Apple_iPhone6Plus,D02_Apple_iPhone4s|D04_LG_D290|D05_Apple_iPhone5c,same_pipeline_different_device,facebook_low,facebook_low,1224x918,1224x918,prnu_python_wavelet_mle,mle_5,squared_aligned_ncc,test,43,-0.0010307692990995244,1.0624853479661248e-06,1.130673480918942e-06,2.6137321250766805e-07,1.9835534452732572e-07,6.301786798034234e-08,9.994674799857825e-07,16.86006496280633,4.065012392710114,1.4024167916323016,False
D15_Apple_iPhone6:facebook_low:0044,D15_Apple_iPhone6,D02_Apple_iPhone4s,D04_LG_D290|D05_Apple_iPhone5c|D19_Apple_iPhone6Plus,same_pipeline_different_device,facebook_low,facebook_low,1224x918,1224x918,prnu_python_wavelet_mle,mle_5,squared_aligned_ncc,test,44,-0.0018604028305408615,3.4610986918844496e-06,3.575785700109932e-07,5.934239574295897e-08,2.5162839574448583e-08,5.934239574295897e-08,3.4017562961414906e-06,58.32421574073562,58.32421574073562,4.0660173714516485,False
D15_Apple_iPhone6:facebook_low:0044,D15_Apple_iPhone6,D04_LG_D290,D02_Apple_iPhone4s|D05_Apple_iPhone5c|D19_Apple_iPhone6Plus,same_pipeline_different_device,facebook_low,facebook_low,1224x918,1224x918,prnu_python_wavelet_mle,mle_5,squared_aligned_ncc,test,44,0.00024360294690943082,5.934239574295897e-08,1.4914973353914902e-06,9.792137581215103e-07,9.450342019529999e-07,3.4610986918844496e-06,-3.4017562961414906e-06,0.017145537017509625,0.060602085347329436,-2.8034259748268333,False
D15_Apple_iPhone6:facebook_low:0044,D15_Apple_iPhone6,D05_Apple_iPhone5c,D02_Apple_iPhone4s|D04_LG_D290|D19_Apple_iPhone6Plus,same_pipeline_different_device,facebook_low,facebook_low,1224x918,1224x918,prnu_python_wavelet_mle,mle_5,squared_aligned_ncc,test,44,-0.0009895523018625698,9.792137581215103e-07,1.184873547931973e-06,5.934239574295897e-08,2.5162839574448583e-08,3.4610986918844496e-06,-2.4818849337629393e-06,0.2829199180068344,16.50108233518184,2.8034259748268333,False
D15_Apple_iPhone6:facebook_low:0044,D15_Apple_iPhone6,D15_Apple_iPhone6,D02_Apple_iPhone4s|D04_LG_D290|D05_Apple_iPhone5c|D19_Apple_iPhone6Plus,same_pipeline_different_device,facebook_low,facebook_low,1224x918,1224x918,prnu_python_wavelet_mle,mle_5,squared_aligned_ncc,test,44,0.001926428825951611,3.711128021457302e-06,1.1334586004793573e-06,5.192780769322347e-07,4.7251710097649994e-07,3.4610986918844496e-06,2.500293295728523e-07,1.0722398728932863,7.146706526456346,1.9666516249148813,True
D15_Apple_iPhone6:facebook_low:0044,D15_Apple_iPhone6,D19_Apple_iPhone6Plus,D02_Apple_iPhone4s|D04_LG_D290|D05_Apple_iPhone5c,same_pipeline_different_device,facebook_low,facebook_low,1224x918,1224x918,prnu_python_wavelet_mle,mle_5,squared_aligned_ncc,test,44,-0.0001848771380363467,3.4179556168510385e-08,1.499884948582973e-06,9.792137581215103e-07,9.198713623785513e-07,3.4610986918844496e-06,-3.426919135715939e-06,0.009875348613622107,0.03490510206278072,-3.3551222695479836,False
D15_Apple_iPhone6:facebook_low:0045,D15_Apple_iPhone6,D02_Apple_iPhone4s,D04_LG_D290|D05_Apple_iPhone5c|D19_Apple_iPhone6Plus,same_pipeline_different_device,facebook_low,facebook_low,1224x918,1224x918,prnu_python_wavelet_mle,mle_5,squared_aligned_ncc,test,45,0.0001460295630465082,2.1324633283554112e-08,5.544096278912254e-06,9.528584462329569e-07,6.597411767546143e-07,1.538631312102546e-05,-1.5364988487741907e-05,0.001385948220071897,0.022379644497941113,-3.799603461035016,False
D15_Apple_iPhone6:facebook_low:0045,D15_Apple_iPhone6,D04_LG_D290,D02_Apple_iPhone4s|D05_Apple_iPhone5c|D19_Apple_iPhone6Plus,same_pipeline_different_device,facebook_low,facebook_low,1224x918,1224x918,prnu_python_wavelet_mle,mle_5,squared_aligned_ncc,test,45,0.003922539116570472,1.538631312102546e-05,4.224334496649512e-07,2.931172694783426e-07,2.7179263619478847e-07,2.1324633283554112e-08,1.5364988487741907e-05,721.5276772375553,52.49200481571183,3.960660868775861,False
D15_Apple_iPhone6:facebook_low:0045,D15_Apple_iPhone6,D05_Apple_iPhone5c,D02_Apple_iPhone4s|D04_LG_D290|D19_Apple_iPhone6Plus,same_pipeline_different_device,facebook_low,facebook_low,1224x918,1224x918,prnu_python_wavelet_mle,mle_5,squared_aligned_ncc,test,45,-0.0005414030563991513,2.931172694783426e-07,5.4534987335139905e-06,9.528584462329569e-07,9.315338129494027e-07,2.1324633283554112e-08,2.7179263619478847e-07,13.745477616461484,0.307618902510815,-1.1788935916430923,False
D15_Apple_iPhone6:facebook_low:0045,D15_Apple_iPhone6,D15_Apple_iPhone6,D02_Apple_iPhone4s|D04_LG_D290|D05_Apple_iPhone5c|D19_Apple_iPhone6Plus,same_pipeline_different_device,facebook_low,facebook_low,1224x918,1224x918,prnu_python_wavelet_mle,mle_5,squared_aligned_ncc,test,45,0.0017727540503498867,3.1426569230319286e-06,4.163403367505079e-06,6.229878578556497e-07,4.6576690647470137e-07,2.1324633283554112e-08,3.1213322897483746e-06,147.37214381339885,5.044491451003693,1.6182968461485743,True
D15_Apple_iPhone6:facebook_low:0045,D15_Apple_iPhone6,D19_Apple_iPhone6Plus,D02_Apple_iPhone4s|D04_LG_D290|D05_Apple_iPhone5c,same_pipeline_different_device,facebook_low,facebook_low,1224x918,1224x918,prnu_python_wavelet_mle,mle_5,squared_aligned_ncc,test,45,0.0009761446850917936,9.528584462329569e-07,5.2335850079291194e-06,2.931172694783426e-07,2.7179263619478847e-07,2.1324633283554112e-08,9.315338129494027e-07,44.68346224588144,3.250775527244601,1.1788935916430923,False
D15_Apple_iPhone6:facebook_low:0046,D15_Apple_iPhone6,D02_Apple_iPhone4s,D04_LG_D290|D05_Apple_iPhone5c|D19_Apple_iPhone6Plus,same_pipeline_different_device,facebook_low,facebook_low,1224x918,1224x918,prnu_python_wavelet_mle,mle_5,squared_aligned_ncc,test,46,0.001938434522359471,3.7575283974749903e-06,1.891303642803936e-06,2.688117591293067e-06,2.975598560516855e-07,2.688117591293067e-06,1.069410806181923e-06,1.397828878336942,1.397828878336942,0.3349202316964863,False
D15_Apple_iPhone6:facebook_low:0046,D15_Apple_iPhone6,D04_LG_D290,D02_Apple_iPhone4s|D05_Apple_iPhone5c|D19_Apple_iPhone6Plus,same_pipeline_different_device,facebook_low,facebook_low,1224x918,1224x918,prnu_python_wavelet_mle,mle_5,squared_aligned_ncc,test,46,-0.0016395479838336746,2.688117591293067e-06,2.2477739115312436e-06,2.9856774473447527e-06,7.718509501302376e-07,3.7575283974749903e-06,-1.069410806181923e-06,0.715395149934049,0.9003375745372917,-0.10498550316458832,False
D15_Apple_iPhone6:facebook_low:0046,D15_Apple_iPhone6,D05_Apple_iPhone5c,D02_Apple_iPhone4s|D04_LG_D290|D19_Apple_iPhone6Plus,same_pipeline_different_device,facebook_low,facebook_low,1224x918,1224x918,prnu_python_wavelet_mle,mle_5,squared_aligned_ncc,test,46,-1.0765211283957535e-05,1.1588977398824663e-10,3.1437744787042705e-06,2.9856774473447527e-06,2.975598560516855e-07,3.7575283974749903e-06,-3.757412507701002e-06,3.0842022129792296e-05,3.8815235748694384e-05,-10.156697714475857,False
D15_Apple_iPhone6:facebook_low:0046,D15_Apple_iPhone6,D15_Apple_iPhone6,D02_Apple_iPhone4s|D04_LG_D290|D05_Apple_iPhone5c|D19_Apple_iPhone6Plus,same_pipeline_different_device,facebook_low,facebook_low,1224x918,1224x918,prnu_python_wavelet_mle,mle_5,squared_aligned_ncc,test,46,0.0019479255254478559,3.7944138526913054e-06,2.3578598314716995e-06,2.83689751931891e-06,5.347054030909615e-07,3.7575283974749903e-06,3.6885455216315153e-08,1.0098164142261976,1.3375223556197682,0.2908189141304085,True
D15_Apple_iPhone6:facebook_low:0046,D15_Apple_iPhone6,D19_Apple_iPhone6Plus,D02_Apple_iPhone4s|D04_LG_D290|D05_Apple_iPhone5c,same_pipeline_different_device,facebook_low,facebook_low,1224x918,1224x918,prnu_python_wavelet_mle,mle_5,squared_aligned_ncc,test,46,-0.0017279112961447855,2.9856774473447527e-06,2.1485872928473486e-06,2.688117591293067e-06,1.069410806181923e-06,3.7575283974749903e-06,-7.718509501302376e-07,0.7945854645705642,1.1106945086835096,0.10498550316458832,False
D15_Apple_iPhone6:facebook_low:0047,D15_Apple_iPhone6,D02_Apple_iPhone4s,D04_LG_D290|D05_Apple_iPhone5c|D19_Apple_iPhone6Plus,same_pipeline_different_device,facebook_low,facebook_low,1224x918,1224x918,prnu_python_wavelet_mle,mle_5,squared_aligned_ncc,test,47,-0.00042153501818937374,1.7769177155991564e-07,1.0262748276899103e-06,4.7183184508286717e-07,8.703391095840587e-08,4.7183184508286717e-07,-2.9414007352295154e-07,0.3765997853084882,0.3765997853084882,-0.9765722328376114,False
D15_Apple_iPhone6:facebook_low:0047,D15_Apple_iPhone6,D04_LG_D290,D02_Apple_iPhone4s|D05_Apple_iPhone5c|D19_Apple_iPhone6Plus,same_pipeline_different_device,facebook_low,facebook_low,1224x918,1224x918,prnu_python_wavelet_mle,mle_5,squared_aligned_ncc,test,47,-0.0006869001711186766,4.7183184508286717e-07,9.282281365155931e-07,3.847979341244613e-07,2.0710616256454567e-07,1.7769177155991564e-07,2.9414007352295154e-07,2.6553387415790994,1.2261808165795793,0.20390431161436595,False
D15_Apple_iPhone6:facebook_low:0047,D15_Apple_iPhone6,D05_Apple_iPhone5c,D02_Apple_iPhone4s|D04_LG_D290|D19_Apple_iPhone6Plus,same_pipeline_different_device,facebook_low,facebook_low,1224x918,1224x918,prnu_python_wavelet_mle,mle_5,squared_aligned_ncc,test,47,-0.0006203208316060821,3.847979341244613e-07,9.572394401683953e-07,4.7183184508286717e-07,2.9414007352295154e-07,1.7769177155991564e-07,2.0710616256454567e-07,2.1655360332468283,0.8155404051985508,-0.20390431161436595,False
D15_Apple_iPhone6:facebook_low:0047,D15_Apple_iPhone6,D15_Apple_iPhone6,D02_Apple_iPhone4s|D04_LG_D290|D05_Apple_iPhone5c|D19_Apple_iPhone6Plus,same_pipeline_different_device,facebook_low,facebook_low,1224x918,1224x918,prnu_python_wavelet_mle,mle_5,squared_aligned_ncc,test,47,0.008072812192659224,6.517029669794743e-05,8.141290636574117e-07,4.2831488960366424e-07,1.4707003676147577e-07,1.7769177155991564e-07,6.499260492638752e-05,366.7603520738874,152.15510429313338,5.024900423549793,True
D15_Apple_iPhone6:facebook_low:0047,D15_Apple_iPhone6,D19_Apple_iPhone6Plus,D02_Apple_iPhone4s|D04_LG_D290|D05_Apple_iPhone5c,same_pipeline_different_device,facebook_low,facebook_low,1224x918,1224x918,prnu_python_wavelet_mle,mle_5,squared_aligned_ncc,test,47,0.0014907027550328075,2.222194703862403e-06,3.4477385025574807e-07,3.847979341244613e-07,8.703391095840587e-08,1.7769177155991564e-07,2.044502932302487e-06,12.505895373512578,5.7749652656493815,1.753532241783601,False
D15_Apple_iPhone6:facebook_low:0048,D15_Apple_iPhone6,D02_Apple_iPhone4s,D04_LG_D290|D05_Apple_iPhone5c|D19_Apple_iPhone6Plus,same_pipeline_different_device,facebook_low,facebook_low,1224x918,1224x918,prnu_python_wavelet_mle,mle_5,squared_aligned_ncc,test,48,0.00038475286129462143,1.480347642743982e-07,3.776527431305028e-07,1.3605106276548855e-07,1.2095959884631569e-07,9.818157027068472e-07,-8.337809384324489e-07,0.15077652951187193,1.088082380727639,0.08441686314787056,False
D15_Apple_iPhone6:facebook_low:0048,D15_Apple_iPhone6,D04_LG_D290,D02_Apple_iPhone4s|D05_Apple_iPhone5c|D19_Apple_iPhone6Plus,same_pipeline_different_device,facebook_low,facebook_low,1224x918,1224x918,prnu_python_wavelet_mle,mle_5,squared_aligned_ncc,test,48,0.0009908661376325499,9.818157027068472e-07,9.972576365301988e-08,1.3605106276548855e-07,1.198370150890966e-08,1.480347642743982e-07,8.337809384324489e-07,6.632331989849,7.2165235812909785,1.976373338510987,False
D15_Apple_iPhone6:facebook_low:0048,D15_Apple_iPhone6,D05_Apple_iPhone5c,D02_Apple_iPhone4s|D04_LG_D290|D19_Apple_iPhone6Plus,same_pipeline_different_device,facebook_low,facebook_low,1224x918,1224x918,prnu_python_wavelet_mle,mle_5,squared_aligned_ncc,test,48,-0.0003688510034763204,1.3605106276548855e-07,3.8164731030013936e-07,1.480347642743982e-07,1.3294330035522535e-07,1.480347642743982e-07,-1.198370150890966e-08,0.9190480589633893,0.9190480589633893,-0.08441686314787056,False
D15_Apple_iPhone6:facebook_low:0048,D15_Apple_iPhone6,D15_Apple_iPhone6,D02_Apple_iPhone4s|D04_LG_D290|D05_Apple_iPhone5c|D19_Apple_iPhone6Plus,same_pipeline_different_device,facebook_low,facebook_low,1224x918,1224x918,prnu_python_wavelet_mle,mle_5,squared_aligned_ncc,test,48,0.002928847733161181,8.57814904404339e-06,3.202482484164767e-07,1.420429135199434e-07,6.647165017761269e-08,1.480347642743982e-07,8.430114279768991e-06,57.94685515993309,60.39124959823486,4.100844220244078,True
D15_Apple_iPhone6:facebook_low:0048,D15_Apple_iPhone6,D19_Apple_iPhone6Plus,D02_Apple_iPhone4s|D04_LG_D290|D05_Apple_iPhone5c,same_pipeline_different_device,facebook_low,facebook_low,1224x918,1224x918,prnu_python_wavelet_mle,mle_5,squared_aligned_ncc,test,48,0.00012284731954411075,1.5091463919172855e-08,4.2196717658224466e-07,1.480347642743982e-07,1.198370150890966e-08,1.480347642743982e-07,-1.3294330035522535e-07,0.10194540446728594,0.10194540446728594,-2.2833178593161794,False
D15_Apple_iPhone6:facebook_low:0049,D15_Apple_iPhone6,D02_Apple_iPhone4s,D04_LG_D290|D05_Apple_iPhone5c|D19_Apple_iPhone6Plus,same_pipeline_different_device,facebook_low,facebook_low,1224x918,1224x918,prnu_python_wavelet_mle,mle_5,squared_aligned_ncc,test,49,0.002080919331582415,4.330225264553404e-06,2.2247537762476257e-06,4.867213102065744e-07,2.5348407362467136e-07,4.867213102065744e-07,3.843503954346829e-06,8.896724211059441,8.896724211059441,2.1856831428120174,False
D15_Apple_iPhone6:facebook_low:0049,D15_Apple_iPhone6,D04_LG_D290,D02_Apple_iPhone4s|D05_Apple_iPhone5c|D19_Apple_iPhone6Plus,same_pipeline_different_device,facebook_low,facebook_low,1224x918,1224x918,prnu_python_wavelet_mle,mle_5,squared_aligned_ncc,test,49,0.0006976541479892271,4.867213102065744e-07,3.5059217610299026e-06,4.330225264553404e-06,1.6240775174009963e-06,4.330225264553404e-06,-3.843503954346829e-06,0.11240092153884107,0.11240092153884107,-2.1856831428120174,False
D15_Apple_iPhone6:facebook_low:0049,D15_Apple_iPhone6,D05_Apple_iPhone5c,D02_Apple_iPhone4s|D04_LG_D290|D19_Apple_iPhone6Plus,same_pipeline_different_device,facebook_low,facebook_low,1224x918,1224x918,prnu_python_wavelet_mle,mle_5,squared_aligned_ncc,test,49,0.0004829464117082796,2.332372365819031e-07,3.5904164522381263e-06,4.330225264553404e-06,1.6240775174009963e-06,4.330225264553404e-06,-4.096988027971501e-06,0.05386261044919517,0.05386261044919517,-2.92131872546544,False
D15_Apple_iPhone6:facebook_low:0049,D15_Apple_iPhone6,D15_Apple_iPhone6,D02_Apple_iPhone4s|D04_LG_D290|D05_Apple_iPhone5c|D19_Apple_iPhone6Plus,same_pipeline_different_device,facebook_low,facebook_low,1224x918,1224x918,prnu_python_wavelet_mle,mle_5,squared_aligned_ncc,test,49,0.007135598974862797,5.0916772730063e-05,2.75112164832407e-06,2.4084732873799892e-06,2.0484940139857504e-06,4.330225264553404e-06,4.6586547465509596e-05,11.758458190815226,21.14068401624326,3.051199336410745,True
D15_Apple_iPhone6:facebook_low:0049,D15_Apple_iPhone6,D19_Apple_iPhone6Plus,D02_Apple_iPhone4s|D04_LG_D290|D05_Apple_iPhone5c,same_pipeline_different_device,facebook_low,facebook_low,1224x918,1224x918,prnu_python_wavelet_mle,mle_5,squared_aligned_ncc,test,49,0.002440144008445895,5.9543027819544e-06,1.6833946037806271e-06,4.867213102065744e-07,2.5348407362467136e-07,4.330225264553404e-06,1.6240775174009963e-06,1.375056127147809,12.233495137961542,2.50417769284131,False
D15_Apple_iPhone6:facebook_low:0050,D15_Apple_iPhone6,D02_Apple_iPhone4s,D04_LG_D290|D05_Apple_iPhone5c|D19_Apple_iPhone6Plus,same_pipeline_different_device,facebook_low,facebook_low,1224x918,1224x918,prnu_python_wavelet_mle,mle_5,squared_aligned_ncc,test,50,-0.0009003758731593105,8.106767129673908e-07,3.6346477973205757e-07,4.156059607742269e-07,2.3812945838115595e-07,6.537354191553828e-07,1.5694129381200793e-07,1.2400685188738494,1.9505897159347565,0.6681317452844997,False
D15_Apple_iPhone6:facebook_low:0050,D15_Apple_iPhone6,D04_LG_D290,D02_Apple_iPhone4s|D05_Apple_iPhone5c|D19_Apple_iPhone6Plus,same_pipeline_different_device,facebook_low,facebook_low,1224x918,1224x918,prnu_python_wavelet_mle,mle_5,squared_aligned_ncc,test,50,0.0008085390647058328,6.537354191553828e-07,4.1577854433606016e-07,4.156059607742269e-07,3.945530015076639e-07,8.106767129673908e-07,-1.5694129381200793e-07,0.8064070531426245,1.572969304717256,0.45296511003784445,False
D15_Apple_iPhone6:facebook_low:0050,D15_Apple_iPhone6,D05_Apple_iPhone5c,D02_Apple_iPhone4s|D04_LG_D290|D19_Apple_iPhone6Plus,same_pipeline_different_device,facebook_low,facebook_low,1224x918,1224x918,prnu_python_wavelet_mle,mle_5,squared_aligned_ncc,test,50,0.0001450963792331255,2.1052959266562973e-08,6.266726976323335e-07,6.537354191553828e-07,1.5694129381200793e-07,8.106767129673908e-07,-7.896237537008278e-07,0.025969611473729136,0.032204097635956615,-3.4356615787530522,False
D15_Apple_iPhone6:facebook_low:0050,D15_Apple_iPhone6,D15_Apple_iPhone6,D02_Apple_iPhone4s|D04_LG_D290|D05_Apple_iPhone5c|D19_Apple_iPhone6Plus,same_pipeline_different_device,facebook_low,facebook_low,1224x918,1224x918,prnu_python_wavelet_mle,mle_5,squared_aligned_ncc,test,50,0.003635717299408014,1.3218440281214703e-05,4.752677630408908e-07,5.346706899648049e-07,1.9753537609658194e-07,8.106767129673908e-07,1.2407763568247312e-05,16.305439726805634,24.722582571498016,3.20771710008961,True
D15_Apple_iPhone6:facebook_low:0050,D15_Apple_iPhone6,D19_Apple_iPhone6Plus,D02_Apple_iPhone4s|D04_LG_D290|D05_Apple_iPhone5c,same_pipeline_different_device,facebook_low,facebook_low,1224x918,1224x918,prnu_python_wavelet_mle,mle_5,squared_aligned_ncc,test,50,-0.0006446750815521156,4.156059607742269e-07,4.951550304631122e-07,6.537354191553828e-07,1.5694129381200793e-07,8.106767129673908e-07,-3.950707521931639e-07,0.5126654733339362,0.6357403141949752,-0.45296511003784445,False
D19_Apple_iPhone6Plus:facebook_low:0041,D19_Apple_iPhone6Plus,D02_Apple_iPhone4s,D04_LG_D290|D05_Apple_iPhone5c|D15_Apple_iPhone6,same_pipeline_different_device,facebook_low,facebook_low,1224x918,1224x918,prnu_python_wavelet_mle,mle_5,squared_aligned_ncc,test,41,-0.0006034292527504329,3.6412686307494587e-07,1.1277662063076547e-06,1.5381292406688312e-07,1.1526158270147699e-07,3.190934353490675e-06,-2.8268074904157293e-06,0.11411292829531725,2.367335939316849,0.8617652466618893,False
D19_Apple_iPhone6Plus:facebook_low:0041,D19_Apple_iPhone6Plus,D04_LG_D290,D02_Apple_iPhone4s|D05_Apple_iPhone5c|D15_Apple_iPhone6,same_pipeline_different_device,facebook_low,facebook_low,1224x918,1224x918,prnu_python_wavelet_mle,mle_5,squared_aligned_ncc,test,41,-0.0017863186595595633,3.190934353490675e-06,1.8549704283574502e-07,1.5381292406688312e-07,1.1526158270147699e-07,3.6412686307494587e-07,2.8268074904157293e-06,8.763248958190447,20.74555420390518,3.0323319684872914,False
D19_Apple_iPhone6Plus:facebook_low:0041,D19_Apple_iPhone6Plus,D05_Apple_iPhone5c,D02_Apple_iPhone4s|D04_LG_D290|D15_Apple_iPhone6,same_pipeline_different_device,facebook_low,facebook_low,1224x918,1224x918,prnu_python_wavelet_mle,mle_5,squared_aligned_ncc,test,41,0.00039218990816552524,1.5381292406688312e-07,1.1978708526436755e-06,3.6412686307494587e-07,3.2557552170953974e-07,3.6412686307494587e-07,-2.1031393900806275e-07,0.4224157557835133,0.4224157557835133,-0.8617652466618893,False
D19_Apple_iPhone6Plus:facebook_low:0041,D19_Apple_iPhone6Plus,D15_Apple_iPhone6,D02_Apple_iPhone4s|D04_LG_D290|D05_Apple_iPhone5c,same_pipeline_different_device,facebook_low,facebook_low,1224x918,1224x918,prnu_python_wavelet_mle,mle_5,squared_aligned_ncc,test,41,-0.0001963449550291683,3.855134136540613e-08,1.2362913802108345e-06,3.6412686307494587e-07,2.1031393900806275e-07,3.6412686307494587e-07,-3.2557552170953974e-07,0.1058733789642742,0.1058733789642742,-2.2455114369722384,False
D19_Apple_iPhone6Plus:facebook_low:0041,D19_Apple_iPhone6Plus,D19_Apple_iPhone6Plus,D02_Apple_iPhone4s|D04_LG_D290|D05_Apple_iPhone5c|D15_Apple_iPhone6,same_pipeline_different_device,facebook_low,facebook_low,1224x918,1224x918,prnu_python_wavelet_mle,mle_5,squared_aligned_ncc,test,41,0.002158117321922198,4.65747037518064e-06,9.368563704994774e-07,2.589698935709145e-07,1.6278776085476987e-07,3.6412686307494587e-07,4.293343512105694e-06,12.790790374128543,17.984601649864256,2.88951592788168,True
D19_Apple_iPhone6Plus:facebook_low:0042,D19_Apple_iPhone6Plus,D02_Apple_iPhone4s,D04_LG_D290|D05_Apple_iPhone5c|D15_Apple_iPhone6,same_pipeline_different_device,facebook_low,facebook_low,1224x918,1224x918,prnu_python_wavelet_mle,mle_5,squared_aligned_ncc,test,42,0.0018477681920026094,3.414247291376592e-06,2.203703620315347e-06,2.4822793762494686e-06,2.667949791197495e-07,1.3797571293273544e-06,2.0344901620492375e-06,2.47452774028504,1.3754484382556706,0.3187798148606671,False
D19_Apple_iPhone6Plus:facebook_low:0042,D19_Apple_iPhone6Plus,D04_LG_D290,D02_Apple_iPhone4s|D05_Apple_iPhone5c|D15_Apple_iPhone6,same_pipeline_different_device,facebook_low,facebook_low,1224x918,1224x918,prnu_python_wavelet_mle,mle_5,squared_aligned_ncc,test,42,0.0011746306352753424,1.3797571293273544e-06,2.8818670076650926e-06,2.749074355369218e-06,2.667949791197495e-07,3.414247291376592e-06,-2.0344901620492375e-06,0.40411751451402617,0.5018988033672317,-0.689356766529647,False
D19_Apple_iPhone6Plus:facebook_low:0042,D19_Apple_iPhone6Plus,D05_Apple_iPhone5c,D02_Apple_iPhone4s|D04_LG_D290|D15_Apple_iPhone6,same_pipeline_different_device,facebook_low,facebook_low,1224x918,1224x918,prnu_python_wavelet_mle,mle_5,squared_aligned_ncc,test,42,0.0016580332793310326,2.749074355369218e-06,2.4254279323178053e-06,2.4822793762494686e-06,9.319679151271235e-07,3.414247291376592e-06,-6.651729360073739e-07,0.8051772823581321,1.107479835538438,0.10208701558263122,False
D19_Apple_iPhone6Plus:facebook_low:0042,D19_Apple_iPhone6Plus,D15_Apple_iPhone6,D02_Apple_iPhone4s|D04_LG_D290|D05_Apple_iPhone5c,same_pipeline_different_device,facebook_low,facebook_low,1224x918,1224x918,prnu_python_wavelet_mle,mle_5,squared_aligned_ncc,test,42,-0.0015755251112722604,2.4822793762494686e-06,2.514359592024388e-06,2.749074355369218e-06,6.651729360073739e-07,3.414247291376592e-06,-9.319679151271235e-07,0.7270356141217402,0.9029509774449453,-0.10208701558263122,False
D19_Apple_iPhone6Plus:facebook_low:0042,D19_Apple_iPhone6Plus,D19_Apple_iPhone6Plus,D02_Apple_iPhone4s|D04_LG_D290|D05_Apple_iPhone5c|D15_Apple_iPhone6,same_pipeline_different_device,facebook_low,facebook_low,1224x918,1224x918,prnu_python_wavelet_mle,mle_5,squared_aligned_ncc,test,42,0.0038174894025278985,1.4573225338412812e-05,2.5063395380806584e-06,2.6156768658093434e-06,4.6598395756356173e-07,3.414247291376592e-06,1.115897804703622e-05,4.268356710780907,5.571492996289341,1.7176630604440248,True
D19_Apple_iPhone6Plus:facebook_low:0043,D19_Apple_iPhone6Plus,D02_Apple_iPhone4s,D04_LG_D290|D05_Apple_iPhone5c|D15_Apple_iPhone6,same_pipeline_different_device,facebook_low,facebook_low,1224x918,1224x918,prnu_python_wavelet_mle,mle_5,squared_aligned_ncc,test,43,3.1042640018986594e-06,9.63645499348388e-12,5.778645718363536e-06,3.6714157509015394e-06,1.5704109948417772e-06,1.1563516648129304e-05,-1.156350701167431e-05,8.333498611810989e-07,2.624724533340466e-06,-12.850534607107065,False
D19_Apple_iPhone6Plus:facebook_low:0043,D19_Apple_iPhone6Plus,D04_LG_D290,D02_Apple_iPhone4s|D05_Apple_iPhone5c|D15_Apple_iPhone6,same_pipeline_different_device,facebook_low,facebook_low,1224x918,1224x918,prnu_python_wavelet_mle,mle_5,squared_aligned_ncc,test,43,-0.0034005171148119963,1.1563516648129304e-05,1.924143381138765e-06,2.101004756059762e-06,1.5704109948417772e-06,9.63645499348388e-12,1.156350701167431e-05,1199976.2003712456,5.503803175493804,1.7054393397252419,False
D19_Apple_iPhone6Plus:facebook_low:0043,D19_Apple_iPhone6Plus,D05_Apple_iPhone5c,D02_Apple_iPhone4s|D04_LG_D290|D15_Apple_iPhone6,same_pipeline_different_device,facebook_low,facebook_low,1224x918,1224x918,prnu_python_wavelet_mle,mle_5,squared_aligned_ncc,test,43,0.0014494843069380787,2.101004756059762e-06,5.078314011828612e-06,3.6714157509015394e-06,3.671406114446546e-06,9.63645499348388e-12,2.100995119604769e-06,218026.7284473855,0.5722601030798125,-0.5581616652947154,False
D19_Apple_iPhone6Plus:facebook_low:0043,D19_Apple_iPhone6Plus,D15_Apple_iPhone6,D02_Apple_iPhone4s|D04_LG_D290|D05_Apple_iPhone5c,same_pipeline_different_device,facebook_low,facebook_low,1224x918,1224x918,prnu_python_wavelet_mle,mle_5,squared_aligned_ncc,test,43,0.0019160938784155486,3.6714157509015394e-06,4.5548436802146865e-06,2.101004756059762e-06,2.100995119604769e-06,9.63645499348388e-12,3.671406114446546e-06,380992.36216888175,1.7474571346458712,0.5581616652947154,False
D19_Apple_iPhone6Plus:facebook_low:0043,D19_Apple_iPhone6Plus,D19_Apple_iPhone6Plus,D02_Apple_iPhone4s|D04_LG_D290|D05_Apple_iPhone5c|D15_Apple_iPhone6,same_pipeline_different_device,facebook_low,facebook_low,1224x918,1224x918,prnu_python_wavelet_mle,mle_5,squared_aligned_ncc,test,43,0.004514649806807251,2.038206287810475e-05,4.3339866978863995e-06,2.8862102534806508e-06,1.835703057223273e-06,9.63645499348388e-12,2.0382053241649756e-05,2115099.680524321,7.061877371381666,1.9547109327818895,True
D19_Apple_iPhone6Plus:facebook_low:0044,D19_Apple_iPhone6Plus,D02_Apple_iPhone4s,D04_LG_D290|D05_Apple_iPhone5c|D15_Apple_iPhone6,same_pipeline_different_device,facebook_low,facebook_low,1224x918,1224x918,prnu_python_wavelet_mle,mle_5,squared_aligned_ncc,test,44,0.0007692219656873806,5.917024324959577e-07,3.5862563758850846e-07,1.0522959483933545e-07,6.74242591089936e-08,1.0522959483933545e-07,4.864728376566222e-07,5.6229659859412084,5.6229659859412084,1.7268592801971963,False
D19_Apple_iPhone6Plus:facebook_low:0044,D19_Apple_iPhone6Plus,D04_LG_D290,D02_Apple_iPhone4s|D05_Apple_iPhone5c|D15_Apple_iPhone6,same_pipeline_different_device,facebook_low,facebook_low,1224x918,1224x918,prnu_python_wavelet_mle,mle_5,squared_aligned_ncc,test,44,-0.00032439111399564484,1.0522959483933545e-07,5.207832501407159e-07,5.917024324959577e-07,3.411395496998903e-07,5.917024324959577e-07,-4.864728376566222e-07,0.17784208592053463,0.17784208592053463,-1.7268592801971963,False
D19_Apple_iPhone6Plus:facebook_low:0044,D19_Apple_iPhone6Plus,D05_Apple_iPhone5c,D02_Apple_iPhone4s|D04_LG_D290|D15_Apple_iPhone6,same_pipeline_different_device,facebook_low,facebook_low,1224x918,1224x918,prnu_python_wavelet_mle,mle_5,squared_aligned_ncc,test,44,-0.00019443594248580133,3.780533573034184e-08,5.432580031770471e-07,5.917024324959577e-07,3.411395496998903e-07,5.917024324959577e-07,-5.538970967656159e-07,0.06389247982447684,0.06389247982447684,-2.750553611152167,False
D19_Apple_iPhone6Plus:facebook_low:0044,D19_Apple_iPhone6Plus,D15_Apple_iPhone6,D02_Apple_iPhone4s|D04_LG_D290|D05_Apple_iPhone5c,same_pipeline_different_device,facebook_low,facebook_low,1224x918,1224x918,prnu_python_wavelet_mle,mle_5,squared_aligned_ncc,test,44,-0.0009658374512286465,9.32841982195848e-07,2.449124543552117e-07,1.0522959483933545e-07,6.74242591089936e-08,5.917024324959577e-07,3.411395496998903e-07,1.576539035441976,8.86482537179879,2.182091240719494,False
D19_Apple_iPhone6Plus:facebook_low:0044,D19_Apple_iPhone6Plus,D19_Apple_iPhone6Plus,D02_Apple_iPhone4s|D04_LG_D290|D05_Apple_iPhone5c|D15_Apple_iPhone6,same_pipeline_different_device,facebook_low,facebook_low,1224x918,1224x918,prnu_python_wavelet_mle,mle_5,squared_aligned_ncc,test,44,0.003915140390935093,1.532832428073139e-05,4.168948363153708e-07,3.484660136676466e-07,2.7694854838280794e-07,5.917024324959577e-07,1.4736621848235432e-05,25.905460986652454,43.98800364890377,3.78391695240094,True
D19_Apple_iPhone6Plus:facebook_low:0045,D19_Apple_iPhone6Plus,D02_Apple_iPhone4s,D04_LG_D290|D05_Apple_iPhone5c|D15_Apple_iPhone6,same_pipeline_different_device,facebook_low,facebook_low,1224x918,1224x918,prnu_python_wavelet_mle,mle_5,squared_aligned_ncc,test,45,0.000357702667282847,1.2795119818126313e-07,1.910989376079568e-06,2.2532495155987663e-06,9.545531444933535e-07,2.2532495155987663e-06,-2.1252983174175033e-06,0.056785188367060216,0.056785188367060216,-2.8684797554465273,False
D19_Apple_iPhone6Plus:facebook_low:0045,D19_Apple_iPhone6Plus,D04_LG_D290,D02_Apple_iPhone4s|D05_Apple_iPhone5c|D15_Apple_iPhone6,same_pipeline_different_device,facebook_low,facebook_low,1224x918,1224x918,prnu_python_wavelet_mle,mle_5,squared_aligned_ncc,test,45,0.0015010827810613132,2.2532495155987663e-06,1.202556603607067e-06,2.719159525478181e-07,1.4396475436655495e-07,1.2795119818126313e-07,2.1252983174175033e-06,17.610225989495476,8.286566104291063,2.114635661897264,False
D19_Apple_iPhone6Plus:facebook_low:0045,D19_Apple_iPhone6Plus,D05_Apple_iPhone5c,D02_Apple_iPhone4s|D04_LG_D290|D15_Apple_iPhone6,same_pipeline_different_device,facebook_low,facebook_low,1224x918,1224x918,prnu_python_wavelet_mle,mle_5,squared_aligned_ncc,test,45,0.0005214556093741999,2.719159525478181e-07,1.8630011246240497e-06,2.2532495155987663e-06,9.545531444933535e-07,1.2795119818126313e-07,1.4396475436655495e-07,2.125153624295148,0.12067724886454069,-2.114635661897264,False
D19_Apple_iPhone6Plus:facebook_low:0045,D19_Apple_iPhone6Plus,D15_Apple_iPhone6,D02_Apple_iPhone4s|D04_LG_D290|D05_Apple_iPhone5c,same_pipeline_different_device,facebook_low,facebook_low,1224x918,1224x918,prnu_python_wavelet_mle,mle_5,squared_aligned_ncc,test,45,-0.0017910339639694497,3.20780266009212e-06,8.843722221092826e-07,2.719159525478181e-07,1.4396475436655495e-07,1.2795119818126313e-07,3.079851461910857e-06,25.070516772713294,11.797037393486534,2.4678484316000855,False
D19_Apple_iPhone6Plus:facebook_low:0045,D19_Apple_iPhone6Plus,D19_Apple_iPhone6Plus,D02_Apple_iPhone4s|D04_LG_D290|D05_Apple_iPhone5c|D15_Apple_iPhone6,same_pipeline_different_device,facebook_low,facebook_low,1224x918,1224x918,prnu_python_wavelet_mle,mle_5,squared_aligned_ncc,test,45,0.001828247925541291,3.342490477246034e-06,1.4652298316049919e-06,1.2625827340732923e-06,1.0626491587087519e-06,1.2795119818126313e-07,3.214539279064771e-06,26.123166681963127,2.647343724131748,0.9735567690389448,True
D19_Apple_iPhone6Plus:facebook_low:0046,D19_Apple_iPhone6Plus,D02_Apple_iPhone4s,D04_LG_D290|D05_Apple_iPhone5c|D15_Apple_iPhone6,same_pipeline_different_device,facebook_low,facebook_low,1224x918,1224x918,prnu_python_wavelet_mle,mle_5,squared_aligned_ncc,test,46,-0.0002779887361792287,7.727773744252482e-08,1.085445581833867e-06,7.231526112724989e-07,1.9131294747809e-07,2.001344470434693e-06,-1.924066732992168e-06,0.03861291176213161,0.10686228084904884,-2.2362143684069604,False
D19_Apple_iPhone6Plus:facebook_low:0046,D19_Apple_iPhone6Plus,D04_LG_D290,D02_Apple_iPhone4s|D05_Apple_iPhone5c|D15_Apple_iPhone6,same_pipeline_different_device,facebook_low,facebook_low,1224x918,1224x918,prnu_python_wavelet_mle,mle_5,squared_aligned_ncc,test,46,0.0014146888245952511,2.001344470434693e-06,4.440900041698109e-07,5.318396637944089e-07,1.9131294747809e-07,7.727773744252482e-08,1.924066732992168e-06,25.89807280425607,3.7630598217442173,1.325232408839236,False
D19_Apple_iPhone6Plus:facebook_low:0046,D19_Apple_iPhone6Plus,D05_Apple_iPhone5c,D02_Apple_iPhone4s|D04_LG_D290|D15_Apple_iPhone6,same_pipeline_different_device,facebook_low,facebook_low,1224x918,1224x918,prnu_python_wavelet_mle,mle_5,squared_aligned_ncc,test,46,-0.0007292733806978073,5.318396637944089e-07,9.339249397165722e-07,7.231526112724989e-07,6.458748738299741e-07,7.727773744252482e-08,4.5456192635188413e-07,6.882184719628518,0.7354459563639751,-0.3072782204112805,False
D19_Apple_iPhone6Plus:facebook_low:0046,D19_Apple_iPhone6Plus,D15_Apple_iPhone6,D02_Apple_iPhone4s|D04_LG_D290|D05_Apple_iPhone5c,same_pipeline_different_device,facebook_low,facebook_low,1224x918,1224x918,prnu_python_wavelet_mle,mle_5,squared_aligned_ncc,test,46,-0.0008503838023342748,7.231526112724989e-07,8.701539572238757e-07,5.318396637944089e-07,4.5456192635188413e-07,7.727773744252482e-08,6.458748738299741e-07,9.35783881884925,1.3597192170910462,0.3072782204112805,False
D19_Apple_iPhone6Plus:facebook_low:0046,D19_Apple_iPhone6Plus,D19_Apple_iPhone6Plus,D02_Apple_iPhone4s|D04_LG_D290|D05_Apple_iPhone5c|D15_Apple_iPhone6,same_pipeline_different_device,facebook_low,facebook_low,1224x918,1224x918,prnu_python_wavelet_mle,mle_5,squared_aligned_ncc,test,46,0.0015267129474690183,2.3308524239695375e-06,8.334036207360314e-07,6.274961375334539e-07,3.2293743691498703e-07,7.727773744252482e-08,2.2535746865270127e-06,30.162016915972792,3.714528719063664,1.3122518111893822,True
D19_Apple_iPhone6Plus:facebook_low:0047,D19_Apple_iPhone6Plus,D02_Apple_iPhone4s,D04_LG_D290|D05_Apple_iPhone5c|D15_Apple_iPhone6,same_pipeline_different_device,facebook_low,facebook_low,1224x918,1224x918,prnu_python_wavelet_mle,mle_5,squared_aligned_ncc,test,47,0.0012940596205660876,1.6745903015796468e-06,2.620205580575611e-06,1.197034178534802e-06,1.0835254158790631e-06,6.550073800536291e-06,-4.875483498956644e-06,0.2556597608781963,1.3989494465641614,0.3357215596224119,False
D19_Apple_iPhone6Plus:facebook_low:0047,D19_Apple_iPhone6Plus,D04_LG_D290,D02_Apple_iPhone4s|D05_Apple_iPhone5c|D15_Apple_iPhone6,same_pipeline_different_device,facebook_low,facebook_low,1224x918,1224x918,prnu_python_wavelet_mle,mle_5,squared_aligned_ncc,test,47,0.002559311196501178,6.550073800536291e-06,9.950444142567293e-07,1.197034178534802e-06,4.775561230448447e-07,1.6745903015796468e-06,4.875483498956644e-06,3.9114485461653423,5.471918778922199,1.6996293371768676,False
D19_Apple_iPhone6Plus:facebook_low:0047,D19_Apple_iPhone6Plus,D05_Apple_iPhone5c,D02_Apple_iPhone4s|D04_LG_D290|D15_Apple_iPhone6,same_pipeline_different_device,facebook_low,facebook_low,1224x918,1224x918,prnu_python_wavelet_mle,mle_5,squared_aligned_ncc,test,47,-0.00033691061523160557,1.1350876265573897e-07,3.1405660935502463e-06,1.6745903015796468e-06,4.775561230448447e-07,1.6745903015796468e-06,-1.5610815389239079e-06,0.06778300492285531,0.06778300492285531,-2.691443780312115,False
D19_Apple_iPhone6Plus:facebook_low:0047,D19_Apple_iPhone6Plus,D15_Apple_iPhone6,D02_Apple_iPhone4s|D04_LG_D290|D05_Apple_iPhone5c,same_pipeline_different_device,facebook_low,facebook_low,1224x918,1224x918,prnu_python_wavelet_mle,mle_5,squared_aligned_ncc,test,47,0.0010940905714495496,1.197034178534802e-06,2.7793909549238923e-06,1.6745903015796468e-06,1.5610815389239079e-06,1.6745903015796468e-06,-4.775561230448447e-07,0.7148221134480688,0.7148221134480688,-0.3357215596224119,False
D19_Apple_iPhone6Plus:facebook_low:0047,D19_Apple_iPhone6Plus,D19_Apple_iPhone6Plus,D02_Apple_iPhone4s|D04_LG_D290|D05_Apple_iPhone5c|D15_Apple_iPhone6,same_pipeline_different_device,facebook_low,facebook_low,1224x918,1224x918,prnu_python_wavelet_mle,mle_5,squared_aligned_ncc,test,47,0.003490344510487736,1.2182504801891875e-05,2.38380176082662e-06,1.4358122400572245e-06,7.80540769461954e-07,1.6745903015796468e-06,1.0507914500312228e-05,7.27491661118548,8.484747839596588,2.138270179870588,True
D19_Apple_iPhone6Plus:facebook_low:0048,D19_Apple_iPhone6Plus,D02_Apple_iPhone4s,D04_LG_D290|D05_Apple_iPhone5c|D15_Apple_iPhone6,same_pipeline_different_device,facebook_low,facebook_low,1224x918,1224x918,prnu_python_wavelet_mle,mle_5,squared_aligned_ncc,test,48,-0.0013915423089644226,1.9363899976380367e-06,1.2500309528874675e-06,9.152527345322953e-07,5.044869179941444e-07,9.152527345322953e-07,1.0211372631057415e-06,2.1156888415390034,2.1156888415390034,0.7493804528707155,False
D19_Apple_iPhone6Plus:facebook_low:0048,D19_Apple_iPhone6Plus,D04_LG_D290,D02_Apple_iPhone4s|D05_Apple_iPhone5c|D15_Apple_iPhone6,same_pipeline_different_device,facebook_low,facebook_low,1224x918,1224x918,prnu_python_wavelet_mle,mle_5,squared_aligned_ncc,test,48,-0.0009566884208206428,9.152527345322953e-07,1.590410040589381e-06,1.9363899976380367e-06,4.876843099539193e-07,1.9363899976380367e-06,-1.0211372631057415e-06,0.47265929675772916,0.47265929675772916,-0.7493804528707155,False
D19_Apple_iPhone6Plus:facebook_low:0048,D19_Apple_iPhone6Plus,D05_Apple_iPhone5c,D02_Apple_iPhone4s|D04_LG_D290|D15_Apple_iPhone6,same_pipeline_different_device,facebook_low,facebook_low,1224x918,1224x918,prnu_python_wavelet_mle,mle_5,squared_aligned_ncc,test,48,0.0006409101470082611,4.107658165381509e-07,1.7585723465874293e-06,1.9363899976380367e-06,4.876843099539193e-07,1.9363899976380367e-06,-1.5256241810998857e-06,0.21212969341878105,0.21212969341878105,-1.5505574299505085,False
D19_Apple_iPhone6Plus:facebook_low:0048,D19_Apple_iPhone6Plus,D15_Apple_iPhone6,D02_Apple_iPhone4s|D04_LG_D290|D05_Apple_iPhone5c,same_pipeline_different_device,facebook_low,facebook_low,1224x918,1224x918,prnu_python_wavelet_mle,mle_5,squared_aligned_ncc,test,48,-0.0015569438999501414,2.424074307591956e-06,1.087469516236161e-06,9.152527345322953e-07,5.044869179941444e-07,1.9363899976380367e-06,4.876843099539193e-07,1.251852318256542,2.648529980990099,0.974004761927084,False
D19_Apple_iPhone6Plus:facebook_low:0048,D19_Apple_iPhone6Plus,D19_Apple_iPhone6Plus,D02_Apple_iPhone4s|D04_LG_D290|D05_Apple_iPhone5c|D15_Apple_iPhone6,same_pipeline_different_device,facebook_low,facebook_low,1224x918,1224x918,prnu_python_wavelet_mle,mle_5,squared_aligned_ncc,test,48,-0.00011843568307316688,1.4027011025007628e-08,1.4216207140751098e-06,1.425821366085166e-06,7.544107865298304e-07,1.9363899976380367e-06,-1.922362986613029e-06,0.007243897686993554,0.009837846001369135,-4.621518494180464,True
D19_Apple_iPhone6Plus:facebook_low:0049,D19_Apple_iPhone6Plus,D02_Apple_iPhone4s,D04_LG_D290|D05_Apple_iPhone5c|D15_Apple_iPhone6,same_pipeline_different_device,facebook_low,facebook_low,1224x918,1224x918,prnu_python_wavelet_mle,mle_5,squared_aligned_ncc,test,49,-0.0006393039070251238,4.087094855375881e-07,9.973325274470558e-07,1.08911316828762e-06,8.100009848554051e-07,3.770260910522611e-09,4.049392246270655e-07,108.40350183641142,0.3752681515918036,-0.9801144376416424,False
D19_Apple_iPhone6Plus:facebook_low:0049,D19_Apple_iPhone6Plus,D04_LG_D290,D02_Apple_iPhone4s|D05_Apple_iPhone5c|D15_Apple_iPhone6,same_pipeline_different_device,facebook_low,facebook_low,1224x918,1224x918,prnu_python_wavelet_mle,mle_5,squared_aligned_ncc,test,49,6.140245036252716e-05,3.770260910522611e-09,1.1323122689894111e-06,1.08911316828762e-06,6.804036827500319e-07,4.087094855375881e-07,-4.049392246270655e-07,0.009224794246121966,0.0034617714855568957,-5.665974830889342,False
D19_Apple_iPhone6Plus:facebook_low:0049,D19_Apple_iPhone6Plus,D05_Apple_iPhone5c,D02_Apple_iPhone4s|D04_LG_D290|D15_Apple_iPhone6,same_pipeline_different_device,facebook_low,facebook_low,1224x918,1224x918,prnu_python_wavelet_mle,mle_5,squared_aligned_ncc,test,49,-0.0010436058491056957,1.08911316828762e-06,7.70531299863712e-07,4.087094855375881e-07,4.049392246270655e-07,4.087094855375881e-07,6.804036827500319e-07,2.66476117346549,2.66476117346549,0.9801144376416424,False
D19_Apple_iPhone6Plus:facebook_low:0049,D19_Apple_iPhone6Plus,D15_Apple_iPhone6,D02_Apple_iPhone4s|D04_LG_D290|D05_Apple_iPhone5c,same_pipeline_different_device,facebook_low,facebook_low,1224x918,1224x918,prnu_python_wavelet_mle,mle_5,squared_aligned_ncc,test,49,0.0013780835073184154,1.899114153143025e-06,5.005309715785769e-07,4.087094855375881e-07,4.049392246270655e-07,4.087094855375881e-07,1.490404667605437e-06,4.646611395977419,4.646611395977419,1.5361382218971311,False
D19_Apple_iPhone6Plus:facebook_low:0049,D19_Apple_iPhone6Plus,D19_Apple_iPhone6Plus,D02_Apple_iPhone4s|D04_LG_D290|D05_Apple_iPhone5c|D15_Apple_iPhone6,same_pipeline_different_device,facebook_low,facebook_low,1224x918,1224x918,prnu_python_wavelet_mle,mle_5,squared_aligned_ncc,test,49,0.001358025690038066,1.8442337748033656e-06,8.50176766969689e-07,7.48911326912604e-07,5.426714536885486e-07,4.087094855375881e-07,1.4355242892657775e-06,4.512334164149845,2.4625529198580045,0.9011985841308601,True
D19_Apple_iPhone6Plus:facebook_low:0050,D19_Apple_iPhone6Plus,D02_Apple_iPhone4s,D04_LG_D290|D05_Apple_iPhone5c|D15_Apple_iPhone6,same_pipeline_different_device,facebook_low,facebook_low,1224x918,1224x918,prnu_python_wavelet_mle,mle_5,squared_aligned_ncc,test,50,0.0013804973869630914,1.9057730354119233e-06,1.7859195733726045e-07,2.0795771975075717e-07,1.1823750791059932e-07,3.261952276613565e-07,1.5795778077505669e-06,5.842430770907613,9.16423318016779,2.2153082095062615,False
D19_Apple_iPhone6Plus:facebook_low:0050,D19_Apple_iPhone6Plus,D04_LG_D290,D02_Apple_iPhone4s|D05_Apple_iPhone5c|D15_Apple_iPhone6,same_pipeline_different_device,facebook_low,facebook_low,1224x918,1224x918,prnu_python_wavelet_mle,mle_5,squared_aligned_ncc,test,50,-0.0005711350345245479,3.261952276613565e-07,7.05117893254116e-07,2.0795771975075717e-07,2.0633479515108955e-07,1.9057730354119233e-06,-1.5795778077505669e-06,0.1711616344654866,1.568565129740363,0.4501612713697867,False
D19_Apple_iPhone6Plus:facebook_low:0050,D19_Apple_iPhone6Plus,D05_Apple_iPhone5c,D02_Apple_iPhone4s|D04_LG_D290|D15_Apple_iPhone6,same_pipeline_different_device,facebook_low,facebook_low,1224x918,1224x918,prnu_python_wavelet_mle,mle_5,squared_aligned_ncc,test,50,0.000456023814894307,2.0795771975075717e-07,7.445303958909825e-07,3.261952276613565e-07,3.2457230306168887e-07,1.9057730354119233e-06,-1.6978153156611662e-06,0.10911987728161353,0.6375253287477614,-0.4501612713697867,False
D19_Apple_iPhone6Plus:facebook_low:0050,D19_Apple_iPhone6Plus,D15_Apple_iPhone6,D02_Apple_iPhone4s|D04_LG_D290|D05_Apple_iPhone5c,same_pipeline_different_device,facebook_low,facebook_low,1224x918,1224x918,prnu_python_wavelet_mle,mle_5,squared_aligned_ncc,test,50,-4.0285538344021364e-05,1.6229245996676155e-09,8.133086609413457e-07,3.261952276613565e-07,1.1823750791059932e-07,1.9057730354119233e-06,-1.9041501108122557e-06,0.0008515833572578744,0.004975316810436216,-5.303266229909404,False
D19_Apple_iPhone6Plus:facebook_low:0050,D19_Apple_iPhone6Plus,D19_Apple_iPhone6Plus,D02_Apple_iPhone4s|D04_LG_D290|D05_Apple_iPhone5c|D15_Apple_iPhone6,same_pipeline_different_device,facebook_low,facebook_low,1224x918,1224x918,prnu_python_wavelet_mle,mle_5,squared_aligned_ncc,test,50,0.0035865585984785927,1.2863402580320727e-05,6.103872268559261e-07,2.6707647370605686e-07,1.6228615153084446e-07,1.9057730354119233e-06,1.0957629544908805e-05,6.74970331791916,48.16374277308352,3.8746065133688283,True
D02_Apple_iPhone4s:whatsapp:0021,D02_Apple_iPhone4s,D02_Apple_iPhone4s,D04_LG_D290|D05_Apple_iPhone5c|D15_Apple_iPhone6|D19_Apple_iPhone6Plus,same_pipeline_different_device,whatsapp,whatsapp,1280x960,1280x960,prnu_python_wavelet_mle,mle_5,squared_aligned_ncc,calibration,21,0.001719642491664089,2.957170299136676e-06,1.2205887677257184e-06,1.0516796119163642e-06,8.877481252802852e-07,1.4744402543490842e-07,2.809726273701768e-06,20.056223305176697,2.811854737535644,1.0338443145542247,True
D02_Apple_iPhone4s:whatsapp:0021,D02_Apple_iPhone4s,D04_LG_D290,D05_Apple_iPhone5c|D15_Apple_iPhone6|D19_Apple_iPhone6Plus,same_pipeline_different_device,whatsapp,whatsapp,1280x960,1280x960,prnu_python_wavelet_mle,mle_5,squared_aligned_ncc,calibration,21,0.0003839844078018122,1.4744402543490842e-07,1.5783036818226552e-06,1.9229402759954788e-06,7.086115456397582e-07,2.631551821635237e-06,-2.4841077962003288e-06,0.05602930720295952,0.07667634157726441,-2.568162072202849,False
D02_Apple_iPhone4s:whatsapp:0021,D02_Apple_iPhone4s,D05_Apple_iPhone5c,D04_LG_D290|D15_Apple_iPhone6|D19_Apple_iPhone6Plus,same_pipeline_different_device,whatsapp,whatsapp,1280x960,1280x960,prnu_python_wavelet_mle,mle_5,squared_aligned_ncc,calibration,21,-0.0016222058505736062,2.631551821635237e-06,7.50267749755879e-07,1.804189478372496e-07,3.297492240234118e-08,1.4744402543490842e-07,2.4841077962003288e-06,17.84780233633121,14.58578410516549,2.680047362941835,False
D02_Apple_iPhone4s:whatsapp:0021,D02_Apple_iPhone4s,D15_Apple_iPhone6,D04_LG_D290|D05_Apple_iPhone5c|D19_Apple_iPhone6Plus,same_pipeline_different_device,whatsapp,whatsapp,1280x960,1280x960,prnu_python_wavelet_mle,mle_5,squared_aligned_ncc,calibration,21,-0.00042475751651648215,1.804189478372496e-07,1.5673120410218746e-06,1.9229402759954788e-06,7.086115456397582e-07,1.4744402543490842e-07,3.297492240234118e-08,1.2236436661646795,0.09382451971569906,-2.3663290529115475,False
D02_Apple_iPhone4s:whatsapp:0021,D02_Apple_iPhone4s,D19_Apple_iPhone6Plus,D04_LG_D290|D05_Apple_iPhone5c|D15_Apple_iPhone6,same_pipeline_different_device,whatsapp,whatsapp,1280x960,1280x960,prnu_python_wavelet_mle,mle_5,squared_aligned_ncc,calibration,21,-0.0013867012208819457,1.9229402759954788e-06,9.86471598302465e-07,1.804189478372496e-07,3.297492240234118e-08,1.4744402543490842e-07,1.7754962505605704e-06,13.041832453525846,10.658194713174495,2.3663290529115475,False
D02_Apple_iPhone4s:whatsapp:0022,D02_Apple_iPhone4s,D02_Apple_iPhone4s,D04_LG_D290|D05_Apple_iPhone5c|D15_Apple_iPhone6|D19_Apple_iPhone6Plus,same_pipeline_different_device,whatsapp,whatsapp,1280x960,1280x960,prnu_python_wavelet_mle,mle_5,squared_aligned_ncc,calibration,22,-0.00014798657832673504,2.1900027364854885e-08,1.4710122659495622e-07,1.0690391093718148e-07,4.8854761198937946e-08,8.289179641158877e-08,-6.099176904673388e-08,0.2642001779779637,0.2048571205007056,-1.5854425160097314,True
D02_Apple_iPhone4s:whatsapp:0022,D02_Apple_iPhone4s,D04_LG_D290,D05_Apple_iPhone5c|D15_Apple_iPhone6|D19_Apple_iPhone6Plus,same_pipeline_different_device,whatsapp,whatsapp,1280x960,1280x960,prnu_python_wavelet_mle,mle_5,squared_aligned_ncc,calibration,22,0.0002879093545051789,8.289179641158877e-08,1.68504369989412e-07,1.309160254627742e-07,9.770952239787589e-08,3.32065030648983e-08,4.968529334669047e-08,2.496251901309399,0.6331676822495573,-0.4570199910498207,False
D02_Apple_iPhone4s:whatsapp:0022,D02_Apple_iPhone4s,D05_Apple_iPhone5c,D04_LG_D290|D15_Apple_iPhone6|D19_Apple_iPhone6Plus,same_pipeline_different_device,whatsapp,whatsapp,1280x960,1280x960,prnu_python_wavelet_mle,mle_5,squared_aligned_ncc,calibration,22,0.00018222651581177284,3.32065030648983e-08,1.8506613443830885e-07,1.309160254627742e-07,4.8024229051185424e-08,8.289179641158877e-08,-4.968529334669047e-08,0.40060059622807054,0.2536473510215182,-1.3718103584636783,False
D02_Apple_iPhone4s:whatsapp:0022,D02_Apple_iPhone4s,D15_Apple_iPhone6,D04_LG_D290|D05_Apple_iPhone5c|D19_Apple_iPhone6Plus,same_pipeline_different_device,whatsapp,whatsapp,1280x960,1280x960,prnu_python_wavelet_mle,mle_5,squared_aligned_ncc,calibration,22,0.00036182319641335075,1.309160254627742e-07,1.524962936390169e-07,8.289179641158877e-08,4.968529334669047e-08,8.289179641158877e-08,4.8024229051185424e-08,1.5793604570074362,1.5793604570074362,0.4570199910498207,False
D02_Apple_iPhone4s:whatsapp:0022,D02_Apple_iPhone4s,D19_Apple_iPhone6Plus,D04_LG_D290|D05_Apple_iPhone5c|D15_Apple_iPhone6,same_pipeline_different_device,whatsapp,whatsapp,1280x960,1280x960,prnu_python_wavelet_mle,mle_5,squared_aligned_ncc,calibration,22,-0.000584286386492586,3.413905814405636e-07,8.23381083130871e-08,8.289179641158877e-08,4.8024229051185424e-08,8.289179641158877e-08,2.5849878502897486e-07,4.118508660922629,4.118508660922629,1.4154911223282713,False
D02_Apple_iPhone4s:whatsapp:0023,D02_Apple_iPhone4s,D02_Apple_iPhone4s,D04_LG_D290|D05_Apple_iPhone5c|D15_Apple_iPhone6|D19_Apple_iPhone6Plus,same_pipeline_different_device,whatsapp,whatsapp,1280x960,1280x960,prnu_python_wavelet_mle,mle_5,squared_aligned_ncc,calibration,23,0.0066548064147831905,4.42864484182395e-05,1.1097387679804742e-06,8.351072455496957e-07,5.535901625540048e-07,5.594639605353386e-07,4.372698445770416e-05,79.1587153815284,53.03085161126661,3.970873850067173,True
D02_Apple_iPhone4s:whatsapp:0023,D02_Apple_iPhone4s,D04_LG_D290,D05_Apple_iPhone5c|D15_Apple_iPhone6|D19_Apple_iPhone6Plus,same_pipeline_different_device,whatsapp,whatsapp,1280x960,1280x960,prnu_python_wavelet_mle,mle_5,squared_aligned_ncc,calibration,23,-0.0007479732351731167,5.594639605353386e-07,1.2931637037955195e-06,1.1107505305640527e-06,1.1071803251080097e-06,3.5702054560430825e-09,5.558937550792956e-07,156.7035755850874,0.5036810203018638,-0.6858121075005883,False
D02_Apple_iPhone4s:whatsapp:0023,D02_Apple_iPhone4s,D05_Apple_iPhone5c,D04_LG_D290|D15_Apple_iPhone6|D19_Apple_iPhone6Plus,same_pipeline_different_device,whatsapp,whatsapp,1280x960,1280x960,prnu_python_wavelet_mle,mle_5,squared_aligned_ncc,calibration,23,-5.975119627290388e-05,3.5702054560430825e-09,1.4784616221552845e-06,1.1107505305640527e-06,5.512865700287141e-07,5.594639605353386e-07,-5.558937550792956e-07,0.006381475319030081,0.003214227999720233,-5.7401680746308745,False
D02_Apple_iPhone4s:whatsapp:0023,D02_Apple_iPhone4s,D15_Apple_iPhone6,D04_LG_D290|D05_Apple_iPhone5c|D19_Apple_iPhone6Plus,same_pipeline_different_device,whatsapp,whatsapp,1280x960,1280x960,prnu_python_wavelet_mle,mle_5,squared_aligned_ncc,calibration,23,-0.00105392150113946,1.1107505305640527e-06,1.109401513785948e-06,5.594639605353386e-07,5.558937550792956e-07,5.594639605353386e-07,5.512865700287141e-07,1.9853835258685837,1.9853835258685837,0.6858121075005883,False
D02_Apple_iPhone4s:whatsapp:0023,D02_Apple_iPhone4s,D19_Apple_iPhone6Plus,D04_LG_D290|D05_Apple_iPhone5c|D15_Apple_iPhone6,same_pipeline_different_device,whatsapp,whatsapp,1280x960,1280x960,prnu_python_wavelet_mle,mle_5,squared_aligned_ncc,calibration,23,0.0016628801446185056,2.765170375366462e-06,5.579282321851448e-07,5.594639605353386e-07,5.512865700287141e-07,5.594639605353386e-07,2.2057064148311236e-06,4.942535302400055,4.942535302400055,1.5978784186572685,False
D02_Apple_iPhone4s:whatsapp:0024,D02_Apple_iPhone4s,D02_Apple_iPhone4s,D04_LG_D290|D05_Apple_iPhone5c|D15_Apple_iPhone6|D19_Apple_iPhone6Plus,same_pipeline_different_device,whatsapp,whatsapp,1280x960,1280x960,prnu_python_wavelet_mle,mle_5,squared_aligned_ncc,calibration,24,-0.0001439173469454928,2.071220275182934e-08,2.328573478479979e-07,2.4650405273358334e-07,1.4830376218577506e-07,4.1429943114105073e-07,-3.935872283892214e-07,0.04999331689832262,0.08402378184919611,-2.476655402956615,True
D02_Apple_iPhone4s:whatsapp:0024,D02_Apple_iPhone4s,D04_LG_D290,D05_Apple_iPhone5c|D15_Apple_iPhone6|D19_Apple_iPhone6Plus,same_pipeline_different_device,whatsapp,whatsapp,1280x960,1280x960,prnu_python_wavelet_mle,mle_5,squared_aligned_ncc,calibration,24,0.0006436609597770015,4.1429943114105073e-07,1.7237665341698029e-07,1.1769190676950062e-07,9.35700519857264e-08,3.75316198697666e-07,3.898323244338471e-08,1.103867705627029,3.5202032366801177,1.2585187256364652,False
D02_Apple_iPhone4s:whatsapp:0024,D02_Apple_iPhone4s,D05_Apple_iPhone5c,D04_LG_D290|D15_Apple_iPhone6|D19_Apple_iPhone6Plus,same_pipeline_different_device,whatsapp,whatsapp,1280x960,1280x960,prnu_python_wavelet_mle,mle_5,squared_aligned_ncc,calibration,24,-0.0006126305564511666,3.75316198697666e-07,1.8537106423144185e-07,1.1769190676950062e-07,9.35700519857264e-08,4.1429943114105073e-07,-3.898323244338471e-08,0.9059056578088502,3.1889720287455456,1.1596986168215473,False
D02_Apple_iPhone4s:whatsapp:0024,D02_Apple_iPhone4s,D15_Apple_iPhone6,D04_LG_D290|D05_Apple_iPhone5c|D19_Apple_iPhone6Plus,same_pipeline_different_device,whatsapp,whatsapp,1280x960,1280x960,prnu_python_wavelet_mle,mle_5,squared_aligned_ncc,calibration,24,0.00015531212053080155,2.4121854783774226e-08,3.0243584553607245e-07,3.75316198697666e-07,3.898323244338471e-08,4.1429943114105073e-07,-3.901775763572765e-07,0.05822323896834364,0.06427075321415972,-2.7446506001381348,False
D02_Apple_iPhone4s:whatsapp:0024,D02_Apple_iPhone4s,D19_Apple_iPhone6Plus,D04_LG_D290|D05_Apple_iPhone5c|D15_Apple_iPhone6,same_pipeline_different_device,whatsapp,whatsapp,1280x960,1280x960,prnu_python_wavelet_mle,mle_5,squared_aligned_ncc,calibration,24,-0.0003430625406095813,1.1769190676950062e-07,2.71245828207497e-07,3.75316198697666e-07,3.898323244338471e-08,4.1429943114105073e-07,-2.9660752437155013e-07,0.28407450728415723,0.3135806745828914,-1.1596986168215473,False
D02_Apple_iPhone4s:whatsapp:0025,D02_Apple_iPhone4s,D02_Apple_iPhone4s,D04_LG_D290|D05_Apple_iPhone5c|D15_Apple_iPhone6|D19_Apple_iPhone6Plus,same_pipeline_different_device,whatsapp,whatsapp,1280x960,1280x960,prnu_python_wavelet_mle,mle_5,squared_aligned_ncc,calibration,25,-0.0009794480835035176,9.593185482787137e-07,3.9776887977692e-07,1.545502615042577e-07,4.106510846305026e-08,1.1373455891811446e-07,8.455839893605992e-07,8.434714632070582,6.207162245741561,1.8257038262459382,True
D02_Apple_iPhone4s:whatsapp:0025,D02_Apple_iPhone4s,D04_LG_D290,D05_Apple_iPhone5c|D15_Apple_iPhone6|D19_Apple_iPhone6Plus,same_pipeline_different_device,whatsapp,whatsapp,1280x960,1280x960,prnu_python_wavelet_mle,mle_5,squared_aligned_ncc,calibration,25,0.00033724554692110385,1.1373455891811446e-07,4.924469867298552e-07,1.9536596409040095e-07,8.213021692610052e-08,1.1687392489348641e-06,-1.0550046900167496e-06,0.09731388675597827,0.5821615829945,-0.5410072357727209,False
D02_Apple_iPhone4s:whatsapp:0025,D02_Apple_iPhone4s,D05_Apple_iPhone5c,D04_LG_D290|D15_Apple_iPhone6|D19_Apple_iPhone6Plus,same_pipeline_different_device,whatsapp,whatsapp,1280x960,1280x960,prnu_python_wavelet_mle,mle_5,squared_aligned_ncc,calibration,25,-0.0010810824431720571,1.1687392489348641e-06,1.4077875672427194e-07,1.1373455891811446e-07,4.988117538140326e-10,1.1373455891811446e-07,1.0550046900167496e-06,10.27602568693586,10.27602568693586,2.329813578946329,False
D02_Apple_iPhone4s:whatsapp:0025,D02_Apple_iPhone4s,D15_Apple_iPhone6,D04_LG_D290|D05_Apple_iPhone5c|D19_Apple_iPhone6Plus,same_pipeline_different_device,whatsapp,whatsapp,1280x960,1280x960,prnu_python_wavelet_mle,mle_5,squared_aligned_ncc,calibration,25,0.0004420022218161363,1.9536596409040095e-07,4.6523651833909304e-07,1.1373455891811446e-07,4.988117538140326e-10,1.1373455891811446e-07,8.163140517228649e-08,1.7177361564400024,1.7177361564400024,0.5410072357727209,False
D02_Apple_iPhone4s:whatsapp:0025,D02_Apple_iPhone4s,D19_Apple_iPhone6Plus,D04_LG_D290|D05_Apple_iPhone5c|D15_Apple_iPhone6,same_pipeline_different_device,whatsapp,whatsapp,1280x960,1280x960,prnu_python_wavelet_mle,mle_5,squared_aligned_ncc,calibration,25,-0.00033650519634071096,1.1323574716430043e-07,4.926132573144599e-07,1.9536596409040095e-07,8.163140517228649e-08,1.1373455891811446e-07,-4.988117538140326e-10,0.9956142463771881,0.5796083657228199,-0.545402635025523,False
D04_LG_D290:whatsapp:0021,D04_LG_D290,D02_Apple_iPhone4s,D05_Apple_iPhone5c|D15_Apple_iPhone6|D19_Apple_iPhone6Plus,same_pipeline_different_device,whatsapp,whatsapp,1280x960,1280x960,prnu_python_wavelet_mle,mle_5,squared_aligned_ncc,calibration,21,-0.00012148809700129636,1.4759357712996394e-08,4.2702961598974345e-07,1.9620169662434188e-07,1.3249401438558183e-07,6.370768223876005e-08,-4.8948324525763654e-08,0.23167312315149227,0.07522543365797411,-2.587265891670759,False
D04_LG_D290:whatsapp:0021,D04_LG_D290,D04_LG_D290,D02_Apple_iPhone4s|D05_Apple_iPhone5c|D15_Apple_iPhone6|D19_Apple_iPhone6Plus,same_pipeline_different_device,whatsapp,whatsapp,1280x960,1280x960,prnu_python_wavelet_mle,mle_5,squared_aligned_ncc,calibration,21,0.004294440021348987,1.8442215096963885e-05,3.239620514205567e-07,1.2995468943155096e-07,9.072116945567274e-08,1.4759357712996394e-08,1.8427455739250888e-05,1249.5269411842048,141.91265569279568,4.955211767594221,True
D04_LG_D290:whatsapp:0021,D04_LG_D290,D05_Apple_iPhone5c,D02_Apple_iPhone4s|D15_Apple_iPhone6|D19_Apple_iPhone6Plus,same_pipeline_different_device,whatsapp,whatsapp,1280x960,1280x960,prnu_python_wavelet_mle,mle_5,squared_aligned_ncc,calibration,21,-0.0002524038078927496,6.370768223876005e-08,4.1071350781448895e-07,1.9620169662434188e-07,1.8144233891134549e-07,1.4759357712996394e-08,4.8948324525763654e-08,4.316426464998681,0.32470505268228206,-1.1248380389156214,False
D04_LG_D290:whatsapp:0021,D04_LG_D290,D15_Apple_iPhone6,D02_Apple_iPhone4s|D05_Apple_iPhone5c|D19_Apple_iPhone6Plus,same_pipeline_different_device,whatsapp,whatsapp,1280x960,1280x960,prnu_python_wavelet_mle,mle_5,squared_aligned_ncc,calibration,21,0.0010105342493483972,1.0211794691061286e-06,9.15562455253661e-08,6.370768223876005e-08,4.8948324525763654e-08,1.4759357712996394e-08,1.0064201113931321e-06,69.18861165665265,16.029141749012464,2.774408424889467,False
D04_LG_D290:whatsapp:0021,D04_LG_D290,D19_Apple_iPhone6Plus,D02_Apple_iPhone4s|D05_Apple_iPhone5c|D15_Apple_iPhone6,same_pipeline_different_device,whatsapp,whatsapp,1280x960,1280x960,prnu_python_wavelet_mle,mle_5,squared_aligned_ncc,calibration,21,0.0004429466069678623,1.9620169662434188e-07,3.6654883635262836e-07,6.370768223876005e-08,4.8948324525763654e-08,1.4759357712996394e-08,1.8144233891134549e-07,13.293376340596172,3.0797180140540705,1.1248380389156214,False
D04_LG_D290:whatsapp:0022,D04_LG_D290,D02_Apple_iPhone4s,D05_Apple_iPhone5c|D15_Apple_iPhone6|D19_Apple_iPhone6Plus,same_pipeline_different_device,whatsapp,whatsapp,1280x960,1280x960,prnu_python_wavelet_mle,mle_5,squared_aligned_ncc,calibration,22,0.0013190579467060044,1.7399138667682603e-06,1.1886992700485971e-07,3.739928373617735e-08,2.1515907589095658e-08,3.033271211313201e-07,1.4365867456369402e-06,5.736097254603869,46.52265211927559,3.83993933632801,False
D04_LG_D290:whatsapp:0022,D04_LG_D290,D04_LG_D290,D02_Apple_iPhone4s|D05_Apple_iPhone5c|D15_Apple_iPhone6|D19_Apple_iPhone6Plus,same_pipeline_different_device,whatsapp,whatsapp,1280x960,1280x960,prnu_python_wavelet_mle,mle_5,squared_aligned_ncc,calibration,22,0.0019710070038630218,3.884868609277086e-06,5.241309119457098e-07,1.7036320243374873e-07,1.4372187249211921e-07,1.7399138667682603e-06,2.144954742508826e-06,2.232793636211943,22.803449065169126,3.1269117993076385,True
D04_LG_D290:whatsapp:0022,D04_LG_D290,D05_Apple_iPhone5c,D02_Apple_iPhone4s|D15_Apple_iPhone6|D19_Apple_iPhone6Plus,same_pipeline_different_device,whatsapp,whatsapp,1280x960,1280x960,prnu_python_wavelet_mle,mle_5,squared_aligned_ncc,calibration,22,-0.0005507514150061896,3.033271211313201e-07,5.977321755505065e-07,3.739928373617735e-08,2.1515907589095658e-08,1.7399138667682603e-06,-1.4365867456369402e-06,0.17433456156925978,8.110506160253104,2.093160278048231,False
D04_LG_D290:whatsapp:0022,D04_LG_D290,D15_Apple_iPhone6,D02_Apple_iPhone4s|D05_Apple_iPhone5c|D19_Apple_iPhone6Plus,same_pipeline_different_device,whatsapp,whatsapp,1280x960,1280x960,prnu_python_wavelet_mle,mle_5,squared_aligned_ncc,calibration,22,-0.00012602926702588447,1.588337614708169e-08,6.935467572119192e-07,3.033271211313201e-07,2.6592783739514276e-07,1.7399138667682603e-06,-1.7240304906211786e-06,0.009128828990014137,0.0523638509073683,-2.9495387939036846,False
D04_LG_D290:whatsapp:0022,D04_LG_D290,D19_Apple_iPhone6Plus,D02_Apple_iPhone4s|D05_Apple_iPhone5c|D15_Apple_iPhone6,same_pipeline_different_device,whatsapp,whatsapp,1280x960,1280x960,prnu_python_wavelet_mle,mle_5,squared_aligned_ncc,calibration,22,0.00019338894419324324,3.739928373617735e-08,6.86374788015554e-07,3.033271211313201e-07,2.8744374498423843e-07,1.7399138667682603e-06,-1.702514583032083e-06,0.02149490526542172,0.12329686708095577,-2.093160278048231,False
D04_LG_D290:whatsapp:0023,D04_LG_D290,D02_Apple_iPhone4s,D05_Apple_iPhone5c|D15_Apple_iPhone6|D19_Apple_iPhone6Plus,same_pipeline_different_device,whatsapp,whatsapp,1280x960,1280x960,prnu_python_wavelet_mle,mle_5,squared_aligned_ncc,calibration,23,0.0010831527946133022,1.1732199764786065e-06,1.0513840645203224e-06,1.3732460859343839e-06,3.945665644989609e-07,1.309345719323829e-08,1.1601265192853682e-06,89.60352939363331,0.8543406666113483,-0.15742525769677762,False
D04_LG_D290:whatsapp:0023,D04_LG_D290,D04_LG_D290,D02_Apple_iPhone4s|D05_Apple_iPhone5c|D15_Apple_iPhone6|D19_Apple_iPhone6Plus,same_pipeline_different_device,whatsapp,whatsapp,1280x960,1280x960,prnu_python_wavelet_mle,mle_5,squared_aligned_ncc,calibration,23,0.006285476214747581,3.9507211246157577e-05,1.0818430425098933e-06,1.2732330312064952e-06,2.9729633697736913e-07,1.1732199764786065e-06,3.833399126967897e-05,33.674171969639985,31.02904988941512,3.4349238588943543,True
D04_LG_D290:whatsapp:0023,D04_LG_D290,D05_Apple_iPhone5c,D02_Apple_iPhone4s|D15_Apple_iPhone6|D19_Apple_iPhone6Plus,same_pipeline_different_device,whatsapp,whatsapp,1280x960,1280x960,prnu_python_wavelet_mle,mle_5,squared_aligned_ncc,calibration,23,0.00011442664546878184,1.309345719323829e-08,1.4380929042821117e-06,1.3732460859343839e-06,2.0002610945577736e-07,1.1732199764786065e-06,-1.1601265192853682e-06,0.011160274676312629,0.00953467650652668,-4.652819967455818,False
D04_LG_D290:whatsapp:0023,D04_LG_D290,D15_Apple_iPhone6,D02_Apple_iPhone4s|D05_Apple_iPhone5c|D19_Apple_iPhone6Plus,same_pipeline_different_device,whatsapp,whatsapp,1280x960,1280x960,prnu_python_wavelet_mle,mle_5,squared_aligned_ncc,calibration,23,-0.0011718558298418726,1.3732460859343839e-06,9.847086947017298e-07,1.1732199764786065e-06,5.945926739547383e-07,1.1732199764786065e-06,2.0002610945577736e-07,1.1704932693493264,1.1704932693493264,0.15742525769677762,False
D04_LG_D290:whatsapp:0023,D04_LG_D290,D19_Apple_iPhone6Plus,D02_Apple_iPhone4s|D05_Apple_iPhone5c|D15_Apple_iPhone6,same_pipeline_different_device,whatsapp,whatsapp,1280x960,1280x960,prnu_python_wavelet_mle,mle_5,squared_aligned_ncc,calibration,23,0.0013295911591287544,1.7678126504333448e-06,8.531865065354095e-07,1.1732199764786065e-06,2.0002610945577736e-07,1.1732199764786065e-06,5.945926739547383e-07,1.506804082674585,1.506804082674585,0.4099909063320677,False
D04_LG_D290:whatsapp:0024,D04_LG_D290,D02_Apple_iPhone4s,D05_Apple_iPhone5c|D15_Apple_iPhone6|D19_Apple_iPhone6Plus,same_pipeline_different_device,whatsapp,whatsapp,1280x960,1280x960,prnu_python_wavelet_mle,mle_5,squared_aligned_ncc,calibration,24,0.0013185874365798853,1.738672827906313e-06,4.825881160646142e-07,3.96490877457671e-08,1.76592320136324e-08,3.96490877457671e-08,1.6990237401605459e-06,43.8515216051076,43.8515216051076,3.7808094184466583,False
D04_LG_D290:whatsapp:0024,D04_LG_D290,D04_LG_D290,D02_Apple_iPhone4s|D05_Apple_iPhone5c|D15_Apple_iPhone6|D19_Apple_iPhone6Plus,same_pipeline_different_device,whatsapp,whatsapp,1280x960,1280x960,prnu_python_wavelet_mle,mle_5,squared_aligned_ncc,calibration,24,0.006808721065140871,4.635868254289304e-05,7.966092940250389e-07,7.128872462308541e-07,6.820677744919032e-07,1.738672827906313e-06,4.4620009714986726e-05,26.663258204085214,65.02947385859211,4.174840611099324,True
D04_LG_D290:whatsapp:0024,D04_LG_D290,D05_Apple_iPhone5c,D02_Apple_iPhone4s|D15_Apple_iPhone6|D19_Apple_iPhone6Plus,same_pipeline_different_device,whatsapp,whatsapp,1280x960,1280x960,prnu_python_wavelet_mle,mle_5,squared_aligned_ncc,calibration,24,0.00019912078682489956,3.96490877457671e-08,1.0489293627847962e-06,1.386125404715941e-06,3.525474231903719e-07,1.738672827906313e-06,-1.6990237401605459e-06,0.022804225791871385,0.028604257313855665,-3.554199715106634,False
D04_LG_D290:whatsapp:0024,D04_LG_D290,D15_Apple_iPhone6,D02_Apple_iPhone4s|D05_Apple_iPhone5c|D19_Apple_iPhone6Plus,same_pipeline_different_device,whatsapp,whatsapp,1280x960,1280x960,prnu_python_wavelet_mle,mle_5,squared_aligned_ncc,calibration,24,-0.0011773382711506243,1.386125404715941e-06,6.001039237947382e-07,3.96490877457671e-08,1.76592320136324e-08,1.738672827906313e-06,-3.525474231903719e-07,0.7972318785156924,34.959830945011404,3.554199715106634,False
D04_LG_D290:whatsapp:0024,D04_LG_D290,D19_Apple_iPhone6Plus,D02_Apple_iPhone4s|D05_Apple_iPhone5c|D15_Apple_iPhone6,same_pipeline_different_device,whatsapp,whatsapp,1280x960,1280x960,prnu_python_wavelet_mle,mle_5,squared_aligned_ncc,calibration,24,-0.00014828976947899912,2.19898557321347e-08,1.054815773456007e-06,1.386125404715941e-06,3.525474231903719e-07,1.738672827906313e-06,-1.7166829721741782e-06,0.012647494904843366,0.01586426138451815,-4.143686411317038,False
D04_LG_D290:whatsapp:0025,D04_LG_D290,D02_Apple_iPhone4s,D05_Apple_iPhone5c|D15_Apple_iPhone6|D19_Apple_iPhone6Plus,same_pipeline_different_device,whatsapp,whatsapp,1280x960,1280x960,prnu_python_wavelet_mle,mle_5,squared_aligned_ncc,calibration,25,-9.01076632733827e-05,8.119390980589322e-09,8.890361827041855e-07,3.711868804704819e-07,2.436812825865458e-07,3.711868804704819e-07,-3.630674894898926e-07,0.021874132432423095,0.021874132432423095,-3.8224505077570328,False
D04_LG_D290:whatsapp:0025,D04_LG_D290,D04_LG_D290,D02_Apple_iPhone4s|D05_Apple_iPhone5c|D15_Apple_iPhone6|D19_Apple_iPhone6Plus,same_pipeline_different_device,whatsapp,whatsapp,1280x960,1280x960,prnu_python_wavelet_mle,mle_5,squared_aligned_ncc,calibration,25,0.003936150009035745,1.5493276893632093e-05,6.688069847732864e-07,2.49346239177209e-07,1.815337447449463e-07,8.119390980589322e-09,1.5485157502651504e-05,1908.1821445316775,62.1355948449702,4.129319010640478,True
D04_LG_D290:whatsapp:0025,D04_LG_D290,D05_Apple_iPhone5c,D02_Apple_iPhone4s|D15_Apple_iPhone6|D19_Apple_iPhone6Plus,same_pipeline_different_device,whatsapp,whatsapp,1280x960,1280x960,prnu_python_wavelet_mle,mle_5,squared_aligned_ncc,calibration,25,0.0006092510816325909,3.711868804704819e-07,7.680136862075547e-07,1.2750559788393608e-07,1.1938620690334676e-07,8.119390980589322e-09,3.630674894898926e-07,45.71609882537525,2.9111418371478908,1.0685453881205902,False
D04_LG_D290:whatsapp:0025,D04_LG_D290,D15_Apple_iPhone6,D02_Apple_iPhone4s|D05_Apple_iPhone5c|D19_Apple_iPhone6Plus,same_pipeline_different_device,whatsapp,whatsapp,1280x960,1280x960,prnu_python_wavelet_mle,mle_5,squared_aligned_ncc,calibration,25,0.00035707925994649434,1.2750559788393608e-07,8.492407804030699e-07,3.711868804704819e-07,3.630674894898926e-07,8.119390980589322e-09,1.1938620690334676e-07,15.703837663287581,0.34350782474402614,-1.0685453881205902,False
D04_LG_D290:whatsapp:0025,D04_LG_D290,D19_Apple_iPhone6Plus,D02_Apple_iPhone4s|D05_Apple_iPhone5c|D15_Apple_iPhone6,same_pipeline_different_device,whatsapp,whatsapp,1280x960,1280x960,prnu_python_wavelet_mle,mle_5,squared_aligned_ncc,calibration,25,-0.0014725542671691725,2.1684160697581386e-06,1.6893728977833576e-07,1.2750559788393608e-07,1.1938620690334676e-07,8.119390980589322e-09,2.160296678777549e-06,267.06634462388587,17.006438193654624,2.8335919896347317,False
D05_Apple_iPhone5c:whatsapp:0021,D05_Apple_iPhone5c,D02_Apple_iPhone4s,D04_LG_D290|D15_Apple_iPhone6|D19_Apple_iPhone6Plus,same_pipeline_different_device,whatsapp,whatsapp,1280x960,1280x960,prnu_python_wavelet_mle,mle_5,squared_aligned_ncc,calibration,21,0.0019988661686640772,3.995465960229807e-06,9.113015775495179e-07,5.55777650809536e-07,1.800477500504486e-07,1.8023971810799302e-06,2.193068779149877e-06,2.2167511146660086,7.188964785485853,1.9725471816013442,False
D05_Apple_iPhone5c:whatsapp:0021,D05_Apple_iPhone5c,D04_LG_D290,D02_Apple_iPhone4s|D15_Apple_iPhone6|D19_Apple_iPhone6Plus,same_pipeline_different_device,whatsapp,whatsapp,1280x960,1280x960,prnu_python_wavelet_mle,mle_5,squared_aligned_ncc,calibration,21,0.001342533865896846,1.8023971810799302e-06,1.6423245039328103e-06,5.55777650809536e-07,1.800477500504486e-07,3.995465960229807e-06,-2.193068779149877e-06,0.4511106336584236,3.2430184597286162,1.1765045194855492,False
D05_Apple_iPhone5c:whatsapp:0021,D05_Apple_iPhone5c,D05_Apple_iPhone5c,D02_Apple_iPhone4s|D04_LG_D290|D15_Apple_iPhone6|D19_Apple_iPhone6Plus,same_pipeline_different_device,whatsapp,whatsapp,1280x960,1280x960,prnu_python_wavelet_mle,mle_5,squared_aligned_ncc,calibration,21,0.001582555225451968,2.5044810416053296e-06,1.6823426732195902e-06,1.1790874159447332e-06,7.133336401604214e-07,3.995465960229807e-06,-1.4909849186244775e-06,0.6268307793219892,2.124084277159923,0.7533407811047255,True
D05_Apple_iPhone5c:whatsapp:0021,D05_Apple_iPhone5c,D15_Apple_iPhone6,D02_Apple_iPhone4s|D04_LG_D290|D19_Apple_iPhone6Plus,same_pipeline_different_device,whatsapp,whatsapp,1280x960,1280x960,prnu_python_wavelet_mle,mle_5,squared_aligned_ncc,calibration,21,0.0006129681074567317,3.757299007590874e-07,2.1178802640397577e-06,1.8023971810799302e-06,1.246619530270394e-06,3.995465960229807e-06,-3.61973605947072e-06,0.094039069409936,0.20846121193662978,-1.5680022889268042,False
D05_Apple_iPhone5c:whatsapp:0021,D05_Apple_iPhone5c,D19_Apple_iPhone6Plus,D02_Apple_iPhone4s|D04_LG_D290|D15_Apple_iPhone6,same_pipeline_different_device,whatsapp,whatsapp,1280x960,1280x960,prnu_python_wavelet_mle,mle_5,squared_aligned_ncc,calibration,21,-0.0007455049636384295,5.55777650809536e-07,2.057864347356275e-06,1.8023971810799302e-06,1.4266672803208427e-06,3.995465960229807e-06,-3.439688309420271e-06,0.13910208630023452,0.3083547048584122,-1.1765045194855492,False
D05_Apple_iPhone5c:whatsapp:0022,D05_Apple_iPhone5c,D02_Apple_iPhone4s,D04_LG_D290|D15_Apple_iPhone6|D19_Apple_iPhone6Plus,same_pipeline_different_device,whatsapp,whatsapp,1280x960,1280x960,prnu_python_wavelet_mle,mle_5,squared_aligned_ncc,calibration,22,0.0004290693446107465,1.8410050248469553e-07,1.179369567711849e-06,1.0703520483768991e-07,6.064363851694289e-08,1.0703520483768991e-07,7.706529764700561e-08,1.7199995343949572,1.7199995343949572,0.5423240201247186,False
D05_Apple_iPhone5c:whatsapp:0022,D05_Apple_iPhone5c,D04_LG_D290,D02_Apple_iPhone4s|D15_Apple_iPhone6|D19_Apple_iPhone6Plus,same_pipeline_different_device,whatsapp,whatsapp,1280x960,1280x960,prnu_python_wavelet_mle,mle_5,squared_aligned_ncc,calibration,22,0.0003271623524149591,1.0703520483768991e-07,1.2050580002608508e-06,1.8410050248469553e-07,1.377089361639485e-07,1.8410050248469553e-07,-7.706529764700561e-08,0.5813955062213253,0.5813955062213253,-0.5423240201247186,False
D05_Apple_iPhone5c:whatsapp:0022,D05_Apple_iPhone5c,D05_Apple_iPhone5c,D02_Apple_iPhone4s|D04_LG_D290|D15_Apple_iPhone6|D19_Apple_iPhone6Plus,same_pipeline_different_device,whatsapp,whatsapp,1280x960,1280x960,prnu_python_wavelet_mle,mle_5,squared_aligned_ncc,calibration,22,0.0060021081178797024,3.6025301858717426e-05,9.305523014050606e-07,1.4556785366119272e-07,6.885446808197425e-08,1.8410050248469553e-07,3.584120135623273e-05,195.68280027759428,247.48116395647247,5.511334473886222,True
D05_Apple_iPhone5c:whatsapp:0022,D05_Apple_iPhone5c,D15_Apple_iPhone6,D02_Apple_iPhone4s|D04_LG_D290|D19_Apple_iPhone6Plus,same_pipeline_different_device,whatsapp,whatsapp,1280x960,1280x960,prnu_python_wavelet_mle,mle_5,squared_aligned_ncc,calibration,22,0.0002153870152092438,4.6391566320747015e-08,1.2252725464331651e-06,1.8410050248469553e-07,7.706529764700561e-08,1.8410050248469553e-07,-1.377089361639485e-07,0.25199043834550966,0.25199043834550966,-1.3783641352639453,False
D05_Apple_iPhone5c:whatsapp:0022,D05_Apple_iPhone5c,D19_Apple_iPhone6Plus,D02_Apple_iPhone4s|D04_LG_D290|D15_Apple_iPhone6,same_pipeline_different_device,whatsapp,whatsapp,1280x960,1280x960,prnu_python_wavelet_mle,mle_5,squared_aligned_ncc,calibration,22,0.0018397505080790465,3.38468193197711e-06,1.1250909121437749e-07,1.0703520483768991e-07,6.064363851694289e-08,1.8410050248469553e-07,3.2005814294924143e-06,18.384968461769855,31.62213719411012,3.4538574194437857,False
D05_Apple_iPhone5c:whatsapp:0023,D05_Apple_iPhone5c,D02_Apple_iPhone4s,D04_LG_D290|D15_Apple_iPhone6|D19_Apple_iPhone6Plus,same_pipeline_different_device,whatsapp,whatsapp,1280x960,1280x960,prnu_python_wavelet_mle,mle_5,squared_aligned_ncc,calibration,23,0.0023905336504050647,5.714651133718964e-06,1.3835092873599688e-06,1.2668109755042338e-06,1.4186053066172463e-08,1.2526249224380614e-06,4.462026211280903e-06,4.5621406945953025,4.511052749163575,1.5065305518102452,False
D05_Apple_iPhone5c:whatsapp:0023,D05_Apple_iPhone5c,D04_LG_D290,D02_Apple_iPhone4s|D15_Apple_iPhone6|D19_Apple_iPhone6Plus,same_pipeline_different_device,whatsapp,whatsapp,1280x960,1280x960,prnu_python_wavelet_mle,mle_5,squared_aligned_ncc,calibration,23,0.0011192072741177397,1.2526249224380614e-06,2.8708513577869363e-06,1.6310919641376109e-06,3.6428098863337705e-07,5.714651133718964e-06,-4.462026211280903e-06,0.21919534423493,0.7679670735796603,-0.26400841969668676,False
D05_Apple_iPhone5c:whatsapp:0023,D05_Apple_iPhone5c,D05_Apple_iPhone5c,D02_Apple_iPhone4s|D04_LG_D290|D15_Apple_iPhone6|D19_Apple_iPhone6Plus,same_pipeline_different_device,whatsapp,whatsapp,1280x960,1280x960,prnu_python_wavelet_mle,mle_5,squared_aligned_ncc,calibration,23,0.0031947948160389555,1.0206713916589384e-05,2.4662947489497175e-06,1.4489514698209224e-06,1.8923352084977476e-07,5.714651133718964e-06,4.49206278287042e-06,1.7860607196763538,7.044206882823235,1.952205560279788,True
D05_Apple_iPhone5c:whatsapp:0023,D05_Apple_iPhone5c,D15_Apple_iPhone6,D02_Apple_iPhone4s|D04_LG_D290|D19_Apple_iPhone6Plus,same_pipeline_different_device,whatsapp,whatsapp,1280x960,1280x960,prnu_python_wavelet_mle,mle_5,squared_aligned_ncc,calibration,23,0.0011255269767998606,1.2668109755042338e-06,2.8661226734315454e-06,1.6310919641376109e-06,3.784670416995495e-07,5.714651133718964e-06,-4.447840158214731e-06,0.22167774477596539,0.776664347171878,-0.25274700756893687,False
D05_Apple_iPhone5c:whatsapp:0023,D05_Apple_iPhone5c,D19_Apple_iPhone6Plus,D02_Apple_iPhone4s|D04_LG_D290|D15_Apple_iPhone6,same_pipeline_different_device,whatsapp,whatsapp,1280x960,1280x960,prnu_python_wavelet_mle,mle_5,squared_aligned_ncc,calibration,23,-0.001277142108043428,1.6310919641376109e-06,2.7446956772204196e-06,1.2668109755042338e-06,1.4186053066172463e-08,5.714651133718964e-06,-4.083559169581353e-06,0.2854228413898179,1.287557493325617,0.25274700756893687,False
D05_Apple_iPhone5c:whatsapp:0024,D05_Apple_iPhone5c,D02_Apple_iPhone4s,D04_LG_D290|D15_Apple_iPhone6|D19_Apple_iPhone6Plus,same_pipeline_different_device,whatsapp,whatsapp,1280x960,1280x960,prnu_python_wavelet_mle,mle_5,squared_aligned_ncc,calibration,24,0.00014348759377393148,2.058868956703278e-08,2.700929022535136e-06,1.4353234413050137e-06,2.2543884412952285e-07,1.4353234413050137e-06,-1.4147347517379808e-06,0.01434428573695786,0.01434428573695786,-4.244403622565537,False
D05_Apple_iPhone5c:whatsapp:0024,D05_Apple_iPhone5c,D04_LG_D290,D02_Apple_iPhone4s|D15_Apple_iPhone6|D19_Apple_iPhone6Plus,same_pipeline_different_device,whatsapp,whatsapp,1280x960,1280x960,prnu_python_wavelet_mle,mle_5,squared_aligned_ncc,calibration,24,-0.0011980498492571224,1.4353234413050137e-06,2.2293507719558085e-06,1.2098845971754908e-06,1.189295907608458e-06,2.058868956703278e-08,1.4147347517379808e-06,69.71417178504144,1.1863308654856968,0.17086523762656292,False
D05_Apple_iPhone5c:whatsapp:0024,D05_Apple_iPhone5c,D05_Apple_iPhone5c,D02_Apple_iPhone4s|D04_LG_D290|D15_Apple_iPhone6|D19_Apple_iPhone6Plus,same_pipeline_different_device,whatsapp,whatsapp,1280x960,1280x960,prnu_python_wavelet_mle,mle_5,squared_aligned_ncc,calibration,24,0.0006127173403870389,3.754225392109665e-07,2.0308439392931098e-06,1.3226040192402521e-06,7.073673758689904e-07,2.058868956703278e-08,3.548338496439337e-07,18.234406710959604,0.28385104970921055,-1.2593056512598206,True
D05_Apple_iPhone5c:whatsapp:0024,D05_Apple_iPhone5c,D15_Apple_iPhone6,D02_Apple_iPhone4s|D04_LG_D290|D19_Apple_iPhone6Plus,same_pipeline_different_device,whatsapp,whatsapp,1280x960,1280x960,prnu_python_wavelet_mle,mle_5,squared_aligned_ncc,calibration,24,0.002336146191727928,5.457579029124902e-06,8.885989093491791e-07,1.2098845971754908e-06,2.2543884412952285e-07,2.058868956703278e-08,5.436990339557869e-06,265.07656115538987,4.510826108428665,1.506480309341125,False
D05_Apple_iPhone5c:whatsapp:0024,D05_Apple_iPhone5c,D19_Apple_iPhone6Plus,D02_Apple_iPhone4s|D04_LG_D290|D15_Apple_iPhone6,same_pipeline_different_device,whatsapp,whatsapp,1280x960,1280x960,prnu_python_wavelet_mle,mle_5,squared_aligned_ncc,calibration,24,-0.0010999475429198844,1.2098845971754908e-06,2.304497053332316e-06,1.4353234413050137e-06,1.4147347517379808e-06,2.058868956703278e-08,1.189295907608458e-06,58.76452667064318,0.8429351617607868,-0.17086523762656292,False
D05_Apple_iPhone5c:whatsapp:0025,D05_Apple_iPhone5c,D02_Apple_iPhone4s,D04_LG_D290|D15_Apple_iPhone6|D19_Apple_iPhone6Plus,same_pipeline_different_device,whatsapp,whatsapp,1280x960,1280x960,prnu_python_wavelet_mle,mle_5,squared_aligned_ncc,calibration,25,0.0002431582650913758,5.912594188224778e-08,1.3933990172930728e-06,1.0796398125953367e-06,6.240223078456538e-07,1.0796398125953367e-06,-1.020513870713089e-06,0.05476450682206267,0.05476450682206267,-2.9047129805959653,False
D05_Apple_iPhone5c:whatsapp:0025,D05_Apple_iPhone5c,D04_LG_D290,D02_Apple_iPhone4s|D15_Apple_iPhone6|D19_Apple_iPhone6Plus,same_pipeline_different_device,whatsapp,whatsapp,1280x960,1280x960,prnu_python_wavelet_mle,mle_5,squared_aligned_ncc,calibration,25,0.0010390571748442607,1.0796398125953367e-06,1.0532277270553765e-06,4.5561750474968287e-07,3.964915628674351e-07,5.912594188224778e-08,1.020513870713089e-06,18.26000192513622,2.369618816969056,0.8627291054895103,False
D05_Apple_iPhone5c:whatsapp:0025,D05_Apple_iPhone5c,D05_Apple_iPhone5c,D02_Apple_iPhone4s|D04_LG_D290|D15_Apple_iPhone6|D19_Apple_iPhone6Plus,same_pipeline_different_device,whatsapp,whatsapp,1280x960,1280x960,prnu_python_wavelet_mle,mle_5,squared_aligned_ncc,calibration,25,0.0010795429155256372,1.1654129064615933e-06,1.0598307484403664e-06,7.676286586725098e-07,5.102569353565445e-07,5.912594188224778e-08,1.1062869645793456e-06,19.71068653388339,1.5181987974198192,0.4175246304910214,True
D05_Apple_iPhone5c:whatsapp:0025,D05_Apple_iPhone5c,D15_Apple_iPhone6,D02_Apple_iPhone4s|D04_LG_D290|D19_Apple_iPhone6Plus,same_pipeline_different_device,whatsapp,whatsapp,1280x960,1280x960,prnu_python_wavelet_mle,mle_5,squared_aligned_ncc,calibration,25,0.0016263270687454595,2.6449397345341985e-06,5.314610864090891e-07,4.5561750474968287e-07,3.964915628674351e-07,5.912594188224778e-08,2.5858137926519506e-06,44.73399746936338,5.805175848077509,1.7587499072108574,False
D05_Apple_iPhone5c:whatsapp:0025,D05_Apple_iPhone5c,D19_Apple_iPhone6Plus,D02_Apple_iPhone4s|D04_LG_D290|D15_Apple_iPhone6,same_pipeline_different_device,whatsapp,whatsapp,1280x960,1280x960,prnu_python_wavelet_mle,mle_5,squared_aligned_ncc,calibration,25,-0.0006749944479398944,4.5561750474968287e-07,1.2612351630039275e-06,1.0796398125953367e-06,1.020513870713089e-06,5.912594188224778e-08,3.964915628674351e-07,7.705881551232918,0.422008802782502,-0.8627291054895103,False
D15_Apple_iPhone6:whatsapp:0021,D15_Apple_iPhone6,D02_Apple_iPhone4s,D04_LG_D290|D05_Apple_iPhone5c|D19_Apple_iPhone6Plus,same_pipeline_different_device,whatsapp,whatsapp,1280x960,1280x960,prnu_python_wavelet_mle,mle_5,squared_aligned_ncc,calibration,21,0.0018037796723591717,3.253621106416161e-06,4.935344797358304e-07,6.040894828584844e-07,5.634715885170641e-09,2.667897576053515e-07,2.9868313488108093e-06,12.195449838929262,5.385991974269088,1.683801504278584,False
D15_Apple_iPhone6:whatsapp:0021,D15_Apple_iPhone6,D04_LG_D290,D02_Apple_iPhone4s|D05_Apple_iPhone5c|D19_Apple_iPhone6Plus,same_pipeline_different_device,whatsapp,whatsapp,1280x960,1280x960,prnu_python_wavelet_mle,mle_5,squared_aligned_ncc,calibration,21,0.0005165169480330258,2.667897576053515e-07,1.4891449293394335e-06,6.097241987436551e-07,5.634715885170641e-09,3.253621106416161e-06,-2.9868313488108093e-06,0.08199779534231581,0.43755809291328013,-0.8265457981976727,False
D15_Apple_iPhone6:whatsapp:0021,D15_Apple_iPhone6,D05_Apple_iPhone5c,D02_Apple_iPhone4s|D04_LG_D290|D19_Apple_iPhone6Plus,same_pipeline_different_device,whatsapp,whatsapp,1280x960,1280x960,prnu_python_wavelet_mle,mle_5,squared_aligned_ncc,calibration,21,-0.0007808483839668589,6.097241987436551e-07,1.3748334489599991e-06,6.040894828584844e-07,3.3729972525313293e-07,3.253621106416161e-06,-2.643896907672506e-06,0.18739864870598336,1.0093276179192987,0.0092843843276178,False
D15_Apple_iPhone6:whatsapp:0021,D15_Apple_iPhone6,D15_Apple_iPhone6,D02_Apple_iPhone4s|D04_LG_D290|D05_Apple_iPhone5c|D19_Apple_iPhone6Plus,same_pipeline_different_device,whatsapp,whatsapp,1280x960,1280x960,prnu_python_wavelet_mle,mle_5,squared_aligned_ncc,calibration,21,0.007694171958159046,5.920028212172101e-05,1.1835561364059131e-06,6.069068408010698e-07,1.7146722056915178e-07,3.253621106416161e-06,5.5946661015304846e-05,18.195198575819933,97.54426567936068,4.580306281941622,True
D15_Apple_iPhone6:whatsapp:0021,D15_Apple_iPhone6,D19_Apple_iPhone6Plus,D02_Apple_iPhone4s|D04_LG_D290|D05_Apple_iPhone5c,same_pipeline_different_device,whatsapp,whatsapp,1280x960,1280x960,prnu_python_wavelet_mle,mle_5,squared_aligned_ncc,calibration,21,0.0007772319363346339,6.040894828584844e-07,1.3767116875883893e-06,6.097241987436551e-07,3.4293444113830357e-07,3.253621106416161e-06,-2.6495316235576766e-06,0.18566681955290254,0.9907585824922465,-0.0092843843276178,False
D15_Apple_iPhone6:whatsapp:0022,D15_Apple_iPhone6,D02_Apple_iPhone4s,D04_LG_D290|D05_Apple_iPhone5c|D19_Apple_iPhone6Plus,same_pipeline_different_device,whatsapp,whatsapp,1280x960,1280x960,prnu_python_wavelet_mle,mle_5,squared_aligned_ncc,calibration,22,0.0008418641080149036,7.087351763637292e-07,4.3598455920479095e-07,2.0627168928030514e-07,1.7939135075397724e-07,2.6880338526327895e-08,6.818548378374013e-07,26.366303968588785,3.4359304412377223,1.2342877598070032,False
D15_Apple_iPhone6:whatsapp:0022,D15_Apple_iPhone6,D04_LG_D290,D02_Apple_iPhone4s|D05_Apple_iPhone5c|D19_Apple_iPhone6Plus,same_pipeline_different_device,whatsapp,whatsapp,1280x960,1280x960,prnu_python_wavelet_mle,mle_5,squared_aligned_ncc,calibration,22,0.00016395224465169087,2.6880338526327895e-08,6.632695051505913e-07,7.087351763637292e-07,3.6606647344401077e-07,7.087351763637292e-07,-6.818548378374013e-07,0.03792719681876305,0.03792719681876305,-3.2720868300787274,False
D15_Apple_iPhone6:whatsapp:0022,D15_Apple_iPhone6,D05_Apple_iPhone5c,D02_Apple_iPhone4s|D04_LG_D290|D19_Apple_iPhone6Plus,same_pipeline_different_device,whatsapp,whatsapp,1280x960,1280x960,prnu_python_wavelet_mle,mle_5,squared_aligned_ncc,calibration,22,0.0010367264102972105,1.07480164980774e-06,3.1396240139012073e-07,2.0627168928030514e-07,1.7939135075397724e-07,7.087351763637292e-07,3.6606647344401077e-07,1.5165067089264133,5.210611565541497,1.65069723189783,False
D15_Apple_iPhone6:whatsapp:0022,D15_Apple_iPhone6,D15_Apple_iPhone6,D02_Apple_iPhone4s|D04_LG_D290|D05_Apple_iPhone5c|D19_Apple_iPhone6Plus,same_pipeline_different_device,whatsapp,whatsapp,1280x960,1280x960,prnu_python_wavelet_mle,mle_5,squared_aligned_ncc,calibration,22,0.007880674710237585,6.210503388857824e-05,5.041722134945255e-07,4.575034328220172e-07,3.4092741891870064e-07,7.087351763637292e-07,6.139629871221452e-05,87.62798286267844,135.74768937906308,4.910797937520478,True
D15_Apple_iPhone6:whatsapp:0022,D15_Apple_iPhone6,D19_Apple_iPhone6Plus,D02_Apple_iPhone4s|D04_LG_D290|D05_Apple_iPhone5c,same_pipeline_different_device,whatsapp,whatsapp,1280x960,1280x960,prnu_python_wavelet_mle,mle_5,squared_aligned_ncc,calibration,22,-0.00045417143159858165,2.0627168928030514e-07,6.03472388232599e-07,7.087351763637292e-07,3.6606647344401077e-07,7.087351763637292e-07,-5.02463487083424e-07,0.2910419803608629,0.2910419803608629,-1.2342877598070032,False
D15_Apple_iPhone6:whatsapp:0023,D15_Apple_iPhone6,D02_Apple_iPhone4s,D04_LG_D290|D05_Apple_iPhone5c|D19_Apple_iPhone6Plus,same_pipeline_different_device,whatsapp,whatsapp,1280x960,1280x960,prnu_python_wavelet_mle,mle_5,squared_aligned_ncc,calibration,23,-0.0015073479191727317,2.272097749434364e-06,7.257545452614533e-07,2.040945833405732e-07,1.1155233145199998e-07,1.8806268005552134e-06,3.914709488791506e-07,1.2081598266937266,11.132572517335788,2.4098752722132346,False
D15_Apple_iPhone6:whatsapp:0023,D15_Apple_iPhone6,D04_LG_D290,D02_Apple_iPhone4s|D05_Apple_iPhone5c|D19_Apple_iPhone6Plus,same_pipeline_different_device,whatsapp,whatsapp,1280x960,1280x960,prnu_python_wavelet_mle,mle_5,squared_aligned_ncc,calibration,23,0.0013713594716759036,1.8806268005552134e-06,8.562448615545034e-07,2.040945833405732e-07,1.1155233145199998e-07,2.272097749434364e-06,-3.914709488791506e-07,0.8277050584744399,9.214486586432361,2.2207768745867256,False
D15_Apple_iPhone6:whatsapp:0023,D15_Apple_iPhone6,D05_Apple_iPhone5c,D02_Apple_iPhone4s|D04_LG_D290|D19_Apple_iPhone6Plus,same_pipeline_different_device,whatsapp,whatsapp,1280x960,1280x960,prnu_python_wavelet_mle,mle_5,squared_aligned_ncc,calibration,23,-0.00030420758026152673,9.254225188857322e-08,1.4522730444433835e-06,1.8806268005552134e-06,3.914709488791506e-07,2.272097749434364e-06,-2.179555497545791e-06,0.0407298726085229,0.04920819583197058,-3.011695087406485,False
D15_Apple_iPhone6:whatsapp:0023,D15_Apple_iPhone6,D15_Apple_iPhone6,D02_Apple_iPhone4s|D04_LG_D290|D05_Apple_iPhone5c|D19_Apple_iPhone6Plus,same_pipeline_different_device,whatsapp,whatsapp,1280x960,1280x960,prnu_python_wavelet_mle,mle_5,squared_aligned_ncc,calibration,23,0.00576886825220261,3.3279840911271196e-05,1.112340346304681e-06,1.0423606919478934e-06,8.940422743333201e-07,2.272097749434364e-06,3.1007743161836834e-05,14.647187128967568,31.92737520548676,3.4634637986964893,True
D15_Apple_iPhone6:whatsapp:0023,D15_Apple_iPhone6,D19_Apple_iPhone6Plus,D02_Apple_iPhone4s|D04_LG_D290|D05_Apple_iPhone5c,same_pipeline_different_device,whatsapp,whatsapp,1280x960,1280x960,prnu_python_wavelet_mle,mle_5,squared_aligned_ncc,calibration,23,-0.0004517682850096642,2.040945833405732e-07,1.4150889339593838e-06,1.8806268005552134e-06,3.914709488791506e-07,2.272097749434364e-06,-2.068003166093791e-06,0.0898264977338155,0.10852476593459096,-2.2207768745867256,False
D15_Apple_iPhone6:whatsapp:0024,D15_Apple_iPhone6,D02_Apple_iPhone4s,D04_LG_D290|D05_Apple_iPhone5c|D19_Apple_iPhone6Plus,same_pipeline_different_device,whatsapp,whatsapp,1280x960,1280x960,prnu_python_wavelet_mle,mle_5,squared_aligned_ncc,calibration,24,-0.0007185554991550018,5.163220053658938e-07,9.373742933240256e-07,8.525403476463321e-07,7.781237246714987e-07,1.8851659093509114e-06,-1.3688439039850176e-06,0.2738867718776384,0.6056276477604141,-0.5014899243996425,False
D15_Apple_iPhone6:whatsapp:0024,D15_Apple_iPhone6,D04_LG_D290,D02_Apple_iPhone4s|D05_Apple_iPhone5c|D19_Apple_iPhone6Plus,same_pipeline_different_device,whatsapp,whatsapp,1280x960,1280x960,prnu_python_wavelet_mle,mle_5,squared_aligned_ncc,calibration,24,0.0013730134410670973,1.8851659093509114e-06,4.810929919956865e-07,5.163220053658938e-07,3.362183422804383e-07,5.163220053658938e-07,1.3688439039850176e-06,3.651143840005387,3.651143840005387,1.29504049932428,False
D15_Apple_iPhone6:whatsapp:0024,D15_Apple_iPhone6,D05_Apple_iPhone5c,D02_Apple_iPhone4s|D04_LG_D290|D19_Apple_iPhone6Plus,same_pipeline_different_device,whatsapp,whatsapp,1280x960,1280x960,prnu_python_wavelet_mle,mle_5,squared_aligned_ncc,calibration,24,0.0009233311148479358,8.525403476463321e-07,8.253015125638795e-07,5.163220053658938e-07,4.419053823910604e-07,5.163220053658938e-07,3.362183422804383e-07,1.651179571636068,1.651179571636068,0.5014899243996425,False
D15_Apple_iPhone6:whatsapp:0024,D15_Apple_iPhone6,D15_Apple_iPhone6,D02_Apple_iPhone4s|D04_LG_D290|D05_Apple_iPhone5c|D19_Apple_iPhone6Plus,same_pipeline_different_device,whatsapp,whatsapp,1280x960,1280x960,prnu_python_wavelet_mle,mle_5,squared_aligned_ncc,calibration,24,0.012713820938756573,0.00016164124286276507,8.321112213344927e-07,6.84431176506113e-07,3.8906186233574935e-07,5.163220053658938e-07,0.0001611249208573992,313.06285841568445,236.16873165818066,5.464546514213447,True
D15_Apple_iPhone6:whatsapp:0024,D15_Apple_iPhone6,D19_Apple_iPhone6Plus,D02_Apple_iPhone4s|D04_LG_D290|D05_Apple_iPhone5c,same_pipeline_different_device,whatsapp,whatsapp,1280x960,1280x960,prnu_python_wavelet_mle,mle_5,squared_aligned_ncc,calibration,24,-0.0002727941036291537,7.441662297483344e-08,1.0846760874543791e-06,8.525403476463321e-07,3.362183422804383e-07,5.163220053658938e-07,-4.419053823910604e-07,0.1441283195398534,0.08728809513858274,-2.438541192691078,False
D15_Apple_iPhone6:whatsapp:0025,D15_Apple_iPhone6,D02_Apple_iPhone4s,D04_LG_D290|D05_Apple_iPhone5c|D19_Apple_iPhone6Plus,same_pipeline_different_device,whatsapp,whatsapp,1280x960,1280x960,prnu_python_wavelet_mle,mle_5,squared_aligned_ncc,calibration,25,0.00013376703782235787,1.7893620407768122e-08,2.53905746211285e-07,3.410240747763805e-07,4.3947977727614206e-08,3.5721111353479784e-08,-1.7827490945711662e-08,0.5009256355632677,0.05247025571288917,-2.947508827788832,False
D15_Apple_iPhone6:whatsapp:0025,D15_Apple_iPhone6,D04_LG_D290,D02_Apple_iPhone4s|D05_Apple_iPhone5c|D19_Apple_iPhone6Plus,same_pipeline_different_device,whatsapp,whatsapp,1280x960,1280x960,prnu_python_wavelet_mle,mle_5,squared_aligned_ncc,calibration,25,-0.00018900029458569578,3.5721111353479784e-08,2.479632492293811e-07,3.410240747763805e-07,4.3947977727614206e-08,1.7893620407768122e-08,1.7827490945711662e-08,1.9963042994905742,0.10474659707501052,-2.256211206864995,False
D15_Apple_iPhone6:whatsapp:0025,D15_Apple_iPhone6,D05_Apple_iPhone5c,D02_Apple_iPhone4s|D04_LG_D290|D19_Apple_iPhone6Plus,same_pipeline_different_device,whatsapp,whatsapp,1280x960,1280x960,prnu_python_wavelet_mle,mle_5,squared_aligned_ncc,calibration,25,0.0005839726661209242,3.410240747763805e-07,1.4619559475508085e-07,3.5721111353479784e-08,1.7827490945711662e-08,1.7893620407768122e-08,3.2313045436861234e-07,19.05841674322835,9.546849519931285,2.256211206864995,False
D15_Apple_iPhone6:whatsapp:0025,D15_Apple_iPhone6,D15_Apple_iPhone6,D02_Apple_iPhone4s|D04_LG_D290|D05_Apple_iPhone5c|D19_Apple_iPhone6Plus,same_pipeline_different_device,whatsapp,whatsapp,1280x960,1280x960,prnu_python_wavelet_mle,mle_5,squared_aligned_ncc,calibration,25,0.004667412687273405,2.178474119332075e-05,1.9490271476040575e-07,1.8837259306493013e-07,1.6156522718430617e-07,1.7893620407768122e-08,2.1766847572912982e-05,1217.458552091749,115.6470845300291,4.750543178934947,True
D15_Apple_iPhone6:whatsapp:0025,D15_Apple_iPhone6,D19_Apple_iPhone6Plus,D02_Apple_iPhone4s|D04_LG_D290|D05_Apple_iPhone5c,same_pipeline_different_device,whatsapp,whatsapp,1280x960,1280x960,prnu_python_wavelet_mle,mle_5,squared_aligned_ncc,calibration,25,0.0006204611611567598,3.849720525039947e-07,1.3154626884587614e-07,3.5721111353479784e-08,1.7827490945711662e-08,1.7893620407768122e-08,3.6707843209622655e-07,21.514486377327394,10.777157762379991,2.3774288723105546,False
D19_Apple_iPhone6Plus:whatsapp:0021,D19_Apple_iPhone6Plus,D02_Apple_iPhone4s,D04_LG_D290|D05_Apple_iPhone5c|D15_Apple_iPhone6,same_pipeline_different_device,whatsapp,whatsapp,1280x960,1280x960,prnu_python_wavelet_mle,mle_5,squared_aligned_ncc,calibration,21,0.00035684357873770123,1.2733733968632997e-07,9.943663105744246e-07,8.870635324633607e-07,5.635665553140248e-07,1.7725384221105772e-06,-1.6452010824242473e-06,0.071838972909094,0.14354928934201172,-1.941076823022847,False
D19_Apple_iPhone6Plus:whatsapp:0021,D19_Apple_iPhone6Plus,D04_LG_D290,D02_Apple_iPhone4s|D05_Apple_iPhone5c|D15_Apple_iPhone6,same_pipeline_different_device,whatsapp,whatsapp,1280x960,1280x960,prnu_python_wavelet_mle,mle_5,squared_aligned_ncc,calibration,21,0.0013313671252177504,1.7725384221105772e-06,4.459659497663422e-07,3.2349697714933593e-07,1.9615963746300595e-07,1.2733733968632997e-07,1.6452010824242473e-06,13.920020839738529,5.4793044365676415,1.7009781652702873,False
D19_Apple_iPhone6Plus:whatsapp:0021,D19_Apple_iPhone6Plus,D05_Apple_iPhone5c,D02_Apple_iPhone4s|D04_LG_D290|D15_Apple_iPhone6,same_pipeline_different_device,whatsapp,whatsapp,1280x960,1280x960,prnu_python_wavelet_mle,mle_5,squared_aligned_ncc,calibration,21,-0.0005687679466613216,3.2349697714933593e-07,9.289797647534226e-07,8.870635324633607e-07,7.597261927770307e-07,1.2733733968632997e-07,1.9615963746300595e-07,2.5404722444037695,0.36468298527726667,-1.0087268362803297,False
D19_Apple_iPhone6Plus:whatsapp:0021,D19_Apple_iPhone6Plus,D15_Apple_iPhone6,D02_Apple_iPhone4s|D04_LG_D290|D05_Apple_iPhone5c,same_pipeline_different_device,whatsapp,whatsapp,1280x960,1280x960,prnu_python_wavelet_mle,mle_5,squared_aligned_ncc,calibration,21,0.0009418405026666461,8.870635324633607e-07,7.411242463154144e-07,3.2349697714933593e-07,1.9615963746300595e-07,1.2733733968632997e-07,7.597261927770307e-07,6.966248349843526,2.7421076397071418,1.0087268362803297,False
D19_Apple_iPhone6Plus:whatsapp:0021,D19_Apple_iPhone6Plus,D19_Apple_iPhone6Plus,D02_Apple_iPhone4s|D04_LG_D290|D05_Apple_iPhone5c|D15_Apple_iPhone6,same_pipeline_different_device,whatsapp,whatsapp,1280x960,1280x960,prnu_python_wavelet_mle,mle_5,squared_aligned_ncc,calibration,21,0.005587004633062769,3.121462076986485e-05,7.77609067852401e-07,6.052802548063484e-07,3.798630963885154e-07,1.2733733968632997e-07,3.108728343017852e-05,245.13328805797116,51.570525425204174,3.942950296593553,True
D19_Apple_iPhone6Plus:whatsapp:0022,D19_Apple_iPhone6Plus,D02_Apple_iPhone4s,D04_LG_D290|D05_Apple_iPhone5c|D15_Apple_iPhone6,same_pipeline_different_device,whatsapp,whatsapp,1280x960,1280x960,prnu_python_wavelet_mle,mle_5,squared_aligned_ncc,calibration,22,0.0009420807577582868,8.875161541384278e-07,2.417953699622825e-07,5.809518656270021e-08,5.795735460936843e-08,1.3783195333178348e-10,8.87378322185096e-07,6439.117582568354,15.276930958480715,2.726343910062038,False
D19_Apple_iPhone6Plus:whatsapp:0022,D19_Apple_iPhone6Plus,D04_LG_D290,D02_Apple_iPhone4s|D05_Apple_iPhone5c|D15_Apple_iPhone6,same_pipeline_different_device,whatsapp,whatsapp,1280x960,1280x960,prnu_python_wavelet_mle,mle_5,squared_aligned_ncc,calibration,22,1.1740185404489295e-05,1.3783195333178348e-10,5.375881440239811e-07,6.671530913708156e-07,2.2036306276761216e-07,8.875161541384278e-07,-8.87378322185096e-07,0.00015530078262697802,0.00020659718903284527,-8.484739607214252,False
D19_Apple_iPhone6Plus:whatsapp:0022,D19_Apple_iPhone6Plus,D05_Apple_iPhone5c,D02_Apple_iPhone4s|D04_LG_D290|D15_Apple_iPhone6,same_pipeline_different_device,whatsapp,whatsapp,1280x960,1280x960,prnu_python_wavelet_mle,mle_5,squared_aligned_ncc,calibration,22,-0.0008167943996935922,6.671530913708156e-07,3.1524972421815325e-07,5.809518656270021e-08,5.795735460936843e-08,8.875161541384278e-07,-2.2036306276761216e-07,0.7517081106185233,11.483792906849164,2.4409367289064896,False
D19_Apple_iPhone6Plus:whatsapp:0022,D19_Apple_iPhone6Plus,D15_Apple_iPhone6,D02_Apple_iPhone4s|D04_LG_D290|D05_Apple_iPhone5c,same_pipeline_different_device,whatsapp,whatsapp,1280x960,1280x960,prnu_python_wavelet_mle,mle_5,squared_aligned_ncc,calibration,22,0.00024102943090564732,5.809518656270021e-08,5.182690258208584e-07,6.671530913708156e-07,2.2036306276761216e-07,8.875161541384278e-07,-8.294209675757275e-07,0.0654581736814663,0.08707924360109105,-2.4409367289064896,False
D19_Apple_iPhone6Plus:whatsapp:0022,D19_Apple_iPhone6Plus,D19_Apple_iPhone6Plus,D02_Apple_iPhone4s|D04_LG_D290|D05_Apple_iPhone5c|D15_Apple_iPhone6,same_pipeline_different_device,whatsapp,whatsapp,1280x960,1280x960,prnu_python_wavelet_mle,mle_5,squared_aligned_ncc,calibration,22,0.00724130066724816,5.2436435353488656e-05,4.032255660063188e-07,3.626241389667579e-07,3.335076297087419e-07,8.875161541384278e-07,5.154891919935023e-05,59.082232034854925,144.6027159220516,4.973990091858456,True
D19_Apple_iPhone6Plus:whatsapp:0023,D19_Apple_iPhone6Plus,D02_Apple_iPhone4s,D04_LG_D290|D05_Apple_iPhone5c|D15_Apple_iPhone6,same_pipeline_different_device,whatsapp,whatsapp,1280x960,1280x960,prnu_python_wavelet_mle,mle_5,squared_aligned_ncc,calibration,23,0.0003543370657773216,1.2555475618368193e-07,1.6563847659731702e-07,1.0879420147172456e-07,7.59844878870332e-08,3.553115147355352e-07,-2.2975675855185327e-07,0.35336528926492744,1.154057426638803,0.14328392996631045,False
D19_Apple_iPhone6Plus:whatsapp:0023,D19_Apple_iPhone6Plus,D04_LG_D290,D02_Apple_iPhone4s|D05_Apple_iPhone5c|D15_Apple_iPhone6,same_pipeline_different_device,whatsapp,whatsapp,1280x960,1280x960,prnu_python_wavelet_mle,mle_5,squared_aligned_ncc,calibration,23,0.0005960801244258487,3.553115147355352e-07,8.905289041336596e-08,1.0879420147172456e-07,1.6760554711957368e-08,1.2555475618368193e-07,2.2975675855185327e-07,2.8299327364048854,3.265904891336328,1.1835368732841811,False
D19_Apple_iPhone6Plus:whatsapp:0023,D19_Apple_iPhone6Plus,D05_Apple_iPhone5c,D02_Apple_iPhone4s|D04_LG_D290|D15_Apple_iPhone6,same_pipeline_different_device,whatsapp,whatsapp,1280x960,1280x960,prnu_python_wavelet_mle,mle_5,squared_aligned_ncc,calibration,23,-0.0001811345179271233,3.280971358469136e-08,1.9655349079698058e-07,1.2555475618368193e-07,1.6760554711957368e-08,1.2555475618368193e-07,-9.274504259899057e-08,0.26131796661443846,0.26131796661443846,-1.3420173502489572,False
D19_Apple_iPhone6Plus:whatsapp:0023,D19_Apple_iPhone6Plus,D15_Apple_iPhone6,D02_Apple_iPhone4s|D04_LG_D290|D05_Apple_iPhone5c,same_pipeline_different_device,whatsapp,whatsapp,1280x960,1280x960,prnu_python_wavelet_mle,mle_5,squared_aligned_ncc,calibration,23,0.00032983966024680017,1.0879420147172456e-07,1.7122532816796952e-07,1.2555475618368193e-07,9.274504259899057e-08,1.2555475618368193e-07,-1.6760554711957368e-08,0.8665080063758214,0.8665080063758214,-0.14328392996631045,False
D19_Apple_iPhone6Plus:whatsapp:0023,D19_Apple_iPhone6Plus,D19_Apple_iPhone6Plus,D02_Apple_iPhone4s|D04_LG_D290|D05_Apple_iPhone5c|D15_Apple_iPhone6,same_pipeline_different_device,whatsapp,whatsapp,1280x960,1280x960,prnu_python_wavelet_mle,mle_5,squared_aligned_ncc,calibration,23,0.009311991451261893,8.671318478837458e-05,1.5561754649390828e-07,1.1717447882770325e-07,4.637252129949529e-08,1.2555475618368193e-07,8.658763003219089e-05,690.64038212552,740.0347384167176,6.606697128902763,True
D19_Apple_iPhone6Plus:whatsapp:0024,D19_Apple_iPhone6Plus,D02_Apple_iPhone4s,D04_LG_D290|D05_Apple_iPhone5c|D15_Apple_iPhone6,same_pipeline_different_device,whatsapp,whatsapp,1280x960,1280x960,prnu_python_wavelet_mle,mle_5,squared_aligned_ncc,calibration,24,0.000534694056595353,2.858977341583946e-07,1.2438006373027448e-06,1.4221103641291838e-06,5.563599052289755e-07,3.308212784208914e-07,-4.492354426249678e-08,0.864206001267723,0.20103765598632808,-1.6042630452540472,False
D19_Apple_iPhone6Plus:whatsapp:0024,D19_Apple_iPhone6Plus,D04_LG_D290,D02_Apple_iPhone4s|D05_Apple_iPhone5c|D15_Apple_iPhone6,same_pipeline_different_device,whatsapp,whatsapp,1280x960,1280x960,prnu_python_wavelet_mle,mle_5,squared_aligned_ncc,calibration,24,0.0005751706515642913,3.308212784208914e-07,1.228826122548579e-06,1.4221103641291838e-06,5.563599052289755e-07,2.858977341583946e-07,4.492354426249678e-08,1.157131515556566,0.23262700755539936,-1.4583189340498706,False
D19_Apple_iPhone6Plus:whatsapp:0024,D19_Apple_iPhone6Plus,D05_Apple_iPhone5c,D02_Apple_iPhone4s|D04_LG_D290|D15_Apple_iPhone6,same_pipeline_different_device,whatsapp,whatsapp,1280x960,1280x960,prnu_python_wavelet_mle,mle_5,squared_aligned_ncc,calibration,24,-0.0011925226891464932,1.4221103641291838e-06,8.650630939791483e-07,3.308212784208914e-07,4.492354426249678e-08,2.858977341583946e-07,1.1362126299707891e-06,4.9741924968922575,4.298727007275168,1.4583189340498706,False
D19_Apple_iPhone6Plus:whatsapp:0024,D19_Apple_iPhone6Plus,D15_Apple_iPhone6,D02_Apple_iPhone4s|D04_LG_D290|D05_Apple_iPhone5c,same_pipeline_different_device,whatsapp,whatsapp,1280x960,1280x960,prnu_python_wavelet_mle,mle_5,squared_aligned_ncc,calibration,24,-0.0014065810568033963,1.9784702693581592e-06,6.796097922361567e-07,3.308212784208914e-07,4.492354426249678e-08,2.858977341583946e-07,1.6925725351997646e-06,6.92020269129533,5.980480695806472,1.7885009486460532,False
D19_Apple_iPhone6Plus:whatsapp:0024,D19_Apple_iPhone6Plus,D19_Apple_iPhone6Plus,D02_Apple_iPhone4s|D04_LG_D290|D05_Apple_iPhone5c|D15_Apple_iPhone6,same_pipeline_different_device,whatsapp,whatsapp,1280x960,1280x960,prnu_python_wavelet_mle,mle_5,squared_aligned_ncc,calibration,24,0.009674278417610703,9.359166290144824e-05,1.0043249115166572e-06,8.764658212750375e-07,5.681063149853946e-07,2.858977341583946e-07,9.330576516728986e-05,327.36063186004856,106.78301495578674,4.670798877884023,True
D19_Apple_iPhone6Plus:whatsapp:0025,D19_Apple_iPhone6Plus,D02_Apple_iPhone4s,D04_LG_D290|D05_Apple_iPhone5c|D15_Apple_iPhone6,same_pipeline_different_device,whatsapp,whatsapp,1280x960,1280x960,prnu_python_wavelet_mle,mle_5,squared_aligned_ncc,calibration,25,-0.0007346593388249419,5.397243441227008e-07,1.0827189524079941e-06,3.1568839503828514e-07,2.218232127743057e-07,9.386518226397944e-08,4.4585916185872134e-07,5.749995164392482,1.7096743263471743,0.5363028999476498,False
D19_Apple_iPhone6Plus:whatsapp:0025,D19_Apple_iPhone6Plus,D04_LG_D290,D02_Apple_iPhone4s|D05_Apple_iPhone5c|D15_Apple_iPhone6,same_pipeline_different_device,whatsapp,whatsapp,1280x960,1280x960,prnu_python_wavelet_mle,mle_5,squared_aligned_ncc,calibration,25,0.00030637425195988556,9.386518226397944e-08,1.231338673027568e-06,5.397243441227008e-07,2.2403594908441563e-07,5.397243441227008e-07,-4.4585916185872134e-07,0.17391318973494396,0.17391318973494396,-1.7491990138336853,False
D19_Apple_iPhone6Plus:whatsapp:0025,D19_Apple_iPhone6Plus,D05_Apple_iPhone5c,D02_Apple_iPhone4s|D04_LG_D290|D15_Apple_iPhone6,same_pipeline_different_device,whatsapp,whatsapp,1280x960,1280x960,prnu_python_wavelet_mle,mle_5,squared_aligned_ncc,calibration,25,-0.0016848155032292758,2.838603279921718e-06,3.164259738083218e-07,3.1568839503828514e-07,2.218232127743057e-07,5.397243441227008e-07,2.2988789357990172e-06,5.25935750505334,8.991788499471024,2.1963117719084124,False
D19_Apple_iPhone6Plus:whatsapp:0025,D19_Apple_iPhone6Plus,D15_Apple_iPhone6,D02_Apple_iPhone4s|D04_LG_D290|D05_Apple_iPhone5c,same_pipeline_different_device,whatsapp,whatsapp,1280x960,1280x960,prnu_python_wavelet_mle,mle_5,squared_aligned_ncc,calibration,25,0.0005618615443668352,3.1568839503828514e-07,1.1573976021027994e-06,5.397243441227008e-07,4.4585916185872134e-07,5.397243441227008e-07,-2.2403594908441563e-07,0.5849067185424504,0.5849067185424504,-0.5363028999476498,False
D19_Apple_iPhone6Plus:whatsapp:0025,D19_Apple_iPhone6Plus,D19_Apple_iPhone6Plus,D02_Apple_iPhone4s|D04_LG_D290|D05_Apple_iPhone5c|D15_Apple_iPhone6,same_pipeline_different_device,whatsapp,whatsapp,1280x960,1280x960,prnu_python_wavelet_mle,mle_5,squared_aligned_ncc,calibration,25,0.006061322781793041,3.673963386508333e-05,9.469703003366709e-07,4.2770636958049293e-07,2.2292958092936067e-07,5.397243441227008e-07,3.6199909520960625e-05,68.07110752953353,85.89919738889708,4.453174485394719,True
D02_Apple_iPhone4s:whatsapp:0041,D02_Apple_iPhone4s,D02_Apple_iPhone4s,D04_LG_D290|D05_Apple_iPhone5c|D15_Apple_iPhone6|D19_Apple_iPhone6Plus,same_pipeline_different_device,whatsapp,whatsapp,1280x960,1280x960,prnu_python_wavelet_mle,mle_5,squared_aligned_ncc,test,41,0.00029191933319920886,8.521689709547072e-08,3.5779640663237196e-07,1.823965871835025e-07,1.237915476364884e-07,1.0424716328766424e-06,-9.572547357811716e-07,0.08174505128769734,0.4672066424671485,-0.7609836299597124,True
D02_Apple_iPhone4s:whatsapp:0041,D02_Apple_iPhone4s,D04_LG_D290,D05_Apple_iPhone5c|D15_Apple_iPhone6|D19_Apple_iPhone6Plus,same_pipeline_different_device,whatsapp,whatsapp,1280x960,1280x960,prnu_python_wavelet_mle,mle_5,squared_aligned_ncc,test,41,-0.0010210150012985326,1.0424716328766424e-06,1.2957133121761518e-07,9.32892598081876e-08,6.936844052234703e-08,9.32892598081876e-08,9.491823730684548e-07,11.174615759842798,11.174615759842798,2.41364475600181,False
D02_Apple_iPhone4s:whatsapp:0041,D02_Apple_iPhone4s,D05_Apple_iPhone5c,D04_LG_D290|D15_Apple_iPhone6|D19_Apple_iPhone6Plus,same_pipeline_different_device,whatsapp,whatsapp,1280x960,1280x960,prnu_python_wavelet_mle,mle_5,squared_aligned_ncc,test,41,-0.0003054329055753286,9.32892598081876e-08,4.4596545557376677e-07,2.7150391455881736e-07,2.475830952729768e-07,1.0424716328766424e-06,-9.491823730684548e-07,0.08948853557843207,0.3436018959792119,-1.0682715709035264,False
D02_Apple_iPhone4s:whatsapp:0041,D02_Apple_iPhone4s,D15_Apple_iPhone6,D04_LG_D290|D05_Apple_iPhone5c|D19_Apple_iPhone6Plus,same_pipeline_different_device,whatsapp,whatsapp,1280x960,1280x960,prnu_python_wavelet_mle,mle_5,squared_aligned_ncc,test,41,0.00015466356806255498,2.3920819285840577e-08,4.690882690812158e-07,2.7150391455881736e-07,1.7821465475062975e-07,1.0424716328766424e-06,-1.018550813590802e-06,0.022946254393352083,0.08810487806303242,-2.4292273779584015,False
D02_Apple_iPhone4s:whatsapp:0041,D02_Apple_iPhone4s,D19_Apple_iPhone6Plus,D04_LG_D290|D05_Apple_iPhone5c|D15_Apple_iPhone6,same_pipeline_different_device,whatsapp,whatsapp,1280x960,1280x960,prnu_python_wavelet_mle,mle_5,squared_aligned_ncc,test,41,0.0005210603751570612,2.7150391455881736e-07,3.8656057065689014e-07,9.32892598081876e-08,6.936844052234703e-08,1.0424716328766424e-06,-7.709677183178251e-07,0.26044249646354156,2.9103448255142936,1.0682715709035264,False
D02_Apple_iPhone4s:whatsapp:0042,D02_Apple_iPhone4s,D02_Apple_iPhone4s,D04_LG_D290|D05_Apple_iPhone5c|D15_Apple_iPhone6|D19_Apple_iPhone6Plus,same_pipeline_different_device,whatsapp,whatsapp,1280x960,1280x960,prnu_python_wavelet_mle,mle_5,squared_aligned_ncc,test,42,-0.0010717559135807436,1.1486607382952943e-06,2.746494207109708e-07,6.096320894468477e-08,4.226716468148258e-08,3.731537614966948e-08,1.1113453621456247e-06,30.782504608504894,18.841868041059595,2.936081417155375,True
D02_Apple_iPhone4s:whatsapp:0042,D02_Apple_iPhone4s,D04_LG_D290,D05_Apple_iPhone5c|D15_Apple_iPhone6|D19_Apple_iPhone6Plus,same_pipeline_different_device,whatsapp,whatsapp,1280x960,1280x960,prnu_python_wavelet_mle,mle_5,squared_aligned_ncc,test,42,-0.0001931718823992495,3.731537614966948e-08,3.5376076889807123e-07,8.461104173970006e-08,8.453432936296516e-08,8.461104173970006e-08,-4.729566559003058e-08,0.4410225353857197,0.4410225353857197,-0.8186593041929946,False
D02_Apple_iPhone4s:whatsapp:0042,D02_Apple_iPhone4s,D05_Apple_iPhone5c,D04_LG_D290|D15_Apple_iPhone6|D19_Apple_iPhone6Plus,same_pipeline_different_device,whatsapp,whatsapp,1280x960,1280x960,prnu_python_wavelet_mle,mle_5,squared_aligned_ncc,test,42,0.00029087977196721684,8.461104173970006e-08,3.3799554703472774e-07,3.731537614966948e-08,3.723866377293457e-08,3.731537614966948e-08,4.729566559003058e-08,2.267457827581071,2.267457827581071,0.8186593041929946,False
D02_Apple_iPhone4s:whatsapp:0042,D02_Apple_iPhone4s,D15_Apple_iPhone6,D04_LG_D290|D05_Apple_iPhone5c|D19_Apple_iPhone6Plus,same_pipeline_different_device,whatsapp,whatsapp,1280x960,1280x960,prnu_python_wavelet_mle,mle_5,squared_aligned_ncc,test,42,-8.758560197595428e-06,7.671237673490285e-11,3.661736568223828e-07,8.461104173970006e-08,4.729566559003058e-08,3.731537614966948e-08,-3.723866377293457e-08,0.0020557846295643552,0.0009066473495374646,-7.005756993226516,False
D02_Apple_iPhone4s:whatsapp:0042,D02_Apple_iPhone4s,D19_Apple_iPhone6Plus,D04_LG_D290|D05_Apple_iPhone5c|D15_Apple_iPhone6,same_pipeline_different_device,whatsapp,whatsapp,1280x960,1280x960,prnu_python_wavelet_mle,mle_5,squared_aligned_ncc,test,42,-0.0009882279861336547,9.765945525777788e-07,4.066771008870148e-08,3.731537614966948e-08,3.723866377293457e-08,3.731537614966948e-08,9.392791764281093e-07,26.171370982854985,26.171370982854985,3.2646661027455313,False
D02_Apple_iPhone4s:whatsapp:0043,D02_Apple_iPhone4s,D02_Apple_iPhone4s,D04_LG_D290|D05_Apple_iPhone5c|D15_Apple_iPhone6|D19_Apple_iPhone6Plus,same_pipeline_different_device,whatsapp,whatsapp,1280x960,1280x960,prnu_python_wavelet_mle,mle_5,squared_aligned_ncc,test,43,0.005373089417627723,2.887008988982303e-05,7.643790480821477e-08,3.3558195890440244e-08,8.427922194953215e-09,3.5042594304739056e-08,2.883504729551829e-05,823.8570934206981,860.2992241918249,6.757280263838945,True
D02_Apple_iPhone4s:whatsapp:0043,D02_Apple_iPhone4s,D04_LG_D290,D05_Apple_iPhone5c|D15_Apple_iPhone6|D19_Apple_iPhone6Plus,same_pipeline_different_device,whatsapp,whatsapp,1280x960,1280x960,prnu_python_wavelet_mle,mle_5,squared_aligned_ncc,test,43,0.00018719667279291867,3.5042594304739056e-08,9.023634164270668e-08,3.207379747614143e-08,1.3887047561308805e-08,3.207379747614143e-08,2.9687968285976254e-09,1.0925614383767936,1.0925614383767936,0.08852488290689564,False
D02_Apple_iPhone4s:whatsapp:0043,D02_Apple_iPhone4s,D05_Apple_iPhone5c,D04_LG_D290|D15_Apple_iPhone6|D19_Apple_iPhone6Plus,same_pipeline_different_device,whatsapp,whatsapp,1280x960,1280x960,prnu_python_wavelet_mle,mle_5,squared_aligned_ncc,test,43,0.00017909158962983558,3.207379747614143e-08,9.122594058557256e-08,3.5042594304739056e-08,1.685584438990643e-08,3.5042594304739056e-08,-2.9687968285976254e-09,0.915280335617271,0.915280335617271,-0.08852488290689564,False
D02_Apple_iPhone4s:whatsapp:0043,D02_Apple_iPhone4s,D15_Apple_iPhone6,D04_LG_D290|D05_Apple_iPhone5c|D19_Apple_iPhone6Plus,same_pipeline_different_device,whatsapp,whatsapp,1280x960,1280x960,prnu_python_wavelet_mle,mle_5,squared_aligned_ncc,test,43,0.00013485825860818694,1.8186749914832626e-08,9.585495643934215e-08,3.5042594304739056e-08,2.9687968285976254e-09,3.5042594304739056e-08,-1.685584438990643e-08,0.5189898258295649,0.5189898258295649,-0.6558709994196406,False
D02_Apple_iPhone4s:whatsapp:0043,D02_Apple_iPhone4s,D19_Apple_iPhone6Plus,D04_LG_D290|D05_Apple_iPhone5c|D15_Apple_iPhone6,same_pipeline_different_device,whatsapp,whatsapp,1280x960,1280x960,prnu_python_wavelet_mle,mle_5,squared_aligned_ncc,test,43,-0.0004695194112463786,2.2044847753714597e-07,2.8434380565237706e-08,3.207379747614143e-08,2.9687968285976254e-09,3.5042594304739056e-08,1.854058832324069e-07,6.290872063297356,6.873164230120548,1.9276245868227875,False
D02_Apple_iPhone4s:whatsapp:0044,D02_Apple_iPhone4s,D02_Apple_iPhone4s,D04_LG_D290|D05_Apple_iPhone5c|D15_Apple_iPhone6|D19_Apple_iPhone6Plus,same_pipeline_different_device,whatsapp,whatsapp,1280x960,1280x960,prnu_python_wavelet_mle,mle_5,squared_aligned_ncc,test,44,0.008896716246179576,7.91515599650356e-05,3.263507367185144e-07,3.698492242893966e-07,1.9218075562786106e-07,1.813382350516775e-07,7.897022172998393e-05,436.4857744561102,214.01034466710612,5.36602435341945,True
D02_Apple_iPhone4s:whatsapp:0044,D02_Apple_iPhone4s,D04_LG_D290,D05_Apple_iPhone5c|D15_Apple_iPhone6|D19_Apple_iPhone6Plus,same_pipeline_different_device,whatsapp,whatsapp,1280x960,1280x960,prnu_python_wavelet_mle,mle_5,squared_aligned_ncc,test,44,-0.00042583827335231094,1.813382350516775e-07,3.746882372741267e-07,5.583602135271158e-07,7.339532780283741e-09,5.656997463073996e-07,-3.8436151125572206e-07,0.3205556237833963,0.324769263028572,-1.1246403087053718,False
D02_Apple_iPhone4s:whatsapp:0044,D02_Apple_iPhone4s,D05_Apple_iPhone5c,D04_LG_D290|D15_Apple_iPhone6|D19_Apple_iPhone6Plus,same_pipeline_different_device,whatsapp,whatsapp,1280x960,1280x960,prnu_python_wavelet_mle,mle_5,squared_aligned_ncc,test,44,-0.0007521301392095649,5.656997463073996e-07,2.4656773352221937e-07,1.813382350516775e-07,1.8133348306381271e-07,1.813382350516775e-07,3.8436151125572206e-07,3.119583391479394,3.119583391479394,1.1376994645336946,False
D02_Apple_iPhone4s:whatsapp:0044,D02_Apple_iPhone4s,D15_Apple_iPhone6,D04_LG_D290|D05_Apple_iPhone5c|D19_Apple_iPhone6Plus,same_pipeline_different_device,whatsapp,whatsapp,1280x960,1280x960,prnu_python_wavelet_mle,mle_5,squared_aligned_ncc,test,44,-2.1799054715215827e-06,4.751987864769734e-12,4.351327316287309e-07,5.583602135271158e-07,7.339532780283741e-09,1.813382350516775e-07,-1.8133348306381271e-07,2.6205107066446963e-05,8.510613309554804e-06,-11.674196548697973,False
D02_Apple_iPhone4s:whatsapp:0044,D02_Apple_iPhone4s,D19_Apple_iPhone6Plus,D04_LG_D290|D05_Apple_iPhone5c|D15_Apple_iPhone6,same_pipeline_different_device,whatsapp,whatsapp,1280x960,1280x960,prnu_python_wavelet_mle,mle_5,squared_aligned_ncc,test,44,-0.0007472350457032351,5.583602135271158e-07,2.490142444489806e-07,1.813382350516775e-07,1.8133348306381271e-07,1.813382350516775e-07,3.770219784754383e-07,3.0791091209639,3.0791091209639,1.1246403087053718,False
D02_Apple_iPhone4s:whatsapp:0045,D02_Apple_iPhone4s,D02_Apple_iPhone4s,D04_LG_D290|D05_Apple_iPhone5c|D15_Apple_iPhone6|D19_Apple_iPhone6Plus,same_pipeline_different_device,whatsapp,whatsapp,1280x960,1280x960,prnu_python_wavelet_mle,mle_5,squared_aligned_ncc,test,45,0.006121697943098727,3.7475185706539186e-05,1.4028911739663815e-07,8.654204508172795e-08,5.616343972366858e-08,2.133350177254539e-08,3.745385220476664e-05,1756.635460324049,433.0286587421021,6.07080391228363,True
D02_Apple_iPhone4s:whatsapp:0045,D02_Apple_iPhone4s,D04_LG_D290,D05_Apple_iPhone5c|D15_Apple_iPhone6|D19_Apple_iPhone6Plus,same_pipeline_different_device,whatsapp,whatsapp,1280x960,1280x960,prnu_python_wavelet_mle,mle_5,squared_aligned_ncc,test,45,0.0001460599252791312,2.133350177254539e-08,1.7994098927133575e-07,1.3366038121988255e-07,9.423667227630921e-08,3.942370894357333e-08,-1.809020717102794e-08,0.5411338086703047,0.159609763026562,-1.835023423991725,False
D02_Apple_iPhone4s:whatsapp:0045,D02_Apple_iPhone4s,D05_Apple_iPhone5c,D04_LG_D290|D15_Apple_iPhone6|D19_Apple_iPhone6Plus,same_pipeline_different_device,whatsapp,whatsapp,1280x960,1280x960,prnu_python_wavelet_mle,mle_5,squared_aligned_ncc,test,45,-0.00019855404539714956,3.942370894357333e-08,1.7391092021432642e-07,1.3366038121988255e-07,1.1232687944733717e-07,2.133350177254539e-08,1.809020717102794e-08,1.8479717659061803,0.2949543356360627,-1.220934729078241,False
D02_Apple_iPhone4s:whatsapp:0045,D02_Apple_iPhone4s,D15_Apple_iPhone6,D04_LG_D290|D05_Apple_iPhone5c|D19_Apple_iPhone6Plus,same_pipeline_different_device,whatsapp,whatsapp,1280x960,1280x960,prnu_python_wavelet_mle,mle_5,squared_aligned_ncc,test,45,-0.0003655959261532909,1.3366038121988255e-07,1.4249869612222335e-07,3.942370894357333e-08,1.809020717102794e-08,2.133350177254539e-08,1.1232687944733717e-07,6.265280901604883,3.390355316674771,1.220934729078241,False
D02_Apple_iPhone4s:whatsapp:0045,D02_Apple_iPhone4s,D19_Apple_iPhone6Plus,D04_LG_D290|D05_Apple_iPhone5c|D15_Apple_iPhone6,same_pipeline_different_device,whatsapp,whatsapp,1280x960,1280x960,prnu_python_wavelet_mle,mle_5,squared_aligned_ncc,test,45,-0.0006055896941416286,3.6673887765055134e-07,6.480586397866709e-08,3.942370894357333e-08,1.809020717102794e-08,2.133350177254539e-08,3.4540537587800595e-07,17.190749158795704,9.302495566194956,2.2302827046134226,False
D02_Apple_iPhone4s:whatsapp:0046,D02_Apple_iPhone4s,D02_Apple_iPhone4s,D04_LG_D290|D05_Apple_iPhone5c|D15_Apple_iPhone6|D19_Apple_iPhone6Plus,same_pipeline_different_device,whatsapp,whatsapp,1280x960,1280x960,prnu_python_wavelet_mle,mle_5,squared_aligned_ncc,test,46,0.009464415258874627,8.957515619241887e-05,8.700334371437402e-07,7.284741597054958e-07,7.11492083881387e-07,1.614782736226842e-08,8.95590083650566e-05,5547.195556581397,122.96270910780405,4.811881131419346,True
D02_Apple_iPhone4s:whatsapp:0046,D02_Apple_iPhone4s,D04_LG_D290,D05_Apple_iPhone5c|D15_Apple_iPhone6|D19_Apple_iPhone6Plus,same_pipeline_different_device,whatsapp,whatsapp,1280x960,1280x960,prnu_python_wavelet_mle,mle_5,squared_aligned_ncc,test,46,0.00012707410185505314,1.614782736226842e-08,1.154661973737564e-06,1.4391319951250422e-06,5.679056066766583e-07,2.0070376018017005e-06,-1.990889774439432e-06,0.008045602806730005,0.011220532527223383,-4.490009917694513,False
D02_Apple_iPhone4s:whatsapp:0046,D02_Apple_iPhone4s,D05_Apple_iPhone5c,D04_LG_D290|D15_Apple_iPhone6|D19_Apple_iPhone6Plus,same_pipeline_different_device,whatsapp,whatsapp,1280x960,1280x960,prnu_python_wavelet_mle,mle_5,squared_aligned_ncc,test,46,-0.0014166995453524013,2.0070376018017005e-06,4.9103204892442e-07,1.78163242859495e-08,1.6684969236810825e-09,1.614782736226842e-08,1.990889774439432e-06,124.29149487264245,112.65160925390833,4.7242999522081615,False
D02_Apple_iPhone4s:whatsapp:0046,D02_Apple_iPhone4s,D15_Apple_iPhone6,D04_LG_D290|D05_Apple_iPhone5c|D19_Apple_iPhone6Plus,same_pipeline_different_device,whatsapp,whatsapp,1280x960,1280x960,prnu_python_wavelet_mle,mle_5,squared_aligned_ncc,test,46,-0.0011996382767838988,1.4391319951250422e-06,6.803339178166395e-07,1.78163242859495e-08,1.6684969236810825e-09,1.614782736226842e-08,1.4229841677627737e-06,89.12232976231643,80.77603281278314,4.391680297921399,False
D02_Apple_iPhone4s:whatsapp:0046,D02_Apple_iPhone4s,D19_Apple_iPhone6Plus,D04_LG_D290|D05_Apple_iPhone5c|D15_Apple_iPhone6,same_pipeline_different_device,whatsapp,whatsapp,1280x960,1280x960,prnu_python_wavelet_mle,mle_5,squared_aligned_ncc,test,46,-0.00013347780446931805,1.78163242859495e-08,1.154105808096337e-06,1.4391319951250422e-06,5.679056066766583e-07,1.614782736226842e-08,1.6684969236810825e-09,1.1033264033760821,0.012379909797225716,-4.391680297921399,False
D02_Apple_iPhone4s:whatsapp:0047,D02_Apple_iPhone4s,D02_Apple_iPhone4s,D04_LG_D290|D05_Apple_iPhone5c|D15_Apple_iPhone6|D19_Apple_iPhone6Plus,same_pipeline_different_device,whatsapp,whatsapp,1280x960,1280x960,prnu_python_wavelet_mle,mle_5,squared_aligned_ncc,test,47,0.00023355924336171822,5.454992015969832e-08,1.8016722356579653e-06,7.910031153697201e-07,4.39195487928434e-07,5.298917989530152e-06,-5.2443680693704535e-06,0.01029453942625279,0.0689629649994505,-2.67418565761929,True
D02_Apple_iPhone4s:whatsapp:0047,D02_Apple_iPhone4s,D04_LG_D290,D05_Apple_iPhone5c|D15_Apple_iPhone6|D19_Apple_iPhone6Plus,same_pipeline_different_device,whatsapp,whatsapp,1280x960,1280x960,prnu_python_wavelet_mle,mle_5,squared_aligned_ncc,test,47,-0.0023019378769919383,5.298917989530152e-06,6.359236510339033e-07,3.778505325203028e-07,5.2085810158033246e-08,1.2041556982191374e-06,4.094762291311015e-06,4.4005256109047055,14.023846821614388,2.640759224970461,False
D02_Apple_iPhone4s:whatsapp:0047,D02_Apple_iPhone4s,D05_Apple_iPhone5c,D04_LG_D290|D15_Apple_iPhone6|D19_Apple_iPhone6Plus,same_pipeline_different_device,whatsapp,whatsapp,1280x960,1280x960,prnu_python_wavelet_mle,mle_5,squared_aligned_ncc,test,47,0.0010973402836946876,1.2041556982191374e-06,2.000844414804241e-06,3.778505325203028e-07,5.2085810158033246e-08,5.298917989530152e-06,-4.094762291311015e-06,0.22724558119192712,3.1868572215243214,1.159035234156871,False
D02_Apple_iPhone4s:whatsapp:0047,D02_Apple_iPhone4s,D15_Apple_iPhone6,D04_LG_D290|D05_Apple_iPhone5c|D19_Apple_iPhone6Plus,same_pipeline_different_device,whatsapp,whatsapp,1280x960,1280x960,prnu_python_wavelet_mle,mle_5,squared_aligned_ncc,test,47,-0.0005707580243520625,3.2576472236226954e-07,2.2936414067565304e-06,1.2041556982191374e-06,8.263051656988346e-07,5.298917989530152e-06,-4.973153267167883e-06,0.061477592785155494,0.2705337215478471,-1.3073585247026465,False
D02_Apple_iPhone4s:whatsapp:0047,D02_Apple_iPhone4s,D19_Apple_iPhone6Plus,D04_LG_D290|D05_Apple_iPhone5c|D15_Apple_iPhone6,same_pipeline_different_device,whatsapp,whatsapp,1280x960,1280x960,prnu_python_wavelet_mle,mle_5,squared_aligned_ncc,test,47,-0.0006146954795020887,3.778505325203028e-07,2.276279470037186e-06,1.2041556982191374e-06,8.78390975856868e-07,5.298917989530152e-06,-4.9210674570098495e-06,0.07130711086053368,0.3137887675813995,-1.159035234156871,False
D02_Apple_iPhone4s:whatsapp:0048,D02_Apple_iPhone4s,D02_Apple_iPhone4s,D04_LG_D290|D05_Apple_iPhone5c|D15_Apple_iPhone6|D19_Apple_iPhone6Plus,same_pipeline_different_device,whatsapp,whatsapp,1280x960,1280x960,prnu_python_wavelet_mle,mle_5,squared_aligned_ncc,test,48,0.009751191834911061,9.508574220123615e-05,1.2553144840122264e-06,7.859337966959032e-07,4.825054931291462e-07,5.866881812506649e-08,9.50270733831111e-05,1620.7202606082565,120.98441700939746,4.795661752256933,True
D02_Apple_iPhone4s:whatsapp:0048,D02_Apple_iPhone4s,D04_LG_D290,D05_Apple_iPhone5c|D15_Apple_iPhone6|D19_Apple_iPhone6Plus,same_pipeline_different_device,whatsapp,whatsapp,1280x960,1280x960,prnu_python_wavelet_mle,mle_5,squared_aligned_ncc,test,48,-0.00024221646955784507,5.866881812506649e-08,1.6541963726412795e-06,1.023679804383359e-06,4.754920153749116e-07,1.023679804383359e-06,-9.650109862582924e-07,0.05731168855129191,0.05731168855129191,-2.859250687385563,False
D02_Apple_iPhone4s:whatsapp:0048,D02_Apple_iPhone4s,D05_Apple_iPhone5c,D04_LG_D290|D15_Apple_iPhone6|D19_Apple_iPhone6Plus,same_pipeline_different_device,whatsapp,whatsapp,1280x960,1280x960,prnu_python_wavelet_mle,mle_5,squared_aligned_ncc,test,48,-0.0010117706283458514,1.023679804383359e-06,1.3325260438885156e-06,5.481877890084473e-07,4.895189708833809e-07,5.866881812506649e-08,9.650109862582924e-07,17.448447695011392,1.8673889220242819,0.624541156750789,False
D02_Apple_iPhone4s:whatsapp:0048,D02_Apple_iPhone4s,D15_Apple_iPhone6,D04_LG_D290|D05_Apple_iPhone5c|D19_Apple_iPhone6Plus,same_pipeline_different_device,whatsapp,whatsapp,1280x960,1280x960,prnu_python_wavelet_mle,mle_5,squared_aligned_ncc,test,48,0.0018413911926942717,3.3907215245320326e-06,5.435121371722909e-07,5.481877890084473e-07,4.754920153749116e-07,5.866881812506649e-08,3.332052706406966e-06,57.79427015734161,6.185328444956995,1.8221801079037103,False
D02_Apple_iPhone4s:whatsapp:0048,D02_Apple_iPhone4s,D19_Apple_iPhone6Plus,D04_LG_D290|D05_Apple_iPhone5c|D15_Apple_iPhone6,same_pipeline_different_device,whatsapp,whatsapp,1280x960,1280x960,prnu_python_wavelet_mle,mle_5,squared_aligned_ncc,test,48,0.0007403970482170004,5.481877890084473e-07,1.4910233823468194e-06,1.023679804383359e-06,9.650109862582924e-07,5.866881812506649e-08,4.895189708833809e-07,9.343767379800546,0.5355070859668497,-0.624541156750789,False
D02_Apple_iPhone4s:whatsapp:0049,D02_Apple_iPhone4s,D02_Apple_iPhone4s,D04_LG_D290|D05_Apple_iPhone5c|D15_Apple_iPhone6|D19_Apple_iPhone6Plus,same_pipeline_different_device,whatsapp,whatsapp,1280x960,1280x960,prnu_python_wavelet_mle,mle_5,squared_aligned_ncc,test,49,0.0062734141853998315,3.935572554157583e-05,4.1653594395815403e-07,3.127936264999887e-07,1.9837532487097847e-07,4.0697115771738716e-07,3.894875438385845e-05,96.7039673334925,125.8201005626221,4.83485311339941,True
D02_Apple_iPhone4s:whatsapp:0049,D02_Apple_iPhone4s,D04_LG_D290,D05_Apple_iPhone5c|D15_Apple_iPhone6|D19_Apple_iPhone6Plus,same_pipeline_different_device,whatsapp,whatsapp,1280x960,1280x960,prnu_python_wavelet_mle,mle_5,squared_aligned_ncc,test,49,0.0006379429110174257,4.0697115771738716e-07,4.197242060384097e-07,2.1861609528259023e-07,2.0839558730716003e-07,1.0220507975430213e-08,3.9675064974195695e-07,39.81907344485551,1.8615791174539233,0.6214251154172032,False
D02_Apple_iPhone4s:whatsapp:0049,D02_Apple_iPhone4s,D05_Apple_iPhone5c,D04_LG_D290|D15_Apple_iPhone6|D19_Apple_iPhone6Plus,same_pipeline_different_device,whatsapp,whatsapp,1280x960,1280x960,prnu_python_wavelet_mle,mle_5,squared_aligned_ncc,test,49,-0.00010109652800878086,1.0220507975430213e-08,5.519744226190619e-07,4.0697115771738716e-07,1.8835506243479692e-07,4.0697115771738716e-07,-3.9675064974195695e-07,0.02511359289625049,0.02511359289625049,-3.6843460297780766,False
D02_Apple_iPhone4s:whatsapp:0049,D02_Apple_iPhone4s,D15_Apple_iPhone6,D04_LG_D290|D05_Apple_iPhone5c|D19_Apple_iPhone6Plus,same_pipeline_different_device,whatsapp,whatsapp,1280x960,1280x960,prnu_python_wavelet_mle,mle_5,squared_aligned_ncc,test,49,-0.001015054685648615,1.0303360148572085e-06,2.1193592032513585e-07,2.1861609528259023e-07,1.8835506243479692e-07,4.0697115771738716e-07,6.233648571398214e-07,2.5317175316210108,4.712992488157666,1.5503230540845347,False
D02_Apple_iPhone4s:whatsapp:0049,D02_Apple_iPhone4s,D19_Apple_iPhone6Plus,D04_LG_D290|D05_Apple_iPhone5c|D15_Apple_iPhone6,same_pipeline_different_device,whatsapp,whatsapp,1280x960,1280x960,prnu_python_wavelet_mle,mle_5,squared_aligned_ncc,test,49,-0.00046756400126890676,2.1861609528259023e-07,4.825092268500086e-07,4.0697115771738716e-07,3.9675064974195695e-07,4.0697115771738716e-07,-1.8835506243479692e-07,0.5371783506938439,0.5371783506938439,-0.6214251154172032,False
D02_Apple_iPhone4s:whatsapp:0050,D02_Apple_iPhone4s,D02_Apple_iPhone4s,D04_LG_D290|D05_Apple_iPhone5c|D15_Apple_iPhone6|D19_Apple_iPhone6Plus,same_pipeline_different_device,whatsapp,whatsapp,1280x960,1280x960,prnu_python_wavelet_mle,mle_5,squared_aligned_ncc,test,50,-0.00070556670048639,4.978243688352512e-07,4.818727224467634e-07,3.097473831141251e-07,1.808231987723805e-07,3.7647109656617225e-08,4.6017725917863395e-07,13.22344194218237,1.6071947528022534,0.4744902697062976,True
D02_Apple_iPhone4s:whatsapp:0050,D02_Apple_iPhone4s,D04_LG_D290,D05_Apple_iPhone5c|D15_Apple_iPhone6|D19_Apple_iPhone6Plus,same_pipeline_different_device,whatsapp,whatsapp,1280x960,1280x960,prnu_python_wavelet_mle,mle_5,squared_aligned_ncc,test,50,0.00019402863102289112,3.7647109656617225e-08,6.299479267101454e-07,3.992935072013782e-07,1.7909224817450618e-07,2.2020125902687203e-07,-1.825541493702548e-07,0.17096682291004975,0.09428430209267195,-2.3614405709341426,False
D02_Apple_iPhone4s:whatsapp:0050,D02_Apple_iPhone4s,D05_Apple_iPhone5c,D04_LG_D290|D15_Apple_iPhone6|D19_Apple_iPhone6Plus,same_pipeline_different_device,whatsapp,whatsapp,1280x960,1280x960,prnu_python_wavelet_mle,mle_5,squared_aligned_ncc,test,50,0.00046925606978159807,2.2020125902687203e-07,5.690965435867272e-07,3.992935072013782e-07,3.61646397544761e-07,3.7647109656617225e-08,1.825541493702548e-07,5.849088045147373,0.5514771842153109,-0.5951548115608389,False
D02_Apple_iPhone4s:whatsapp:0050,D02_Apple_iPhone4s,D15_Apple_iPhone6,D04_LG_D290|D05_Apple_iPhone5c|D19_Apple_iPhone6Plus,same_pipeline_different_device,whatsapp,whatsapp,1280x960,1280x960,prnu_python_wavelet_mle,mle_5,squared_aligned_ncc,test,50,0.0006318967535930045,3.992935072013782e-07,5.093991275285585e-07,2.2020125902687203e-07,1.825541493702548e-07,3.7647109656617225e-08,3.61646397544761e-07,10.606219463947467,1.8133116448378293,0.5951548115608389,False
D02_Apple_iPhone4s:whatsapp:0050,D02_Apple_iPhone4s,D19_Apple_iPhone6Plus,D04_LG_D290|D05_Apple_iPhone5c|D15_Apple_iPhone6,same_pipeline_different_device,whatsapp,whatsapp,1280x960,1280x960,prnu_python_wavelet_mle,mle_5,squared_aligned_ncc,test,50,-0.0011270976062001845,1.2703490139021862e-06,2.190472919616225e-07,2.2020125902687203e-07,1.7909224817450618e-07,3.7647109656617225e-08,1.232701904245569e-06,33.743600119349324,5.76903610595233,1.7525050138705822,False
D04_LG_D290:whatsapp:0041,D04_LG_D290,D02_Apple_iPhone4s,D05_Apple_iPhone5c|D15_Apple_iPhone6|D19_Apple_iPhone6Plus,same_pipeline_different_device,whatsapp,whatsapp,1280x960,1280x960,prnu_python_wavelet_mle,mle_5,squared_aligned_ncc,test,41,-0.0011389076511000228,1.2971106377341713e-06,1.6453276961575385e-07,9.913375999485333e-08,9.903371792741306e-08,3.9436450678496796e-07,9.027461309492033e-07,3.2891160726120736,13.084449109985464,2.5714244342158636,False
D04_LG_D290:whatsapp:0041,D04_LG_D290,D04_LG_D290,D02_Apple_iPhone4s|D05_Apple_iPhone5c|D15_Apple_iPhone6|D19_Apple_iPhone6Plus,same_pipeline_different_device,whatsapp,whatsapp,1280x960,1280x960,prnu_python_wavelet_mle,mle_5,squared_aligned_ncc,test,41,0.004270066516644204,1.8233468056565968e-05,4.476772366453582e-07,2.4674913338991064e-07,1.9713223235876384e-07,1.2971106377341713e-06,1.6936357418831797e-05,14.056987527614988,73.89476026144179,4.302641922347608,True
D04_LG_D290:whatsapp:0041,D04_LG_D290,D05_Apple_iPhone5c,D02_Apple_iPhone4s|D15_Apple_iPhone6|D19_Apple_iPhone6Plus,same_pipeline_different_device,whatsapp,whatsapp,1280x960,1280x960,prnu_python_wavelet_mle,mle_5,squared_aligned_ncc,test,41,-0.0006279844797325552,3.9436450678496796e-07,4.654481465988216e-07,9.913375999485333e-08,9.903371792741306e-08,1.2971106377341713e-06,-9.027461309492033e-07,0.30403305262676344,3.9781050048484183,1.3808055764756642,False
D04_LG_D290:whatsapp:0041,D04_LG_D290,D15_Apple_iPhone6,D02_Apple_iPhone4s|D05_Apple_iPhone5c|D19_Apple_iPhone6Plus,same_pipeline_different_device,whatsapp,whatsapp,1280x960,1280x960,prnu_python_wavelet_mle,mle_5,squared_aligned_ncc,test,41,-0.0003148551412869946,9.913375999485333e-08,5.638583955288598e-07,3.9436450678496796e-07,3.942644647175277e-07,1.2971106377341713e-06,-1.197976877739318e-06,0.07642660318322801,0.25137596890510033,-1.3808055764756642,False
D04_LG_D290:whatsapp:0041,D04_LG_D290,D19_Apple_iPhone6Plus,D02_Apple_iPhone4s|D05_Apple_iPhone5c|D15_Apple_iPhone6,same_pipeline_different_device,whatsapp,whatsapp,1280x960,1280x960,prnu_python_wavelet_mle,mle_5,squared_aligned_ncc,test,41,-1.0002103150851677e-05,1.0004206744027705e-10,5.968696348379975e-07,3.9436450678496796e-07,2.9523074679011465e-07,1.2971106377341713e-06,-1.297010595666731e-06,7.712685759407023e-05,0.00025367918694271894,-8.279440132790095,False
D04_LG_D290:whatsapp:0042,D04_LG_D290,D02_Apple_iPhone4s,D05_Apple_iPhone5c|D15_Apple_iPhone6|D19_Apple_iPhone6Plus,same_pipeline_different_device,whatsapp,whatsapp,1280x960,1280x960,prnu_python_wavelet_mle,mle_5,squared_aligned_ncc,test,42,-0.0005488907033768693,3.012810042535544e-07,5.913126959997873e-07,2.6711676483677335e-07,2.6548251141425387e-07,1.5051870697400692e-06,-1.2039060654865149e-06,0.20016183390784947,1.1279000194452704,0.12035751390397742,False
D04_LG_D290:whatsapp:0042,D04_LG_D290,D04_LG_D290,D02_Apple_iPhone4s|D05_Apple_iPhone5c|D15_Apple_iPhone6|D19_Apple_iPhone6Plus,same_pipeline_different_device,whatsapp,whatsapp,1280x960,1280x960,prnu_python_wavelet_mle,mle_5,squared_aligned_ncc,test,42,0.0063713889355231645,4.0594596967707e-05,5.188047730632291e-07,2.841988845451639e-07,1.4982337541551748e-07,3.012810042535544e-07,4.029331596345345e-05,134.73998159387136,142.83869211054503,4.961715966359385,True
D04_LG_D290:whatsapp:0042,D04_LG_D290,D05_Apple_iPhone5c,D02_Apple_iPhone4s|D15_Apple_iPhone6|D19_Apple_iPhone6Plus,same_pipeline_different_device,whatsapp,whatsapp,1280x960,1280x960,prnu_python_wavelet_mle,mle_5,squared_aligned_ncc,test,42,-0.0012268606562034945,1.5051870697400692e-06,1.900106741709491e-07,2.6711676483677335e-07,3.4164239416781034e-08,3.012810042535544e-07,1.2039060654865149e-06,4.99595742343358,5.634940475038478,1.7289865840000065,False
D04_LG_D290:whatsapp:0042,D04_LG_D290,D15_Apple_iPhone6,D02_Apple_iPhone4s|D05_Apple_iPhone5c|D19_Apple_iPhone6Plus,same_pipeline_different_device,whatsapp,whatsapp,1280x960,1280x960,prnu_python_wavelet_mle,mle_5,squared_aligned_ncc,test,42,-4.042590039219231e-05,1.6342534225194544e-09,6.91194946276799e-07,3.012810042535544e-07,3.4164239416781034e-08,3.012810042535544e-07,-2.996467508310349e-07,0.005424349359722948,0.005424349359722948,-5.216857320439857,False
D04_LG_D290:whatsapp:0042,D04_LG_D290,D19_Apple_iPhone6Plus,D02_Apple_iPhone4s|D05_Apple_iPhone5c|D15_Apple_iPhone6,same_pipeline_different_device,whatsapp,whatsapp,1280x960,1280x960,prnu_python_wavelet_mle,mle_5,squared_aligned_ncc,test,42,-0.0005168334014329698,2.6711676483677335e-07,6.02700775805381e-07,3.012810042535544e-07,2.996467508310349e-07,3.012810042535544e-07,-3.4164239416781034e-08,0.8866034070039516,0.8866034070039516,-0.12035751390397742,False
D04_LG_D290:whatsapp:0043,D04_LG_D290,D02_Apple_iPhone4s,D05_Apple_iPhone5c|D15_Apple_iPhone6|D19_Apple_iPhone6Plus,same_pipeline_different_device,whatsapp,whatsapp,1280x960,1280x960,prnu_python_wavelet_mle,mle_5,squared_aligned_ncc,test,43,-0.0004013053640748913,1.6104599523528106e-07,2.439720005683879e-06,1.0845697956401784e-06,3.75482891186528e-08,1.0470215065215256e-06,-8.859755112862445e-07,0.15381345486428186,0.14848836458719747,-1.9072486767573,False
D04_LG_D290:whatsapp:0043,D04_LG_D290,D04_LG_D290,D02_Apple_iPhone4s|D05_Apple_iPhone5c|D15_Apple_iPhone6|D19_Apple_iPhone6Plus,same_pipeline_different_device,whatsapp,whatsapp,1280x960,1280x960,prnu_python_wavelet_mle,mle_5,squared_aligned_ncc,test,43,0.002936225001328678,8.621417258427594e-06,1.8700515030717293e-06,1.0657956510808519e-06,4.6176190020244864e-07,1.6104599523528106e-07,8.460371263192314e-06,53.53388170772012,8.089184122382544,2.090527875846556,True
D04_LG_D290:whatsapp:0043,D04_LG_D290,D05_Apple_iPhone5c,D02_Apple_iPhone4s|D15_Apple_iPhone6|D19_Apple_iPhone6Plus,same_pipeline_different_device,whatsapp,whatsapp,1280x960,1280x960,prnu_python_wavelet_mle,mle_5,squared_aligned_ncc,test,43,0.0010232406884606992,1.0470215065215256e-06,2.1443948352551307e-06,1.0845697956401784e-06,9.235238004048973e-07,1.6104599523528106e-07,8.859755112862445e-07,6.501381825681996,0.9653795548524478,-0.03523393388299567,False
D04_LG_D290:whatsapp:0043,D04_LG_D290,D15_Apple_iPhone6,D02_Apple_iPhone4s|D05_Apple_iPhone5c|D19_Apple_iPhone6Plus,same_pipeline_different_device,whatsapp,whatsapp,1280x960,1280x960,prnu_python_wavelet_mle,mle_5,squared_aligned_ncc,test,43,0.0010414268076250862,1.0845697956401784e-06,2.1318787388822463e-06,1.0470215065215256e-06,8.859755112862445e-07,1.6104599523528106e-07,9.235238004048973e-07,6.734534404631857,1.0358620036787953,0.03523393388299567,False
D04_LG_D290:whatsapp:0043,D04_LG_D290,D19_Apple_iPhone6Plus,D02_Apple_iPhone4s|D05_Apple_iPhone5c|D15_Apple_iPhone6,same_pipeline_different_device,whatsapp,whatsapp,1280x960,1280x960,prnu_python_wavelet_mle,mle_5,squared_aligned_ncc,test,43,-0.002277623479614208,5.1875687148899325e-06,7.642124324656616e-07,1.0470215065215256e-06,3.75482891186528e-08,1.6104599523528106e-07,5.0265227196546514e-06,32.21172129931654,4.95459614017325,1.6003156589452114,False
D04_LG_D290:whatsapp:0044,D04_LG_D290,D02_Apple_iPhone4s,D05_Apple_iPhone5c|D15_Apple_iPhone6|D19_Apple_iPhone6Plus,same_pipeline_different_device,whatsapp,whatsapp,1280x960,1280x960,prnu_python_wavelet_mle,mle_5,squared_aligned_ncc,test,44,0.0005963288917494789,3.556081471351617e-07,4.6237213722314644e-07,4.4328683062746727e-07,1.8669611575123896e-07,6.872388661657437e-07,-3.3163071903058205e-07,0.5174447555901159,0.8022077863937499,-0.22038761939342777,False
D04_LG_D290:whatsapp:0044,D04_LG_D290,D04_LG_D290,D02_Apple_iPhone4s|D05_Apple_iPhone5c|D15_Apple_iPhone6|D19_Apple_iPhone6Plus,same_pipeline_different_device,whatsapp,whatsapp,1280x960,1280x960,prnu_python_wavelet_mle,mle_5,squared_aligned_ncc,test,44,0.006583011692306627,4.333604294104576e-05,4.3568113970115026e-07,3.994474888813145e-07,9.334805787561948e-08,3.556081471351617e-07,4.29804347939106e-05,121.86459531416286,108.48996212846878,4.686657653755754,True
D04_LG_D290:whatsapp:0044,D04_LG_D290,D05_Apple_iPhone5c,D02_Apple_iPhone4s|D15_Apple_iPhone6|D19_Apple_iPhone6Plus,same_pipeline_different_device,whatsapp,whatsapp,1280x960,1280x960,prnu_python_wavelet_mle,mle_5,squared_aligned_ncc,test,44,-0.000828998713006084,6.872388661657437e-07,3.518285642129524e-07,3.556081471351617e-07,8.76786834923056e-08,3.556081471351617e-07,3.3163071903058205e-07,1.9325734567732888,1.9325734567732888,0.6588525120239339,False
D04_LG_D290:whatsapp:0044,D04_LG_D290,D15_Apple_iPhone6,D02_Apple_iPhone4s|D05_Apple_iPhone5c|D19_Apple_iPhone6Plus,same_pipeline_different_device,whatsapp,whatsapp,1280x960,1280x960,prnu_python_wavelet_mle,mle_5,squared_aligned_ncc,test,44,-0.000665797890224554,4.4328683062746727e-07,4.331459093923779e-07,3.556081471351617e-07,9.901743225893336e-08,3.556081471351617e-07,8.76786834923056e-08,1.2465598277167147,1.2465598277167147,0.22038761939342777,False
D04_LG_D290:whatsapp:0044,D04_LG_D290,D19_Apple_iPhone6Plus,D02_Apple_iPhone4s|D05_Apple_iPhone5c|D15_Apple_iPhone6,same_pipeline_different_device,whatsapp,whatsapp,1280x960,1280x960,prnu_python_wavelet_mle,mle_5,squared_aligned_ncc,test,44,-0.0005065478406589335,2.565907148762283e-07,4.953779479761243e-07,4.4328683062746727e-07,8.76786834923056e-08,3.556081471351617e-07,-9.901743225893336e-08,0.7215546576853363,0.5788367647038537,-0.5467347674033185,False
D04_LG_D290:whatsapp:0045,D04_LG_D290,D02_Apple_iPhone4s,D05_Apple_iPhone5c|D15_Apple_iPhone6|D19_Apple_iPhone6Plus,same_pipeline_different_device,whatsapp,whatsapp,1280x960,1280x960,prnu_python_wavelet_mle,mle_5,squared_aligned_ncc,test,45,0.0017541092133999262,3.076899132534508e-06,2.6945622944338073e-07,2.2925832268349484e-07,2.2469212315808727e-07,5.745441661212397e-07,2.502354966413268e-06,5.355374423704832,13.421101125224386,2.5968281792374714,False
D04_LG_D290:whatsapp:0045,D04_LG_D290,D04_LG_D290,D02_Apple_iPhone4s|D05_Apple_iPhone5c|D15_Apple_iPhone6|D19_Apple_iPhone6Plus,same_pipeline_different_device,whatsapp,whatsapp,1280x960,1280x960,prnu_python_wavelet_mle,mle_5,squared_aligned_ncc,test,45,0.0035687885846697838,1.2736251962069359e-05,9.713169552161625e-07,4.019012444023673e-07,2.849889832979161e-07,3.076899132534508e-06,9.65935282953485e-06,4.139314099509734,31.690003799337177,3.45600129359355,True
D04_LG_D290:whatsapp:0045,D04_LG_D290,D05_Apple_iPhone5c,D02_Apple_iPhone4s|D15_Apple_iPhone6|D19_Apple_iPhone6Plus,same_pipeline_different_device,whatsapp,whatsapp,1280x960,1280x960,prnu_python_wavelet_mle,mle_5,squared_aligned_ncc,test,45,-0.0007579869168536089,5.745441661212397e-07,1.1035745515811368e-06,2.2925832268349484e-07,2.2469212315808727e-07,3.076899132534508e-06,-2.502354966413268e-06,0.18672830709532404,2.506099492468298,0.9187275573890155,False
D04_LG_D290:whatsapp:0045,D04_LG_D290,D15_Apple_iPhone6,D02_Apple_iPhone4s|D05_Apple_iPhone5c|D19_Apple_iPhone6Plus,same_pipeline_different_device,whatsapp,whatsapp,1280x960,1280x960,prnu_python_wavelet_mle,mle_5,squared_aligned_ncc,test,45,-0.00047880927589541834,2.2925832268349484e-07,1.2186698327270517e-06,5.745441661212397e-07,5.699779665958322e-07,3.076899132534508e-06,-2.847640809851013e-06,0.07450953469984238,0.3990264564536836,-0.9187275573890155,False
D04_LG_D290:whatsapp:0045,D04_LG_D290,D19_Apple_iPhone6Plus,D02_Apple_iPhone4s|D05_Apple_iPhone5c|D15_Apple_iPhone6,same_pipeline_different_device,whatsapp,whatsapp,1280x960,1280x960,prnu_python_wavelet_mle,mle_5,squared_aligned_ncc,test,45,-6.757365999712891e-05,4.5661995254075805e-09,1.2935672071130807e-06,5.745441661212397e-07,3.452858434377449e-07,3.076899132534508e-06,-3.0723329330091002e-06,0.0014840263943414695,0.007947516996359207,-4.834895726602275,False
D04_LG_D290:whatsapp:0046,D04_LG_D290,D02_Apple_iPhone4s,D05_Apple_iPhone5c|D15_Apple_iPhone6|D19_Apple_iPhone6Plus,same_pipeline_different_device,whatsapp,whatsapp,1280x960,1280x960,prnu_python_wavelet_mle,mle_5,squared_aligned_ncc,test,46,0.00020508575771077984,4.206016801580469e-08,1.1705062609240751e-06,1.513858878576226e-06,4.836770045257374e-07,1.2402109403566105e-10,4.1936146921769026e-08,339.13721164006745,0.027783414036162996,-3.5833160537367394,False
D04_LG_D290:whatsapp:0046,D04_LG_D290,D04_LG_D290,D02_Apple_iPhone4s|D05_Apple_iPhone5c|D15_Apple_iPhone6|D19_Apple_iPhone6Plus,same_pipeline_different_device,whatsapp,whatsapp,1280x960,1280x960,prnu_python_wavelet_mle,mle_5,squared_aligned_ncc,test,46,0.0047979271022904465,2.3020104478893202e-05,8.883947376970074e-07,7.779595232960154e-07,7.568674287410952e-07,4.206016801580469e-08,2.2978044310877398e-05,547.31365957081,29.590362723966553,3.3874487246663723,True
D04_LG_D290:whatsapp:0046,D04_LG_D290,D05_Apple_iPhone5c,D02_Apple_iPhone4s|D15_Apple_iPhone6|D19_Apple_iPhone6Plus,same_pipeline_different_device,whatsapp,whatsapp,1280x960,1280x960,prnu_python_wavelet_mle,mle_5,squared_aligned_ncc,test,46,-1.1136475835544252e-05,1.2402109403566105e-10,1.1844849765646647e-06,1.513858878576226e-06,4.836770045257374e-07,4.206016801580469e-08,-4.1936146921769026e-08,0.002948659025543084,8.192381455813242e-05,-9.409720833326839,False
D04_LG_D290:whatsapp:0046,D04_LG_D290,D15_Apple_iPhone6,D02_Apple_iPhone4s|D05_Apple_iPhone5c|D19_Apple_iPhone6Plus,same_pipeline_different_device,whatsapp,whatsapp,1280x960,1280x960,prnu_python_wavelet_mle,mle_5,squared_aligned_ncc,test,46,0.0012303897262966016,1.513858878576226e-06,6.799066907372679e-07,4.206016801580469e-08,4.1936146921769026e-08,4.206016801580469e-08,1.4717987105604214e-06,35.992696890972304,35.992696890972304,3.5833160537367394,False
D04_LG_D290:whatsapp:0046,D04_LG_D290,D19_Apple_iPhone6Plus,D02_Apple_iPhone4s|D05_Apple_iPhone5c|D15_Apple_iPhone6,same_pipeline_different_device,whatsapp,whatsapp,1280x960,1280x960,prnu_python_wavelet_mle,mle_5,squared_aligned_ncc,test,46,0.001413342096982172,1.9975358831019635e-06,5.186810225620221e-07,4.206016801580469e-08,4.1936146921769026e-08,4.206016801580469e-08,1.9554757150861588e-06,47.4923419790278,47.4923419790278,3.8605684765488633,False
D04_LG_D290:whatsapp:0047,D04_LG_D290,D02_Apple_iPhone4s,D05_Apple_iPhone5c|D15_Apple_iPhone6|D19_Apple_iPhone6Plus,same_pipeline_different_device,whatsapp,whatsapp,1280x960,1280x960,prnu_python_wavelet_mle,mle_5,squared_aligned_ncc,test,47,0.00027689955685655473,7.667336458735639e-08,1.361932024694331e-07,1.1407168057267451e-07,1.1402406344449092e-07,1.1407168057267451e-07,-3.739831598531812e-08,0.6721507406784295,0.6721507406784295,-0.39727264712841226,False
D04_LG_D290:whatsapp:0047,D04_LG_D290,D04_LG_D290,D02_Apple_iPhone4s|D05_Apple_iPhone5c|D15_Apple_iPhone6|D19_Apple_iPhone6Plus,same_pipeline_different_device,whatsapp,whatsapp,1280x960,1280x960,prnu_python_wavelet_mle,mle_5,squared_aligned_ncc,test,47,0.002328594826551228,5.422353866241143e-06,1.2131324299891392e-07,9.537252258001545e-08,5.701203172224546e-08,7.667336458735639e-08,5.345680501653786e-06,70.7201763666349,56.854466250401494,4.040494779123049,True
D04_LG_D290:whatsapp:0047,D04_LG_D290,D05_Apple_iPhone5c,D02_Apple_iPhone4s|D15_Apple_iPhone6|D19_Apple_iPhone6Plus,same_pipeline_different_device,whatsapp,whatsapp,1280x960,1280x960,prnu_python_wavelet_mle,mle_5,squared_aligned_ncc,test,47,0.00033774499340874693,1.1407168057267451e-07,1.2372709714099373e-07,7.667336458735639e-08,7.66257474591728e-08,7.667336458735639e-08,3.739831598531812e-08,1.4877615086619689,1.4877615086619689,0.39727264712841226,False
D04_LG_D290:whatsapp:0047,D04_LG_D290,D15_Apple_iPhone6,D02_Apple_iPhone4s|D05_Apple_iPhone5c|D19_Apple_iPhone6Plus,same_pipeline_different_device,whatsapp,whatsapp,1280x960,1280x960,prnu_python_wavelet_mle,mle_5,squared_aligned_ncc,test,47,-6.900516515710344e-06,4.761712818359123e-11,1.6173511828915734e-07,1.1407168057267451e-07,3.739831598531812e-08,7.667336458735639e-08,-7.66257474591728e-08,0.0006210387197674041,0.00041743163548164426,-7.78138977443078,False
D04_LG_D290:whatsapp:0047,D04_LG_D290,D19_Apple_iPhone6Plus,D02_Apple_iPhone4s|D05_Apple_iPhone5c|D15_Apple_iPhone6,same_pipeline_different_device,whatsapp,whatsapp,1280x960,1280x960,prnu_python_wavelet_mle,mle_5,squared_aligned_ncc,test,47,0.0005426419719367837,2.944603097074412e-07,6.35975540960715e-08,7.667336458735639e-08,3.739831598531812e-08,7.667336458735639e-08,2.177869451200848e-07,3.8404511304829105,3.8404511304829105,1.3455898415957712,False
D04_LG_D290:whatsapp:0048,D04_LG_D290,D02_Apple_iPhone4s,D05_Apple_iPhone5c|D15_Apple_iPhone6|D19_Apple_iPhone6Plus,same_pipeline_different_device,whatsapp,whatsapp,1280x960,1280x960,prnu_python_wavelet_mle,mle_5,squared_aligned_ncc,test,48,0.0003450549961892923,1.1906295039519254e-07,1.6079702971208324e-07,1.906298119766317e-07,3.2436373163974875e-08,2.2306618514060657e-07,-1.0400323474541403e-07,0.5337561599493125,0.6245767603746462,-0.47068104203854766,False
D04_LG_D290:whatsapp:0048,D04_LG_D290,D04_LG_D290,D02_Apple_iPhone4s|D05_Apple_iPhone5c|D15_Apple_iPhone6|D19_Apple_iPhone6Plus,same_pipeline_different_device,whatsapp,whatsapp,1280x960,1280x960,prnu_python_wavelet_mle,mle_5,squared_aligned_ncc,test,48,-0.000672578815676547,4.523622632968666e-07,1.503635098828606e-07,1.5484638118591213e-07,5.2001617372707015e-08,1.1906295039519254e-07,3.3329931290167403e-07,3.799353718309435,2.92136154447,1.072049789957095,True
D04_LG_D290:whatsapp:0048,D04_LG_D290,D05_Apple_iPhone5c,D02_Apple_iPhone4s|D15_Apple_iPhone6|D19_Apple_iPhone6Plus,same_pipeline_different_device,whatsapp,whatsapp,1280x960,1280x960,prnu_python_wavelet_mle,mle_5,squared_aligned_ncc,test,48,0.0004722988303400788,2.2306618514060657e-07,1.2612928479694524e-07,1.1906295039519254e-07,5.036785837618109e-08,1.1906295039519254e-07,1.0400323474541403e-07,1.873514677741544,1.873514677741544,0.6278161736172567,False
D04_LG_D290:whatsapp:0048,D04_LG_D290,D15_Apple_iPhone6,D02_Apple_iPhone4s|D05_Apple_iPhone5c|D19_Apple_iPhone6Plus,same_pipeline_different_device,whatsapp,whatsapp,1280x960,1280x960,prnu_python_wavelet_mle,mle_5,squared_aligned_ncc,test,48,-0.00043661174053915647,1.906298119766317e-07,1.3694140918493684e-07,1.1906295039519254e-07,5.036785837618109e-08,1.1906295039519254e-07,7.156686158143916e-08,1.601084227661881,1.601084227661881,0.47068104203854766,False
D04_LG_D290:whatsapp:0048,D04_LG_D290,D19_Apple_iPhone6Plus,D02_Apple_iPhone4s|D05_Apple_iPhone5c|D15_Apple_iPhone6,same_pipeline_different_device,whatsapp,whatsapp,1280x960,1280x960,prnu_python_wavelet_mle,mle_5,squared_aligned_ncc,test,48,-0.0002620974857166918,6.869509201901145e-08,1.7758631583747695e-07,1.906298119766317e-07,3.2436373163974875e-08,1.1906295039519254e-07,-5.036785837618109e-08,0.576964469560005,0.36035859924906405,-1.0206556342941866,False
D04_LG_D290:whatsapp:0049,D04_LG_D290,D02_Apple_iPhone4s,D05_Apple_iPhone5c|D15_Apple_iPhone6|D19_Apple_iPhone6Plus,same_pipeline_different_device,whatsapp,whatsapp,1280x960,1280x960,prnu_python_wavelet_mle,mle_5,squared_aligned_ncc,test,49,0.0003000744342825465,9.004466610999031e-08,1.227410607730809e-07,1.0940172179965302e-07,7.981677889746126e-08,1.0940172179965302e-07,-1.9357055689662703e-08,0.8230644328878918,0.8230644328878918,-0.19472079110483875,False
D04_LG_D290:whatsapp:0049,D04_LG_D290,D04_LG_D290,D02_Apple_iPhone4s|D05_Apple_iPhone5c|D15_Apple_iPhone6|D19_Apple_iPhone6Plus,same_pipeline_different_device,whatsapp,whatsapp,1280x960,1280x960,prnu_python_wavelet_mle,mle_5,squared_aligned_ncc,test,49,0.004383850105951899,1.9218141751454478e-05,1.1456696210730824e-07,9.972319395482166e-08,3.990838944873064e-08,9.004466610999031e-08,1.9128097085344488e-05,213.42898565451236,192.7148639077988,5.261211707410798,True
D04_LG_D290:whatsapp:0049,D04_LG_D290,D05_Apple_iPhone5c,D02_Apple_iPhone4s|D15_Apple_iPhone6|D19_Apple_iPhone6Plus,same_pipeline_different_device,whatsapp,whatsapp,1280x960,1280x960,prnu_python_wavelet_mle,mle_5,squared_aligned_ncc,test,49,0.00033075931097952937,1.0940172179965302e-07,1.1628870887652664e-07,9.004466610999031e-08,6.045972320779857e-08,9.004466610999031e-08,1.9357055689662703e-08,1.2149717082188733,1.2149717082188733,0.19472079110483875,False
D04_LG_D290:whatsapp:0049,D04_LG_D290,D15_Apple_iPhone6,D02_Apple_iPhone4s|D05_Apple_iPhone5c|D19_Apple_iPhone6Plus,same_pipeline_different_device,whatsapp,whatsapp,1280x960,1280x960,prnu_python_wavelet_mle,mle_5,squared_aligned_ncc,test,49,-0.00017200274097290354,2.958494290219175e-08,1.4289430184234707e-07,1.0940172179965302e-07,1.9357055689662703e-08,9.004466610999031e-08,-6.045972320779857e-08,0.3285585274540692,0.2704248380694643,-1.3077610822661327,False
D04_LG_D290:whatsapp:0049,D04_LG_D290,D19_Apple_iPhone6Plus,D02_Apple_iPhone4s|D05_Apple_iPhone5c|D15_Apple_iPhone6,same_pipeline_different_device,whatsapp,whatsapp,1280x960,1280x960,prnu_python_wavelet_mle,mle_5,squared_aligned_ncc,test,49,0.00047878650525823914,2.2923651761739787e-07,7.634377693727836e-08,9.004466610999031e-08,1.9357055689662703e-08,9.004466610999031e-08,1.3919185150740755e-07,2.5458089581606482,2.5458089581606482,0.9344484612478539,False
D04_LG_D290:whatsapp:0050,D04_LG_D290,D02_Apple_iPhone4s,D05_Apple_iPhone5c|D15_Apple_iPhone6|D19_Apple_iPhone6Plus,same_pipeline_different_device,whatsapp,whatsapp,1280x960,1280x960,prnu_python_wavelet_mle,mle_5,squared_aligned_ncc,test,50,0.0005857565844260308,3.431107761984497e-07,5.242630662713948e-07,3.198981023091884e-07,2.9507587560412675e-07,1.2280688697999345e-06,-8.849580936014848e-07,0.2793905005134982,1.072562712068938,0.07005084290211805,False
D04_LG_D290:whatsapp:0050,D04_LG_D290,D04_LG_D290,D02_Apple_iPhone4s|D05_Apple_iPhone5c|D15_Apple_iPhone6|D19_Apple_iPhone6Plus,same_pipeline_different_device,whatsapp,whatsapp,1280x960,1280x960,prnu_python_wavelet_mle,mle_5,squared_aligned_ncc,test,50,0.007010063093066242,4.914098456876944e-05,4.789749937531585e-07,3.3150443925381907e-07,1.5914427474669403e-07,3.431107761984497e-07,4.8797873792570994e-05,143.22192125014195,148.23627906576615,4.998807480918456,True
D04_LG_D290:whatsapp:0050,D04_LG_D290,D05_Apple_iPhone5c,D02_Apple_iPhone4s|D15_Apple_iPhone6|D19_Apple_iPhone6Plus,same_pipeline_different_device,whatsapp,whatsapp,1280x960,1280x960,prnu_python_wavelet_mle,mle_5,squared_aligned_ncc,test,50,0.0011081826879174455,1.2280688697999345e-06,2.2927703507089993e-07,3.198981023091884e-07,2.3212673889261314e-08,3.431107761984497e-07,8.849580936014848e-07,3.5792197593049053,3.838937652130801,1.3451956752331728,False
D04_LG_D290:whatsapp:0050,D04_LG_D290,D15_Apple_iPhone6,D02_Apple_iPhone4s|D05_Apple_iPhone5c|D19_Apple_iPhone6Plus,same_pipeline_different_device,whatsapp,whatsapp,1280x960,1280x960,prnu_python_wavelet_mle,mle_5,squared_aligned_ncc,test,50,-0.0005655953520929856,3.198981023091884e-07,5.32000624234482e-07,3.431107761984497e-07,3.1828854949338807e-07,3.431107761984497e-07,-2.3212673889261314e-08,0.9323464155033258,0.9323464155033258,-0.07005084290211805,False
D04_LG_D290:whatsapp:0050,D04_LG_D290,D19_Apple_iPhone6Plus,D02_Apple_iPhone4s|D05_Apple_iPhone5c|D15_Apple_iPhone6,same_pipeline_different_device,whatsapp,whatsapp,1280x960,1280x960,prnu_python_wavelet_mle,mle_5,squared_aligned_ncc,test,50,0.0001575507115346092,2.4822226705061644e-08,6.303592494358575e-07,3.431107761984497e-07,2.3212673889261314e-08,3.431107761984497e-07,-3.1828854949338807e-07,0.0723446432667707,0.0723446432667707,-2.626313867805722,False
D05_Apple_iPhone5c:whatsapp:0041,D05_Apple_iPhone5c,D02_Apple_iPhone4s,D04_LG_D290|D15_Apple_iPhone6|D19_Apple_iPhone6Plus,same_pipeline_different_device,whatsapp,whatsapp,1280x960,1280x960,prnu_python_wavelet_mle,mle_5,squared_aligned_ncc,test,41,-0.00012526419802183606,1.5691119306053756e-08,5.06737857157843e-07,1.2738955077163014e-07,1.2709135517683626e-07,2.981955947938881e-10,1.539292371125987e-08,52.62022504691731,0.12317430441514826,-2.0941548176949194,False
D05_Apple_iPhone5c:whatsapp:0041,D05_Apple_iPhone5c,D04_LG_D290,D02_Apple_iPhone4s|D15_Apple_iPhone6|D19_Apple_iPhone6Plus,same_pipeline_different_device,whatsapp,whatsapp,1280x960,1280x960,prnu_python_wavelet_mle,mle_5,squared_aligned_ncc,test,41,1.7268340823422732e-05,2.981955947938881e-10,5.118688317282629e-07,1.2738955077163014e-07,1.1169843146557638e-07,1.5691119306053756e-08,-1.539292371125987e-08,0.019004099642454565,0.0023408167544955085,-6.057255370130255,False
D05_Apple_iPhone5c:whatsapp:0041,D05_Apple_iPhone5c,D05_Apple_iPhone5c,D02_Apple_iPhone4s|D04_LG_D290|D15_Apple_iPhone6|D19_Apple_iPhone6Plus,same_pipeline_different_device,whatsapp,whatsapp,1280x960,1280x960,prnu_python_wavelet_mle,mle_5,squared_aligned_ncc,test,41,0.0009100819770355507,8.282492049249367e-07,3.839761726948956e-07,7.154033503884195e-08,6.354567758841813e-08,1.5691119306053756e-08,8.12558085618883e-07,52.78458399111093,11.577373861546063,2.449052664175957,True
D05_Apple_iPhone5c:whatsapp:0041,D05_Apple_iPhone5c,D15_Apple_iPhone6,D02_Apple_iPhone4s|D04_LG_D290|D19_Apple_iPhone6Plus,same_pipeline_different_device,whatsapp,whatsapp,1280x960,1280x960,prnu_python_wavelet_mle,mle_5,squared_aligned_ncc,test,41,-0.0003569167280636061,1.2738955077163014e-07,4.6950504666931744e-07,1.5691119306053756e-08,1.539292371125987e-08,1.5691119306053756e-08,1.1169843146557638e-07,8.11857639260204,8.11857639260204,2.0941548176949194,False
D05_Apple_iPhone5c:whatsapp:0041,D05_Apple_iPhone5c,D19_Apple_iPhone6Plus,D02_Apple_iPhone4s|D04_LG_D290|D15_Apple_iPhone6,same_pipeline_different_device,whatsapp,whatsapp,1280x960,1280x960,prnu_python_wavelet_mle,mle_5,squared_aligned_ncc,test,41,-0.0011800533145189267,1.3925258251071048e-06,4.779295522415926e-08,1.5691119306053756e-08,1.539292371125987e-08,1.5691119306053756e-08,1.376834705801051e-06,88.74611160274955,88.74611160274955,4.485779614468944,False
D05_Apple_iPhone5c:whatsapp:0042,D05_Apple_iPhone5c,D02_Apple_iPhone4s,D04_LG_D290|D15_Apple_iPhone6|D19_Apple_iPhone6Plus,same_pipeline_different_device,whatsapp,whatsapp,1280x960,1280x960,prnu_python_wavelet_mle,mle_5,squared_aligned_ncc,test,42,0.0008529463263120155,7.275174355691633e-07,4.429133596101518e-07,2.8029468974774014e-07,6.471326645376721e-08,8.328639657887423e-07,-1.0534653021957898e-07,0.8735129210208857,2.595544839696803,0.9537964520738136,False
D05_Apple_iPhone5c:whatsapp:0042,D05_Apple_iPhone5c,D04_LG_D290,D02_Apple_iPhone4s|D15_Apple_iPhone6|D19_Apple_iPhone6Plus,same_pipeline_different_device,whatsapp,whatsapp,1280x960,1280x960,prnu_python_wavelet_mle,mle_5,squared_aligned_ncc,test,42,0.0009126138097731933,8.328639657887423e-07,4.077978495369588e-07,2.8029468974774014e-07,6.471326645376721e-08,7.275174355691633e-07,1.0534653021957898e-07,1.1448027567025423,2.9713868876299583,1.089028809352106,False
D05_Apple_iPhone5c:whatsapp:0042,D05_Apple_iPhone5c,D05_Apple_iPhone5c,D02_Apple_iPhone4s|D04_LG_D290|D15_Apple_iPhone6|D19_Apple_iPhone6Plus,same_pipeline_different_device,whatsapp,whatsapp,1280x960,1280x960,prnu_python_wavelet_mle,mle_5,squared_aligned_ncc,test,42,0.0007472655571367062,5.58405812882832e-07,5.140643785999047e-07,5.039060626584518e-07,2.5596800613759526e-07,7.275174355691633e-07,-1.6911162268633133e-07,0.7675497322562047,1.1081545832904975,0.10269609419883707,True
D05_Apple_iPhone5c:whatsapp:0042,D05_Apple_iPhone5c,D15_Apple_iPhone6,D02_Apple_iPhone4s|D04_LG_D290|D19_Apple_iPhone6Plus,same_pipeline_different_device,whatsapp,whatsapp,1280x960,1280x960,prnu_python_wavelet_mle,mle_5,squared_aligned_ncc,test,42,0.0005294286446233715,2.8029468974774014e-07,5.919876082172928e-07,7.275174355691633e-07,1.0534653021957898e-07,7.275174355691633e-07,-4.472227458214232e-07,0.38527556322888046,0.38527556322888046,-0.9537964520738136,False
D05_Apple_iPhone5c:whatsapp:0042,D05_Apple_iPhone5c,D19_Apple_iPhone6Plus,D02_Apple_iPhone4s|D04_LG_D290|D15_Apple_iPhone6,same_pipeline_different_device,whatsapp,whatsapp,1280x960,1280x960,prnu_python_wavelet_mle,mle_5,squared_aligned_ncc,test,42,-0.00046430746633451084,2.1558142329397292e-07,6.135586970352152e-07,7.275174355691633e-07,1.0534653021957898e-07,7.275174355691633e-07,-5.119360122751904e-07,0.2963247514821631,0.2963247514821631,-1.216299292683379,False
D05_Apple_iPhone5c:whatsapp:0043,D05_Apple_iPhone5c,D02_Apple_iPhone4s,D04_LG_D290|D15_Apple_iPhone6|D19_Apple_iPhone6Plus,same_pipeline_different_device,whatsapp,whatsapp,1280x960,1280x960,prnu_python_wavelet_mle,mle_5,squared_aligned_ncc,test,43,-0.0011517358110459735,1.3264953784457264e-06,4.1121669736200455e-07,2.8598984506642337e-07,1.6260191360166475e-08,2.8598984506642337e-07,1.0405055333793031e-06,4.6382604184342195,4.6382604184342195,1.5343393861216956,False
D05_Apple_iPhone5c:whatsapp:0043,D05_Apple_iPhone5c,D04_LG_D290,D02_Apple_iPhone4s|D15_Apple_iPhone6|D19_Apple_iPhone6Plus,same_pipeline_different_device,whatsapp,whatsapp,1280x960,1280x960,prnu_python_wavelet_mle,mle_5,squared_aligned_ncc,test,43,0.0005347801838759766,2.8598984506642337e-07,7.580518751551056e-07,6.779305933133334e-07,4.082009396070765e-07,1.3264953784457264e-06,-1.0405055333793031e-06,0.2155980712134269,0.42185711618156974,-0.8630886095271944,False
D05_Apple_iPhone5c:whatsapp:0043,D05_Apple_iPhone5c,D05_Apple_iPhone5c,D02_Apple_iPhone4s|D04_LG_D290|D15_Apple_iPhone6|D19_Apple_iPhone6Plus,same_pipeline_different_device,whatsapp,whatsapp,1280x960,1280x960,prnu_python_wavelet_mle,mle_5,squared_aligned_ncc,test,43,0.00652053639389146,4.2517394864063044e-05,6.40036367632935e-07,4.819602191898783e-07,2.0410046980353824e-07,1.3264953784457264e-06,4.1190899485617314e-05,32.05242592995784,88.21764363774685,4.479806984251459,True
D05_Apple_iPhone5c:whatsapp:0043,D05_Apple_iPhone5c,D15_Apple_iPhone6,D02_Apple_iPhone4s|D04_LG_D290|D19_Apple_iPhone6Plus,same_pipeline_different_device,whatsapp,whatsapp,1280x960,1280x960,prnu_python_wavelet_mle,mle_5,squared_aligned_ncc,test,43,-0.0008233654069204835,6.779305933133334e-07,6.274049590728022e-07,2.8598984506642337e-07,1.6260191360166475e-08,1.3264953784457264e-06,-6.48564785132393e-07,0.5110689447766297,2.3704708576483853,0.8630886095271944,False
D05_Apple_iPhone5c:whatsapp:0043,D05_Apple_iPhone5c,D19_Apple_iPhone6Plus,D02_Apple_iPhone4s|D04_LG_D290|D15_Apple_iPhone6,same_pipeline_different_device,whatsapp,whatsapp,1280x960,1280x960,prnu_python_wavelet_mle,mle_5,squared_aligned_ncc,test,43,0.0005193550362769739,2.697296537062569e-07,7.634719389418277e-07,6.779305933133334e-07,3.9194074824691e-07,1.3264953784457264e-06,-1.0567657247394695e-06,0.20334006291247164,0.39787207771222427,-0.9216247381452138,False
D05_Apple_iPhone5c:whatsapp:0044,D05_Apple_iPhone5c,D02_Apple_iPhone4s,D04_LG_D290|D15_Apple_iPhone6|D19_Apple_iPhone6Plus,same_pipeline_different_device,whatsapp,whatsapp,1280x960,1280x960,prnu_python_wavelet_mle,mle_5,squared_aligned_ncc,test,44,0.00021362902906924442,4.5637362061068074e-08,1.6230387191850588e-06,9.773200663381983e-07,9.72860568681915e-07,3.887336593560694e-06,-3.841699231499626e-06,0.011740007833812377,0.04669643408843651,-3.0640874750720197,False
D05_Apple_iPhone5c:whatsapp:0044,D05_Apple_iPhone5c,D04_LG_D290,D02_Apple_iPhone4s|D15_Apple_iPhone6|D19_Apple_iPhone6Plus,same_pipeline_different_device,whatsapp,whatsapp,1280x960,1280x960,prnu_python_wavelet_mle,mle_5,squared_aligned_ncc,test,44,-0.001971632976382951,3.887336593560694e-06,3.4247230868518324e-07,4.5637362061068074e-08,4.1177864404784747e-08,4.5637362061068074e-08,3.841699231499626e-06,85.17881880111712,85.17881880111712,4.44475279730708,False
D05_Apple_iPhone5c:whatsapp:0044,D05_Apple_iPhone5c,D05_Apple_iPhone5c,D02_Apple_iPhone4s|D04_LG_D290|D15_Apple_iPhone6|D19_Apple_iPhone6Plus,same_pipeline_different_device,whatsapp,whatsapp,1280x960,1280x960,prnu_python_wavelet_mle,mle_5,squared_aligned_ncc,test,44,0.008735325451122555,7.630591073702946e-05,1.2286883799040612e-06,5.114787141996332e-07,4.864302843409575e-07,4.5637362061068074e-08,7.626027337496839e-05,1672.0052888885934,149.1868744849601,5.005199711278932,True
D05_Apple_iPhone5c:whatsapp:0044,D05_Apple_iPhone5c,D15_Apple_iPhone6,D02_Apple_iPhone4s|D04_LG_D290|D19_Apple_iPhone6Plus,same_pipeline_different_device,whatsapp,whatsapp,1280x960,1280x960,prnu_python_wavelet_mle,mle_5,squared_aligned_ncc,test,44,-6.677947032047597e-05,4.459497656283331e-09,1.6367646739866536e-06,9.773200663381983e-07,9.316827042771303e-07,4.5637362061068074e-08,-4.1177864404784747e-08,0.09771593832079968,0.004562985873186949,-5.389778072990174,False
D05_Apple_iPhone5c:whatsapp:0044,D05_Apple_iPhone5c,D19_Apple_iPhone6Plus,D02_Apple_iPhone4s|D04_LG_D290|D15_Apple_iPhone6,same_pipeline_different_device,whatsapp,whatsapp,1280x960,1280x960,prnu_python_wavelet_mle,mle_5,squared_aligned_ncc,test,44,0.0009885949961122595,9.773200663381983e-07,1.3124778177593488e-06,4.5637362061068074e-08,4.1177864404784747e-08,4.5637362061068074e-08,9.316827042771303e-07,21.414911427843506,21.414911427843506,3.0640874750720197,False
D05_Apple_iPhone5c:whatsapp:0045,D05_Apple_iPhone5c,D02_Apple_iPhone4s,D04_LG_D290|D15_Apple_iPhone6|D19_Apple_iPhone6Plus,same_pipeline_different_device,whatsapp,whatsapp,1280x960,1280x960,prnu_python_wavelet_mle,mle_5,squared_aligned_ncc,test,45,-0.0007531177914595839,5.671864078129613e-07,6.675139726676783e-07,1.6748211533333577e-07,3.811384654949864e-08,1.705691533885862e-06,-1.1385051260729007e-06,0.3325257800399654,3.386549105163279,1.2198114398373754,False
D05_Apple_iPhone5c:whatsapp:0045,D05_Apple_iPhone5c,D04_LG_D290,D02_Apple_iPhone4s|D15_Apple_iPhone6|D19_Apple_iPhone6Plus,same_pipeline_different_device,whatsapp,whatsapp,1280x960,1280x960,prnu_python_wavelet_mle,mle_5,squared_aligned_ncc,test,45,0.0013060212608858486,1.705691533885862e-06,2.880122639767114e-07,1.6748211533333577e-07,3.811384654949864e-08,5.671864078129613e-07,1.1385051260729007e-06,3.0072856302444055,10.184320460074579,2.3208493277744218,False
D05_Apple_iPhone5c:whatsapp:0045,D05_Apple_iPhone5c,D05_Apple_iPhone5c,D02_Apple_iPhone4s|D04_LG_D290|D15_Apple_iPhone6|D19_Apple_iPhone6Plus,same_pipeline_different_device,whatsapp,whatsapp,1280x960,1280x960,prnu_python_wavelet_mle,mle_5,squared_aligned_ncc,test,45,0.009640951893511194,9.294795341299707e-05,6.424320814539991e-07,3.6733426157314854e-07,2.189090695145621e-07,5.671864078129613e-07,9.238076700518412e-05,163.87549513289488,253.0337165254813,5.533522746747412,True
D05_Apple_iPhone5c:whatsapp:0045,D05_Apple_iPhone5c,D15_Apple_iPhone6,D02_Apple_iPhone4s|D04_LG_D290|D19_Apple_iPhone6Plus,same_pipeline_different_device,whatsapp,whatsapp,1280x960,1280x960,prnu_python_wavelet_mle,mle_5,squared_aligned_ncc,test,45,0.00035967800708944816,1.2936826878383713e-07,8.13453352344053e-07,5.671864078129613e-07,3.997042924796256e-07,5.671864078129613e-07,-4.378181390291242e-07,0.22808774505488214,0.22808774505488214,-1.4780248773302667,False
D05_Apple_iPhone5c:whatsapp:0045,D05_Apple_iPhone5c,D19_Apple_iPhone6Plus,D02_Apple_iPhone4s|D04_LG_D290|D15_Apple_iPhone6,same_pipeline_different_device,whatsapp,whatsapp,1280x960,1280x960,prnu_python_wavelet_mle,mle_5,squared_aligned_ncc,test,45,0.00040924578841245975,1.6748211533333577e-07,8.007487368275534e-07,5.671864078129613e-07,4.378181390291242e-07,5.671864078129613e-07,-3.997042924796256e-07,0.2952858408210756,0.2952858408210756,-1.2198114398373754,False
D05_Apple_iPhone5c:whatsapp:0046,D05_Apple_iPhone5c,D02_Apple_iPhone4s,D04_LG_D290|D15_Apple_iPhone6|D19_Apple_iPhone6Plus,same_pipeline_different_device,whatsapp,whatsapp,1280x960,1280x960,prnu_python_wavelet_mle,mle_5,squared_aligned_ncc,test,46,0.0007876885695866688,6.204532826574924e-07,1.2272433119970588e-06,9.34527846153355e-07,9.230570229426051e-07,2.7357312666270717e-06,-2.1152779839695793e-06,0.22679613682321198,0.6639216639839715,-0.4095911123931639,False
D05_Apple_iPhone5c:whatsapp:0046,D05_Apple_iPhone5c,D04_LG_D290,D02_Apple_iPhone4s|D15_Apple_iPhone6|D19_Apple_iPhone6Plus,same_pipeline_different_device,whatsapp,whatsapp,1280x960,1280x960,prnu_python_wavelet_mle,mle_5,squared_aligned_ncc,test,46,0.0016540046150561587,2.7357312666270717e-06,5.221506506738657e-07,6.204532826574924e-07,3.1407456349586266e-07,6.204532826574924e-07,2.1152779839695793e-06,4.409246180324058,4.409246180324058,1.4837037406809657,False
D05_Apple_iPhone5c:whatsapp:0046,D05_Apple_iPhone5c,D05_Apple_iPhone5c,D02_Apple_iPhone4s|D04_LG_D290|D15_Apple_iPhone6|D19_Apple_iPhone6Plus,same_pipeline_different_device,whatsapp,whatsapp,1280x960,1280x960,prnu_python_wavelet_mle,mle_5,squared_aligned_ncc,test,46,0.012328037412731502,0.00015198050644970763,1.0755458046621672e-06,7.774905644054237e-07,4.6152851147130255e-07,6.204532826574924e-07,0.00015136005316705015,244.95076534812233,195.47569244899177,5.275436036395872,True
D05_Apple_iPhone5c:whatsapp:0046,D05_Apple_iPhone5c,D15_Apple_iPhone6,D02_Apple_iPhone4s|D04_LG_D290|D19_Apple_iPhone6Plus,same_pipeline_different_device,whatsapp,whatsapp,1280x960,1280x960,prnu_python_wavelet_mle,mle_5,squared_aligned_ncc,test,46,0.00010710192907109518,1.1470823210749902e-08,1.430237465145973e-06,9.34527846153355e-07,3.1407456349586266e-07,6.204532826574924e-07,-6.089824594467425e-07,0.018487811300826204,0.012274458442266207,-4.400234725031131,False
D05_Apple_iPhone5c:whatsapp:0046,D05_Apple_iPhone5c,D19_Apple_iPhone6Plus,D02_Apple_iPhone4s|D04_LG_D290|D15_Apple_iPhone6,same_pipeline_different_device,whatsapp,whatsapp,1280x960,1280x960,prnu_python_wavelet_mle,mle_5,squared_aligned_ncc,test,46,0.0009667098045190992,9.34527846153355e-07,1.1225517908317712e-06,6.204532826574924e-07,6.089824594467425e-07,6.204532826574924e-07,3.1407456349586266e-07,1.5062017919393307,1.5062017919393307,0.4095911123931639,False
D05_Apple_iPhone5c:whatsapp:0047,D05_Apple_iPhone5c,D02_Apple_iPhone4s,D04_LG_D290|D15_Apple_iPhone6|D19_Apple_iPhone6Plus,same_pipeline_different_device,whatsapp,whatsapp,1280x960,1280x960,prnu_python_wavelet_mle,mle_5,squared_aligned_ncc,test,47,0.0030438321950957744,9.264914431901561e-06,8.07408845414155e-07,5.718872533677613e-07,5.022944942062445e-07,1.7807465237131868e-06,7.4841679081883745e-06,5.202826066779283,16.200596144330582,2.785048040594022,False
D05_Apple_iPhone5c:whatsapp:0047,D05_Apple_iPhone5c,D04_LG_D290,D02_Apple_iPhone4s|D15_Apple_iPhone6|D19_Apple_iPhone6Plus,same_pipeline_different_device,whatsapp,whatsapp,1280x960,1280x960,prnu_python_wavelet_mle,mle_5,squared_aligned_ncc,test,47,0.0013344461486748675,1.7807465237131868e-06,3.3021314814769463e-06,5.718872533677613e-07,5.022944942062445e-07,9.264914431901561e-06,-7.4841679081883745e-06,0.1922032347737183,3.113806984202967,1.1358460882547252,False
D05_Apple_iPhone5c:whatsapp:0047,D05_Apple_iPhone5c,D05_Apple_iPhone5c,D02_Apple_iPhone4s|D04_LG_D290|D15_Apple_iPhone6|D19_Apple_iPhone6Plus,same_pipeline_different_device,whatsapp,whatsapp,1280x960,1280x960,prnu_python_wavelet_mle,mle_5,squared_aligned_ncc,test,47,0.0032353680440779047,1.0467606380640487e-05,2.9217852420360067e-06,1.176316888540474e-06,8.555768822758349e-07,9.264914431901561e-06,1.2026919487389257e-06,1.1298114470002807,8.898627982488856,2.1858971055834164,True
D05_Apple_iPhone5c:whatsapp:0047,D05_Apple_iPhone5c,D15_Apple_iPhone6,D02_Apple_iPhone4s|D04_LG_D290|D19_Apple_iPhone6Plus,same_pipeline_different_device,whatsapp,whatsapp,1280x960,1280x960,prnu_python_wavelet_mle,mle_5,squared_aligned_ncc,test,47,-0.00026380439564479744,6.959275916151683e-08,3.872516069660837e-06,1.7807465237131868e-06,1.2088592703454254e-06,9.264914431901561e-06,-9.195321672740044e-06,0.007511430318437748,0.03908066545956412,-3.242127423816294,False
D05_Apple_iPhone5c:whatsapp:0047,D05_Apple_iPhone5c,D19_Apple_iPhone6Plus,D02_Apple_iPhone4s|D04_LG_D290|D15_Apple_iPhone6,same_pipeline_different_device,whatsapp,whatsapp,1280x960,1280x960,prnu_python_wavelet_mle,mle_5,squared_aligned_ncc,test,47,-0.0007562322747461664,5.718872533677613e-07,3.7050845715920887e-06,1.7807465237131868e-06,1.7111537645516698e-06,9.264914431901561e-06,-8.6930271785338e-06,0.06172612360008438,0.3211502848677589,-1.1358460882547252,False
D05_Apple_iPhone5c:whatsapp:0048,D05_Apple_iPhone5c,D02_Apple_iPhone4s,D04_LG_D290|D15_Apple_iPhone6|D19_Apple_iPhone6Plus,same_pipeline_different_device,whatsapp,whatsapp,1280x960,1280x960,prnu_python_wavelet_mle,mle_5,squared_aligned_ncc,test,48,0.0011032724849547322,1.2172101760581897e-06,4.6825340808167e-07,4.3662599323614483e-07,3.9836355223886996e-07,4.3662599323614483e-07,7.805841828220448e-07,2.787763886974713,2.787763886974713,1.0252398002784986,False
D05_Apple_iPhone5c:whatsapp:0048,D05_Apple_iPhone5c,D04_LG_D290,D02_Apple_iPhone4s|D15_Apple_iPhone6|D19_Apple_iPhone6Plus,same_pipeline_different_device,whatsapp,whatsapp,1280x960,1280x960,prnu_python_wavelet_mle,mle_5,squared_aligned_ncc,test,48,0.0006607768104558035,4.3662599323614483e-07,7.284481356890183e-07,9.298717900115903e-07,2.873383860465994e-07,1.2172101760581897e-06,-7.805841828220448e-07,0.35871043622894555,0.46955504826176364,-0.755969738513059,False
D05_Apple_iPhone5c:whatsapp:0048,D05_Apple_iPhone5c,D05_Apple_iPhone5c,D02_Apple_iPhone4s|D04_LG_D290|D15_Apple_iPhone6|D19_Apple_iPhone6Plus,same_pipeline_different_device,whatsapp,whatsapp,1280x960,1280x960,prnu_python_wavelet_mle,mle_5,squared_aligned_ncc,test,48,-0.0014007644898878357,1.9621411561307286e-06,6.554926000757999e-07,6.832488916238676e-07,3.902920914110224e-07,1.2172101760581897e-06,7.449309800725388e-07,1.6119986463512173,2.8717809574009503,1.0549323799629704,True
D05_Apple_iPhone5c:whatsapp:0048,D05_Apple_iPhone5c,D15_Apple_iPhone6,D02_Apple_iPhone4s|D04_LG_D290|D19_Apple_iPhone6Plus,same_pipeline_different_device,whatsapp,whatsapp,1280x960,1280x960,prnu_python_wavelet_mle,mle_5,squared_aligned_ncc,test,48,-0.00019560787560135416,3.8262440997274844e-08,8.612359864353082e-07,9.298717900115903e-07,2.873383860465994e-07,1.2172101760581897e-06,-1.178947735060915e-06,0.03143453920273969,0.04114808235745911,-3.1905779542217445,False
D05_Apple_iPhone5c:whatsapp:0048,D05_Apple_iPhone5c,D19_Apple_iPhone6Plus,D02_Apple_iPhone4s|D04_LG_D290|D15_Apple_iPhone6,same_pipeline_different_device,whatsapp,whatsapp,1280x960,1280x960,prnu_python_wavelet_mle,mle_5,squared_aligned_ncc,test,48,-0.0009642986000257339,9.298717900115903e-07,5.640328700972031e-07,4.3662599323614483e-07,3.9836355223886996e-07,1.2172101760581897e-06,-2.873383860465994e-07,0.7639369176347873,2.1296757509090356,0.755969738513059,False
D05_Apple_iPhone5c:whatsapp:0049,D05_Apple_iPhone5c,D02_Apple_iPhone4s,D04_LG_D290|D15_Apple_iPhone6|D19_Apple_iPhone6Plus,same_pipeline_different_device,whatsapp,whatsapp,1280x960,1280x960,prnu_python_wavelet_mle,mle_5,squared_aligned_ncc,test,49,0.0014619798927063452,2.137385206677657e-06,4.3808196760456384e-07,3.6900222266099523e-07,3.4178720060675845e-07,3.6900222266099523e-07,1.7683829840166615e-06,5.792336943838104,5.792336943838104,1.7565358273965703,False
D05_Apple_iPhone5c:whatsapp:0049,D05_Apple_iPhone5c,D04_LG_D290,D02_Apple_iPhone4s|D15_Apple_iPhone6|D19_Apple_iPhone6Plus,same_pipeline_different_device,whatsapp,whatsapp,1280x960,1280x960,prnu_python_wavelet_mle,mle_5,squared_aligned_ncc,test,49,-0.0006074555314267829,3.6900222266099523e-07,1.0275429622767844e-06,9.180286580984596e-07,8.908136360442228e-07,2.137385206677657e-06,-1.7683829840166615e-06,0.1726418904314262,0.4019506574286261,-0.9114259406114797,False
D05_Apple_iPhone5c:whatsapp:0049,D05_Apple_iPhone5c,D05_Apple_iPhone5c,D02_Apple_iPhone4s|D04_LG_D290|D15_Apple_iPhone6|D19_Apple_iPhone6Plus,same_pipeline_different_device,whatsapp,whatsapp,1280x960,1280x960,prnu_python_wavelet_mle,mle_5,squared_aligned_ncc,test,49,0.002335125987428653,5.452813377164642e-06,8.629077773728371e-07,6.435154403797274e-07,4.454068180221114e-07,2.137385206677657e-06,3.3154281704869855e-06,2.5511608109426724,8.473477146013826,2.1369409493347504,True
D05_Apple_iPhone5c:whatsapp:0049,D05_Apple_iPhone5c,D15_Apple_iPhone6,D02_Apple_iPhone4s|D04_LG_D290|D19_Apple_iPhone6Plus,same_pipeline_different_device,whatsapp,whatsapp,1280x960,1280x960,prnu_python_wavelet_mle,mle_5,squared_aligned_ncc,test,49,-0.0009581381205747215,9.180286580984596e-07,8.445341504642963e-07,3.6900222266099523e-07,3.4178720060675845e-07,2.137385206677657e-06,-1.2193565485791974e-06,0.4295101581270134,2.4878675566728456,0.9114259406114797,False
D05_Apple_iPhone5c:whatsapp:0049,D05_Apple_iPhone5c,D19_Apple_iPhone6Plus,D02_Apple_iPhone4s|D04_LG_D290|D15_Apple_iPhone6,same_pipeline_different_device,whatsapp,whatsapp,1280x960,1280x960,prnu_python_wavelet_mle,mle_5,squared_aligned_ncc,test,49,0.00016496976102982263,2.7215022054236783e-08,1.141472029145704e-06,9.180286580984596e-07,5.490264354374644e-07,2.137385206677657e-06,-2.11017018462342e-06,0.012732857871950796,0.029645068064223703,-3.5184595058489307,False
D05_Apple_iPhone5c:whatsapp:0050,D05_Apple_iPhone5c,D02_Apple_iPhone4s,D04_LG_D290|D15_Apple_iPhone6|D19_Apple_iPhone6Plus,same_pipeline_different_device,whatsapp,whatsapp,1280x960,1280x960,prnu_python_wavelet_mle,mle_5,squared_aligned_ncc,test,50,-0.0008318886326255059,6.92038697091534e-07,1.0882906758161946e-06,4.83740035009957e-07,1.5817704552471624e-07,3.255629894852407e-07,3.6647570760629324e-07,2.125667595649435,1.4306004196598894,0.35809423003747476,False
D05_Apple_iPhone5c:whatsapp:0050,D05_Apple_iPhone5c,D04_LG_D290,D02_Apple_iPhone4s|D15_Apple_iPhone6|D19_Apple_iPhone6Plus,same_pipeline_different_device,whatsapp,whatsapp,1280x960,1280x960,prnu_python_wavelet_mle,mle_5,squared_aligned_ncc,test,50,-0.0005705812733390755,3.255629894852407e-07,1.2104492450182922e-06,6.92038697091534e-07,2.08298662081577e-07,6.92038697091534e-07,-3.6647570760629324e-07,0.47044044047464506,0.47044044047464506,-0.7540859156961819,False
D05_Apple_iPhone5c:whatsapp:0050,D05_Apple_iPhone5c,D05_Apple_iPhone5c,D02_Apple_iPhone4s|D04_LG_D290|D15_Apple_iPhone6|D19_Apple_iPhone6Plus,same_pipeline_different_device,whatsapp,whatsapp,1280x960,1280x960,prnu_python_wavelet_mle,mle_5,squared_aligned_ncc,test,50,0.007685548865905601,5.906766137022287e-05,9.892276811350293e-07,5.878893660507454e-07,1.8323785380314662e-07,6.92038697091534e-07,5.837562267313134e-05,85.35311915138492,100.474110914815,4.609900091476158,True
D05_Apple_iPhone5c:whatsapp:0050,D05_Apple_iPhone5c,D15_Apple_iPhone6,D02_Apple_iPhone4s|D04_LG_D290|D19_Apple_iPhone6Plus,same_pipeline_different_device,whatsapp,whatsapp,1280x960,1280x960,prnu_python_wavelet_mle,mle_5,squared_aligned_ncc,test,50,-0.0015670255272181707,2.455569002953386e-06,5.004472405289105e-07,4.83740035009957e-07,1.5817704552471624e-07,6.92038697091534e-07,1.7635303058618519e-06,3.5483116959695025,5.076216201338064,1.6245661418012904,False
D05_Apple_iPhone5c:whatsapp:0050,D05_Apple_iPhone5c,D19_Apple_iPhone6Plus,D02_Apple_iPhone4s|D04_LG_D290|D15_Apple_iPhone6,same_pipeline_different_device,whatsapp,whatsapp,1280x960,1280x960,prnu_python_wavelet_mle,mle_5,squared_aligned_ncc,test,50,-0.0006955142234418768,4.83740035009957e-07,1.15772356317672e-06,6.92038697091534e-07,3.6647570760629324e-07,6.92038697091534e-07,-2.08298662081577e-07,0.699007204428012,0.699007204428012,-0.35809423003747476,False
D15_Apple_iPhone6:whatsapp:0041,D15_Apple_iPhone6,D02_Apple_iPhone4s,D04_LG_D290|D05_Apple_iPhone5c|D19_Apple_iPhone6Plus,same_pipeline_different_device,whatsapp,whatsapp,1280x960,1280x960,prnu_python_wavelet_mle,mle_5,squared_aligned_ncc,test,41,0.0003553470147878984,1.2627150091867088e-07,2.1622329556601546e-06,2.2591082552996164e-06,1.9153081298987704e-06,5.3174226482461526e-08,7.309727443620937e-08,2.3746748993202385,0.05589440020081021,-2.8842910791375296,False
D15_Apple_iPhone6:whatsapp:0041,D15_Apple_iPhone6,D04_LG_D290,D02_Apple_iPhone4s|D05_Apple_iPhone5c|D19_Apple_iPhone6Plus,same_pipeline_different_device,whatsapp,whatsapp,1280x960,1280x960,prnu_python_wavelet_mle,mle_5,squared_aligned_ncc,test,41,0.00023059537393985493,5.3174226482461526e-08,2.186598713805558e-06,2.2591082552996164e-06,1.9153081298987704e-06,1.2627150091867088e-07,-7.309727443620937e-08,0.4211102750470199,0.023537706242151395,-3.7491516227578554,False
D15_Apple_iPhone6:whatsapp:0041,D15_Apple_iPhone6,D05_Apple_iPhone5c,D02_Apple_iPhone4s|D04_LG_D290|D19_Apple_iPhone6Plus,same_pipeline_different_device,whatsapp,whatsapp,1280x960,1280x960,prnu_python_wavelet_mle,mle_5,squared_aligned_ncc,test,41,0.0020431388560737587,4.174416385198387e-06,8.128513275669162e-07,1.2627150091867088e-07,7.309727443620937e-08,1.2627150091867088e-07,4.048144884279716e-06,33.059054139912774,33.059054139912774,3.4982954815756315,False
D15_Apple_iPhone6:whatsapp:0041,D15_Apple_iPhone6,D15_Apple_iPhone6,D02_Apple_iPhone4s|D04_LG_D290|D05_Apple_iPhone5c|D19_Apple_iPhone6Plus,same_pipeline_different_device,whatsapp,whatsapp,1280x960,1280x960,prnu_python_wavelet_mle,mle_5,squared_aligned_ncc,test,41,0.01237069082106453,0.00015303399139037023,1.6532425919747839e-06,1.1926898781091435e-06,1.1029670144085774e-06,1.2627150091867088e-07,0.00015290771988945155,1211.9440275675233,128.30996070243,4.854448904636364,True
D15_Apple_iPhone6:whatsapp:0041,D15_Apple_iPhone6,D19_Apple_iPhone6Plus,D02_Apple_iPhone4s|D04_LG_D290|D05_Apple_iPhone5c,same_pipeline_different_device,whatsapp,whatsapp,1280x960,1280x960,prnu_python_wavelet_mle,mle_5,squared_aligned_ncc,test,41,-0.0015030330186990625,2.2591082552996164e-06,1.4512873708665066e-06,1.2627150091867088e-07,7.309727443620937e-08,1.2627150091867088e-07,2.1328367543809457e-06,17.890879880763165,17.890879880763165,2.8842910791375296,False
D15_Apple_iPhone6:whatsapp:0042,D15_Apple_iPhone6,D02_Apple_iPhone4s,D04_LG_D290|D05_Apple_iPhone5c|D19_Apple_iPhone6Plus,same_pipeline_different_device,whatsapp,whatsapp,1280x960,1280x960,prnu_python_wavelet_mle,mle_5,squared_aligned_ncc,test,42,-0.0015361095692224317,2.3596326086567245e-06,2.4673483478255066e-07,1.0959944011110753e-07,3.017413009104745e-08,7.942531002006008e-08,2.2802072986366645e-06,29.708824656281013,21.529604587985332,3.0694289455775863,False
D15_Apple_iPhone6:whatsapp:0042,D15_Apple_iPhone6,D04_LG_D290,D02_Apple_iPhone4s|D05_Apple_iPhone5c|D19_Apple_iPhone6Plus,same_pipeline_different_device,whatsapp,whatsapp,1280x960,1280x960,prnu_python_wavelet_mle,mle_5,squared_aligned_ncc,test,42,0.0002818249634437306,7.942531002006008e-08,1.0068039343281055e-06,5.511797542164843e-07,4.4158031410537676e-07,2.3596326086567245e-06,-2.2802072986366645e-06,0.03366003238329325,0.14410055778076453,-1.9372439051946682,False
D15_Apple_iPhone6:whatsapp:0042,D15_Apple_iPhone6,D05_Apple_iPhone5c,D02_Apple_iPhone4s|D04_LG_D290|D19_Apple_iPhone6Plus,same_pipeline_different_device,whatsapp,whatsapp,1280x960,1280x960,prnu_python_wavelet_mle,mle_5,squared_aligned_ncc,test,42,0.00033105806154073265,1.0959944011110753e-07,9.96745890964423e-07,5.511797542164843e-07,4.7175444419642424e-07,2.3596326086567245e-06,-2.250033168545617e-06,0.04644767143368965,0.1988451848470121,-1.6152287226228221,False
D15_Apple_iPhone6:whatsapp:0042,D15_Apple_iPhone6,D15_Apple_iPhone6,D02_Apple_iPhone4s|D04_LG_D290|D05_Apple_iPhone5c|D19_Apple_iPhone6Plus,same_pipeline_different_device,whatsapp,whatsapp,1280x960,1280x960,prnu_python_wavelet_mle,mle_5,squared_aligned_ncc,test,42,0.006875734927372103,4.727573079148466e-05,7.749592782510941e-07,3.303895971637959e-07,2.3587722209821212e-07,2.3596326086567245e-06,4.491609818282794e-05,20.035208285410782,143.0908575733605,4.963479796145219,True
D15_Apple_iPhone6:whatsapp:0042,D15_Apple_iPhone6,D19_Apple_iPhone6Plus,D02_Apple_iPhone4s|D04_LG_D290|D05_Apple_iPhone5c,same_pipeline_different_device,whatsapp,whatsapp,1280x960,1280x960,prnu_python_wavelet_mle,mle_5,squared_aligned_ncc,test,42,-0.0007424148127674207,5.511797542164843e-07,8.495524529292974e-07,1.0959944011110753e-07,3.017413009104745e-08,2.3596326086567245e-06,-1.8084528544402403e-06,0.23358710682094538,5.029038046706446,1.6152287226228221,False
D15_Apple_iPhone6:whatsapp:0043,D15_Apple_iPhone6,D02_Apple_iPhone4s,D04_LG_D290|D05_Apple_iPhone5c|D19_Apple_iPhone6Plus,same_pipeline_different_device,whatsapp,whatsapp,1280x960,1280x960,prnu_python_wavelet_mle,mle_5,squared_aligned_ncc,test,43,-0.0004540282548428632,2.0614165619565595e-07,3.231160938979688e-07,1.7452014516470556e-07,1.4814369729346255e-07,1.7452014516470556e-07,3.162151103095039e-08,1.1811911799701242,1.1811911799701242,0.16652340385173048,False
D15_Apple_iPhone6:whatsapp:0043,D15_Apple_iPhone6,D04_LG_D290,D02_Apple_iPhone4s|D05_Apple_iPhone5c|D19_Apple_iPhone6Plus,same_pipeline_different_device,whatsapp,whatsapp,1280x960,1280x960,prnu_python_wavelet_mle,mle_5,squared_aligned_ncc,test,43,-0.0004177560833365632,1.7452014516470556e-07,3.3365659757495223e-07,2.0614165619565595e-07,1.7976520832441294e-07,2.0614165619565595e-07,-3.162151103095039e-08,0.8466030029324235,0.8466030029324235,-0.16652340385173048,False
D15_Apple_iPhone6:whatsapp:0043,D15_Apple_iPhone6,D05_Apple_iPhone5c,D02_Apple_iPhone4s|D04_LG_D290|D19_Apple_iPhone6Plus,same_pipeline_different_device,whatsapp,whatsapp,1280x960,1280x960,prnu_python_wavelet_mle,mle_5,squared_aligned_ncc,test,43,-0.0008766137625305445,7.684516886579578e-07,1.3567941641053483e-07,1.7452014516470556e-07,3.162151103095039e-08,2.0614165619565595e-07,5.623100324623019e-07,3.7277845867726738,4.403226274724457,1.48233751648754,False
D15_Apple_iPhone6:whatsapp:0043,D15_Apple_iPhone6,D15_Apple_iPhone6,D02_Apple_iPhone4s|D04_LG_D290|D05_Apple_iPhone5c|D19_Apple_iPhone6Plus,same_pipeline_different_device,whatsapp,whatsapp,1280x960,1280x960,prnu_python_wavelet_mle,mle_5,squared_aligned_ncc,test,43,0.007856967287852566,6.17319349623853e-05,2.938724844723906e-07,1.9033090068018076e-07,8.988260416220648e-08,2.0614165619565595e-07,6.152579330618964e-05,299.46366058005015,324.3400558804452,5.781792520580925,True
D15_Apple_iPhone6:whatsapp:0043,D15_Apple_iPhone6,D19_Apple_iPhone6Plus,D02_Apple_iPhone4s|D04_LG_D290|D05_Apple_iPhone5c,same_pipeline_different_device,whatsapp,whatsapp,1280x960,1280x960,prnu_python_wavelet_mle,mle_5,squared_aligned_ncc,test,43,-0.00016240827525481268,2.6376447871243003e-08,3.8303783000610646e-07,2.0614165619565595e-07,3.162151103095039e-08,2.0614165619565595e-07,-1.7976520832441294e-07,0.1279530220044814,0.1279530220044814,-2.0560920980192154,False
D15_Apple_iPhone6:whatsapp:0044,D15_Apple_iPhone6,D02_Apple_iPhone4s,D04_LG_D290|D05_Apple_iPhone5c|D19_Apple_iPhone6Plus,same_pipeline_different_device,whatsapp,whatsapp,1280x960,1280x960,prnu_python_wavelet_mle,mle_5,squared_aligned_ncc,test,44,-0.0020040530107065585,4.0162284697220215e-06,4.3530466269347393e-07,2.2138854620653143e-07,1.7318472832836867e-07,2.2138854620653143e-07,3.79483992351549e-06,18.14108515792555,18.14108515792555,2.8981792641726063,False
D15_Apple_iPhone6:whatsapp:0044,D15_Apple_iPhone6,D04_LG_D290,D02_Apple_iPhone4s|D05_Apple_iPhone5c|D19_Apple_iPhone6Plus,same_pipeline_different_device,whatsapp,whatsapp,1280x960,1280x960,prnu_python_wavelet_mle,mle_5,squared_aligned_ncc,test,44,0.00047051944296333965,2.2138854620653143e-07,1.700251303865304e-06,1.0363216239957276e-06,9.88117806117565e-07,4.0162284697220215e-06,-3.79483992351549e-06,0.05512349406303934,0.21362918719473148,-1.5435135370609707,False
D15_Apple_iPhone6:whatsapp:0044,D15_Apple_iPhone6,D05_Apple_iPhone5c,D02_Apple_iPhone4s|D04_LG_D290|D19_Apple_iPhone6Plus,same_pipeline_different_device,whatsapp,whatsapp,1280x960,1280x960,prnu_python_wavelet_mle,mle_5,squared_aligned_ncc,test,44,0.00021955367880808273,4.8203817878162755e-08,1.7579795466414268e-06,1.0363216239957276e-06,8.149330777891961e-07,4.0162284697220215e-06,-3.968024651843859e-06,0.012002259891728501,0.046514341457340354,-3.06799459550259,False
D15_Apple_iPhone6:whatsapp:0044,D15_Apple_iPhone6,D15_Apple_iPhone6,D02_Apple_iPhone4s|D04_LG_D290|D05_Apple_iPhone5c|D19_Apple_iPhone6Plus,same_pipeline_different_device,whatsapp,whatsapp,1280x960,1280x960,prnu_python_wavelet_mle,mle_5,squared_aligned_ncc,test,44,0.0039257170108005935,1.5411254048889146e-05,1.3305356144506108e-06,6.288550851011295e-07,4.940589030587825e-07,4.0162284697220215e-06,1.1395025579167125e-05,3.8372453571984706,24.50684492184838,3.1989524630953223,True
D15_Apple_iPhone6:whatsapp:0044,D15_Apple_iPhone6,D19_Apple_iPhone6Plus,D02_Apple_iPhone4s|D04_LG_D290|D05_Apple_iPhone5c,same_pipeline_different_device,whatsapp,whatsapp,1280x960,1280x960,prnu_python_wavelet_mle,mle_5,squared_aligned_ncc,test,44,0.0010179988330031265,1.0363216239957276e-06,1.4286069446022385e-06,2.2138854620653143e-07,1.7318472832836867e-07,4.0162284697220215e-06,-2.9799068457262937e-06,0.2580335336518979,4.681008307579527,1.5435135370609707,False
D15_Apple_iPhone6:whatsapp:0045,D15_Apple_iPhone6,D02_Apple_iPhone4s,D04_LG_D290|D05_Apple_iPhone5c|D19_Apple_iPhone6Plus,same_pipeline_different_device,whatsapp,whatsapp,1280x960,1280x960,prnu_python_wavelet_mle,mle_5,squared_aligned_ncc,test,45,0.0025257135771488757,6.37922907379417e-06,3.327470818268872e-06,1.024884062015513e-06,9.032167897892741e-07,8.835861120564865e-06,-2.456632046770695e-06,0.7219702739495247,6.224342157540169,1.8284677592629226,False
D15_Apple_iPhone6:whatsapp:0045,D15_Apple_iPhone6,D04_LG_D290,D02_Apple_iPhone4s|D05_Apple_iPhone5c|D19_Apple_iPhone6Plus,same_pipeline_different_device,whatsapp,whatsapp,1280x960,1280x960,prnu_python_wavelet_mle,mle_5,squared_aligned_ncc,test,45,0.002972517640076315,8.835861120564865e-06,2.5085934693453073e-06,1.024884062015513e-06,9.032167897892741e-07,6.37922907379417e-06,2.456632046770695e-06,1.3850985782690455,8.621327473068972,2.154239072014878,False
D15_Apple_iPhone6:whatsapp:0045,D15_Apple_iPhone6,D05_Apple_iPhone5c,D02_Apple_iPhone4s|D04_LG_D290|D19_Apple_iPhone6Plus,same_pipeline_different_device,whatsapp,whatsapp,1280x960,1280x960,prnu_python_wavelet_mle,mle_5,squared_aligned_ncc,test,45,0.00034880836031586003,1.2166727222623883e-07,5.41332475212485e-06,6.37922907379417e-06,2.456632046770695e-06,6.37922907379417e-06,-6.257561801567931e-06,0.019072409976002767,0.019072409976002767,-3.9595124921052616,False
D15_Apple_iPhone6:whatsapp:0045,D15_Apple_iPhone6,D15_Apple_iPhone6,D02_Apple_iPhone4s|D04_LG_D290|D05_Apple_iPhone5c|D19_Apple_iPhone6Plus,same_pipeline_different_device,whatsapp,whatsapp,1280x960,1280x960,prnu_python_wavelet_mle,mle_5,squared_aligned_ncc,test,45,0.006151063955538052,3.783558778511943e-05,4.090410382150197e-06,3.7020565679048414e-06,3.1287809007839656e-06,6.37922907379417e-06,3.145635871132526e-05,5.931059591596698,10.220153876938806,2.32436164111415,True
D15_Apple_iPhone6:whatsapp:0045,D15_Apple_iPhone6,D19_Apple_iPhone6Plus,D02_Apple_iPhone4s|D04_LG_D290|D05_Apple_iPhone5c,same_pipeline_different_device,whatsapp,whatsapp,1280x960,1280x960,prnu_python_wavelet_mle,mle_5,squared_aligned_ncc,test,45,-0.0010123655772573033,1.024884062015513e-06,5.112252488861758e-06,6.37922907379417e-06,2.456632046770695e-06,6.37922907379417e-06,-5.3543450117786575e-06,0.16065954838112487,0.16065954838112487,-1.8284677592629226,False
D15_Apple_iPhone6:whatsapp:0046,D15_Apple_iPhone6,D02_Apple_iPhone4s,D04_LG_D290|D05_Apple_iPhone5c|D19_Apple_iPhone6Plus,same_pipeline_different_device,whatsapp,whatsapp,1280x960,1280x960,prnu_python_wavelet_mle,mle_5,squared_aligned_ncc,test,46,0.0001506574690341194,2.269767297576665e-08,7.365661842857484e-07,5.387814155127325e-07,2.3046451761269635e-07,3.0831689790003616e-07,-2.856192249242695e-07,0.07361799865775047,0.04212779491320494,-3.167047544422598,False
D15_Apple_iPhone6:whatsapp:0046,D15_Apple_iPhone6,D04_LG_D290,D02_Apple_iPhone4s|D05_Apple_iPhone5c|D19_Apple_iPhone6Plus,same_pipeline_different_device,whatsapp,whatsapp,1280x960,1280x960,prnu_python_wavelet_mle,mle_5,squared_aligned_ncc,test,46,-0.0005552629088099043,3.0831689790003616e-07,6.413597759776587e-07,5.387814155127325e-07,5.160837425369659e-07,2.269767297576665e-08,2.856192249242695e-07,13.583634684895369,0.5722485761811693,-0.5581818082588565,False
D15_Apple_iPhone6:whatsapp:0046,D15_Apple_iPhone6,D05_Apple_iPhone5c,D02_Apple_iPhone4s|D04_LG_D290|D19_Apple_iPhone6Plus,same_pipeline_different_device,whatsapp,whatsapp,1280x960,1280x960,prnu_python_wavelet_mle,mle_5,squared_aligned_ncc,test,46,0.0011673046900635997,1.3626002394444765e-06,2.899319954628451e-07,3.0831689790003616e-07,2.3046451761269635e-07,2.269767297576665e-08,1.3399025664687098e-06,60.032596332640246,4.4194795962375855,1.4860219507501107,False
D15_Apple_iPhone6:whatsapp:0046,D15_Apple_iPhone6,D15_Apple_iPhone6,D02_Apple_iPhone4s|D04_LG_D290|D05_Apple_iPhone5c|D19_Apple_iPhone6Plus,same_pipeline_different_device,whatsapp,whatsapp,1280x960,1280x960,prnu_python_wavelet_mle,mle_5,squared_aligned_ncc,test,46,0.005545393000430729,3.075138352922612e-05,5.580990564582529e-07,4.2354915670638436e-07,2.5804187126848293e-07,2.269767297576665e-08,3.0728685856250355e-05,1354.8253850541455,72.60404853206639,4.2850206851804415,True
D15_Apple_iPhone6:whatsapp:0046,D15_Apple_iPhone6,D19_Apple_iPhone6Plus,D02_Apple_iPhone4s|D04_LG_D290|D05_Apple_iPhone5c,same_pipeline_different_device,whatsapp,whatsapp,1280x960,1280x960,prnu_python_wavelet_mle,mle_5,squared_aligned_ncc,test,46,-0.0007340173128153944,5.387814155127325e-07,5.645382701067598e-07,3.0831689790003616e-07,2.856192249242695e-07,2.269767297576665e-08,5.160837425369659e-07,23.737297479259954,1.747492333966783,0.5581818082588565,False
D15_Apple_iPhone6:whatsapp:0047,D15_Apple_iPhone6,D02_Apple_iPhone4s,D04_LG_D290|D05_Apple_iPhone5c|D19_Apple_iPhone6Plus,same_pipeline_different_device,whatsapp,whatsapp,1280x960,1280x960,prnu_python_wavelet_mle,mle_5,squared_aligned_ncc,test,47,-4.0476584719202944e-05,1.6383539105308133e-09,1.0440425617000414e-06,1.2446207759775935e-06,3.9153906583586156e-07,1.2446207759775935e-06,-1.2429824220670627e-06,0.001316347872502739,0.001316347872502739,-6.632894140203334,False
D15_Apple_iPhone6:whatsapp:0047,D15_Apple_iPhone6,D04_LG_D290,D02_Apple_iPhone4s|D05_Apple_iPhone5c|D19_Apple_iPhone6Plus,same_pipeline_different_device,whatsapp,whatsapp,1280x960,1280x960,prnu_python_wavelet_mle,mle_5,squared_aligned_ncc,test,47,-0.0011156257329308936,1.2446207759775935e-06,6.297150876776872e-07,2.5134706730907564e-07,2.497087133985448e-07,1.6383539105308133e-09,1.2429824220670627e-06,759.6776056611276,4.951801464415387,1.5997514425784658,False
D15_Apple_iPhone6:whatsapp:0047,D15_Apple_iPhone6,D05_Apple_iPhone5c,D02_Apple_iPhone4s|D04_LG_D290|D19_Apple_iPhone6Plus,same_pipeline_different_device,whatsapp,whatsapp,1280x960,1280x960,prnu_python_wavelet_mle,mle_5,squared_aligned_ncc,test,47,0.0005013452575910892,2.5134706730907564e-07,9.608063239005266e-07,1.2446207759775935e-06,3.9153906583586156e-07,1.6383539105308133e-09,2.497087133985448e-07,153.41439092829538,0.2019467071097651,-1.5997514425784658,False
D15_Apple_iPhone6:whatsapp:0047,D15_Apple_iPhone6,D15_Apple_iPhone6,D02_Apple_iPhone4s|D04_LG_D290|D05_Apple_iPhone5c|D19_Apple_iPhone6Plus,same_pipeline_different_device,whatsapp,whatsapp,1280x960,1280x960,prnu_python_wavelet_mle,mle_5,squared_aligned_ncc,test,47,0.014011361659234443,0.00019631825554586497,7.834415097526638e-07,7.479839216433345e-07,6.214912110335314e-07,1.6383539105308133e-09,0.00019631661719195445,119826.52483324526,262.4632025706517,5.570110891522216,True
D15_Apple_iPhone6:whatsapp:0047,D15_Apple_iPhone6,D19_Apple_iPhone6Plus,D02_Apple_iPhone4s|D04_LG_D290|D05_Apple_iPhone5c,same_pipeline_different_device,whatsapp,whatsapp,1280x960,1280x960,prnu_python_wavelet_mle,mle_5,squared_aligned_ncc,test,47,0.0012791246388892113,1.636159841813455e-06,4.992020657324001e-07,2.5134706730907564e-07,2.497087133985448e-07,1.6383539105308133e-09,1.6345214879029243e-06,998.660809057643,6.509564083361703,1.8732724928973319,False
D15_Apple_iPhone6:whatsapp:0048,D15_Apple_iPhone6,D02_Apple_iPhone4s,D04_LG_D290|D05_Apple_iPhone5c|D19_Apple_iPhone6Plus,same_pipeline_different_device,whatsapp,whatsapp,1280x960,1280x960,prnu_python_wavelet_mle,mle_5,squared_aligned_ncc,test,48,-0.001003228755106849,1.0064679350732377e-06,3.8558405082548333e-07,5.150400777483919e-07,7.332718277724911e-08,5.150400777483919e-07,4.914278573248458e-07,1.9541545960330466,1.9541545960330466,0.6699576682151278,False
D15_Apple_iPhone6:whatsapp:0048,D15_Apple_iPhone6,D04_LG_D290,D02_Apple_iPhone4s|D05_Apple_iPhone5c|D19_Apple_iPhone6Plus,same_pipeline_different_device,whatsapp,whatsapp,1280x960,1280x960,prnu_python_wavelet_mle,mle_5,squared_aligned_ncc,test,48,0.0007176629276675728,5.150400777483919e-07,5.49393336600432e-07,5.88367260525641e-07,4.181006745475967e-07,1.0064679350732377e-06,-4.914278573248458e-07,0.5117302397824666,0.875371748741187,-0.13310662714593846,False
D15_Apple_iPhone6:whatsapp:0048,D15_Apple_iPhone6,D05_Apple_iPhone5c,D02_Apple_iPhone4s|D04_LG_D290|D19_Apple_iPhone6Plus,same_pipeline_different_device,whatsapp,whatsapp,1280x960,1280x960,prnu_python_wavelet_mle,mle_5,squared_aligned_ncc,test,48,-0.0007670510155952086,5.88367260525641e-07,5.249509423413489e-07,5.150400777483919e-07,4.6169526354597476e-07,1.0064679350732377e-06,-4.181006745475967e-07,0.5845861949718519,1.1423717996817153,0.13310662714593846,False
D15_Apple_iPhone6:whatsapp:0048,D15_Apple_iPhone6,D15_Apple_iPhone6,D02_Apple_iPhone4s|D04_LG_D290|D05_Apple_iPhone5c|D19_Apple_iPhone6Plus,same_pipeline_different_device,whatsapp,whatsapp,1280x960,1280x960,prnu_python_wavelet_mle,mle_5,squared_aligned_ncc,test,48,0.005310295691570337,2.8199240331910486e-05,5.40805021887422e-07,5.517036691370165e-07,2.457139286624229e-07,1.0064679350732377e-06,2.7192772396837248e-05,28.018021587402593,51.11301937871861,3.934039247120543,True
D15_Apple_iPhone6:whatsapp:0048,D15_Apple_iPhone6,D19_Apple_iPhone6Plus,D02_Apple_iPhone4s|D04_LG_D290|D05_Apple_iPhone5c,same_pipeline_different_device,whatsapp,whatsapp,1280x960,1280x960,prnu_python_wavelet_mle,mle_5,squared_aligned_ncc,test,48,-0.0002309649631489961,5.334481420241713e-08,7.032917577824236e-07,5.88367260525641e-07,7.332718277724911e-08,1.0064679350732377e-06,-9.531231208708205e-07,0.05300200070311767,0.09066584390633742,-2.4005745759578776,False
D15_Apple_iPhone6:whatsapp:0049,D15_Apple_iPhone6,D02_Apple_iPhone4s,D04_LG_D290|D05_Apple_iPhone5c|D19_Apple_iPhone6Plus,same_pipeline_different_device,whatsapp,whatsapp,1280x960,1280x960,prnu_python_wavelet_mle,mle_5,squared_aligned_ncc,test,49,-0.0008748206168703125,7.653111117013542e-07,1.3060891501248799e-06,4.103777055176433e-07,3.9540632337453284e-07,1.4971382143110463e-08,7.503397295582437e-07,51.118267130302016,1.8648944652975337,0.6232044645228427,False
D15_Apple_iPhone6:whatsapp:0049,D15_Apple_iPhone6,D04_LG_D290,D02_Apple_iPhone4s|D05_Apple_iPhone5c|D19_Apple_iPhone6Plus,same_pipeline_different_device,whatsapp,whatsapp,1280x960,1280x960,prnu_python_wavelet_mle,mle_5,squared_aligned_ncc,test,49,0.00012235759944977044,1.4971382143110463e-08,1.5562023933109612e-06,7.653111117013542e-07,3.5493340618371084e-07,7.653111117013542e-07,-7.503397295582437e-07,0.01956247846686527,0.01956247846686527,-3.93414191141769,False
D15_Apple_iPhone6:whatsapp:0049,D15_Apple_iPhone6,D05_Apple_iPhone5c,D02_Apple_iPhone4s|D04_LG_D290|D19_Apple_iPhone6Plus,same_pipeline_different_device,whatsapp,whatsapp,1280x960,1280x960,prnu_python_wavelet_mle,mle_5,squared_aligned_ncc,test,49,0.0006406072943056794,4.103777055176433e-07,1.4244002855194503e-06,7.653111117013542e-07,7.503397295582437e-07,7.653111117013542e-07,-3.5493340618371084e-07,0.5362233727475059,0.5362233727475059,-0.6232044645228427,False
D15_Apple_iPhone6:whatsapp:0049,D15_Apple_iPhone6,D15_Apple_iPhone6,D02_Apple_iPhone4s|D04_LG_D290|D05_Apple_iPhone5c|D19_Apple_iPhone6Plus,same_pipeline_different_device,whatsapp,whatsapp,1280x960,1280x960,prnu_python_wavelet_mle,mle_5,squared_aligned_ncc,test,49,0.012305185821296053,0.00015141759809662544,1.1708946405189984e-06,5.878444086094987e-07,3.7516986477912184e-07,7.653111117013542e-07,0.00015065228698492409,197.8510383313405,257.58108077406445,5.551334547332981,True
D15_Apple_iPhone6:whatsapp:0049,D15_Apple_iPhone6,D19_Apple_iPhone6Plus,D02_Apple_iPhone4s|D04_LG_D290|D05_Apple_iPhone5c,same_pipeline_different_device,whatsapp,whatsapp,1280x960,1280x960,prnu_python_wavelet_mle,mle_5,squared_aligned_ncc,test,49,0.001868935087881301,3.492918362713886e-06,3.9688673312070263e-07,4.103777055176433e-07,3.5493340618371084e-07,7.653111117013542e-07,2.727607251012532e-06,4.56405023958011,8.511472031132831,2.141414904257905,False
D15_Apple_iPhone6:whatsapp:0050,D15_Apple_iPhone6,D02_Apple_iPhone4s,D04_LG_D290|D05_Apple_iPhone5c|D19_Apple_iPhone6Plus,same_pipeline_different_device,whatsapp,whatsapp,1280x960,1280x960,prnu_python_wavelet_mle,mle_5,squared_aligned_ncc,test,50,0.0014397140123277557,2.072776437292885e-06,1.1576891803448617e-06,2.736416341887921e-07,1.8177328004651813e-07,2.736416341887921e-07,1.7991348031040931e-06,7.574784602634063,7.574784602634063,2.0248249156953104,False
D15_Apple_iPhone6:whatsapp:0050,D15_Apple_iPhone6,D04_LG_D290,D02_Apple_iPhone4s|D05_Apple_iPhone5c|D19_Apple_iPhone6Plus,same_pipeline_different_device,whatsapp,whatsapp,1280x960,1280x960,prnu_python_wavelet_mle,mle_5,squared_aligned_ncc,test,50,-0.0005231076697858598,2.736416341887921e-07,1.7574007813795594e-06,2.072776437292885e-06,1.034781115410634e-06,2.072776437292885e-06,-1.7991348031040931e-06,0.13201695526130988,0.13201695526130988,-2.0248249156953104,False
D15_Apple_iPhone6:whatsapp:0050,D15_Apple_iPhone6,D05_Apple_iPhone5c,D02_Apple_iPhone4s|D04_LG_D290|D19_Apple_iPhone6Plus,same_pipeline_different_device,whatsapp,whatsapp,1280x960,1280x960,prnu_python_wavelet_mle,mle_5,squared_aligned_ncc,test,50,-0.0017628265804393577,3.107557552703519e-06,8.127621418746504e-07,2.736416341887921e-07,1.8177328004651813e-07,2.072776437292885e-06,1.034781115410634e-06,1.4992246615665374,11.356303882323472,2.4297729978796276,False
D15_Apple_iPhone6:whatsapp:0050,D15_Apple_iPhone6,D15_Apple_iPhone6,D02_Apple_iPhone4s|D04_LG_D290|D05_Apple_iPhone5c|D19_Apple_iPhone6Plus,same_pipeline_different_device,whatsapp,whatsapp,1280x960,1280x960,prnu_python_wavelet_mle,mle_5,squared_aligned_ncc,test,50,0.006909932212531822,4.774716318178492e-05,1.3864609945818675e-06,1.1732090357408386e-06,9.904540415753058e-07,2.072776437292885e-06,4.567438674449203e-05,23.03536566835172,40.69791633648162,3.706176895474165,True
D15_Apple_iPhone6:whatsapp:0050,D15_Apple_iPhone6,D19_Apple_iPhone6Plus,D02_Apple_iPhone4s|D04_LG_D290|D05_Apple_iPhone5c,same_pipeline_different_device,whatsapp,whatsapp,1280x960,1280x960,prnu_python_wavelet_mle,mle_5,squared_aligned_ncc,test,50,-0.00030309792830416043,9.186835414227398e-08,1.8179918747283987e-06,2.072776437292885e-06,1.034781115410634e-06,2.072776437292885e-06,-1.980908083150611e-06,0.04432140026748717,0.04432140026748717,-3.1162876425591914,False
D19_Apple_iPhone6Plus:whatsapp:0041,D19_Apple_iPhone6Plus,D02_Apple_iPhone4s,D04_LG_D290|D05_Apple_iPhone5c|D15_Apple_iPhone6,same_pipeline_different_device,whatsapp,whatsapp,1280x960,1280x960,prnu_python_wavelet_mle,mle_5,squared_aligned_ncc,test,41,0.000475764392265541,2.2635175694779956e-07,2.1186239875081747e-06,2.9291643441022264e-06,4.867146621881433e-07,3.4158790062903697e-06,-3.1895272493425704e-06,0.06626457100236013,0.07727519877932121,-2.5603822186046497,False
D19_Apple_iPhone6Plus:whatsapp:0041,D19_Apple_iPhone6Plus,D04_LG_D290,D02_Apple_iPhone4s|D05_Apple_iPhone5c|D15_Apple_iPhone6,same_pipeline_different_device,whatsapp,whatsapp,1280x960,1280x960,prnu_python_wavelet_mle,mle_5,squared_aligned_ncc,test,41,0.0018482096759541028,3.4158790062903697e-06,1.055448237727318e-06,2.2635175694779956e-07,2.155231448158715e-07,2.2635175694779956e-07,3.1895272493425704e-06,15.09102050874793,15.09102050874793,2.71409989864072,False
D19_Apple_iPhone6Plus:whatsapp:0041,D19_Apple_iPhone6Plus,D05_Apple_iPhone5c,D02_Apple_iPhone4s|D04_LG_D290|D15_Apple_iPhone6,same_pipeline_different_device,whatsapp,whatsapp,1280x960,1280x960,prnu_python_wavelet_mle,mle_5,squared_aligned_ncc,test,41,-0.0017114801617612242,2.9291643441022264e-06,1.217686458456699e-06,2.2635175694779956e-07,2.155231448158715e-07,2.2635175694779956e-07,2.7028125871544266e-06,12.940762570611456,12.940762570611456,2.5603822186046497,False
D19_Apple_iPhone6Plus:whatsapp:0041,D19_Apple_iPhone6Plus,D15_Apple_iPhone6,D02_Apple_iPhone4s|D04_LG_D290|D05_Apple_iPhone5c,same_pipeline_different_device,whatsapp,whatsapp,1280x960,1280x960,prnu_python_wavelet_mle,mle_5,squared_aligned_ncc,test,41,-0.0001040606175838298,1.0828612131928068e-08,2.1904650357801317e-06,2.9291643441022264e-06,4.867146621881433e-07,2.2635175694779956e-07,-2.155231448158715e-07,0.047839752948881785,0.0036968264186784576,-5.600280552069748,False
D19_Apple_iPhone6Plus:whatsapp:0041,D19_Apple_iPhone6Plus,D19_Apple_iPhone6Plus,D02_Apple_iPhone4s|D04_LG_D290|D05_Apple_iPhone5c|D15_Apple_iPhone6,same_pipeline_different_device,whatsapp,whatsapp,1280x960,1280x960,prnu_python_wavelet_mle,mle_5,squared_aligned_ncc,test,41,0.0076676101449478125,5.8792245334906615e-05,1.6455559298680807e-06,1.577758050525013e-06,1.4591678659851492e-06,2.2635175694779956e-07,5.856589357795881e-05,259.73840949007996,37.263156613488974,3.6180050801435097,True
D19_Apple_iPhone6Plus:whatsapp:0042,D19_Apple_iPhone6Plus,D02_Apple_iPhone4s,D04_LG_D290|D05_Apple_iPhone5c|D15_Apple_iPhone6,same_pipeline_different_device,whatsapp,whatsapp,1280x960,1280x960,prnu_python_wavelet_mle,mle_5,squared_aligned_ncc,test,42,9.65111794202822e-05,9.314407753093904e-09,1.1434776278711922e-06,1.3897878524248553e-07,1.3821347460965214e-07,1.3897878524248553e-07,-1.296643774893916e-07,0.06702035664538611,0.06702035664538611,-2.7027588752101686,False
D19_Apple_iPhone6Plus:whatsapp:0042,D19_Apple_iPhone6Plus,D04_LG_D290,D02_Apple_iPhone4s|D05_Apple_iPhone5c|D15_Apple_iPhone6,same_pipeline_different_device,whatsapp,whatsapp,1280x960,1280x960,prnu_python_wavelet_mle,mle_5,squared_aligned_ncc,test,42,0.0003727985853547268,1.3897878524248553e-07,1.1002561687080618e-06,9.314407753093904e-09,8.549097120260534e-09,9.314407753093904e-09,1.296643774893916e-07,14.920839727713432,14.920839727713432,2.7027588752101686,False
D19_Apple_iPhone6Plus:whatsapp:0042,D19_Apple_iPhone6Plus,D05_Apple_iPhone5c,D02_Apple_iPhone4s|D04_LG_D290|D15_Apple_iPhone6,same_pipeline_different_device,whatsapp,whatsapp,1280x960,1280x960,prnu_python_wavelet_mle,mle_5,squared_aligned_ncc,test,42,-2.7664248278841227e-05,7.653106328333698e-10,1.146327326911279e-06,1.3897878524248553e-07,1.296643774893916e-07,9.314407753093904e-09,-8.549097120260534e-09,0.08216417544949776,0.005506672342099418,-5.201794768910354,False
D19_Apple_iPhone6Plus:whatsapp:0042,D19_Apple_iPhone6Plus,D15_Apple_iPhone6,D02_Apple_iPhone4s|D04_LG_D290|D05_Apple_iPhone5c,same_pipeline_different_device,whatsapp,whatsapp,1280x960,1280x960,prnu_python_wavelet_mle,mle_5,squared_aligned_ncc,test,42,0.001814025575271269,3.290688787738258e-06,4.968616787613761e-08,9.314407753093904e-09,8.549097120260534e-09,9.314407753093904e-09,3.281374379985164e-06,353.2901795763893,353.2901795763893,5.867289757704757,False
D19_Apple_iPhone6Plus:whatsapp:0042,D19_Apple_iPhone6Plus,D19_Apple_iPhone6Plus,D02_Apple_iPhone4s|D04_LG_D290|D05_Apple_iPhone5c|D15_Apple_iPhone6,same_pipeline_different_device,whatsapp,whatsapp,1280x960,1280x960,prnu_python_wavelet_mle,mle_5,squared_aligned_ncc,test,42,0.00677539125910175,4.59059267139124e-05,8.599368228416677e-07,7.414659649778972e-08,6.910673730482608e-08,9.314407753093904e-09,4.58966123061593e-05,4928.485839442034,619.1238557427357,6.428305342722137,True
D19_Apple_iPhone6Plus:whatsapp:0043,D19_Apple_iPhone6Plus,D02_Apple_iPhone4s,D04_LG_D290|D05_Apple_iPhone5c|D15_Apple_iPhone6,same_pipeline_different_device,whatsapp,whatsapp,1280x960,1280x960,prnu_python_wavelet_mle,mle_5,squared_aligned_ncc,test,43,-0.0011375460754649732,1.2940110738057624e-06,1.5496438657194964e-07,1.4257183360727091e-08,1.3339096600330927e-08,4.4971788959472565e-07,8.442931842110367e-07,2.877384030623937,90.76204191707681,4.508241157643104,False
D19_Apple_iPhone6Plus:whatsapp:0043,D19_Apple_iPhone6Plus,D04_LG_D290,D02_Apple_iPhone4s|D05_Apple_iPhone5c|D15_Apple_iPhone6,same_pipeline_different_device,whatsapp,whatsapp,1280x960,1280x960,prnu_python_wavelet_mle,mle_5,squared_aligned_ncc,test,43,0.0006706100876028675,4.4971788959472565e-07,4.363954479756285e-07,1.4257183360727091e-08,1.3339096600330927e-08,1.2940110738057624e-06,-8.442931842110367e-07,0.34753789878480634,31.543249337279395,3.451359598970308,False
D19_Apple_iPhone6Plus:whatsapp:0043,D19_Apple_iPhone6Plus,D05_Apple_iPhone5c,D02_Apple_iPhone4s|D04_LG_D290|D15_Apple_iPhone6,same_pipeline_different_device,whatsapp,whatsapp,1280x960,1280x960,prnu_python_wavelet_mle,mle_5,squared_aligned_ncc,test,43,3.029994654114365e-05,9.180867603961631e-10,5.859953822537383e-07,4.4971788959472565e-07,4.3546070623399855e-07,1.2940110738057624e-06,-1.2930929870453663e-06,0.0007094891063768227,0.0020414726245903173,-6.194083856753126,False
D19_Apple_iPhone6Plus:whatsapp:0043,D19_Apple_iPhone6Plus,D15_Apple_iPhone6,D02_Apple_iPhone4s|D04_LG_D290|D05_Apple_iPhone5c,same_pipeline_different_device,whatsapp,whatsapp,1280x960,1280x960,prnu_python_wavelet_mle,mle_5,squared_aligned_ncc,test,43,0.00011940344785946129,1.4257183360727091e-08,5.815490167202947e-07,4.4971788959472565e-07,4.487998028343295e-07,1.2940110738057624e-06,-1.2797538904450354e-06,0.011017821755416574,0.031702504371296646,-3.451359598970308,False
D19_Apple_iPhone6Plus:whatsapp:0043,D19_Apple_iPhone6Plus,D19_Apple_iPhone6Plus,D02_Apple_iPhone4s|D04_LG_D290|D05_Apple_iPhone5c|D15_Apple_iPhone6,same_pipeline_different_device,whatsapp,whatsapp,1280x960,1280x960,prnu_python_wavelet_mle,mle_5,squared_aligned_ncc,test,43,0.00932502292759315,8.695605260013794e-05,4.397260583804028e-07,2.3198753647772638e-07,2.2439990141716477e-07,1.2940110738057624e-06,8.566204152633217e-05,67.19884733628676,374.83070823715036,5.9264744793376405,True
D19_Apple_iPhone6Plus:whatsapp:0044,D19_Apple_iPhone6Plus,D02_Apple_iPhone4s,D04_LG_D290|D05_Apple_iPhone5c|D15_Apple_iPhone6,same_pipeline_different_device,whatsapp,whatsapp,1280x960,1280x960,prnu_python_wavelet_mle,mle_5,squared_aligned_ncc,test,44,-0.0005486306874381689,3.009956311988778e-07,5.813350376186524e-07,2.297083985698174e-07,8.33127288135456e-08,2.297083985698174e-07,7.128723262906042e-08,1.3103379461652267,1.3103379461652267,0.27028507811537317,False
D19_Apple_iPhone6Plus:whatsapp:0044,D19_Apple_iPhone6Plus,D04_LG_D290,D02_Apple_iPhone4s|D05_Apple_iPhone5c|D15_Apple_iPhone6,same_pipeline_different_device,whatsapp,whatsapp,1280x960,1280x960,prnu_python_wavelet_mle,mle_5,squared_aligned_ncc,test,44,0.0004792790404032054,2.297083985698174e-07,6.050974484950059e-07,3.009956311988778e-07,1.5459996144260601e-07,3.009956311988778e-07,-7.128723262906042e-08,0.7631619025660922,0.7631619025660922,-0.27028507811537317,False
D19_Apple_iPhone6Plus:whatsapp:0044,D19_Apple_iPhone6Plus,D05_Apple_iPhone5c,D02_Apple_iPhone4s|D04_LG_D290|D15_Apple_iPhone6,same_pipeline_different_device,whatsapp,whatsapp,1280x960,1280x960,prnu_python_wavelet_mle,mle_5,squared_aligned_ncc,test,44,-0.0003826168707156962,1.463956697562718e-07,6.328683580995212e-07,3.009956311988778e-07,7.128723262906042e-08,3.009956311988778e-07,-1.5459996144260601e-07,0.4863714106851714,0.4863714106851714,-0.7207827274318728,False
D19_Apple_iPhone6Plus:whatsapp:0044,D19_Apple_iPhone6Plus,D15_Apple_iPhone6,D02_Apple_iPhone4s|D04_LG_D290|D05_Apple_iPhone5c,same_pipeline_different_device,whatsapp,whatsapp,1280x960,1280x960,prnu_python_wavelet_mle,mle_5,squared_aligned_ncc,test,44,-0.0011695730180411432,1.3679010445298683e-06,2.256998998416557e-07,2.297083985698174e-07,7.128723262906042e-08,3.009956311988778e-07,1.0669054133309904e-06,4.5445877040854805,5.954945718339112,1.7842220874574242,False
D19_Apple_iPhone6Plus:whatsapp:0044,D19_Apple_iPhone6Plus,D19_Apple_iPhone6Plus,D02_Apple_iPhone4s|D04_LG_D290|D05_Apple_iPhone5c|D15_Apple_iPhone6,same_pipeline_different_device,whatsapp,whatsapp,1280x960,1280x960,prnu_python_wavelet_mle,mle_5,squared_aligned_ncc,test,44,0.006865437860942783,4.713423702246661e-05,5.112501860137088e-07,2.6535201488434764e-07,7.729998072130303e-08,3.009956311988778e-07,4.683324139126773e-05,156.5944224330733,177.6290903350021,5.179697614076135,True
D19_Apple_iPhone6Plus:whatsapp:0045,D19_Apple_iPhone6Plus,D02_Apple_iPhone4s,D04_LG_D290|D05_Apple_iPhone5c|D15_Apple_iPhone6,same_pipeline_different_device,whatsapp,whatsapp,1280x960,1280x960,prnu_python_wavelet_mle,mle_5,squared_aligned_ncc,test,45,-0.0006475903928463907,4.193733169069426e-07,7.325891286391047e-08,6.014669601053255e-08,4.631876246044033e-08,6.014669601053255e-08,3.592266208964101e-07,6.9725079634217035,6.9725079634217035,1.9419749826374204,False
D19_Apple_iPhone6Plus:whatsapp:0045,D19_Apple_iPhone6Plus,D04_LG_D290,D02_Apple_iPhone4s|D05_Apple_iPhone5c|D15_Apple_iPhone6,same_pipeline_different_device,whatsapp,whatsapp,1280x960,1280x960,prnu_python_wavelet_mle,mle_5,squared_aligned_ncc,test,45,0.00024524823345038093,6.014669601053255e-08,1.930011198293805e-07,1.4580210903110665e-07,1.3197417548101443e-07,4.193733169069426e-07,-3.592266208964101e-07,0.14342041705023134,0.4125228119827838,-0.8854637729600423,False
D19_Apple_iPhone6Plus:whatsapp:0045,D19_Apple_iPhone6Plus,D05_Apple_iPhone5c,D02_Apple_iPhone4s|D04_LG_D290|D15_Apple_iPhone6,same_pipeline_different_device,whatsapp,whatsapp,1280x960,1280x960,prnu_python_wavelet_mle,mle_5,squared_aligned_ncc,test,45,-0.00038184042351629906,1.4580210903110665e-07,1.644493154891891e-07,6.014669601053255e-08,4.631876246044033e-08,4.193733169069426e-07,-2.7357120787583595e-07,0.3476666329333003,2.4241083667434467,0.8854637729600423,False
D19_Apple_iPhone6Plus:whatsapp:0045,D19_Apple_iPhone6Plus,D15_Apple_iPhone6,D02_Apple_iPhone4s|D04_LG_D290|D05_Apple_iPhone5c,same_pipeline_different_device,whatsapp,whatsapp,1280x960,1280x960,prnu_python_wavelet_mle,mle_5,squared_aligned_ncc,test,45,0.0001175922342252762,1.382793355009222e-08,2.0844070731619393e-07,1.4580210903110665e-07,8.56554130205741e-08,4.193733169069426e-07,-4.055453833568504e-07,0.032972850185317315,0.09484042200748997,-2.355559568116531,False
D19_Apple_iPhone6Plus:whatsapp:0045,D19_Apple_iPhone6Plus,D19_Apple_iPhone6Plus,D02_Apple_iPhone4s|D04_LG_D290|D05_Apple_iPhone5c|D15_Apple_iPhone6,same_pipeline_different_device,whatsapp,whatsapp,1280x960,1280x960,prnu_python_wavelet_mle,mle_5,squared_aligned_ncc,test,45,0.007632635825111833,5.825712963878059e-05,1.597875138746685e-07,1.029744025208196e-07,6.598708774050722e-08,4.193733169069426e-07,5.783775632187365e-05,138.91472654591334,565.7437985814196,6.338141323042027,True
D19_Apple_iPhone6Plus:whatsapp:0046,D19_Apple_iPhone6Plus,D02_Apple_iPhone4s,D04_LG_D290|D05_Apple_iPhone5c|D15_Apple_iPhone6,same_pipeline_different_device,whatsapp,whatsapp,1280x960,1280x960,prnu_python_wavelet_mle,mle_5,squared_aligned_ncc,test,46,0.0003876079019707222,1.50239885670145e-07,2.8679882296274163e-07,5.604804473139546e-10,5.371583148628958e-10,2.3322132451058715e-11,1.5021656353769395e-07,6441.944620005141,268.0555341228304,5.591194175920638,False
D19_Apple_iPhone6Plus:whatsapp:0046,D19_Apple_iPhone6Plus,D04_LG_D290,D02_Apple_iPhone4s|D05_Apple_iPhone5c|D15_Apple_iPhone6,same_pipeline_different_device,whatsapp,whatsapp,1280x960,1280x960,prnu_python_wavelet_mle,mle_5,squared_aligned_ncc,test,46,4.829299374760144e-06,2.3322132451058715e-11,3.368710108086397e-07,1.50239885670145e-07,1.4967940522283104e-07,1.50239885670145e-07,-1.5021656353769395e-07,0.00015523262911862814,0.00015523262911862814,-8.770585733145893,False
D19_Apple_iPhone6Plus:whatsapp:0046,D19_Apple_iPhone6Plus,D05_Apple_iPhone5c,D02_Apple_iPhone4s|D04_LG_D290|D15_Apple_iPhone6,same_pipeline_different_device,whatsapp,whatsapp,1280x960,1280x960,prnu_python_wavelet_mle,mle_5,squared_aligned_ncc,test,46,2.367446825831479e-05,5.604804473139546e-10,3.3669195803701866e-07,1.50239885670145e-07,1.5021656353769395e-07,1.50239885670145e-07,-1.4967940522283104e-07,0.003730570246469049,0.003730570246469049,-5.591194175920638,False
D19_Apple_iPhone6Plus:whatsapp:0046,D19_Apple_iPhone6Plus,D15_Apple_iPhone6,D02_Apple_iPhone4s|D04_LG_D290|D05_Apple_iPhone5c,same_pipeline_different_device,whatsapp,whatsapp,1280x960,1280x960,prnu_python_wavelet_mle,mle_5,squared_aligned_ncc,test,46,-0.0009272608404912072,8.5981266630846e-07,5.0274562749970004e-08,5.604804473139546e-10,5.371583148628958e-10,1.50239885670145e-07,7.09572780638315e-07,5.722932112689421,1534.063624215661,7.335675457087733,False
D19_Apple_iPhone6Plus:whatsapp:0046,D19_Apple_iPhone6Plus,D19_Apple_iPhone6Plus,D02_Apple_iPhone4s|D04_LG_D290|D05_Apple_iPhone5c|D15_Apple_iPhone6,same_pipeline_different_device,whatsapp,whatsapp,1280x960,1280x960,prnu_python_wavelet_mle,mle_5,squared_aligned_ncc,test,46,0.004942733738676528,2.443061681145125e-05,2.526590886395925e-07,7.540018305872948e-08,7.510828176884698e-08,1.50239885670145e-07,2.4280376925781106e-05,162.6107255239079,324.0126989137699,5.78078270920256,True
D19_Apple_iPhone6Plus:whatsapp:0047,D19_Apple_iPhone6Plus,D02_Apple_iPhone4s,D04_LG_D290|D05_Apple_iPhone5c|D15_Apple_iPhone6,same_pipeline_different_device,whatsapp,whatsapp,1280x960,1280x960,prnu_python_wavelet_mle,mle_5,squared_aligned_ncc,test,47,0.0008739776148261108,7.638368712171377e-07,1.6557006156266265e-07,1.0770011894263371e-07,2.7639600623108597e-08,3.0894954742582916e-07,4.548873237913085e-07,2.4723676651460873,7.09225652409905,1.9590035584685594,False
D19_Apple_iPhone6Plus:whatsapp:0047,D19_Apple_iPhone6Plus,D04_LG_D290,D02_Apple_iPhone4s|D05_Apple_iPhone5c|D15_Apple_iPhone6,same_pipeline_different_device,whatsapp,whatsapp,1280x960,1280x960,prnu_python_wavelet_mle,mle_5,squared_aligned_ncc,test,47,-0.0005558323015315223,3.0894954742582916e-07,3.171991694930988e-07,1.0770011894263371e-07,2.7639600623108597e-08,7.638368712171377e-07,-4.548873237913085e-07,0.404470586675834,2.8686091571578545,1.0538272980773886,False
D19_Apple_iPhone6Plus:whatsapp:0047,D19_Apple_iPhone6Plus,D05_Apple_iPhone5c,D02_Apple_iPhone4s|D04_LG_D290|D15_Apple_iPhone6,same_pipeline_different_device,whatsapp,whatsapp,1280x960,1280x960,prnu_python_wavelet_mle,mle_5,squared_aligned_ncc,test,47,0.00028294967453511077,8.006051831952512e-08,3.934955125285335e-07,3.0894954742582916e-07,2.0124942848319545e-07,7.638368712171377e-07,-6.837763528976126e-07,0.10481363408387513,0.2591378397754267,-1.3503951589456218,False
D19_Apple_iPhone6Plus:whatsapp:0047,D19_Apple_iPhone6Plus,D15_Apple_iPhone6,D02_Apple_iPhone4s|D04_LG_D290|D05_Apple_iPhone5c,same_pipeline_different_device,whatsapp,whatsapp,1280x960,1280x960,prnu_python_wavelet_mle,mle_5,squared_aligned_ncc,test,47,-0.00032817696284570877,1.0770011894263371e-07,3.842823123208307e-07,3.0894954742582916e-07,2.2888902910630404e-07,7.638368712171377e-07,-6.56136752274504e-07,0.14099884805379806,0.34860099275105666,-1.0538272980773886,False
D19_Apple_iPhone6Plus:whatsapp:0047,D19_Apple_iPhone6Plus,D19_Apple_iPhone6Plus,D02_Apple_iPhone4s|D04_LG_D290|D05_Apple_iPhone5c|D15_Apple_iPhone6,same_pipeline_different_device,whatsapp,whatsapp,1280x960,1280x960,prnu_python_wavelet_mle,mle_5,squared_aligned_ncc,test,47,0.012925792741258648,0.00016707611798997478,3.1513676397628145e-07,2.0832483318423142e-07,1.1444451455315202e-07,7.638368712171377e-07,0.00016631228111875764,218.73272197995226,801.9980884478689,6.687106224382212,True
D19_Apple_iPhone6Plus:whatsapp:0048,D19_Apple_iPhone6Plus,D02_Apple_iPhone4s,D04_LG_D290|D05_Apple_iPhone5c|D15_Apple_iPhone6,same_pipeline_different_device,whatsapp,whatsapp,1280x960,1280x960,prnu_python_wavelet_mle,mle_5,squared_aligned_ncc,test,48,-0.0020668625946248876,4.271920985059523e-06,2.610792773268584e-07,2.433070233458558e-07,2.343974676879441e-07,2.433070233458558e-07,4.028613961713667e-06,17.557738064088174,17.557738064088174,2.865494768069933,False
D19_Apple_iPhone6Plus:whatsapp:0048,D19_Apple_iPhone6Plus,D04_LG_D290,D02_Apple_iPhone4s|D05_Apple_iPhone5c|D15_Apple_iPhone6,same_pipeline_different_device,whatsapp,whatsapp,1280x960,1280x960,prnu_python_wavelet_mle,mle_5,squared_aligned_ncc,test,48,0.0004932616175477835,2.433070233458558e-07,1.6039505978980807e-06,5.310212529768076e-07,5.221116973188959e-07,4.271920985059523e-06,-4.028613961713667e-06,0.05695494467168046,0.4581869783590041,-0.780477928487036,False
D19_Apple_iPhone6Plus:whatsapp:0048,D19_Apple_iPhone6Plus,D05_Apple_iPhone5c,D02_Apple_iPhone4s|D04_LG_D290|D15_Apple_iPhone6,same_pipeline_different_device,whatsapp,whatsapp,1280x960,1280x960,prnu_python_wavelet_mle,mle_5,squared_aligned_ncc,test,48,0.0007287120507970262,5.310212529768076e-07,1.5080458546877633e-06,2.433070233458558e-07,2.343974676879441e-07,4.271920985059523e-06,-3.740899732082715e-06,0.12430502690334957,2.1825151024184453,0.780477928487036,False
D19_Apple_iPhone6Plus:whatsapp:0048,D19_Apple_iPhone6Plus,D15_Apple_iPhone6,D02_Apple_iPhone4s|D04_LG_D290|D05_Apple_iPhone5c,same_pipeline_different_device,whatsapp,whatsapp,1280x960,1280x960,prnu_python_wavelet_mle,mle_5,squared_aligned_ncc,test,48,-9.439044261953496e-05,8.909555657911721e-09,1.6820830871273954e-06,5.310212529768076e-07,2.877142296309518e-07,4.271920985059523e-06,-4.263011429401611e-06,0.002085608720075046,0.01677815267838413,-4.087677674683828,False
D19_Apple_iPhone6Plus:whatsapp:0048,D19_Apple_iPhone6Plus,D19_Apple_iPhone6Plus,D02_Apple_iPhone4s|D04_LG_D290|D05_Apple_iPhone5c|D15_Apple_iPhone6,same_pipeline_different_device,whatsapp,whatsapp,1280x960,1280x960,prnu_python_wavelet_mle,mle_5,squared_aligned_ncc,test,48,0.00767069815158408,5.883961013271542e-05,1.2637897042600245e-06,3.8716413816133173e-07,2.6105584865944793e-07,4.271920985059523e-06,5.4567689147655894e-05,13.773571734706508,151.97587878915812,5.023721816076749,True
D19_Apple_iPhone6Plus:whatsapp:0049,D19_Apple_iPhone6Plus,D02_Apple_iPhone4s,D04_LG_D290|D05_Apple_iPhone5c|D15_Apple_iPhone6,same_pipeline_different_device,whatsapp,whatsapp,1280x960,1280x960,prnu_python_wavelet_mle,mle_5,squared_aligned_ncc,test,49,-0.00043650824484806674,1.9053944782033978e-07,5.801720056793681e-07,4.931280299655374e-07,1.5777329151345066e-07,4.931280299655374e-07,-3.0258858214519765e-07,0.38638940851457126,0.38638940851457126,-0.9509095876960281,False
D19_Apple_iPhone6Plus:whatsapp:0049,D19_Apple_iPhone6Plus,D04_LG_D290,D02_Apple_iPhone4s|D05_Apple_iPhone5c|D15_Apple_iPhone6,same_pipeline_different_device,whatsapp,whatsapp,1280x960,1280x960,prnu_python_wavelet_mle,mle_5,squared_aligned_ncc,test,49,-0.0007022307526486841,4.931280299655374e-07,4.793091449643022e-07,3.3535473845208677e-07,1.44815290631747e-07,1.9053944782033978e-07,3.0258858214519765e-07,2.5880626589750033,1.470466862170168,0.38557994368160387,False
D19_Apple_iPhone6Plus:whatsapp:0049,D19_Apple_iPhone6Plus,D05_Apple_iPhone5c,D02_Apple_iPhone4s|D04_LG_D290|D15_Apple_iPhone6,same_pipeline_different_device,whatsapp,whatsapp,1280x960,1280x960,prnu_python_wavelet_mle,mle_5,squared_aligned_ncc,test,49,-0.0005790982114046691,3.3535473845208677e-07,5.319002421354523e-07,4.931280299655374e-07,3.0258858214519765e-07,1.9053944782033978e-07,1.44815290631747e-07,1.76002786975794,0.6800561275649313,-0.38557994368160387,False
D19_Apple_iPhone6Plus:whatsapp:0049,D19_Apple_iPhone6Plus,D15_Apple_iPhone6,D02_Apple_iPhone4s|D04_LG_D290|D05_Apple_iPhone5c,same_pipeline_different_device,whatsapp,whatsapp,1280x960,1280x960,prnu_python_wavelet_mle,mle_5,squared_aligned_ncc,test,49,-0.0009550043186397012,9.120332486204799e-07,3.396740720793213e-07,3.3535473845208677e-07,1.44815290631747e-07,1.9053944782033978e-07,7.214938008001401e-07,4.7865849253454265,2.7196074605362557,1.000487553914036,False
D19_Apple_iPhone6Plus:whatsapp:0049,D19_Apple_iPhone6Plus,D19_Apple_iPhone6Plus,D02_Apple_iPhone4s|D04_LG_D290|D05_Apple_iPhone5c|D15_Apple_iPhone6,same_pipeline_different_device,whatsapp,whatsapp,1280x960,1280x960,prnu_python_wavelet_mle,mle_5,squared_aligned_ncc,test,49,0.0042866432366633995,1.8375310238432067e-05,4.82763866214611e-07,4.142413842088121e-07,1.5129429107259885e-07,1.9053944782033978e-07,1.8184770790611727e-05,96.43835147332958,44.358943695421274,3.79231435010265,True
D19_Apple_iPhone6Plus:whatsapp:0050,D19_Apple_iPhone6Plus,D02_Apple_iPhone4s,D04_LG_D290|D05_Apple_iPhone5c|D15_Apple_iPhone6,same_pipeline_different_device,whatsapp,whatsapp,1280x960,1280x960,prnu_python_wavelet_mle,mle_5,squared_aligned_ncc,test,50,-0.0007338362620604704,5.385156595148834e-07,5.936728837530967e-07,7.053164021146637e-07,2.682382102950986e-07,7.053164021146637e-07,-1.668007425997803e-07,0.7635093383626382,0.7635093383626382,-0.2698299234059238,False
D19_Apple_iPhone6Plus:whatsapp:0050,D19_Apple_iPhone6Plus,D04_LG_D290,D02_Apple_iPhone4s|D05_Apple_iPhone5c|D15_Apple_iPhone6,same_pipeline_different_device,whatsapp,whatsapp,1280x960,1280x960,prnu_python_wavelet_mle,mle_5,squared_aligned_ncc,test,50,0.0008398311747694674,7.053164021146637e-07,5.380726362198366e-07,5.385156595148834e-07,4.350389528948789e-07,5.385156595148834e-07,1.668007425997803e-07,1.3097416753860809,1.3097416753860809,0.2698299234059238,False
D19_Apple_iPhone6Plus:whatsapp:0050,D19_Apple_iPhone6Plus,D05_Apple_iPhone5c,D02_Apple_iPhone4s|D04_LG_D290|D15_Apple_iPhone6,same_pipeline_different_device,whatsapp,whatsapp,1280x960,1280x960,prnu_python_wavelet_mle,mle_5,squared_aligned_ncc,test,50,-0.0009866887109974262,9.735546124097623e-07,4.486598994548037e-07,5.385156595148834e-07,1.668007425997803e-07,5.385156595148834e-07,4.350389528948789e-07,1.8078482866900834,1.8078482866900834,0.5921373462202197,False
D19_Apple_iPhone6Plus:whatsapp:0050,D19_Apple_iPhone6Plus,D15_Apple_iPhone6,D02_Apple_iPhone4s|D04_LG_D290|D05_Apple_iPhone5c,same_pipeline_different_device,whatsapp,whatsapp,1280x960,1280x960,prnu_python_wavelet_mle,mle_5,squared_aligned_ncc,test,50,-0.00031960543915093815,1.0214763673486403e-07,7.391288913464365e-07,7.053164021146637e-07,1.668007425997803e-07,5.385156595148834e-07,-4.363680227800194e-07,0.1896836887285371,0.14482526767931,-1.9322273137062478,False
D19_Apple_iPhone6Plus:whatsapp:0050,D19_Apple_iPhone6Plus,D19_Apple_iPhone6Plus,D02_Apple_iPhone4s|D04_LG_D290|D05_Apple_iPhone5c|D15_Apple_iPhone6,same_pipeline_different_device,whatsapp,whatsapp,1280x960,1280x960,prnu_python_wavelet_mle,mle_5,squared_aligned_ncc,test,50,0.007955649628014162,6.329236100372187e-05,5.798835776935434e-07,6.219160308147735e-07,2.175194764474395e-07,5.385156595148834e-07,6.275384534420699e-05,117.53114303256878,101.76994621090955,4.62271483666788,True
