query_id,query_source_id,candidate_source_id,control_type,pipeline_query,pipeline_reference,resolution_query,resolution_reference,extractor,aggregator,similarity,seed,model,trial,hypothesis,label_match,raw_score,candidate_score,control_mean,control_median,control_mad,n_controls,fits_score,fits_plus_score,log_ratio
additive:hypothesis:0:H0,43,32,same_pipeline_different_source,synthetic:additive,synthetic:additive,32x32,32x32,identity_residual,mean_8,ncc,20260808,additive,0,H0,False,0.5386845172220242,0.5386845172220242,0.5491941678182223,0.5561777403166117,0.0063880000304678,9,0.967409209443579,0.9685474231949137,-0.03195783172218125
additive:hypothesis:0:H1,32,32,same_pipeline_different_source,synthetic:additive,synthetic:additive,32x32,32x32,identity_residual,mean_8,ncc,20260808,additive,0,H1,True,0.690523303216482,0.690523303216482,0.5184138588093439,0.5169407315213201,0.005823436767072865,9,1.3613552671758722,1.3357881496091837,0.2895214918889903
additive:hypothesis:1:H0,59,17,same_pipeline_different_source,synthetic:additive,synthetic:additive,32x32,32x32,identity_residual,mean_8,ncc,20260808,additive,1,H0,False,0.5569943109390947,0.5569943109390947,0.5367222419798817,0.533488152569992,0.008054553059151592,9,1.0174474090309287,1.0440612565731133,0.043118162617604594
additive:hypothesis:1:H1,17,17,same_pipeline_different_source,synthetic:additive,synthetic:additive,32x32,32x32,identity_residual,mean_8,ncc,20260808,additive,1,H1,True,0.6874905821922948,0.6874905821922948,0.5110917742755724,0.5065420525778028,0.004642354246148672,9,1.3476213127770906,1.3572231144356943,0.305440784755278
additive:hypothesis:2:H0,19,29,same_pipeline_different_source,synthetic:additive,synthetic:additive,32x32,32x32,identity_residual,mean_8,ncc,20260808,additive,2,H0,False,0.5138114432653803,0.5138114432653803,0.525901564210868,0.5247109128759334,0.013310269330293334,9,1.0027230108424592,0.9792276673820004,-0.020991112535415635
additive:hypothesis:2:H1,29,29,same_pipeline_different_source,synthetic:additive,synthetic:additive,32x32,32x32,identity_residual,mean_8,ncc,20260808,additive,2,H1,True,0.7093365606413727,0.7093365606413727,0.5473738697851236,0.5467974129908518,0.003128628936749922,9,1.3164531507666914,1.2972566142211068,0.2602517379007053
additive:hypothesis:3:H0,12,36,same_pipeline_different_source,synthetic:additive,synthetic:additive,32x32,32x32,identity_residual,mean_8,ncc,20260808,additive,3,H0,False,0.5779918317040009,0.5779918317040009,0.5485685825670019,0.5465924086946258,0.005169452046285938,9,1.0559102136359033,1.0574457722242492,0.05585635140290357
additive:hypothesis:3:H1,36,36,same_pipeline_different_source,synthetic:additive,synthetic:additive,32x32,32x32,identity_residual,mean_8,ncc,20260808,additive,3,H1,True,0.6995956347248974,0.6995956347248974,0.5261695705839071,0.5278505967233877,0.010364905137613234,9,1.3583406208431585,1.325366759207265,0.28168922053800843
additive:hypothesis:4:H0,20,36,same_pipeline_different_source,synthetic:additive,synthetic:additive,32x32,32x32,identity_residual,mean_8,ncc,20260808,additive,4,H0,False,0.5166155944284261,0.5166155944284261,0.5185539988452228,0.5184477302226386,0.012370876270138775,9,0.9953646709490351,0.9964661128067324,-0.003540146122532395
additive:hypothesis:4:H1,36,36,same_pipeline_different_source,synthetic:additive,synthetic:additive,32x32,32x32,identity_residual,mean_8,ncc,20260808,additive,4,H1,True,0.7090436189745549,0.7090436189745549,0.5304824967488654,0.532364155704028,0.011848749275629955,9,1.331302130272396,1.3318770833413385,0.2865892880863872
additive:hypothesis:5:H0,44,37,same_pipeline_different_source,synthetic:additive,synthetic:additive,32x32,32x32,identity_residual,mean_8,ncc,20260808,additive,5,H0,False,0.5402069980425395,0.5402069980425395,0.5376968178907859,0.5355761445844079,0.014200727462330365,9,1.029156650183924,1.0086464894020344,0.00860932260045344
additive:hypothesis:5:H1,37,37,same_pipeline_different_source,synthetic:additive,synthetic:additive,32x32,32x32,identity_residual,mean_8,ncc,20260808,additive,5,H1,True,0.6830349934366248,0.6830349934366248,0.5203896042484082,0.5233828185758114,0.002745483744050148,9,1.3009709907869698,1.3050390062387727,0.26623293016610444
additive:hypothesis:6:H0,10,60,same_pipeline_different_source,synthetic:additive,synthetic:additive,32x32,32x32,identity_residual,mean_8,ncc,20260808,additive,6,H0,False,0.5484003460868887,0.5484003460868887,0.5290579516940169,0.5258530950538256,0.005234369380611281,9,0.9896294122476982,1.0428774713796354,0.04198369201280405
additive:hypothesis:6:H1,60,60,same_pipeline_different_source,synthetic:additive,synthetic:additive,32x32,32x32,identity_residual,mean_8,ncc,20260808,additive,6,H1,True,0.6781689128014146,0.6781689128014146,0.5167160092196686,0.5142531689932741,0.00726646751600335,9,1.3017983535719975,1.3187452284038026,0.2766806999636956
additive:hypothesis:7:H0,61,37,same_pipeline_different_source,synthetic:additive,synthetic:additive,32x32,32x32,identity_residual,mean_8,ncc,20260808,additive,7,H0,False,0.543608908010593,0.543608908010593,0.5196760669891436,0.5123747708915111,0.007592230568228775,9,1.0288722162503363,1.0609595532284617,0.05917373753712318
additive:hypothesis:7:H1,37,37,same_pipeline_different_source,synthetic:additive,synthetic:additive,32x32,32x32,identity_residual,mean_8,ncc,20260808,additive,7,H1,True,0.7113195641708076,0.7113195641708076,0.5500923909787763,0.5505932426264973,0.007207578091229294,9,1.2919148095199948,1.2919148095199948,0.25612546628244803
additive:hypothesis:8:H0,62,54,same_pipeline_different_source,synthetic:additive,synthetic:additive,32x32,32x32,identity_residual,mean_8,ncc,20260808,additive,8,H0,False,0.5411964055172684,0.5411964055172684,0.5272876847724602,0.5299960468229218,0.0061239509161086225,9,1.0807114028004916,1.021132909880154,0.020912706890711008
additive:hypothesis:8:H1,54,54,same_pipeline_different_source,synthetic:additive,synthetic:additive,32x32,32x32,identity_residual,mean_8,ncc,20260808,additive,8,H1,True,0.688754512576925,0.688754512576925,0.5452789078707418,0.541032375695263,0.01112982992302558,9,1.2730375177489686,1.2730375177489686,0.24140579105690307
additive:hypothesis:9:H0,61,8,same_pipeline_different_source,synthetic:additive,synthetic:additive,32x32,32x32,identity_residual,mean_8,ncc,20260808,additive,9,H0,False,0.5104735010884092,0.5104735010884092,0.5020888515913071,0.500883906063649,0.005687214794216466,9,1.0294239893920287,1.0191453446770191,0.01896437868849088
additive:hypothesis:9:H1,8,8,same_pipeline_different_source,synthetic:additive,synthetic:additive,32x32,32x32,identity_residual,mean_8,ncc,20260808,additive,9,H1,True,0.6920191688412098,0.6920191688412098,0.524780748516997,0.5274528661007086,0.007215974956968019,9,1.3128911111074129,1.312001912051569,0.27155414787721405
additive:hypothesis:10:H0,51,61,same_pipeline_different_source,synthetic:additive,synthetic:additive,32x32,32x32,identity_residual,mean_8,ncc,20260808,additive,10,H0,False,0.517207393656762,0.517207393656762,0.5417899179433978,0.5408911659420707,0.007483487760508001,9,0.9562134237410616,0.9562134237410616,-0.04477414425547921
additive:hypothesis:10:H1,61,61,same_pipeline_different_source,synthetic:additive,synthetic:additive,32x32,32x32,identity_residual,mean_8,ncc,20260808,additive,10,H1,True,0.6545115995939258,0.6545115995939258,0.5249065770025916,0.5232705093727107,0.011590390846466514,9,1.2439478618453386,1.250809261883581,0.22379075134194754
additive:hypothesis:11:H0,35,26,same_pipeline_different_source,synthetic:additive,synthetic:additive,32x32,32x32,identity_residual,mean_8,ncc,20260808,additive,11,H0,False,0.5240772832088001,0.5240772832088001,0.5258029358096857,0.5234337356425836,0.006551195018923428,9,1.0252650941300223,1.0012294728489872,0.0012287176661651689
additive:hypothesis:11:H1,26,26,same_pipeline_different_source,synthetic:additive,synthetic:additive,32x32,32x32,identity_residual,mean_8,ncc,20260808,additive,11,H1,True,0.6987766582346753,0.6987766582346753,0.5362070978784093,0.5374935175881379,0.0035719218441834233,9,1.2911892874090798,1.3000652758944022,0.26241447543336266
additive:hypothesis:12:H0,10,57,same_pipeline_different_source,synthetic:additive,synthetic:additive,32x32,32x32,identity_residual,mean_8,ncc,20260808,additive,12,H0,False,0.5586546387076339,0.5586546387076339,0.5431309327888346,0.5411261261128029,0.008321241164731541,9,0.9877113406758021,1.0323926562569574,0.031879075564024806
additive:hypothesis:12:H1,57,57,same_pipeline_different_source,synthetic:additive,synthetic:additive,32x32,32x32,identity_residual,mean_8,ncc,20260808,additive,12,H1,True,0.6929900446967593,0.6929900446967593,0.5219478099196766,0.5249194345453538,0.013735212739063973,9,1.355656170779394,1.3201836302688539,0.2777708407628874
additive:hypothesis:13:H0,34,9,same_pipeline_different_source,synthetic:additive,synthetic:additive,32x32,32x32,identity_residual,mean_8,ncc,20260808,additive,13,H0,False,0.5227331255787668,0.5227331255787668,0.5185940598281957,0.5159956459614523,0.010077804719672456,9,0.9936504586991929,1.0130572412190817,0.0129727303029612
additive:hypothesis:13:H1,9,9,same_pipeline_different_source,synthetic:additive,synthetic:additive,32x32,32x32,identity_residual,mean_8,ncc,20260808,additive,13,H1,True,0.6889353342452671,0.6889353342452671,0.5434878233871656,0.5435314209516233,0.006699447194829289,9,1.2906792966063751,1.2675170334018009,0.23705989497420682
additive:hypothesis:14:H0,47,15,same_pipeline_different_source,synthetic:additive,synthetic:additive,32x32,32x32,identity_residual,mean_8,ncc,20260808,additive,14,H0,False,0.5379097865071801,0.5379097865071801,0.534783198188669,0.5271230103463856,0.008221223138283329,9,1.0233561795553927,1.0204634894494669,0.02025692550816438
additive:hypothesis:14:H1,15,15,same_pipeline_different_source,synthetic:additive,synthetic:additive,32x32,32x32,identity_residual,mean_8,ncc,20260808,additive,14,H1,True,0.6971268034960735,0.6971268034960735,0.5099891377673244,0.5074941442162894,0.00911508468210831,9,1.3284165921575368,1.3736647239006652,0.31748214939540736
additive:hypothesis:15:H0,49,40,same_pipeline_different_source,synthetic:additive,synthetic:additive,32x32,32x32,identity_residual,mean_8,ncc,20260808,additive,15,H0,False,0.5352576078133626,0.5352576078133626,0.535332001053966,0.5389272008221395,0.002259564038733397,9,0.9892325780076396,0.9931909300492183,-0.00683235743853583
additive:hypothesis:15:H1,40,40,same_pipeline_different_source,synthetic:additive,synthetic:additive,32x32,32x32,identity_residual,mean_8,ncc,20260808,additive,15,H1,True,0.71050348441511,0.71050348441511,0.5443153054669385,0.5405479670601352,0.0173624572714427,9,1.2511705374612754,1.3144133873619166,0.27339047283962864
additive:hypothesis:16:H0,32,37,same_pipeline_different_source,synthetic:additive,synthetic:additive,32x32,32x32,identity_residual,mean_8,ncc,20260808,additive,16,H0,False,0.5184480789159012,0.5184480789159012,0.5043097220986721,0.5009221051668895,0.00866151328496173,9,1.0068649472711473,1.034987423330365,0.034389275271876074
additive:hypothesis:16:H1,37,37,same_pipeline_different_source,synthetic:additive,synthetic:additive,32x32,32x32,identity_residual,mean_8,ncc,20260808,additive,16,H1,True,0.7065595452450854,0.7065595452450854,0.5427145529664794,0.5412864030914373,0.0076799628992355595,9,1.2786751617059988,1.305333999172577,0.2664589460913753
additive:hypothesis:17:H0,31,53,same_pipeline_different_source,synthetic:additive,synthetic:additive,32x32,32x32,identity_residual,mean_8,ncc,20260808,additive,17,H0,False,0.521634492888397,0.521634492888397,0.532753423494541,0.5382076839639441,0.012248050460229143,9,1.0304541446880688,0.9692066992550455,-0.031277377914412874
additive:hypothesis:17:H1,53,53,same_pipeline_different_source,synthetic:additive,synthetic:additive,32x32,32x32,identity_residual,mean_8,ncc,20260808,additive,17,H1,True,0.6987806959080725,0.6987806959080725,0.5285055164926189,0.5355181191856956,0.014566101424814515,9,1.3952050202697017,1.3048684458532096,0.2661022279178931
additive:hypothesis:18:H0,3,44,same_pipeline_different_source,synthetic:additive,synthetic:additive,32x32,32x32,identity_residual,mean_8,ncc,20260808,additive,18,H0,False,0.512606606404673,0.512606606404673,0.509606471368103,0.5044608682356851,0.006967880498810919,9,1.026419765478174,1.0161474133711839,0.016018430532249828
additive:hypothesis:18:H1,44,44,same_pipeline_different_source,synthetic:additive,synthetic:additive,32x32,32x32,identity_residual,mean_8,ncc,20260808,additive,18,H1,True,0.7168430477577173,0.7168430477577173,0.5328788927167409,0.5338012161233083,0.003779756826368108,9,1.4022574012156026,1.3429026126312276,0.29483340011745524
additive:hypothesis:19:H0,14,25,same_pipeline_different_source,synthetic:additive,synthetic:additive,32x32,32x32,identity_residual,mean_8,ncc,20260808,additive,19,H0,False,0.5069377872946347,0.5069377872946347,0.5001429959281931,0.5015506595374877,0.005191167746918579,9,1.0213117622993475,1.0107409444184856,0.010683670229240105
additive:hypothesis:19:H1,25,25,same_pipeline_different_source,synthetic:additive,synthetic:additive,32x32,32x32,identity_residual,mean_8,ncc,20260808,additive,19,H1,True,0.7167602749559889,0.7167602749559889,0.5369562654231417,0.5359416365412566,0.006376273435202973,9,1.3410562624213842,1.3373849428487405,0.29071617204941996
additive:hypothesis:20:H0,34,24,same_pipeline_different_source,synthetic:additive,synthetic:additive,32x32,32x32,identity_residual,mean_8,ncc,20260808,additive,20,H0,False,0.5444912636825618,0.5444912636825618,0.5285939296204745,0.5259574890587322,0.006508082501353263,9,1.0225849195981667,1.0352381608958514,0.0346315073924941
additive:hypothesis:20:H1,24,24,same_pipeline_different_source,synthetic:additive,synthetic:additive,32x32,32x32,identity_residual,mean_8,ncc,20260808,additive,20,H1,True,0.6922540844070931,0.6922540844070931,0.5367005391381734,0.5339268241196987,0.010133550352235954,9,1.2351056651353913,1.2965336318294802,0.25969426613794333
additive:hypothesis:21:H0,19,1,same_pipeline_different_source,synthetic:additive,synthetic:additive,32x32,32x32,identity_residual,mean_8,ncc,20260808,additive,21,H0,False,0.5576029864493836,0.5576029864493836,0.5318911094192182,0.5349206647418967,0.01759556229339032,9,1.0291668690549545,1.0424031509764746,0.041528769633287554
additive:hypothesis:21:H1,1,1,same_pipeline_different_source,synthetic:additive,synthetic:additive,32x32,32x32,identity_residual,mean_8,ncc,20260808,additive,21,H1,True,0.6871530151530304,0.6871530151530304,0.5136955022625211,0.5134464642351396,0.005222456651740814,9,1.3572901130122648,1.338314825434925,0.29141122957017984
additive:hypothesis:22:H0,47,60,same_pipeline_different_source,synthetic:additive,synthetic:additive,32x32,32x32,identity_residual,mean_8,ncc,20260808,additive,22,H0,False,0.5410252464028865,0.5410252464028865,0.5209481488489001,0.5248292015859078,0.007854549723387616,9,1.071170582300826,1.0308596487543722,0.03039306458905644
additive:hypothesis:22:H1,60,60,same_pipeline_different_source,synthetic:additive,synthetic:additive,32x32,32x32,identity_residual,mean_8,ncc,20260808,additive,22,H1,True,0.6881488902998494,0.6881488902998494,0.5138274272758363,0.5107738178963681,0.00828412259932887,9,1.3472673543330862,1.3472673543330862,0.2980783590497388
additive:hypothesis:23:H0,48,33,same_pipeline_different_source,synthetic:additive,synthetic:additive,32x32,32x32,identity_residual,mean_8,ncc,20260808,additive,23,H0,False,0.5682655885369454,0.5682655885369454,0.5440533564300721,0.5435110811968267,0.00564399561924267,9,1.0456455024750908,1.0455455430377034,0.04453879994947019
additive:hypothesis:23:H1,33,33,same_pipeline_different_source,synthetic:additive,synthetic:additive,32x32,32x32,identity_residual,mean_8,ncc,20260808,additive,23,H1,True,0.702525441413781,0.702525441413781,0.5357598718614173,0.5371077245482904,0.00400344551319054,9,1.2983014956685524,1.3079786592244742,0.26848293732428735
additive:hypothesis:24:H0,24,19,same_pipeline_different_source,synthetic:additive,synthetic:additive,32x32,32x32,identity_residual,mean_8,ncc,20260808,additive,24,H0,False,0.5129944800370252,0.5129944800370252,0.5419673736020739,0.541863024243748,0.01081914610368484,9,0.928190753312236,0.9467235391323975,-0.05474816175121133
additive:hypothesis:24:H1,19,19,same_pipeline_different_source,synthetic:additive,synthetic:additive,32x32,32x32,identity_residual,mean_8,ncc,20260808,additive,24,H1,True,0.697664692961252,0.697664692961252,0.5378711927038805,0.5392197598137783,0.008296327382335322,9,1.293841110723007,1.293841110723007,0.2576153992991582
additive:hypothesis:25:H0,31,22,same_pipeline_different_source,synthetic:additive,synthetic:additive,32x32,32x32,identity_residual,mean_8,ncc,20260808,additive,25,H0,False,0.5340121270241691,0.5340121270241691,0.5300346303604085,0.5273599599420647,0.010411444208971221,9,1.014695426506764,1.0126140920574158,0.012535197163744072
additive:hypothesis:25:H1,22,22,same_pipeline_different_source,synthetic:additive,synthetic:additive,32x32,32x32,identity_residual,mean_8,ncc,20260808,additive,25,H1,True,0.7010030769694753,0.7010030769694753,0.5228496440419236,0.5228979546274649,0.008180658927250506,9,1.3210956404794405,1.340611625587444,0.29312594683269155
additive:hypothesis:26:H0,49,39,same_pipeline_different_source,synthetic:additive,synthetic:additive,32x32,32x32,identity_residual,mean_8,ncc,20260808,additive,26,H0,False,0.542012283498614,0.542012283498614,0.5492938201321238,0.5494310158298772,0.010768372334453491,9,0.953280459061675,0.9864974271245722,-0.01359456160743755
additive:hypothesis:26:H1,39,39,same_pipeline_different_source,synthetic:additive,synthetic:additive,32x32,32x32,identity_residual,mean_8,ncc,20260808,additive,26,H1,True,0.6713095881744306,0.6713095881744306,0.5136818031420771,0.513793241225755,0.011007223299740576,9,1.269905740680064,1.306575358159421,0.2674094837329865
additive:hypothesis:27:H0,35,61,same_pipeline_different_source,synthetic:additive,synthetic:additive,32x32,32x32,identity_residual,mean_8,ncc,20260808,additive,27,H0,False,0.530734077647677,0.530734077647677,0.5347153167076002,0.5326155072554777,0.005355205458962398,9,1.0210294884554825,0.9964675650968265,-0.003538688683069835
additive:hypothesis:27:H1,61,61,same_pipeline_different_source,synthetic:additive,synthetic:additive,32x32,32x32,identity_residual,mean_8,ncc,20260808,additive,27,H1,True,0.7036675331809984,0.7036675331809984,0.5271559371034111,0.5313057486273141,0.005427859334655616,9,1.3168380411513505,1.3244116687971093,0.28096833728118725
additive:hypothesis:28:H0,17,32,same_pipeline_different_source,synthetic:additive,synthetic:additive,32x32,32x32,identity_residual,mean_8,ncc,20260808,additive,28,H0,False,0.5490272125274929,0.5490272125274929,0.5380517604947302,0.5401242011922789,0.009700437030175202,9,1.0229345057732375,1.016483266840407,0.01634889240665638
additive:hypothesis:28:H1,32,32,same_pipeline_different_source,synthetic:additive,synthetic:additive,32x32,32x32,identity_residual,mean_8,ncc,20260808,additive,28,H1,True,0.6664179789430473,0.6664179789430473,0.5011254375583785,0.5014263697822776,0.009472198867155668,9,1.369339957698461,1.3290445399439406,0.2844602930475899
additive:hypothesis:29:H0,25,6,same_pipeline_different_source,synthetic:additive,synthetic:additive,32x32,32x32,identity_residual,mean_8,ncc,20260808,additive,29,H0,False,0.5217731359987959,0.5217731359987959,0.5152302715531927,0.5198033480023102,0.010689203185256568,9,0.9541537764931528,1.0037894869358883,0.003782324918149116
additive:hypothesis:29:H1,6,6,same_pipeline_different_source,synthetic:additive,synthetic:additive,32x32,32x32,identity_residual,mean_8,ncc,20260808,additive,29,H1,True,0.6974716471728227,0.6974716471728227,0.511856672493295,0.5139153178592133,0.005071053646866885,9,1.3796366516331813,1.3571723257408228,0.30540336301920695
additive:hypothesis:30:H0,21,37,same_pipeline_different_source,synthetic:additive,synthetic:additive,32x32,32x32,identity_residual,mean_8,ncc,20260808,additive,30,H0,False,0.5134284917464895,0.5134284917464895,0.5251810696327267,0.5265688015035154,0.00427738157250257,9,0.9894625196806733,0.9750454077045464,-0.025271237064069085
additive:hypothesis:30:H1,37,37,same_pipeline_different_source,synthetic:additive,synthetic:additive,32x32,32x32,identity_residual,mean_8,ncc,20260808,additive,30,H1,True,0.714499201036649,0.714499201036649,0.5524024425074832,0.5541061999950476,0.014041391819192395,9,1.354837689974164,1.2894625633913406,0.25422551403829513
additive:hypothesis:31:H0,52,46,same_pipeline_different_source,synthetic:additive,synthetic:additive,32x32,32x32,identity_residual,mean_8,ncc,20260808,additive,31,H0,False,0.5182903167058539,0.5182903167058539,0.5372454951992419,0.542461486524472,0.01089955532252096,9,0.9329932066258709,0.9554416849507938,-0.04558154808965775
additive:hypothesis:31:H1,46,46,same_pipeline_different_source,synthetic:additive,synthetic:additive,32x32,32x32,identity_residual,mean_8,ncc,20260808,additive,31,H1,True,0.7110602251918781,0.7110602251918781,0.535484023839641,0.5337166777050835,0.00833103276370506,9,1.3095122806072257,1.3322803181818306,0.28689199906235324
additive:hypothesis:32:H0,6,1,same_pipeline_different_source,synthetic:additive,synthetic:additive,32x32,32x32,identity_residual,mean_8,ncc,20260808,additive,32,H0,False,0.5211987607138521,0.5211987607138521,0.5230534300691967,0.5190194087179144,0.009018109264377405,9,1.0219557504506618,1.004198979767098,0.004190188652106519
additive:hypothesis:32:H1,1,1,same_pipeline_different_source,synthetic:additive,synthetic:additive,32x32,32x32,identity_residual,mean_8,ncc,20260808,additive,32,H1,True,0.7060536934249815,0.7060536934249815,0.5482406808324949,0.5459577165186775,0.008545780753220544,9,1.2979058162029886,1.2932387839980772,0.2571497571386343
additive:hypothesis:33:H0,18,28,same_pipeline_different_source,synthetic:additive,synthetic:additive,32x32,32x32,identity_residual,mean_8,ncc,20260808,additive,33,H0,False,0.550130460944704,0.550130460944704,0.5260252678207525,0.5247004127930583,0.013500746295062371,9,1.0915147532039433,1.0484658436159364,0.047327994401876516
additive:hypothesis:33:H1,28,28,same_pipeline_different_source,synthetic:additive,synthetic:additive,32x32,32x32,identity_residual,mean_8,ncc,20260808,additive,33,H1,True,0.6970403513645758,0.6970403513645758,0.537447958196912,0.5355243847889366,0.010344739476148668,9,1.3171696647489903,1.3016033838296581,0.26359687666551485
additive:hypothesis:34:H0,30,8,same_pipeline_different_source,synthetic:additive,synthetic:additive,32x32,32x32,identity_residual,mean_8,ncc,20260808,additive,34,H0,False,0.5210307511062537,0.5210307511062537,0.5190586024005266,0.5181937390975486,0.0022741940409732875,9,1.0050052508387413,1.0054748095058923,0.005459877212510955
additive:hypothesis:34:H1,8,8,same_pipeline_different_source,synthetic:additive,synthetic:additive,32x32,32x32,identity_residual,mean_8,ncc,20260808,additive,34,H1,True,0.6931449760367862,0.6931449760367862,0.5241809370853945,0.5246741468851801,0.0018341609842263962,9,1.3639758932012447,1.3210961129908203,0.27846178064579563
additive:hypothesis:35:H0,9,32,same_pipeline_different_source,synthetic:additive,synthetic:additive,32x32,32x32,identity_residual,mean_8,ncc,20260808,additive,35,H0,False,0.542153588128977,0.542153588128977,0.5582629908371144,0.5574909524129523,0.010001108973449302,9,0.9396771972991858,0.9724885861957192,-0.027896940118081526
additive:hypothesis:35:H1,32,32,same_pipeline_different_source,synthetic:additive,synthetic:additive,32x32,32x32,identity_residual,mean_8,ncc,20260808,additive,35,H1,True,0.6480637624191306,0.6480637624191306,0.49154558788750335,0.4930104433296627,0.007228247848367508,9,1.286953698177528,1.3145031128393114,0.2734587332635886
additive:hypothesis:36:H0,58,53,same_pipeline_different_source,synthetic:additive,synthetic:additive,32x32,32x32,identity_residual,mean_8,ncc,20260808,additive,36,H0,False,0.5449606861506958,0.5449606861506958,0.5377327797875319,0.5318339877822045,0.014817748454837742,9,1.0246819471302142,1.0246819471302142,0.024382268956049225
additive:hypothesis:36:H1,53,53,same_pipeline_different_source,synthetic:additive,synthetic:additive,32x32,32x32,identity_residual,mean_8,ncc,20260808,additive,36,H1,True,0.7058011641178992,0.7058011641178992,0.5371654147925755,0.5410233654037685,0.01111256256946036,9,1.2933025771707418,1.3045668805656039,0.26587109339932885
additive:hypothesis:37:H0,60,16,same_pipeline_different_source,synthetic:additive,synthetic:additive,32x32,32x32,identity_residual,mean_8,ncc,20260808,additive,37,H0,False,0.5383773249366555,0.5383773249366555,0.5292677420547486,0.5355051545016852,0.012920170239354212,9,1.0053634785974057,1.0053634785974057,0.00534914637029571
additive:hypothesis:37:H1,16,16,same_pipeline_different_source,synthetic:additive,synthetic:additive,32x32,32x32,identity_residual,mean_8,ncc,20260808,additive,37,H1,True,0.7097544131951556,0.7097544131951556,0.5453811767270375,0.5482647614709245,0.01117523611144644,9,1.2663937659992637,1.2945468377193803,0.2581607016478928
additive:hypothesis:38:H0,3,27,same_pipeline_different_source,synthetic:additive,synthetic:additive,32x32,32x32,identity_residual,mean_8,ncc,20260808,additive,38,H0,False,0.5562881907087185,0.5562881907087185,0.538699597230591,0.5398324814426315,0.014047819013208507,9,1.0238070744154373,1.030482992098051,0.030027616697911652
additive:hypothesis:38:H1,27,27,same_pipeline_different_source,synthetic:additive,synthetic:additive,32x32,32x32,identity_residual,mean_8,ncc,20260808,additive,38,H1,True,0.6989625786584873,0.6989625786584873,0.5366784809056825,0.5334083682082681,0.006231394260933998,9,1.3103704784503474,1.3103704784503474,0.2703099052077866
additive:hypothesis:39:H0,35,8,same_pipeline_different_source,synthetic:additive,synthetic:additive,32x32,32x32,identity_residual,mean_8,ncc,20260808,additive,39,H0,False,0.5190404524374376,0.5190404524374376,0.5202844618575387,0.5151320668932907,0.015897293335456253,9,1.009476497947181,1.007587152490269,0.007558514809896444
additive:hypothesis:39:H1,8,8,same_pipeline_different_source,synthetic:additive,synthetic:additive,32x32,32x32,identity_residual,mean_8,ncc,20260808,additive,39,H1,True,0.6937999125737458,0.6937999125737458,0.5427941508165806,0.542908774653689,0.0065196102812810075,9,1.2627667801616467,1.277930924981471,0.24524230518435342
additive:hypothesis:40:H0,37,63,same_pipeline_different_source,synthetic:additive,synthetic:additive,32x32,32x32,identity_residual,mean_8,ncc,20260808,additive,40,H0,False,0.5390959188298583,0.5390959188298583,0.5474812409498533,0.5474865906761142,0.008099016779276935,9,0.970103851035563,0.9846741966120232,-0.015444457385700328
additive:hypothesis:40:H1,63,63,same_pipeline_different_source,synthetic:additive,synthetic:additive,32x32,32x32,identity_residual,mean_8,ncc,20260808,additive,40,H1,True,0.6864810571678035,0.6864810571678035,0.5251800548241584,0.5215934701929832,0.009417093397389609,9,1.3161227975377336,1.3161227975377336,0.27469013974879203
additive:hypothesis:41:H0,3,46,same_pipeline_different_source,synthetic:additive,synthetic:additive,32x32,32x32,identity_residual,mean_8,ncc,20260808,additive,41,H0,False,0.5222384243258427,0.5222384243258427,0.5297335221691792,0.5263497642899534,0.01076610361213537,9,1.0122358762229933,0.992188958287733,-0.007841707691792488
additive:hypothesis:41:H1,46,46,same_pipeline_different_source,synthetic:additive,synthetic:additive,32x32,32x32,identity_residual,mean_8,ncc,20260808,additive,41,H1,True,0.705461015741455,0.705461015741455,0.5323731555503549,0.532638732765488,0.0028953861227136723,9,1.30106260287085,1.324464355189989,0.28100811746901777
additive:hypothesis:42:H0,1,53,same_pipeline_different_source,synthetic:additive,synthetic:additive,32x32,32x32,identity_residual,mean_8,ncc,20260808,additive,42,H0,False,0.5286698053197585,0.5286698053197585,0.5393758761739352,0.5388054771522475,0.011019096382503535,9,0.9811886250933098,0.9811886250933098,-0.0189905595173141
additive:hypothesis:42:H1,53,53,same_pipeline_different_source,synthetic:additive,synthetic:additive,32x32,32x32,identity_residual,mean_8,ncc,20260808,additive,42,H1,True,0.7225958024187588,0.7225958024187588,0.552684495922532,0.547927366640364,0.006803795694668935,9,1.2474439149535794,1.3187802734683256,0.2767072741632627
additive:hypothesis:43:H0,47,23,same_pipeline_different_source,synthetic:additive,synthetic:additive,32x32,32x32,identity_residual,mean_8,ncc,20260808,additive,43,H0,False,0.5447715243206006,0.5447715243206006,0.5510800620419977,0.5487846526186568,0.012055805998166802,9,0.9664824833765134,0.9926872439327401,-0.0073396253403417155
additive:hypothesis:43:H1,23,23,same_pipeline_different_source,synthetic:additive,synthetic:additive,32x32,32x32,identity_residual,mean_8,ncc,20260808,additive,43,H1,True,0.7065018570236832,0.7065018570236832,0.5326512197975157,0.531007856360667,0.003865399654928825,9,1.3208771406642978,1.33049228662225,0.28554901406611516
additive:hypothesis:44:H0,21,28,same_pipeline_different_source,synthetic:additive,synthetic:additive,32x32,32x32,identity_residual,mean_8,ncc,20260808,additive,44,H0,False,0.5335123164236077,0.5335123164236077,0.5144531513042999,0.5141171277607621,0.011089291130358836,9,1.0606019738339107,1.037725233444996,0.037031042038659034
additive:hypothesis:44:H1,28,28,same_pipeline_different_source,synthetic:additive,synthetic:additive,32x32,32x32,identity_residual,mean_8,ncc,20260808,additive,44,H1,True,0.7136511083637691,0.7136511083637691,0.5357676294855723,0.5401446457339506,0.017151704944761814,9,1.3251678372295814,1.3212222207517346,0.2785572330062471
additive:hypothesis:45:H0,52,60,same_pipeline_different_source,synthetic:additive,synthetic:additive,32x32,32x32,identity_residual,mean_8,ncc,20260808,additive,45,H0,False,0.5435156493604553,0.5435156493604553,0.5304960533148049,0.5325948367305138,0.005753133626473339,9,1.0820623787980748,1.0205049164520295,0.02029752094555437
additive:hypothesis:45:H1,60,60,same_pipeline_different_source,synthetic:additive,synthetic:additive,32x32,32x32,identity_residual,mean_8,ncc,20260808,additive,45,H1,True,0.7166329184236524,0.7166329184236524,0.536289241355046,0.5372038270460217,0.006166315447743043,9,1.376209024117171,1.3340056089404204,0.28818615208760645
additive:hypothesis:46:H0,47,1,same_pipeline_different_source,synthetic:additive,synthetic:additive,32x32,32x32,identity_residual,mean_8,ncc,20260808,additive,46,H0,False,0.552265655355882,0.552265655355882,0.5404547368756223,0.5409582707036994,0.006478111653635876,9,1.0209025081314933,1.0209025081314933,0.020687047974508044
additive:hypothesis:46:H1,1,1,same_pipeline_different_source,synthetic:additive,synthetic:additive,32x32,32x32,identity_residual,mean_8,ncc,20260808,additive,46,H1,True,0.6928105244115323,0.6928105244115323,0.5226875344745558,0.5276051109203037,0.008652642876964878,9,1.3350173032680794,1.313123224305125,0.27240844034976897
additive:hypothesis:47:H0,60,8,same_pipeline_different_source,synthetic:additive,synthetic:additive,32x32,32x32,identity_residual,mean_8,ncc,20260808,additive,47,H0,False,0.5589763298355631,0.5589763298355631,0.5319183792491933,0.5345860384394376,0.004742786189854353,9,1.1022915867059797,1.045624632224451,0.0446144410309286
additive:hypothesis:47:H1,8,8,same_pipeline_different_source,synthetic:additive,synthetic:additive,32x32,32x32,identity_residual,mean_8,ncc,20260808,additive,47,H1,True,0.7164730151991475,0.7164730151991475,0.543805494297448,0.5460252961586053,0.0206791487851401,9,1.2642798580312338,1.3121608471982438,0.2716752799573864
additive:hypothesis:48:H0,42,19,same_pipeline_different_source,synthetic:additive,synthetic:additive,32x32,32x32,identity_residual,mean_8,ncc,20260808,additive,48,H0,False,0.5410463304204896,0.5410463304204896,0.5278451210610823,0.528832891533661,0.004988015153467584,9,0.9924704721718185,1.0230950817968385,0.022832426733386924
additive:hypothesis:48:H1,19,19,same_pipeline_different_source,synthetic:additive,synthetic:additive,32x32,32x32,identity_residual,mean_8,ncc,20260808,additive,48,H1,True,0.7048888286368157,0.7048888286368157,0.5406415824040463,0.5435701739336501,0.007143445897808132,9,1.264506895135018,1.296776133862813,0.259881287401078
additive:hypothesis:49:H0,53,56,same_pipeline_different_source,synthetic:additive,synthetic:additive,32x32,32x32,identity_residual,mean_8,ncc,20260808,additive,49,H0,False,0.5650345608939513,0.5650345608939513,0.5403690340513884,0.5347278722991714,0.0034657794118989615,9,1.0566768447368755,1.0566768447368755,0.05512893141778963
additive:hypothesis:49:H1,56,56,same_pipeline_different_source,synthetic:additive,synthetic:additive,32x32,32x32,identity_residual,mean_8,ncc,20260808,additive,49,H1,True,0.6810830364549119,0.6810830364549119,0.520204509113483,0.5212112592652286,0.008420223090350287,9,1.320334813576459,1.3067312425580764,0.2675287842381759
additive:hypothesis:50:H0,14,53,same_pipeline_different_source,synthetic:additive,synthetic:additive,32x32,32x32,identity_residual,mean_8,ncc,20260808,additive,50,H0,False,0.508552885637693,0.508552885637693,0.5173209687201217,0.5141275256506133,0.0035686067652751507,9,0.990574986853134,0.9891570870362061,-0.010902125759698844
additive:hypothesis:50:H1,53,53,same_pipeline_different_source,synthetic:additive,synthetic:additive,32x32,32x32,identity_residual,mean_8,ncc,20260808,additive,50,H1,True,0.6693310528213176,0.6693310528213176,0.5258055672464611,0.5257497300473833,0.008218024301205551,9,1.3311941863298056,1.2730982339467751,0.24145348387750587
additive:hypothesis:51:H0,8,57,same_pipeline_different_source,synthetic:additive,synthetic:additive,32x32,32x32,identity_residual,mean_8,ncc,20260808,additive,51,H0,False,0.5559117323625323,0.5559117323625323,0.5574827143426985,0.5644516604910819,0.005264494828995825,9,1.0141922593850217,0.9848703994933425,-0.015245220585115793
additive:hypothesis:51:H1,57,57,same_pipeline_different_source,synthetic:additive,synthetic:additive,32x32,32x32,identity_residual,mean_8,ncc,20260808,additive,51,H1,True,0.6622471244822101,0.6622471244822101,0.4986691593453909,0.5034507213619696,0.009617498024074522,9,1.3186749757356113,1.3154159809139883,0.2741529509020758
additive:hypothesis:52:H0,27,20,same_pipeline_different_source,synthetic:additive,synthetic:additive,32x32,32x32,identity_residual,mean_8,ncc,20260808,additive,52,H0,False,0.5480867560248811,0.5480867560248811,0.5363930190291909,0.5356509418762867,0.018092527460796592,9,1.0244222198556976,1.0232162648777094,0.022950867244611595
additive:hypothesis:52:H1,20,20,same_pipeline_different_source,synthetic:additive,synthetic:additive,32x32,32x32,identity_residual,mean_8,ncc,20260808,additive,52,H1,True,0.7164045005826883,0.7164045005826883,0.5370896475516362,0.5384166337186201,0.011202292934959335,9,1.3304103721807017,1.330576463871073,0.2856122798113805
additive:hypothesis:53:H0,3,53,same_pipeline_different_source,synthetic:additive,synthetic:additive,32x32,32x32,identity_residual,mean_8,ncc,20260808,additive,53,H0,False,0.5506147468478296,0.5506147468478296,0.5324591097589035,0.5361419370204863,0.011997642086363114,9,1.0682678370747771,1.0269943625521507,0.026636441692943102
additive:hypothesis:53:H1,53,53,same_pipeline_different_source,synthetic:additive,synthetic:additive,32x32,32x32,identity_residual,mean_8,ncc,20260808,additive,53,H1,True,0.7202115185489968,0.7202115185489968,0.5426102737216058,0.5408173325340181,0.008587950242336606,9,1.3918644810816778,1.3317093872979646,0.2864633706097488
additive:hypothesis:54:H0,52,58,same_pipeline_different_source,synthetic:additive,synthetic:additive,32x32,32x32,identity_residual,mean_8,ncc,20260808,additive,54,H0,False,0.5491954599125014,0.5491954599125014,0.5210453321862116,0.5241775901052802,0.01041455862116103,9,1.0477278507885017,1.0477278507885017,0.04662386781291117
additive:hypothesis:54:H1,58,58,same_pipeline_different_source,synthetic:additive,synthetic:additive,32x32,32x32,identity_residual,mean_8,ncc,20260808,additive,54,H1,True,0.6764660182061856,0.6764660182061856,0.5241166741972054,0.5241457689427736,0.007725915454202759,9,1.29060665618011,1.29060665618011,0.2551123839370404
additive:hypothesis:55:H0,38,31,same_pipeline_different_source,synthetic:additive,synthetic:additive,32x32,32x32,identity_residual,mean_8,ncc,20260808,additive,55,H0,False,0.523224757562709,0.523224757562709,0.5297541192858026,0.5308829312829408,0.013052046827340402,9,1.019428117804647,0.9855746469344476,-0.014530410017454143
additive:hypothesis:55:H1,31,31,same_pipeline_different_source,synthetic:additive,synthetic:additive,32x32,32x32,identity_residual,mean_8,ncc,20260808,additive,55,H1,True,0.6947114767098616,0.6947114767098616,0.5307670694370358,0.5291356038338326,0.011610854393491521,9,1.2622442114866328,1.3129176560343985,0.2722518789857128
additive:hypothesis:56:H0,7,5,same_pipeline_different_source,synthetic:additive,synthetic:additive,32x32,32x32,identity_residual,mean_8,ncc,20260808,additive,56,H0,False,0.5402256488033063,0.5402256488033063,0.5330048378556416,0.5381750582658341,0.009982796991905851,9,0.9903404553219215,1.0038102667635318,0.0038030260839129193
additive:hypothesis:56:H1,5,5,same_pipeline_different_source,synthetic:additive,synthetic:additive,32x32,32x32,identity_residual,mean_8,ncc,20260808,additive,56,H1,True,0.6611081333107947,0.6611081333107947,0.49000388879297474,0.49043809147991807,0.005595548968655606,9,1.3033274174729512,1.3479950778616572,0.29861836104550893
additive:hypothesis:57:H0,20,32,same_pipeline_different_source,synthetic:additive,synthetic:additive,32x32,32x32,identity_residual,mean_8,ncc,20260808,additive,57,H0,False,0.5050676682129758,0.5050676682129758,0.5194582227629648,0.5184760805967711,0.00837740275891019,9,0.9524795197307585,0.9741388023756813,-0.026201477920273386
additive:hypothesis:57:H1,32,32,same_pipeline_different_source,synthetic:additive,synthetic:additive,32x32,32x32,identity_residual,mean_8,ncc,20260808,additive,57,H1,True,0.6597377257311016,0.6597377257311016,0.5044872536307934,0.4999295983974126,0.00734236946555189,9,1.3381466916615505,1.319661263997919,0.2773750854828048
additive:hypothesis:58:H0,38,18,same_pipeline_different_source,synthetic:additive,synthetic:additive,32x32,32x32,identity_residual,mean_8,ncc,20260808,additive,58,H0,False,0.5588697586520721,0.5588697586520721,0.5277916830685613,0.5299634692860024,0.0057507725674897925,9,1.0909892732733757,1.0545439281032218,0.05310837782457678
additive:hypothesis:58:H1,18,18,same_pipeline_different_source,synthetic:additive,synthetic:additive,32x32,32x32,identity_residual,mean_8,ncc,20260808,additive,58,H1,True,0.6922032758569212,0.6922032758569212,0.5318782787232003,0.5278217816266757,0.003912466661657232,9,1.31417879216328,1.3114337072707456,0.2711209717889402
additive:hypothesis:59:H0,54,52,same_pipeline_different_source,synthetic:additive,synthetic:additive,32x32,32x32,identity_residual,mean_8,ncc,20260808,additive,59,H0,False,0.519680791450044,0.519680791450044,0.5168777444541606,0.516880550011158,0.005032337383926944,9,1.0153025421005373,1.0054175794365363,0.005402957140918874
additive:hypothesis:59:H1,52,52,same_pipeline_different_source,synthetic:additive,synthetic:additive,32x32,32x32,identity_residual,mean_8,ncc,20260808,additive,59,H1,True,0.6916848552687196,0.6916848552687196,0.5064527915927748,0.5039536050707243,0.0070856637821934965,9,1.3496262296703814,1.3725169307433553,0.3166462300218984
additive:hypothesis:60:H0,27,26,same_pipeline_different_source,synthetic:additive,synthetic:additive,32x32,32x32,identity_residual,mean_8,ncc,20260808,additive,60,H0,False,0.5403088216032703,0.5403088216032703,0.5521813980165599,0.5549579704690747,0.007393696501228009,9,0.9867495877479355,0.9736031381738292,-0.026751514045907143
additive:hypothesis:60:H1,26,26,same_pipeline_different_source,synthetic:additive,synthetic:additive,32x32,32x32,identity_residual,mean_8,ncc,20260808,additive,60,H1,True,0.6865279067488975,0.6865279067488975,0.5162397086754204,0.5195835016105256,0.005049687117807955,9,1.3667896841652607,1.3213042843371723,0.2786193429493687
additive:hypothesis:61:H0,22,20,same_pipeline_different_source,synthetic:additive,synthetic:additive,32x32,32x32,identity_residual,mean_8,ncc,20260808,additive,61,H0,False,0.5268362775343466,0.5268362775343466,0.5282247059228733,0.530005816817146,0.00767599298506616,9,1.0086276017501836,0.9940198028356868,-0.005998150154104542
additive:hypothesis:61:H1,20,20,same_pipeline_different_source,synthetic:additive,synthetic:additive,32x32,32x32,identity_residual,mean_8,ncc,20260808,additive,61,H1,True,0.6915199896494403,0.6915199896494403,0.5204072377074748,0.5207398452987211,0.007612899811578977,9,1.3118792945874884,1.3279567444138092,0.2836414785462104
additive:hypothesis:62:H0,18,27,same_pipeline_different_source,synthetic:additive,synthetic:additive,32x32,32x32,identity_residual,mean_8,ncc,20260808,additive,62,H0,False,0.5603231317003139,0.5603231317003139,0.5592221643944462,0.5572928338300689,0.012874717041492012,9,1.0292147054281695,1.0054375324538427,0.005422802446718444
additive:hypothesis:62:H1,27,27,same_pipeline_different_source,synthetic:additive,synthetic:additive,32x32,32x32,identity_residual,mean_8,ncc,20260808,additive,62,H1,True,0.7111096777162399,0.7111096777162399,0.5668499897784495,0.5618588138131637,0.011813026895962642,9,1.2251434790522622,1.2656376659647932,0.23557607893857652
additive:hypothesis:63:H0,12,41,same_pipeline_different_source,synthetic:additive,synthetic:additive,32x32,32x32,identity_residual,mean_8,ncc,20260808,additive,63,H0,False,0.5464458157188988,0.5464458157188988,0.5385738727852557,0.5419094926248147,0.007432833954030493,9,0.9992786620518239,1.0083709976588744,0.008336155167210646
additive:hypothesis:63:H1,41,41,same_pipeline_different_source,synthetic:additive,synthetic:additive,32x32,32x32,identity_residual,mean_8,ncc,20260808,additive,63,H1,True,0.702313107323386,0.702313107323386,0.5136507033045741,0.5124035001925444,0.008451863827113715,9,1.3483841308714626,1.3706251168453762,0.3152669254397165
additive:hypothesis:64:H0,9,10,same_pipeline_different_source,synthetic:additive,synthetic:additive,32x32,32x32,identity_residual,mean_8,ncc,20260808,additive,64,H0,False,0.5604368230737443,0.5604368230737443,0.5502756280166452,0.551927768760193,0.008484829276828143,9,1.0154169708341825,1.0154169708341825,0.015299336838585975
additive:hypothesis:64:H1,10,10,same_pipeline_different_source,synthetic:additive,synthetic:additive,32x32,32x32,identity_residual,mean_8,ncc,20260808,additive,64,H1,True,0.6657733026541384,0.6657733026541384,0.5167909838886622,0.5177513600129243,0.0133959467483864,9,1.245687749968262,1.2858938750784141,0.25145409914302147
additive:hypothesis:65:H0,9,12,same_pipeline_different_source,synthetic:additive,synthetic:additive,32x32,32x32,identity_residual,mean_8,ncc,20260808,additive,65,H0,False,0.5337220245987081,0.5337220245987081,0.5416160057611795,0.5407379345585546,0.00434826236447472,9,0.983986228740035,0.9870253046596886,-0.013059601924223507
additive:hypothesis:65:H1,12,12,same_pipeline_different_source,synthetic:additive,synthetic:additive,32x32,32x32,identity_residual,mean_8,ncc,20260808,additive,65,H1,True,0.6854855458308436,0.6854855458308436,0.5110666633320754,0.5155041092845414,0.005094111463500917,9,1.3566319780646636,1.3297382765429675,0.28498213831488184
additive:hypothesis:66:H0,0,42,same_pipeline_different_source,synthetic:additive,synthetic:additive,32x32,32x32,identity_residual,mean_8,ncc,20260808,additive,66,H0,False,0.5341670019654912,0.5341670019654912,0.5324688855458368,0.528712959424106,0.007571026238430756,9,1.0103156967200613,1.0103156967200613,0.010262853022988794
additive:hypothesis:66:H1,42,42,same_pipeline_different_source,synthetic:additive,synthetic:additive,32x32,32x32,identity_residual,mean_8,ncc,20260808,additive,66,H1,True,0.709885732432843,0.709885732432843,0.5575982303644444,0.5566889941527673,0.010701807439502442,9,1.2842442935364229,1.2751926836872858,0.24309729165285476
additive:hypothesis:67:H0,17,51,same_pipeline_different_source,synthetic:additive,synthetic:additive,32x32,32x32,identity_residual,mean_8,ncc,20260808,additive,67,H0,False,0.49875537341418136,0.49875537341418136,0.499651466097104,0.5050137372020977,0.013937625132018017,9,0.9563827619303479,0.9876075375244457,-0.012469889376967136
additive:hypothesis:67:H1,51,51,same_pipeline_different_source,synthetic:additive,synthetic:additive,32x32,32x32,identity_residual,mean_8,ncc,20260808,additive,67,H1,True,0.6887885713259657,0.6887885713259657,0.5007114415680706,0.4957335134066323,0.00704176559053471,9,1.3041552358589956,1.3894331383663734,0.32889584983889375
additive:hypothesis:68:H0,35,49,same_pipeline_different_source,synthetic:additive,synthetic:additive,32x32,32x32,identity_residual,mean_8,ncc,20260808,additive,68,H0,False,0.5554542264468304,0.5554542264468304,0.5540622032594006,0.5579415195015395,0.010580170262781241,9,0.9955420183517957,0.9955420183517957,-0.004467948079534101
additive:hypothesis:68:H1,49,49,same_pipeline_different_source,synthetic:additive,synthetic:additive,32x32,32x32,identity_residual,mean_8,ncc,20260808,additive,68,H1,True,0.6785551132295844,0.6785551132295844,0.4990255996772384,0.4999208579345685,0.007295661656527674,9,1.3573250694780898,1.3573250694780898,0.3055159022595814
additive:hypothesis:69:H0,55,32,same_pipeline_different_source,synthetic:additive,synthetic:additive,32x32,32x32,identity_residual,mean_8,ncc,20260808,additive,69,H0,False,0.5080988802596693,0.5080988802596693,0.5028600705185231,0.500688216898319,0.00894808686663856,9,1.0148009541891323,1.0148009541891323,0.014692489015638244
additive:hypothesis:69:H1,32,32,same_pipeline_different_source,synthetic:additive,synthetic:additive,32x32,32x32,identity_residual,mean_8,ncc,20260808,additive,69,H1,True,0.7145422904051993,0.7145422904051993,0.525523027789371,0.5289108898495037,0.013201878654064525,9,1.3509691407724942,1.3509691407724942,0.3008222169499708
additive:hypothesis:70:H0,50,51,same_pipeline_different_source,synthetic:additive,synthetic:additive,32x32,32x32,identity_residual,mean_8,ncc,20260808,additive,70,H0,False,0.5095893004043975,0.5095893004043975,0.5094927029246166,0.5107976487477823,0.009119246244548296,9,0.9692028323647731,0.9976343893783634,-0.002368413099029132
additive:hypothesis:70:H1,51,51,same_pipeline_different_source,synthetic:additive,synthetic:additive,32x32,32x32,identity_residual,mean_8,ncc,20260808,additive,70,H1,True,0.7125243832326513,0.7125243832326513,0.5364731535848755,0.5346823232701844,0.012871503815456986,9,1.3008605875826547,1.3326125667943585,0.287141351384259
additive:hypothesis:71:H0,52,26,same_pipeline_different_source,synthetic:additive,synthetic:additive,32x32,32x32,identity_residual,mean_8,ncc,20260808,additive,71,H0,False,0.5330863585967596,0.5330863585967596,0.5318201029756374,0.5377813221193001,0.010716141719212313,9,1.0321564962260512,0.9912697534677506,-0.008768578395317639
additive:hypothesis:71:H1,26,26,same_pipeline_different_source,synthetic:additive,synthetic:additive,32x32,32x32,identity_residual,mean_8,ncc,20260808,additive,71,H1,True,0.6677548563631599,0.6677548563631599,0.5197746888739915,0.5196831351192676,0.00813187790714509,9,1.3048488500008693,1.284926931888813,0.2507018543871226
additive:hypothesis:72:H0,0,29,same_pipeline_different_source,synthetic:additive,synthetic:additive,32x32,32x32,identity_residual,mean_8,ncc,20260808,additive,72,H0,False,0.5273577774433308,0.5273577774433308,0.5314537826402846,0.5284356981568922,0.009510510940062611,9,0.9919732970292744,0.9979601667386949,-0.0020419165547015394
additive:hypothesis:72:H1,29,29,same_pipeline_different_source,synthetic:additive,synthetic:additive,32x32,32x32,identity_residual,mean_8,ncc,20260808,additive,72,H1,True,0.6967098012898165,0.6967098012898165,0.5250121751892689,0.5270208247449027,0.005001913651734302,9,1.3200251907419909,1.321977744668912,0.27912890669544027
additive:hypothesis:73:H0,42,61,same_pipeline_different_source,synthetic:additive,synthetic:additive,32x32,32x32,identity_residual,mean_8,ncc,20260808,additive,73,H0,False,0.5430579196295415,0.5430579196295415,0.5379691271460265,0.5370066619346262,0.004603959991966833,9,1.0200134553186955,1.0112684965082464,0.01120547996074095
additive:hypothesis:73:H1,61,61,same_pipeline_different_source,synthetic:additive,synthetic:additive,32x32,32x32,identity_residual,mean_8,ncc,20260808,additive,73,H1,True,0.6977299314454526,0.6977299314454526,0.5286303134419388,0.5296646892785627,0.010652026334585618,9,1.3173049772221093,1.3173049772221093,0.2755879655977622
additive:hypothesis:74:H0,11,60,same_pipeline_different_source,synthetic:additive,synthetic:additive,32x32,32x32,identity_residual,mean_8,ncc,20260808,additive,74,H0,False,0.5368057331456895,0.5368057331456895,0.547565905111064,0.5492251485368479,0.007088310647348273,9,0.9666097114963228,0.9773873876237384,-0.022872198236155605
additive:hypothesis:74:H1,60,60,same_pipeline_different_source,synthetic:additive,synthetic:additive,32x32,32x32,identity_residual,mean_8,ncc,20260808,additive,74,H1,True,0.7115011176293421,0.7115011176293421,0.5309149748348715,0.5233153678894361,0.006457474851019107,9,1.343030559944951,1.3596029493627733,0.30719270812459465
additive:hypothesis:75:H0,9,18,same_pipeline_different_source,synthetic:additive,synthetic:additive,32x32,32x32,identity_residual,mean_8,ncc,20260808,additive,75,H0,False,0.527810286796285,0.527810286796285,0.5345005440514261,0.5343295919728998,0.006436891566136471,9,0.9993272911210318,0.9877990939028034,-0.01227594816414479
additive:hypothesis:75:H1,18,18,same_pipeline_different_source,synthetic:additive,synthetic:additive,32x32,32x32,identity_residual,mean_8,ncc,20260808,additive,75,H1,True,0.6985949473569852,0.6985949473569852,0.5108933012660417,0.5154401135633051,0.010537331223275603,9,1.3836226929058844,1.355336786901405,0.3040499746666765
additive:hypothesis:76:H0,46,57,same_pipeline_different_source,synthetic:additive,synthetic:additive,32x32,32x32,identity_residual,mean_8,ncc,20260808,additive,76,H0,False,0.5567783746395858,0.5567783746395858,0.5274857288580607,0.5307102283325609,0.006364300856585903,9,1.0366873578610907,1.0491193591443082,0.04795110668228064
additive:hypothesis:76:H1,57,57,same_pipeline_different_source,synthetic:additive,synthetic:additive,32x32,32x32,identity_residual,mean_8,ncc,20260808,additive,76,H1,True,0.673622131128999,0.673622131128999,0.515958211791846,0.5166910094648453,0.013324195308599185,9,1.2709486917775115,1.3037233448801302,0.26522428216133603
additive:hypothesis:77:H0,53,49,same_pipeline_different_source,synthetic:additive,synthetic:additive,32x32,32x32,identity_residual,mean_8,ncc,20260808,additive,77,H0,False,0.5356665129902707,0.5356665129902707,0.5226689940864313,0.5237156918211293,0.008822831387317764,9,1.0906606014024283,1.022819291756534,0.022562825966570776
additive:hypothesis:77:H1,49,49,same_pipeline_different_source,synthetic:additive,synthetic:additive,32x32,32x32,identity_residual,mean_8,ncc,20260808,additive,77,H1,True,0.6906572763049615,0.6906572763049615,0.5464445312121572,0.5445986102607099,0.008314130658968022,9,1.3102919392658352,1.2681950766902077,0.23759469015215195
additive:hypothesis:78:H0,15,59,same_pipeline_different_source,synthetic:additive,synthetic:additive,32x32,32x32,identity_residual,mean_8,ncc,20260808,additive,78,H0,False,0.548552125508365,0.548552125508365,0.5200299006988494,0.5197427795502559,0.00623276503385195,9,1.055430007095122,1.055430007095122,0.05394827354954945
additive:hypothesis:78:H1,59,59,same_pipeline_different_source,synthetic:additive,synthetic:additive,32x32,32x32,identity_residual,mean_8,ncc,20260808,additive,78,H1,True,0.7071875282749894,0.7071875282749894,0.5264131388028576,0.5235214586977021,0.008078016151094936,9,1.3522768287880746,1.3508281590484756,0.3007178555131185
additive:hypothesis:79:H0,17,45,same_pipeline_different_source,synthetic:additive,synthetic:additive,32x32,32x32,identity_residual,mean_8,ncc,20260808,additive,79,H0,False,0.5054574664340795,0.5054574664340795,0.5060861789566408,0.5063241749422364,0.0030047006642753837,9,0.9981942797724721,0.9982882339989875,-0.0017132327464892683
additive:hypothesis:79:H1,45,45,same_pipeline_different_source,synthetic:additive,synthetic:additive,32x32,32x32,identity_residual,mean_8,ncc,20260808,additive,79,H1,True,0.6782955453146575,0.6782955453146575,0.5224234272066504,0.5260888556516454,0.012962212829657704,9,1.2845697418938073,1.2893174566005199,0.2541129749385277
additive:hypothesis:80:H0,57,19,same_pipeline_different_source,synthetic:additive,synthetic:additive,32x32,32x32,identity_residual,mean_8,ncc,20260808,additive,80,H0,False,0.5373666845526829,0.5373666845526829,0.5096457120888735,0.5129109228641067,0.011424589863106127,9,1.0967727910566656,1.0476803292704602,0.04657851004586433
additive:hypothesis:80:H1,19,19,same_pipeline_different_source,synthetic:additive,synthetic:additive,32x32,32x32,identity_residual,mean_8,ncc,20260808,additive,80,H1,True,0.7171964398138632,0.7171964398138632,0.5595251348920058,0.5603356133013444,0.009851821925574433,9,1.2799408475722927,1.2799408475722927,0.24681386402953354
additive:hypothesis:81:H0,63,47,same_pipeline_different_source,synthetic:additive,synthetic:additive,32x32,32x32,identity_residual,mean_8,ncc,20260808,additive,81,H0,False,0.563397729944893,0.563397729944893,0.563687092904422,0.5666924641985626,0.006963523683781059,9,0.9915915410639927,0.994186027763173,-0.005830939168888438
additive:hypothesis:81:H1,47,47,same_pipeline_different_source,synthetic:additive,synthetic:additive,32x32,32x32,identity_residual,mean_8,ncc,20260808,additive,81,H1,True,0.658558938578429,0.658558938578429,0.5055679255607967,0.5091009610718809,0.008013018556656148,9,1.3142582024080929,1.2935723735266056,0.2574076727807617
additive:hypothesis:82:H0,9,27,same_pipeline_different_source,synthetic:additive,synthetic:additive,32x32,32x32,identity_residual,mean_8,ncc,20260808,additive,82,H0,False,0.5323372788527907,0.5323372788527907,0.538911744027575,0.546012018341258,0.012914327495039957,9,0.9504262760671939,0.9749552408571334,-0.025363715851236424
additive:hypothesis:82:H1,27,27,same_pipeline_different_source,synthetic:additive,synthetic:additive,32x32,32x32,identity_residual,mean_8,ncc,20260808,additive,82,H1,True,0.6844571575603114,0.6844571575603114,0.5274465776010218,0.5267872431940206,0.008654231413243618,9,1.3198202905942495,1.299304731470537,0.2618292994534805
additive:hypothesis:83:H0,25,50,same_pipeline_different_source,synthetic:additive,synthetic:additive,32x32,32x32,identity_residual,mean_8,ncc,20260808,additive,83,H0,False,0.5171868186433262,0.5171868186433262,0.5322474372420626,0.5338794165467313,0.013853212981201901,9,0.9422535004847941,0.9687333929984093,-0.03176584117283765
additive:hypothesis:83:H1,50,50,same_pipeline_different_source,synthetic:additive,synthetic:additive,32x32,32x32,identity_residual,mean_8,ncc,20260808,additive,83,H1,True,0.7169259203462401,0.7169259203462401,0.5335992444188157,0.532199616461038,0.007506978215939153,9,1.2939745082430711,1.34709965616581,0.29795387848206606
additive:hypothesis:84:H0,5,18,same_pipeline_different_source,synthetic:additive,synthetic:additive,32x32,32x32,identity_residual,mean_8,ncc,20260808,additive,84,H0,False,0.5229212237022984,0.5229212237022984,0.5052601432586247,0.5053019168604307,0.006329461559405392,9,1.0685995985102972,1.0348688699843867,0.03427472302349921
additive:hypothesis:84:H1,18,18,same_pipeline_different_source,synthetic:additive,synthetic:additive,32x32,32x32,identity_residual,mean_8,ncc,20260808,additive,84,H1,True,0.707668377002746,0.707668377002746,0.5284917952093661,0.5338910474096684,0.009908475894383484,9,1.3733529944762477,1.3254921213536173,0.28178380282404775
additive:hypothesis:85:H0,20,19,same_pipeline_different_source,synthetic:additive,synthetic:additive,32x32,32x32,identity_residual,mean_8,ncc,20260808,additive,85,H0,False,0.5435582018880222,0.5435582018880222,0.5474163381733339,0.5478046912863532,0.008686362256894009,9,1.0285181981145186,0.9922481689808835,-0.0077820326410140694
additive:hypothesis:85:H1,19,19,same_pipeline_different_source,synthetic:additive,synthetic:additive,32x32,32x32,identity_residual,mean_8,ncc,20260808,additive,85,H1,True,0.6760796226493575,0.6760796226493575,0.5233813722930809,0.521920823598308,0.011974909322429728,9,1.3503330699584544,1.2953681709578548,0.2587949566433321
additive:hypothesis:86:H0,47,9,same_pipeline_different_source,synthetic:additive,synthetic:additive,32x32,32x32,identity_residual,mean_8,ncc,20260808,additive,86,H0,False,0.5357553492984952,0.5357553492984952,0.5171539377370369,0.5139973597607344,0.0040723595031745274,9,1.0423309363843605,1.0423309363843605,0.04145949020568007
additive:hypothesis:86:H1,9,9,same_pipeline_different_source,synthetic:additive,synthetic:additive,32x32,32x32,identity_residual,mean_8,ncc,20260808,additive,86,H1,True,0.7003345859775209,0.7003345859775209,0.528109291300358,0.5334657338306769,0.005685375290994443,9,1.4170487033847305,1.3128014445250358,0.2721633611321362
additive:hypothesis:87:H0,28,53,same_pipeline_different_source,synthetic:additive,synthetic:additive,32x32,32x32,identity_residual,mean_8,ncc,20260808,additive,87,H0,False,0.5097056533125561,0.5097056533125561,0.519330655278217,0.5264267025362352,0.009078343847260029,9,0.992140062800052,0.9682367001082584,-0.03227869669167638
additive:hypothesis:87:H1,53,53,same_pipeline_different_source,synthetic:additive,synthetic:additive,32x32,32x32,identity_residual,mean_8,ncc,20260808,additive,87,H1,True,0.7237490999973428,0.7237490999973428,0.5493914207406458,0.5426893318861865,0.006650295333624379,9,1.3445626709627028,1.3336342866403137,0.28790776196222256
additive:hypothesis:88:H0,49,21,same_pipeline_different_source,synthetic:additive,synthetic:additive,32x32,32x32,identity_residual,mean_8,ncc,20260808,additive,88,H0,False,0.5398460237862794,0.5398460237862794,0.5298857167530482,0.525449994493506,0.010089776440695863,9,1.0235552947561861,1.027397524871325,0.027028929929309053
additive:hypothesis:88:H1,21,21,same_pipeline_different_source,synthetic:additive,synthetic:additive,32x32,32x32,identity_residual,mean_8,ncc,20260808,additive,88,H1,True,0.6795217333790133,0.6795217333790133,0.527155199451741,0.5286109804170548,0.0028741071202683655,9,1.3384374809170096,1.2854854676739698,0.2511364428555275
additive:hypothesis:89:H0,13,63,same_pipeline_different_source,synthetic:additive,synthetic:additive,32x32,32x32,identity_residual,mean_8,ncc,20260808,additive,89,H0,False,0.5614530873005641,0.5614530873005641,0.5443597063273276,0.5464592559260187,0.009425103536532586,9,0.9891244404136142,1.0274381506250398,0.027068471537628258
additive:hypothesis:89:H1,63,63,same_pipeline_different_source,synthetic:additive,synthetic:additive,32x32,32x32,identity_residual,mean_8,ncc,20260808,additive,89,H1,True,0.7072762951089568,0.7072762951089568,0.5403483084387897,0.5364067811612865,0.007362274382013312,9,1.301200564884813,1.3185446566834014,0.2765285955462614
additive:hypothesis:90:H0,41,49,same_pipeline_different_source,synthetic:additive,synthetic:additive,32x32,32x32,identity_residual,mean_8,ncc,20260808,additive,90,H0,False,0.537999914798713,0.537999914798713,0.5373892124200421,0.5425283654138063,0.011312843973246611,9,0.9916530620262789,0.9916530620262789,-0.008381968729719413
additive:hypothesis:90:H1,49,49,same_pipeline_different_source,synthetic:additive,synthetic:additive,32x32,32x32,identity_residual,mean_8,ncc,20260808,additive,90,H1,True,0.707155802109939,0.707155802109939,0.5313342555162704,0.5312353136023015,0.008749197502900818,9,1.3535171289859826,1.3311536036915965,0.28604593748133095
additive:hypothesis:91:H0,55,2,same_pipeline_different_source,synthetic:additive,synthetic:additive,32x32,32x32,identity_residual,mean_8,ncc,20260808,additive,91,H0,False,0.5196946033614723,0.5196946033614723,0.5190002992419775,0.5256898837469318,0.010157505439879588,9,1.0544323733061367,0.9885954046847406,-0.011470126426028626
additive:hypothesis:91:H1,2,2,same_pipeline_different_source,synthetic:additive,synthetic:additive,32x32,32x32,identity_residual,mean_8,ncc,20260808,additive,91,H1,True,0.7031596518941442,0.7031596518941442,0.5379475554457694,0.5425959429350378,0.0015607078148133224,9,1.2931675305268902,1.2959176364102116,0.25921904375794486
additive:hypothesis:92:H0,0,59,same_pipeline_different_source,synthetic:additive,synthetic:additive,32x32,32x32,identity_residual,mean_8,ncc,20260808,additive,92,H0,False,0.5678629245495583,0.5678629245495583,0.5437027196150395,0.5458499553706789,0.005604599902254037,9,1.0184616865817866,1.0403278757510033,0.03953592861286337
additive:hypothesis:92:H1,59,59,same_pipeline_different_source,synthetic:additive,synthetic:additive,32x32,32x32,identity_residual,mean_8,ncc,20260808,additive,92,H1,True,0.7046361139717283,0.7046361139717283,0.5579140331136503,0.5586095314131156,0.009916315307656687,9,1.2521268308373847,1.2614108323379463,0.2322308027624248
additive:hypothesis:93:H0,10,60,same_pipeline_different_source,synthetic:additive,synthetic:additive,32x32,32x32,identity_residual,mean_8,ncc,20260808,additive,93,H0,False,0.5475576720105811,0.5475576720105811,0.5319864872112424,0.5311788391040725,0.012298215264548218,9,1.0416212940175518,1.0308348746236473,0.030369031803942015
additive:hypothesis:93:H1,60,60,same_pipeline_different_source,synthetic:additive,synthetic:additive,32x32,32x32,identity_residual,mean_8,ncc,20260808,additive,93,H1,True,0.6992627343011639,0.6992627343011639,0.5417539120975049,0.5395315202900612,0.005866902467491331,9,1.296055388803287,1.296055388803287,0.25932533529097024
additive:hypothesis:94:H0,1,41,same_pipeline_different_source,synthetic:additive,synthetic:additive,32x32,32x32,identity_residual,mean_8,ncc,20260808,additive,94,H0,False,0.5214431117639581,0.5214431117639581,0.5396526326102907,0.5357944384756113,0.011942908015848408,9,0.9330832549358027,0.9732148643564048,-0.027150394498078656
additive:hypothesis:94:H1,41,41,same_pipeline_different_source,synthetic:additive,synthetic:additive,32x32,32x32,identity_residual,mean_8,ncc,20260808,additive,94,H1,True,0.6718007068310803,0.6718007068310803,0.5185679125512065,0.5208864268797844,0.008461603282725938,9,1.3204103119513637,1.289725882963208,0.254429701966598
additive:hypothesis:95:H0,44,26,same_pipeline_different_source,synthetic:additive,synthetic:additive,32x32,32x32,identity_residual,mean_8,ncc,20260808,additive,95,H0,False,0.5284794766794758,0.5284794766794758,0.5403911959097812,0.5383718138113728,0.012210810746889789,9,1.00722342726053,0.9816254549771751,-0.018545453793330613
additive:hypothesis:95:H1,26,26,same_pipeline_different_source,synthetic:additive,synthetic:additive,32x32,32x32,identity_residual,mean_8,ncc,20260808,additive,95,H1,True,0.6764779429008874,0.6764779429008874,0.5081036563421394,0.5022014536316949,0.010526458253542703,9,1.2790065986255204,1.3470250593838455,0.29789850110361515
additive:hypothesis:96:H0,5,29,same_pipeline_different_source,synthetic:additive,synthetic:additive,32x32,32x32,identity_residual,mean_8,ncc,20260808,additive,96,H0,False,0.5190710052444869,0.5190710052444869,0.5170127964037818,0.5189866986316001,0.015341216063037177,9,0.9949375372558006,1.000162444650526,0.00016243145782235402
additive:hypothesis:96:H1,29,29,same_pipeline_different_source,synthetic:additive,synthetic:additive,32x32,32x32,identity_residual,mean_8,ncc,20260808,additive,96,H1,True,0.674376626423753,0.674376626423753,0.5144690080138654,0.5140610940291946,0.013231984757704818,9,1.2789407893902889,1.3118608551719217,0.27144662938840813
additive:hypothesis:97:H0,30,7,same_pipeline_different_source,synthetic:additive,synthetic:additive,32x32,32x32,identity_residual,mean_8,ncc,20260808,additive,97,H0,False,0.51252098183008,0.51252098183008,0.528986285933297,0.5304957264217368,0.007191121742124995,9,0.9869443525888077,0.966117079372347,-0.034470251935354135
additive:hypothesis:97:H1,7,7,same_pipeline_different_source,synthetic:additive,synthetic:additive,32x32,32x32,identity_residual,mean_8,ncc,20260808,additive,97,H1,True,0.7148843214931134,0.7148843214931134,0.5256635881277485,0.5218562038805065,0.004749924218199975,9,1.3698875594028699,1.3698875594028699,0.31472866304326325
additive:hypothesis:98:H0,62,13,same_pipeline_different_source,synthetic:additive,synthetic:additive,32x32,32x32,identity_residual,mean_8,ncc,20260808,additive,98,H0,False,0.5106439911275568,0.5106439911275568,0.5185800149606125,0.5213622968576965,0.011894169207482652,9,1.0006096332009182,0.9794417321798294,-0.020772530677007905
additive:hypothesis:98:H1,13,13,same_pipeline_different_source,synthetic:additive,synthetic:additive,32x32,32x32,identity_residual,mean_8,ncc,20260808,additive,98,H1,True,0.6683582567859248,0.6683582567859248,0.4912971459025008,0.4970078175337381,0.008232287606025679,9,1.3116608431540822,1.3447640725300158,0.2962185869091836
additive:hypothesis:99:H0,47,4,same_pipeline_different_source,synthetic:additive,synthetic:additive,32x32,32x32,identity_residual,mean_8,ncc,20260808,additive,99,H0,False,0.5351388296394363,0.5351388296394363,0.5325599084348062,0.5344158506617231,0.022388287164261778,9,0.9543376203651218,1.001352839697434,0.001351925434285306
additive:hypothesis:99:H1,4,4,same_pipeline_different_source,synthetic:additive,synthetic:additive,32x32,32x32,identity_residual,mean_8,ncc,20260808,additive,99,H1,True,0.6929028067322225,0.6929028067322225,0.5297269620698674,0.5302682647527948,0.008425706265126287,9,1.3278004935823882,1.3067023859239364,0.26750670092691314
additive:hypothesis:100:H0,59,56,same_pipeline_different_source,synthetic:additive,synthetic:additive,32x32,32x32,identity_residual,mean_8,ncc,20260808,additive,100,H0,False,0.49412026715217916,0.49412026715217916,0.5275596814549806,0.5302236259221128,0.008904318831530977,9,0.922837201805274,0.9319091850968613,-0.0705199099274132
additive:hypothesis:100:H1,56,56,same_pipeline_different_source,synthetic:additive,synthetic:additive,32x32,32x32,identity_residual,mean_8,ncc,20260808,additive,100,H1,True,0.6847185356200808,0.6847185356200808,0.519655472016433,0.5199481906664347,0.010191777999801532,9,1.3106835589547927,1.3168976215542831,0.2752786836380053
additive:hypothesis:101:H0,35,30,same_pipeline_different_source,synthetic:additive,synthetic:additive,32x32,32x32,identity_residual,mean_8,ncc,20260808,additive,101,H0,False,0.5337363268517158,0.5337363268517158,0.5445637535238876,0.5426401193969326,0.0027813812347211586,9,0.9643084154349271,0.9835917171861305,-0.016544389592462405
additive:hypothesis:101:H1,30,30,same_pipeline_different_source,synthetic:additive,synthetic:additive,32x32,32x32,identity_residual,mean_8,ncc,20260808,additive,101,H1,True,0.6886463661769331,0.6886463661769331,0.5230028938899108,0.5225032473330207,0.015713884802792122,9,1.362409952400922,1.3179752847316182,0.2760966838040513
additive:hypothesis:102:H0,41,29,same_pipeline_different_source,synthetic:additive,synthetic:additive,32x32,32x32,identity_residual,mean_8,ncc,20260808,additive,102,H0,False,0.5433788221743892,0.5433788221743892,0.5369925381392294,0.5426143256571948,0.014718141202835544,9,0.9920958547432694,1.0014089132576225,0.0014079216706029962
additive:hypothesis:102:H1,29,29,same_pipeline_different_source,synthetic:additive,synthetic:additive,32x32,32x32,identity_residual,mean_8,ncc,20260808,additive,102,H1,True,0.7082030810280494,0.7082030810280494,0.5459501959475251,0.5429540289622506,0.011972613446455505,9,1.265540156761473,1.3043518295308347,0.2657062350352685
additive:hypothesis:103:H0,53,60,same_pipeline_different_source,synthetic:additive,synthetic:additive,32x32,32x32,identity_residual,mean_8,ncc,20260808,additive,103,H0,False,0.535882868211167,0.535882868211167,0.5426066481078492,0.5407632050077333,0.01458646342836889,9,0.9172591385488541,0.9909750945490152,-0.009065876603660095
additive:hypothesis:103:H1,60,60,same_pipeline_different_source,synthetic:additive,synthetic:additive,32x32,32x32,identity_residual,mean_8,ncc,20260808,additive,103,H1,True,0.6925250992122176,0.6925250992122176,0.5297122573638712,0.5256914224357665,0.011197986331922039,9,1.3173604697665318,1.3173604697665318,0.27563009052447285
additive:hypothesis:104:H0,17,39,same_pipeline_different_source,synthetic:additive,synthetic:additive,32x32,32x32,identity_residual,mean_8,ncc,20260808,additive,104,H0,False,0.5114998529702891,0.5114998529702891,0.5121818289116548,0.5086322034279874,0.006395375319118823,9,1.0118850317392987,1.0056379629975742,0.005622129170005041
additive:hypothesis:104:H1,39,39,same_pipeline_different_source,synthetic:additive,synthetic:additive,32x32,32x32,identity_residual,mean_8,ncc,20260808,additive,104,H1,True,0.6921253476434667,0.6921253476434667,0.5372942709228256,0.5342065246933263,0.006929374525928678,9,1.283924041093119,1.2956138041196659,0.25898456287364136
additive:hypothesis:105:H0,31,33,same_pipeline_different_source,synthetic:additive,synthetic:additive,32x32,32x32,identity_residual,mean_8,ncc,20260808,additive,105,H0,False,0.5301034985236773,0.5301034985236773,0.5218417500973949,0.5253567956838242,0.0069975378995191795,9,1.044949887153944,1.0090351983239783,0.008994625127722644
additive:hypothesis:105:H1,33,33,same_pipeline_different_source,synthetic:additive,synthetic:additive,32x32,32x32,identity_residual,mean_8,ncc,20260808,additive,105,H1,True,0.7017900901162806,0.7017900901162806,0.5284720613286389,0.5276721210851186,0.0034131715558815,9,1.2732617655482303,1.3299737887859249,0.28515923435970786
additive:hypothesis:106:H0,26,3,same_pipeline_different_source,synthetic:additive,synthetic:additive,32x32,32x32,identity_residual,mean_8,ncc,20260808,additive,106,H0,False,0.5155114949417303,0.5155114949417303,0.5196348708743397,0.5216014221396749,0.010413427975833556,9,1.0042469987844418,0.9883245579105921,-0.01174413526904483
additive:hypothesis:106:H1,3,3,same_pipeline_different_source,synthetic:additive,synthetic:additive,32x32,32x32,identity_residual,mean_8,ncc,20260808,additive,106,H1,True,0.7019808188707661,0.7019808188707661,0.5381128805058002,0.5392739515727991,0.005870921635098836,9,1.29519014444992,1.3017146791967802,0.2636823793697526
additive:hypothesis:107:H0,57,16,same_pipeline_different_source,synthetic:additive,synthetic:additive,32x32,32x32,identity_residual,mean_8,ncc,20260808,additive,107,H0,False,0.5360934543588237,0.5360934543588237,0.5382344367553481,0.5313956081234784,0.008597345549078761,9,1.0230564950451684,1.0088405815997141,0.008801732456326317
additive:hypothesis:107:H1,16,16,same_pipeline_different_source,synthetic:additive,synthetic:additive,32x32,32x32,identity_residual,mean_8,ncc,20260808,additive,107,H1,True,0.7086074876097401,0.7086074876097401,0.5493996145416714,0.5465193265029347,0.009267496947820586,9,1.3095022775313356,1.2965826700841019,0.25973208800855624
additive:hypothesis:108:H0,25,32,same_pipeline_different_source,synthetic:additive,synthetic:additive,32x32,32x32,identity_residual,mean_8,ncc,20260808,additive,108,H0,False,0.4890089866202026,0.4890089866202026,0.5260953906000289,0.5221485554839476,0.008391988721820898,9,0.8999662403159735,0.936532298106178,-0.065571269592131
additive:hypothesis:108:H1,32,32,same_pipeline_different_source,synthetic:additive,synthetic:additive,32x32,32x32,identity_residual,mean_8,ncc,20260808,additive,108,H1,True,0.672587637331012,0.672587637331012,0.499943814481268,0.49982571750012245,0.008346409023026802,9,1.316165109608956,1.3456443191738072,0.2968729460599466
additive:hypothesis:109:H0,15,52,same_pipeline_different_source,synthetic:additive,synthetic:additive,32x32,32x32,identity_residual,mean_8,ncc,20260808,additive,109,H0,False,0.5140734125278208,0.5140734125278208,0.5294418881766544,0.5332663941086057,0.005307384970604012,9,0.9930285404685536,0.9640086422230537,-0.03665501945010241
additive:hypothesis:109:H1,52,52,same_pipeline_different_source,synthetic:additive,synthetic:additive,32x32,32x32,identity_residual,mean_8,ncc,20260808,additive,109,H1,True,0.6917843974822768,0.6917843974822768,0.5334577551946641,0.5432169015983501,0.010856885119604365,9,1.2994672328286998,1.273495716806279,0.2417656521072421
additive:hypothesis:110:H0,20,58,same_pipeline_different_source,synthetic:additive,synthetic:additive,32x32,32x32,identity_residual,mean_8,ncc,20260808,additive,110,H0,False,0.4926655556121325,0.4926655556121325,0.5109121824740576,0.5116360751830977,0.0039547255348432175,9,0.9666073551478608,0.9629218491597249,-0.03778302399767153
additive:hypothesis:110:H1,58,58,same_pipeline_different_source,synthetic:additive,synthetic:additive,32x32,32x32,identity_residual,mean_8,ncc,20260808,additive,110,H1,True,0.711566151399045,0.711566151399045,0.5458302231082014,0.5427908929060666,0.0065472216679219875,9,1.3121754727125903,1.3109397388548043,0.2707442379392946
additive:hypothesis:111:H0,32,43,same_pipeline_different_source,synthetic:additive,synthetic:additive,32x32,32x32,identity_residual,mean_8,ncc,20260808,additive,111,H0,False,0.4842021436877738,0.4842021436877738,0.49060394826662634,0.4891511045075539,0.009189807072696676,9,0.9835943009207532,0.9898825520903968,-0.01016897714322551
additive:hypothesis:111:H1,43,43,same_pipeline_different_source,synthetic:additive,synthetic:additive,32x32,32x32,identity_residual,mean_8,ncc,20260808,additive,111,H1,True,0.696667996251857,0.696667996251857,0.5212519287936936,0.5266489898878145,0.006378707147303264,9,1.3297940566916429,1.3228317335238022,0.2797746914989283
additive:hypothesis:112:H0,12,42,same_pipeline_different_source,synthetic:additive,synthetic:additive,32x32,32x32,identity_residual,mean_8,ncc,20260808,additive,112,H0,False,0.538233713955922,0.538233713955922,0.5372043594587034,0.544472859103769,0.008668715523747594,9,1.0315969142902792,0.9885409436971442,-0.011525217201791116
additive:hypothesis:112:H1,42,42,same_pipeline_different_source,synthetic:additive,synthetic:additive,32x32,32x32,identity_residual,mean_8,ncc,20260808,additive,112,H1,True,0.6952223656225599,0.6952223656225599,0.5091880690910282,0.5103938300726941,0.01207442042369028,9,1.3951340288194807,1.362129251295105,0.309049101385645
additive:hypothesis:113:H0,17,36,same_pipeline_different_source,synthetic:additive,synthetic:additive,32x32,32x32,identity_residual,mean_8,ncc,20260808,additive,113,H0,False,0.5318617114525394,0.5318617114525394,0.5424882841803608,0.5470811916632585,0.005201740986189751,9,0.9674948726768808,0.9721805822560847,-0.02821370756336894
additive:hypothesis:113:H1,36,36,same_pipeline_different_source,synthetic:additive,synthetic:additive,32x32,32x32,identity_residual,mean_8,ncc,20260808,additive,113,H1,True,0.6979251140503839,0.6979251140503839,0.520635367596261,0.5206639959198688,0.01452300753289093,9,1.3789144330606447,1.3404520372439888,0.2930068983029187
additive:hypothesis:114:H0,7,32,same_pipeline_different_source,synthetic:additive,synthetic:additive,32x32,32x32,identity_residual,mean_8,ncc,20260808,additive,114,H0,False,0.5397111151536896,0.5397111151536896,0.5402020326067262,0.5429507565704766,0.011230668506341579,9,0.9795248854642198,0.9940332684362574,-0.005984603633877983
additive:hypothesis:114:H1,32,32,same_pipeline_different_source,synthetic:additive,synthetic:additive,32x32,32x32,identity_residual,mean_8,ncc,20260808,additive,114,H1,True,0.6587129918802693,0.6587129918802693,0.5032359774314724,0.5018009891417973,0.006799880935497715,9,1.3944931668757135,1.3126976752413941,0.2720843138508672
additive:hypothesis:115:H0,62,32,same_pipeline_different_source,synthetic:additive,synthetic:additive,32x32,32x32,identity_residual,mean_8,ncc,20260808,additive,115,H0,False,0.4797579560416068,0.4797579560416068,0.5061432436499353,0.5054122081553518,0.010244435983058575,9,0.965762770278864,0.9492409330447762,-0.05209263162005573
additive:hypothesis:115:H1,32,32,same_pipeline_different_source,synthetic:additive,synthetic:additive,32x32,32x32,identity_residual,mean_8,ncc,20260808,additive,115,H1,True,0.6737360882305954,0.6737360882305954,0.5145277959931517,0.516836117524526,0.011710358586279335,9,1.303577798427804,1.303577798427804,0.265112636866468
additive:hypothesis:116:H0,38,55,same_pipeline_different_source,synthetic:additive,synthetic:additive,32x32,32x32,identity_residual,mean_8,ncc,20260808,additive,116,H0,False,0.5763574260272843,0.5763574260272843,0.5488478048209167,0.5510318802947859,0.009192790335346368,9,1.0459602187063115,1.0459602187063115,0.04493533308997266
additive:hypothesis:116:H1,55,55,same_pipeline_different_source,synthetic:additive,synthetic:additive,32x32,32x32,identity_residual,mean_8,ncc,20260808,additive,116,H1,True,0.6750939595559966,0.6750939595559966,0.5212283033685774,0.519867460697776,0.005503547065417669,9,1.28498518110137,1.2985886030448466,0.2612779847137144
additive:hypothesis:117:H0,50,30,same_pipeline_different_source,synthetic:additive,synthetic:additive,32x32,32x32,identity_residual,mean_8,ncc,20260808,additive,117,H0,False,0.5263133167528928,0.5263133167528928,0.5296333049918667,0.5248625971073217,0.005398174500927055,9,0.9746193175697379,1.0027639989086028,0.0027601860877586315
additive:hypothesis:117:H1,30,30,same_pipeline_different_source,synthetic:additive,synthetic:additive,32x32,32x32,identity_residual,mean_8,ncc,20260808,additive,117,H1,True,0.6885604148411495,0.6885604148411495,0.5225729027522458,0.5226631843242306,0.014296380478691972,9,1.3174075303035035,1.3174075303035035,0.2756658132423558
additive:hypothesis:118:H0,35,29,same_pipeline_different_source,synthetic:additive,synthetic:additive,32x32,32x32,identity_residual,mean_8,ncc,20260808,additive,118,H0,False,0.5063985968420465,0.5063985968420465,0.5265175705603113,0.5298839412463391,0.007301015120418919,9,1.0057524967514297,0.9556783239192854,-0.04533390380923308
additive:hypothesis:118:H1,29,29,same_pipeline_different_source,synthetic:additive,synthetic:additive,32x32,32x32,identity_residual,mean_8,ncc,20260808,additive,118,H1,True,0.7235444573015566,0.7235444573015566,0.5283434515057284,0.5259626302803125,0.0067743017559179775,9,1.3756575384755805,1.3756575384755805,0.31893182661309016
additive:hypothesis:119:H0,19,22,same_pipeline_different_source,synthetic:additive,synthetic:additive,32x32,32x32,identity_residual,mean_8,ncc,20260808,additive,119,H0,False,0.5595835909325012,0.5595835909325012,0.5558237313693122,0.5544645440502662,0.008381002049371533,9,1.0247215817604414,1.009232415196184,0.009190056963929494
additive:hypothesis:119:H1,22,22,same_pipeline_different_source,synthetic:additive,synthetic:additive,32x32,32x32,identity_residual,mean_8,ncc,20260808,additive,119,H1,True,0.7345220648584423,0.7345220648584423,0.565929154410575,0.5654594384770576,0.005979003627196389,9,1.2818125805435772,1.2989827649472405,0.2615814696614437
additive:hypothesis:120:H0,29,15,same_pipeline_different_source,synthetic:additive,synthetic:additive,32x32,32x32,identity_residual,mean_8,ncc,20260808,additive,120,H0,False,0.5442070484069742,0.5442070484069742,0.5427082735149968,0.5404802515594996,0.013239102854956775,9,0.9977343831362303,1.0068953432372807,0.006871679077491866
additive:hypothesis:120:H1,15,15,same_pipeline_different_source,synthetic:additive,synthetic:additive,32x32,32x32,identity_residual,mean_8,ncc,20260808,additive,120,H1,True,0.6833877392846959,0.6833877392846959,0.5122311472034727,0.5153720178256568,0.008629054367588318,9,1.3202213580782503,1.3260086222140925,0.28217339416643095
additive:hypothesis:121:H0,19,47,same_pipeline_different_source,synthetic:additive,synthetic:additive,32x32,32x32,identity_residual,mean_8,ncc,20260808,additive,121,H0,False,0.5749183533526885,0.5749183533526885,0.5538683058694857,0.5582941102062088,0.01145037960960893,9,1.0562029641673716,1.0297768556797768,0.029342133799542203
additive:hypothesis:121:H1,47,47,same_pipeline_different_source,synthetic:additive,synthetic:additive,32x32,32x32,identity_residual,mean_8,ncc,20260808,additive,121,H1,True,0.6814593363796555,0.6814593363796555,0.5149821234401851,0.5138916222009032,0.002609438612942161,9,1.3313491477529606,1.326075979719402,0.28222419006130905
additive:hypothesis:122:H0,32,13,same_pipeline_different_source,synthetic:additive,synthetic:additive,32x32,32x32,identity_residual,mean_8,ncc,20260808,additive,122,H0,False,0.5396132980063726,0.5396132980063726,0.5283050335067383,0.533502335586945,0.010454143406687488,9,1.0735395871798894,1.011454424867146,0.01138931963295542
additive:hypothesis:122:H1,13,13,same_pipeline_different_source,synthetic:additive,synthetic:additive,32x32,32x32,identity_residual,mean_8,ncc,20260808,additive,122,H1,True,0.7084542937590383,0.7084542937590383,0.5285167153752774,0.5267909512875947,0.017368556318926087,9,1.3662571868493296,1.3448490184340067,0.29628175280044466
additive:hypothesis:123:H0,2,35,same_pipeline_different_source,synthetic:additive,synthetic:additive,32x32,32x32,identity_residual,mean_8,ncc,20260808,additive,123,H0,False,0.5494810402756723,0.5494810402756723,0.5291639121034989,0.5245483588108399,0.0027428636902709913,9,0.9899974356663273,1.0475317118927894,0.04643664623924215
additive:hypothesis:123:H1,35,35,same_pipeline_different_source,synthetic:additive,synthetic:additive,32x32,32x32,identity_residual,mean_8,ncc,20260808,additive,123,H1,True,0.6858609045890749,0.6858609045890749,0.5177207312223677,0.5147103113710868,0.0041972318490128835,9,1.343473717130139,1.3325182912346882,0.28707060396904266
additive:hypothesis:124:H0,15,42,same_pipeline_different_source,synthetic:additive,synthetic:additive,32x32,32x32,identity_residual,mean_8,ncc,20260808,additive,124,H0,False,0.5122817568262141,0.5122817568262141,0.5270375617378695,0.5290467462913224,0.00898483058204802,9,0.9448401766038825,0.9683109487344308,-0.03220201525680111
additive:hypothesis:124:H1,42,42,same_pipeline_different_source,synthetic:additive,synthetic:additive,32x32,32x32,identity_residual,mean_8,ncc,20260808,additive,124,H1,True,0.6945736541769536,0.6945736541769536,0.5360880397108614,0.5346813902797912,0.00759341094534538,9,1.262900682119198,1.2990421338836817,0.2616271727926787
additive:hypothesis:125:H0,61,44,same_pipeline_different_source,synthetic:additive,synthetic:additive,32x32,32x32,identity_residual,mean_8,ncc,20260808,additive,125,H0,False,0.5362798861550679,0.5362798861550679,0.552417228067357,0.5563775989718728,0.00693960463929022,9,0.9873788480293438,0.9638775665052955,-0.03679099813739917
additive:hypothesis:125:H1,44,44,same_pipeline_different_source,synthetic:additive,synthetic:additive,32x32,32x32,identity_residual,mean_8,ncc,20260808,additive,125,H1,True,0.705397377094664,0.705397377094664,0.536908352231751,0.5409077806105598,0.010108519936250837,9,1.3786539255335026,1.3040991503180699,0.2655124961338999
additive:hypothesis:126:H0,29,50,same_pipeline_different_source,synthetic:additive,synthetic:additive,32x32,32x32,identity_residual,mean_8,ncc,20260808,additive,126,H0,False,0.5284578784981336,0.5284578784981336,0.5325565150828622,0.5282847928736952,0.011581704741902232,9,1.0082971898751367,1.0003276369616791,0.0003275833004103834
additive:hypothesis:126:H1,50,50,same_pipeline_different_source,synthetic:additive,synthetic:additive,32x32,32x32,identity_residual,mean_8,ncc,20260808,additive,126,H1,True,0.6802977659012567,0.6802977659012567,0.522911726304113,0.5206603881835088,0.01133055574040187,9,1.237325652338484,1.3066055750365304,0.267432610242695
additive:hypothesis:127:H0,23,26,same_pipeline_different_source,synthetic:additive,synthetic:additive,32x32,32x32,identity_residual,mean_8,ncc,20260808,additive,127,H0,False,0.5495987357208696,0.5495987357208696,0.5443541135223773,0.5394723221565795,0.016982115408098575,9,1.0208413246127273,1.0187709603410404,0.018596959929174317
additive:hypothesis:127:H1,26,26,same_pipeline_different_source,synthetic:additive,synthetic:additive,32x32,32x32,identity_residual,mean_8,ncc,20260808,additive,127,H1,True,0.7160330489050659,0.7160330489050659,0.5348878807740586,0.5315588083029588,0.016304445441925997,9,1.3770238402737038,1.3470438975342258,0.2979124860094819
additive:hypothesis:128:H0,63,61,same_pipeline_different_source,synthetic:additive,synthetic:additive,32x32,32x32,identity_residual,mean_8,ncc,20260808,additive,128,H0,False,0.5450505734864451,0.5450505734864451,0.5307652020843219,0.5289052229947308,0.006663728989536266,9,1.009808319327259,1.0305259804399307,0.03006933252007349
additive:hypothesis:128:H1,61,61,same_pipeline_different_source,synthetic:additive,synthetic:additive,32x32,32x32,identity_residual,mean_8,ncc,20260808,additive,128,H1,True,0.6783055535055273,0.6783055535055273,0.5069418535697877,0.5084339386509371,0.014009916944846823,9,1.3341075446405533,1.3341075446405533,0.288262562415291
additive:hypothesis:129:H0,62,7,same_pipeline_different_source,synthetic:additive,synthetic:additive,32x32,32x32,identity_residual,mean_8,ncc,20260808,additive,129,H0,False,0.5351865518674708,0.5351865518674708,0.5311708436176775,0.5305069377916215,0.01657585378068016,9,1.0589375634506049,1.008821023331626,0.00878234539157663
additive:hypothesis:129:H1,7,7,same_pipeline_different_source,synthetic:additive,synthetic:additive,32x32,32x32,identity_residual,mean_8,ncc,20260808,additive,129,H1,True,0.7305831475136082,0.7305831475136082,0.540903626928306,0.541997024033113,0.007714144623086283,9,1.3477978373135924,1.3479467877465203,0.29858253674546886
additive:hypothesis:130:H0,4,49,same_pipeline_different_source,synthetic:additive,synthetic:additive,32x32,32x32,identity_residual,mean_8,ncc,20260808,additive,130,H0,False,0.5176266274593132,0.5176266274593132,0.5413876791507471,0.5459559986381224,0.002801994804758401,9,0.9092290792568235,0.948110523101722,-0.05328419797234274
additive:hypothesis:130:H1,49,49,same_pipeline_different_source,synthetic:additive,synthetic:additive,32x32,32x32,identity_residual,mean_8,ncc,20260808,additive,130,H1,True,0.6906219935264534,0.6906219935264534,0.5298059683711474,0.5246154303886036,0.009790276607117399,9,1.326545733606909,1.3164347701608434,0.2749271508048071
additive:hypothesis:131:H0,29,43,same_pipeline_different_source,synthetic:additive,synthetic:additive,32x32,32x32,identity_residual,mean_8,ncc,20260808,additive,131,H0,False,0.5484327748487063,0.5484327748487063,0.5441309905925615,0.5418389867148844,0.009045324226912399,9,0.9862160774737095,1.012169275920508,0.012095825573579466
additive:hypothesis:131:H1,43,43,same_pipeline_different_source,synthetic:additive,synthetic:additive,32x32,32x32,identity_residual,mean_8,ncc,20260808,additive,131,H1,True,0.6988270079281015,0.6988270079281015,0.5237187520588547,0.526949340847155,0.005589163490909654,9,1.3474951347602937,1.3261749351552956,0.2822988100268521
additive:hypothesis:132:H0,24,46,same_pipeline_different_source,synthetic:additive,synthetic:additive,32x32,32x32,identity_residual,mean_8,ncc,20260808,additive,132,H0,False,0.5142420205948639,0.5142420205948639,0.5094203005385157,0.5093260425516024,0.008144707495832293,9,1.0272027343115981,1.009651927513138,0.00960564523128793
additive:hypothesis:132:H1,46,46,same_pipeline_different_source,synthetic:additive,synthetic:additive,32x32,32x32,identity_residual,mean_8,ncc,20260808,additive,132,H1,True,0.6955448587086654,0.6955448587086654,0.5412808821922152,0.5393404346090755,0.00882373112797985,9,1.2839395611357542,1.2896212004071417,0.25434853215676617
additive:hypothesis:133:H0,63,39,same_pipeline_different_source,synthetic:additive,synthetic:additive,32x32,32x32,identity_residual,mean_8,ncc,20260808,additive,133,H0,False,0.5470927291545836,0.5470927291545836,0.5528027244583897,0.5531668683036093,0.008409098298259643,9,0.9635006566234728,0.9890193366648058,-0.011041395816679178
additive:hypothesis:133:H1,39,39,same_pipeline_different_source,synthetic:additive,synthetic:additive,32x32,32x32,identity_residual,mean_8,ncc,20260808,additive,133,H1,True,0.663371406842841,0.663371406842841,0.5304715259854919,0.5289661913426417,0.011731123503985974,9,1.2886154044027538,1.254090370424331,0.22641050534325058
additive:hypothesis:134:H0,27,28,same_pipeline_different_source,synthetic:additive,synthetic:additive,32x32,32x32,identity_residual,mean_8,ncc,20260808,additive,134,H0,False,0.5378694358673582,0.5378694358673582,0.5278194602277393,0.5276705924937101,0.009084506059290787,9,1.0336013421528114,1.0193280495800412,0.019143635287106497
additive:hypothesis:134:H1,28,28,same_pipeline_different_source,synthetic:additive,synthetic:additive,32x32,32x32,identity_residual,mean_8,ncc,20260808,additive,134,H1,True,0.6896207317067516,0.6896207317067516,0.5208797594776328,0.5197685155368378,0.013327207964453303,9,1.3510006178839042,1.3267843493646083,0.28275823224534424
additive:hypothesis:135:H0,27,39,same_pipeline_different_source,synthetic:additive,synthetic:additive,32x32,32x32,identity_residual,mean_8,ncc,20260808,additive,135,H0,False,0.5645489194596492,0.5645489194596492,0.550753327357367,0.5468708433337197,0.009694577282720385,9,0.9852041124904053,1.0323258706172085,0.03181438331769393
additive:hypothesis:135:H1,39,39,same_pipeline_different_source,synthetic:additive,synthetic:additive,32x32,32x32,identity_residual,mean_8,ncc,20260808,additive,135,H1,True,0.7163130049012322,0.7163130049012322,0.5440287413907376,0.5377740602318151,0.011380656358794483,9,1.3319962003977197,1.3319962003977197,0.2866787195598644
additive:hypothesis:136:H0,34,55,same_pipeline_different_source,synthetic:additive,synthetic:additive,32x32,32x32,identity_residual,mean_8,ncc,20260808,additive,136,H0,False,0.5322857894748869,0.5322857894748869,0.5256373237051708,0.5315584523931298,0.013002452721107116,9,0.9774586909855841,1.0013683106316578,0.0013673753477408956
additive:hypothesis:136:H1,55,55,same_pipeline_different_source,synthetic:additive,synthetic:additive,32x32,32x32,identity_residual,mean_8,ncc,20260808,additive,136,H1,True,0.7057350485420625,0.7057350485420625,0.5403101997313356,0.5388018014897653,0.009465360889769125,9,1.283213498737404,1.30982310487963,0.26989209365205846
additive:hypothesis:137:H0,26,51,same_pipeline_different_source,synthetic:additive,synthetic:additive,32x32,32x32,identity_residual,mean_8,ncc,20260808,additive,137,H0,False,0.5292743463977476,0.5292743463977476,0.5278975738991831,0.5305264236741651,0.007949300963826622,9,1.0128157613419317,0.9976399341850944,-0.0023628551597868475
additive:hypothesis:137:H1,51,51,same_pipeline_different_source,synthetic:additive,synthetic:additive,32x32,32x32,identity_residual,mean_8,ncc,20260808,additive,137,H1,True,0.7120440378490343,0.7120440378490343,0.5432985684661852,0.5446463008303316,0.008677303213327159,9,1.289196645378394,1.3073512787353905,0.26800316573446853
additive:hypothesis:138:H0,42,8,same_pipeline_different_source,synthetic:additive,synthetic:additive,32x32,32x32,identity_residual,mean_8,ncc,20260808,additive,138,H0,False,0.5480800031777296,0.5480800031777296,0.5310269412127538,0.5294242515545428,0.013615559739350358,9,0.9782564133473115,1.035237810826399,0.03463116923889342
additive:hypothesis:138:H1,8,8,same_pipeline_different_source,synthetic:additive,synthetic:additive,32x32,32x32,identity_residual,mean_8,ncc,20260808,additive,138,H1,True,0.6903651029124294,0.6903651029124294,0.5440832519678528,0.5451161048575787,0.005934263472475831,9,1.2638837180169273,1.2664551583791486,0.23622178389449222
additive:hypothesis:139:H0,18,51,same_pipeline_different_source,synthetic:additive,synthetic:additive,32x32,32x32,identity_residual,mean_8,ncc,20260808,additive,139,H0,False,0.5164965888519868,0.5164965888519868,0.5183862034668548,0.5179940051060627,0.010415209559192284,9,0.9774556811602636,0.9971092015750851,-0.0028949848527074495
additive:hypothesis:139:H1,51,51,same_pipeline_different_source,synthetic:additive,synthetic:additive,32x32,32x32,identity_residual,mean_8,ncc,20260808,additive,139,H1,True,0.7163905860883053,0.7163905860883053,0.5299406634506995,0.5251073755355243,0.005667184870213671,9,1.3471163446549381,1.3642744693077355,0.3106227630111212
additive:hypothesis:140:H0,1,39,same_pipeline_different_source,synthetic:additive,synthetic:additive,32x32,32x32,identity_residual,mean_8,ncc,20260808,additive,140,H0,False,0.5279530177041712,0.5279530177041712,0.5176108990386925,0.5172170794355386,0.007401088559519597,9,1.0063567179189732,1.0207571224839467,0.02054462888994335
additive:hypothesis:140:H1,39,39,same_pipeline_different_source,synthetic:additive,synthetic:additive,32x32,32x32,identity_residual,mean_8,ncc,20260808,additive,140,H1,True,0.6760852008095838,0.6760852008095838,0.4996643107593754,0.5010813752204878,0.009748751957000534,9,1.322177003031825,1.3492523056002432,0.2995505913165213
additive:hypothesis:141:H0,15,27,same_pipeline_different_source,synthetic:additive,synthetic:additive,32x32,32x32,identity_residual,mean_8,ncc,20260808,additive,141,H0,False,0.5008805371024485,0.5008805371024485,0.5225815367727642,0.5242297553591998,0.010194728327186264,9,0.9348934910419587,0.9554599524005414,-0.045562428895460694
additive:hypothesis:141:H1,27,27,same_pipeline_different_source,synthetic:additive,synthetic:additive,32x32,32x32,identity_residual,mean_8,ncc,20260808,additive,141,H1,True,0.704130788670288,0.704130788670288,0.531144864339723,0.5321902958072782,0.011366746602977318,9,1.3230808494961257,1.3230808494961257,0.2799629939958878
additive:hypothesis:142:H0,49,38,same_pipeline_different_source,synthetic:additive,synthetic:additive,32x32,32x32,identity_residual,mean_8,ncc,20260808,additive,142,H0,False,0.5500596623987556,0.5500596623987556,0.547445045566544,0.547237711126459,0.005551745243988382,9,1.0184898796408042,1.0051567193103117,0.0051434689659719535
additive:hypothesis:142:H1,38,38,same_pipeline_different_source,synthetic:additive,synthetic:additive,32x32,32x32,identity_residual,mean_8,ncc,20260808,additive,142,H1,True,0.6754214745286924,0.6754214745286924,0.49807548096012383,0.49981729625230925,0.008647927806615774,9,1.3699115206982182,1.351336737630099,0.3010942785717216
additive:hypothesis:143:H0,7,5,same_pipeline_different_source,synthetic:additive,synthetic:additive,32x32,32x32,identity_residual,mean_8,ncc,20260808,additive,143,H0,False,0.5625975478424483,0.5625975478424483,0.5333733032173387,0.5315049228954588,0.00629449061227616,9,1.0711850208243907,1.0584992228813375,0.05685207742278009
additive:hypothesis:143:H1,5,5,same_pipeline_different_source,synthetic:additive,synthetic:additive,32x32,32x32,identity_residual,mean_8,ncc,20260808,additive,143,H1,True,0.7071892132316362,0.7071892132316362,0.5160564921940984,0.5281581725902941,0.003197680069225717,9,1.3335390021281568,1.3389723948856154,0.2919024502796515
additive:hypothesis:144:H0,63,11,same_pipeline_different_source,synthetic:additive,synthetic:additive,32x32,32x32,identity_residual,mean_8,ncc,20260808,additive,144,H0,False,0.5692226421543558,0.5692226421543558,0.5639431881437471,0.5661011721982975,0.007921281345956821,9,0.9990424104889626,1.0055139789658745,0.005498832636043782
additive:hypothesis:144:H1,11,11,same_pipeline_different_source,synthetic:additive,synthetic:additive,32x32,32x32,identity_residual,mean_8,ncc,20260808,additive,144,H1,True,0.7006658968832048,0.7006658968832048,0.5336825075639253,0.5318405798795629,0.005843990542285016,9,1.265522763450732,1.317435944887607,0.2756873815703208
additive:hypothesis:145:H0,26,9,same_pipeline_different_source,synthetic:additive,synthetic:additive,32x32,32x32,identity_residual,mean_8,ncc,20260808,additive,145,H0,False,0.5119309800146102,0.5119309800146102,0.5143774501880027,0.5152454032593534,0.012704562648429452,9,1.0422037521472345,0.9935672919665528,-0.006453487057967111
additive:hypothesis:145:H1,9,9,same_pipeline_different_source,synthetic:additive,synthetic:additive,32x32,32x32,identity_residual,mean_8,ncc,20260808,additive,145,H1,True,0.7022221844430446,0.7022221844430446,0.5451236301176571,0.5407011310226891,0.002870782241418235,9,1.2360618288659129,1.298725199843493,0.26138316784454774
additive:hypothesis:146:H0,10,60,same_pipeline_different_source,synthetic:additive,synthetic:additive,32x32,32x32,identity_residual,mean_8,ncc,20260808,additive,146,H0,False,0.5269124501730807,0.5269124501730807,0.5194996707868784,0.5261551998020042,0.004866932456198958,9,0.972701475897722,1.0014392148388185,0.0014381801617717738
additive:hypothesis:146:H1,60,60,same_pipeline_different_source,synthetic:additive,synthetic:additive,32x32,32x32,identity_residual,mean_8,ncc,20260808,additive,146,H1,True,0.7085054502063017,0.7085054502063017,0.5384786640740382,0.5379701059999406,0.007933224976715114,9,1.316997807693017,1.316997807693017,0.2753547581379036
additive:hypothesis:147:H0,59,11,same_pipeline_different_source,synthetic:additive,synthetic:additive,32x32,32x32,identity_residual,mean_8,ncc,20260808,additive,147,H0,False,0.5298768778373025,0.5298768778373025,0.541134051140424,0.545822303359939,0.00924582399395446,9,0.9498242062496115,0.9707864163401154,-0.029648797460673726
additive:hypothesis:147:H1,11,11,same_pipeline_different_source,synthetic:additive,synthetic:additive,32x32,32x32,identity_residual,mean_8,ncc,20260808,additive,147,H1,True,0.6991498374240634,0.6991498374240634,0.5192172948434816,0.5195471868100922,0.00889417505519563,9,1.336876701522254,1.3456907383460064,0.29690744133549696
additive:hypothesis:148:H0,14,1,same_pipeline_different_source,synthetic:additive,synthetic:additive,32x32,32x32,identity_residual,mean_8,ncc,20260808,additive,148,H0,False,0.5030514082535549,0.5030514082535549,0.47999506043698886,0.4819058693135071,0.010735754202042258,9,1.025209870883963,1.0438789819475958,0.04294356506675734
additive:hypothesis:148:H1,1,1,same_pipeline_different_source,synthetic:additive,synthetic:additive,32x32,32x32,identity_residual,mean_8,ncc,20260808,additive,148,H1,True,0.6937289222437474,0.6937289222437474,0.5205347604640995,0.5254685529463154,0.01410768771875237,9,1.2612084749180934,1.3202101597783384,0.27779093587868825
additive:hypothesis:149:H0,21,28,same_pipeline_different_source,synthetic:additive,synthetic:additive,32x32,32x32,identity_residual,mean_8,ncc,20260808,additive,149,H0,False,0.5259856098269008,0.5259856098269008,0.5162987709192678,0.5192589669430066,0.005877628007388003,9,0.9774953454008867,1.0129543124185134,0.01287112298441262
additive:hypothesis:149:H1,28,28,same_pipeline_different_source,synthetic:additive,synthetic:additive,32x32,32x32,identity_residual,mean_8,ncc,20260808,additive,149,H1,True,0.6888182367389739,0.6888182367389739,0.5179067642944121,0.5178241684189273,0.005789297921078962,9,1.357399223243327,1.3302164687332823,0.2853416874360204
additive:hypothesis:150:H0,53,18,same_pipeline_different_source,synthetic:additive,synthetic:additive,32x32,32x32,identity_residual,mean_8,ncc,20260808,additive,150,H0,False,0.5232819208366011,0.5232819208366011,0.5253862021521299,0.5267201976506388,0.009534783308543404,9,1.0104824183510936,0.9934722897861641,-0.0065491088878829595
additive:hypothesis:150:H1,18,18,same_pipeline_different_source,synthetic:additive,synthetic:additive,32x32,32x32,identity_residual,mean_8,ncc,20260808,additive,150,H1,True,0.7085834189626758,0.7085834189626758,0.5627196450296941,0.5599701468158879,0.005830781318604927,9,1.265394991129144,1.265394991129144,0.23538431939275412
additive:hypothesis:151:H0,36,3,same_pipeline_different_source,synthetic:additive,synthetic:additive,32x32,32x32,identity_residual,mean_8,ncc,20260808,additive,151,H0,False,0.5034421654176889,0.5034421654176889,0.5133113316950926,0.5136764265907684,0.009853929202142897,9,0.9800764437624606,0.9800764437624606,-0.020124706520415203
additive:hypothesis:151:H1,3,3,same_pipeline_different_source,synthetic:additive,synthetic:additive,32x32,32x32,identity_residual,mean_8,ncc,20260808,additive,151,H1,True,0.6900485847870311,0.6900485847870311,0.5069190380232718,0.49877809226647846,0.013151824780645138,9,1.2605322784110058,1.383478134838296,0.3246007158830893
additive:hypothesis:152:H0,11,16,same_pipeline_different_source,synthetic:additive,synthetic:additive,32x32,32x32,identity_residual,mean_8,ncc,20260808,additive,152,H0,False,0.5046194533860479,0.5046194533860479,0.5278315020029977,0.5281271140097543,0.005358973591891525,9,0.9482802989552597,0.9554886314296064,-0.045532413405447225
additive:hypothesis:152:H1,16,16,same_pipeline_different_source,synthetic:additive,synthetic:additive,32x32,32x32,identity_residual,mean_8,ncc,20260808,additive,152,H1,True,0.709106265947823,0.709106265947823,0.5398278764165408,0.5391152971518235,0.003953938019056857,9,1.2902339248033137,1.31531468258102,0.2740759393444703
additive:hypothesis:153:H0,11,47,same_pipeline_different_source,synthetic:additive,synthetic:additive,32x32,32x32,identity_residual,mean_8,ncc,20260808,additive,153,H0,False,0.5071801551905775,0.5071801551905775,0.529094304014443,0.5276874577517042,0.00655563655850111,9,0.9732281441369645,0.9611374076456141,-0.03963789621059444
additive:hypothesis:153:H1,47,47,same_pipeline_different_source,synthetic:additive,synthetic:additive,32x32,32x32,identity_residual,mean_8,ncc,20260808,additive,153,H1,True,0.6670141786946184,0.6670141786946184,0.5054304135029457,0.5138147134011781,0.008711512359230067,9,1.298160915399526,1.298160915399526,0.2609485824004376
additive:hypothesis:154:H0,63,6,same_pipeline_different_source,synthetic:additive,synthetic:additive,32x32,32x32,identity_residual,mean_8,ncc,20260808,additive,154,H0,False,0.5299628815500661,0.5299628815500661,0.5353033493233547,0.5340539696048022,0.012230813076820723,9,0.9983727318422484,0.9923395606294931,-0.007689931246542492
additive:hypothesis:154:H1,6,6,same_pipeline_different_source,synthetic:additive,synthetic:additive,32x32,32x32,identity_residual,mean_8,ncc,20260808,additive,154,H1,True,0.7006926002650614,0.7006926002650614,0.5300476031973826,0.5287496707487743,0.010776088943531992,9,1.272433400225528,1.3251877760468291,0.2815541671683627
additive:hypothesis:155:H0,53,18,same_pipeline_different_source,synthetic:additive,synthetic:additive,32x32,32x32,identity_residual,mean_8,ncc,20260808,additive,155,H0,False,0.5503407194557686,0.5503407194557686,0.5472189485140451,0.5492070746875785,0.005153493918031993,9,0.987408430818595,1.0020641481518333,0.0020620207250832134
additive:hypothesis:155:H1,18,18,same_pipeline_different_source,synthetic:additive,synthetic:additive,32x32,32x32,identity_residual,mean_8,ncc,20260808,additive,155,H1,True,0.7068314717886637,0.7068314717886637,0.5567764623274232,0.5504331026052134,0.009247900616642823,9,1.2345780982801076,1.284136924983641,0.2500868389775523
additive:hypothesis:156:H0,53,40,same_pipeline_different_source,synthetic:additive,synthetic:additive,32x32,32x32,identity_residual,mean_8,ncc,20260808,additive,156,H0,False,0.5188352000802443,0.5188352000802443,0.5163422008177088,0.5141907215390215,0.0074572209053661576,9,0.997947898180901,1.0090325988911693,0.008992048967682131
additive:hypothesis:156:H1,40,40,same_pipeline_different_source,synthetic:additive,synthetic:additive,32x32,32x32,identity_residual,mean_8,ncc,20260808,additive,156,H1,True,0.7108340553836605,0.7108340553836605,0.5482509170582959,0.5412090097875053,0.006370467087302822,9,1.3134187393937788,1.3134187393937788,0.27263346252263737
additive:hypothesis:157:H0,39,57,same_pipeline_different_source,synthetic:additive,synthetic:additive,32x32,32x32,identity_residual,mean_8,ncc,20260808,additive,157,H0,False,0.5288410386772391,0.5288410386772391,0.532966819679046,0.5350727773695314,0.0029322570870689013,9,0.9883534746003559,0.9883534746003559,-0.011714877403787738
additive:hypothesis:157:H1,57,57,same_pipeline_different_source,synthetic:additive,synthetic:additive,32x32,32x32,identity_residual,mean_8,ncc,20260808,additive,157,H1,True,0.7197729246681001,0.7197729246681001,0.526746151773525,0.5273692599110615,0.004190968373183335,9,1.336009524459238,1.3648367081340436,0.3110347937403267
additive:hypothesis:158:H0,58,35,same_pipeline_different_source,synthetic:additive,synthetic:additive,32x32,32x32,identity_residual,mean_8,ncc,20260808,additive,158,H0,False,0.485781992724532,0.485781992724532,0.5277669242368298,0.5245301162693692,0.010166558108221424,9,0.9324930131437705,0.9261279336629389,-0.07674289657540923
additive:hypothesis:158:H1,35,35,same_pipeline_different_source,synthetic:additive,synthetic:additive,32x32,32x32,identity_residual,mean_8,ncc,20260808,additive,158,H1,True,0.692120094422671,0.692120094422671,0.524776829897903,0.52078764051121,0.006643107439539997,9,1.2769092922687892,1.3289871736266234,0.2844171285382779
additive:hypothesis:159:H0,41,58,same_pipeline_different_source,synthetic:additive,synthetic:additive,32x32,32x32,identity_residual,mean_8,ncc,20260808,additive,159,H0,False,0.5199568185316313,0.5199568185316313,0.5360816198453173,0.5395671450953715,0.005645236687646937,9,0.9607100648587956,0.9636554472562002,-0.03702146812000673
additive:hypothesis:159:H1,58,58,same_pipeline_different_source,synthetic:additive,synthetic:additive,32x32,32x32,identity_residual,mean_8,ncc,20260808,additive,159,H1,True,0.6881626682926443,0.6881626682926443,0.535978525092479,0.5355382795292202,0.014418027943583489,9,1.3262300817107753,1.2849924918487485,0.25075287541085134
additive:hypothesis:160:H0,17,34,same_pipeline_different_source,synthetic:additive,synthetic:additive,32x32,32x32,identity_residual,mean_8,ncc,20260808,additive,160,H0,False,0.5105026108151259,0.5105026108151259,0.5180527621475618,0.5166357980341193,0.013967241432481514,9,0.9550500019907925,0.9881286057947763,-0.011942421896885325
additive:hypothesis:160:H1,34,34,same_pipeline_different_source,synthetic:additive,synthetic:additive,32x32,32x32,identity_residual,mean_8,ncc,20260808,additive,160,H1,True,0.6818780142987807,0.6818780142987807,0.5035184564107994,0.5095423855218073,0.016283956594121074,9,1.3337372917901456,1.3382164735922597,0.2913377375525483
additive:hypothesis:161:H0,23,53,same_pipeline_different_source,synthetic:additive,synthetic:additive,32x32,32x32,identity_residual,mean_8,ncc,20260808,additive,161,H0,False,0.5336750078240594,0.5336750078240594,0.534548014919696,0.537978026699833,0.011628952182965002,9,0.9649730181524996,0.9920014969715958,-0.008030662654455512
additive:hypothesis:161:H1,53,53,same_pipeline_different_source,synthetic:additive,synthetic:additive,32x32,32x32,identity_residual,mean_8,ncc,20260808,additive,161,H1,True,0.7259592193886657,0.7259592193886657,0.5481576808257174,0.5447623557562812,0.008701956109816389,9,1.2875377809161808,1.332616344939681,0.2871441865218385
additive:hypothesis:162:H0,54,28,same_pipeline_different_source,synthetic:additive,synthetic:additive,32x32,32x32,identity_residual,mean_8,ncc,20260808,additive,162,H0,False,0.5233216385365086,0.5233216385365086,0.527128321647233,0.5282690707772896,0.00794644390020538,9,0.9832331366264547,0.9906346358050049,-0.009409494968209975
additive:hypothesis:162:H1,28,28,same_pipeline_different_source,synthetic:additive,synthetic:additive,32x32,32x32,identity_residual,mean_8,ncc,20260808,additive,162,H1,True,0.6926648822435333,0.6926648822435333,0.5233843477824245,0.5254705411713166,0.004842069751483047,9,1.31818023651626,1.31818023651626,0.2762521767432217
additive:hypothesis:163:H0,15,36,same_pipeline_different_source,synthetic:additive,synthetic:additive,32x32,32x32,identity_residual,mean_8,ncc,20260808,additive,163,H0,False,0.5519530896695238,0.5519530896695238,0.5399539336277206,0.5458584199418964,0.015186580065437272,9,1.115984212342256,1.0111652939754527,0.011103422199078894
additive:hypothesis:163:H1,36,36,same_pipeline_different_source,synthetic:additive,synthetic:additive,32x32,32x32,identity_residual,mean_8,ncc,20260808,additive,163,H1,True,0.6823684407216092,0.6823684407216092,0.5126230307595868,0.5144177403110164,0.01381723549392555,9,1.3264869915043171,1.3264869915043171,0.28253408791682716
additive:hypothesis:164:H0,17,40,same_pipeline_different_source,synthetic:additive,synthetic:additive,32x32,32x32,identity_residual,mean_8,ncc,20260808,additive,164,H0,False,0.5174903857833248,0.5174903857833248,0.5346557797640057,0.5358172033549696,0.008802788030963571,9,0.9906099680319084,0.9657965114653037,-0.034802117616620554
additive:hypothesis:164:H1,40,40,same_pipeline_different_source,synthetic:additive,synthetic:additive,32x32,32x32,identity_residual,mean_8,ncc,20260808,additive,164,H1,True,0.6884989004184987,0.6884989004184987,0.5264413290457091,0.523289135110505,0.009977076462562073,9,1.2863100722246565,1.3157141133325951,0.2743795701943221
additive:hypothesis:165:H0,57,19,same_pipeline_different_source,synthetic:additive,synthetic:additive,32x32,32x32,identity_residual,mean_8,ncc,20260808,additive,165,H0,False,0.5445975976859931,0.5445975976859931,0.538037527277488,0.5369200084382537,0.007364892504907128,9,0.9967397258341496,1.0142993167084076,0.014198045741306897
additive:hypothesis:165:H1,19,19,same_pipeline_different_source,synthetic:additive,synthetic:additive,32x32,32x32,identity_residual,mean_8,ncc,20260808,additive,165,H1,True,0.7383522336515792,0.7383522336515792,0.5665274325429157,0.5712885154028554,0.009364663885362945,9,1.2569245813062928,1.2924331817364043,0.25652662914837415
additive:hypothesis:166:H0,61,9,same_pipeline_different_source,synthetic:additive,synthetic:additive,32x32,32x32,identity_residual,mean_8,ncc,20260808,additive,166,H0,False,0.486984500918252,0.486984500918252,0.4945347465597493,0.49504169514221874,0.003981336437172245,9,0.9831222389812521,0.9837242109037866,-0.016409694685595055
additive:hypothesis:166:H1,9,9,same_pipeline_different_source,synthetic:additive,synthetic:additive,32x32,32x32,identity_residual,mean_8,ncc,20260808,additive,166,H1,True,0.7049602314344733,0.7049602314344733,0.5437951631779866,0.5393752932267277,0.00516357820333857,9,1.2700888979621805,1.3069939247998545,0.2677297864291814
additive:hypothesis:167:H0,31,30,same_pipeline_different_source,synthetic:additive,synthetic:additive,32x32,32x32,identity_residual,mean_8,ncc,20260808,additive,167,H0,False,0.5196673186829909,0.5196673186829909,0.5168937234951432,0.5225944149975477,0.009390621690921752,9,0.9943989138985143,0.9943989138985143,-0.005616831004138123
additive:hypothesis:167:H1,30,30,same_pipeline_different_source,synthetic:additive,synthetic:additive,32x32,32x32,identity_residual,mean_8,ncc,20260808,additive,167,H1,True,0.7032736872869629,0.7032736872869629,0.5381157087362715,0.5364935025728111,0.0054404292802863186,9,1.3243001926844555,1.3108708379772351,0.2706916781714808
additive:hypothesis:168:H0,22,18,same_pipeline_different_source,synthetic:additive,synthetic:additive,32x32,32x32,identity_residual,mean_8,ncc,20260808,additive,168,H0,False,0.5341525390088443,0.5341525390088443,0.5272641012764657,0.5317751093790831,0.0052647018128408885,9,1.0044707425899213,1.0044707425899213,0.004460778507130225
additive:hypothesis:168:H1,18,18,same_pipeline_different_source,synthetic:additive,synthetic:additive,32x32,32x32,identity_residual,mean_8,ncc,20260808,additive,168,H1,True,0.7193351638715666,0.7193351638715666,0.5325554354828116,0.5286758524226571,0.004959590572228945,9,1.3735207712091373,1.360635558774272,0.30795191321489007
additive:hypothesis:169:H0,63,27,same_pipeline_different_source,synthetic:additive,synthetic:additive,32x32,32x32,identity_residual,mean_8,ncc,20260808,additive,169,H0,False,0.5274264086354958,0.5274264086354958,0.53919046357856,0.5448731063545981,0.008809643627645247,9,1.0250855665448437,0.9679802553739033,-0.03254358925459755
additive:hypothesis:169:H1,27,27,same_pipeline_different_source,synthetic:additive,synthetic:additive,32x32,32x32,identity_residual,mean_8,ncc,20260808,additive,169,H1,True,0.6991321675550279,0.6991321675550279,0.5655094656694104,0.5667183218473443,0.009216989025420341,9,1.2711156000254413,1.2336501937612523,0.2099774118458294
additive:hypothesis:170:H0,33,37,same_pipeline_different_source,synthetic:additive,synthetic:additive,32x32,32x32,identity_residual,mean_8,ncc,20260808,additive,170,H0,False,0.4955890904917939,0.4955890904917939,0.4917222372289493,0.4928748705616327,0.01581089395055041,9,1.0396058293247166,1.00550691482215,0.005491807205580734
additive:hypothesis:170:H1,37,37,same_pipeline_different_source,synthetic:additive,synthetic:additive,32x32,32x32,identity_residual,mean_8,ncc,20260808,additive,170,H1,True,0.7160128498588505,0.7160128498588505,0.5517998451553368,0.550117788759517,0.009014818125874124,9,1.3450159709118839,1.3015628007111295,0.26356569685166137
additive:hypothesis:171:H0,0,26,same_pipeline_different_source,synthetic:additive,synthetic:additive,32x32,32x32,identity_residual,mean_8,ncc,20260808,additive,171,H0,False,0.523781181108609,0.523781181108609,0.5387418017575071,0.5403424923028552,0.014547897821062028,9,0.9679784388230622,0.9693503445867,-0.031129179714753374
additive:hypothesis:171:H1,26,26,same_pipeline_different_source,synthetic:additive,synthetic:additive,32x32,32x32,identity_residual,mean_8,ncc,20260808,additive,171,H1,True,0.6861057976485414,0.6861057976485414,0.5385467537899579,0.5383199526287733,0.01193623112678377,9,1.2920694545210534,1.2745316132127125,0.24257874893026343
additive:hypothesis:172:H0,25,9,same_pipeline_different_source,synthetic:additive,synthetic:additive,32x32,32x32,identity_residual,mean_8,ncc,20260808,additive,172,H0,False,0.48766312107559256,0.48766312107559256,0.5157216673124705,0.5162103571249486,0.005608465791368089,9,0.9281269895401297,0.9446984438507766,-0.056889509450093856
additive:hypothesis:172:H1,9,9,same_pipeline_different_source,synthetic:additive,synthetic:additive,32x32,32x32,identity_residual,mean_8,ncc,20260808,additive,172,H1,True,0.7093481397853927,0.7093481397853927,0.5299003260915405,0.5252501997696439,0.006169485666944197,9,1.283574571006148,1.3504957068012302,0.3004717152756397
additive:hypothesis:173:H0,38,15,same_pipeline_different_source,synthetic:additive,synthetic:additive,32x32,32x32,identity_residual,mean_8,ncc,20260808,additive,173,H0,False,0.5436746157091137,0.5436746157091137,0.5302249150895728,0.533617019762763,0.008698872294220727,9,1.0025054099871136,1.0188479669385773,0.018672544815575454
additive:hypothesis:173:H1,15,15,same_pipeline_different_source,synthetic:additive,synthetic:additive,32x32,32x32,identity_residual,mean_8,ncc,20260808,additive,173,H1,True,0.7122016589880844,0.7122016589880844,0.536331150899568,0.5324217229926793,0.004313652653698097,9,1.3448656630343605,1.3376645396526712,0.2909252125227105
additive:hypothesis:174:H0,5,57,same_pipeline_different_source,synthetic:additive,synthetic:additive,32x32,32x32,identity_residual,mean_8,ncc,20260808,additive,174,H0,False,0.5076532280344821,0.5076532280344821,0.5203182959376966,0.5155621342623955,0.00652163492335911,9,0.9723597207900593,0.9846596448763086,-0.015459235718767506
additive:hypothesis:174:H1,57,57,same_pipeline_different_source,synthetic:additive,synthetic:additive,32x32,32x32,identity_residual,mean_8,ncc,20260808,additive,174,H1,True,0.7205134897349668,0.7205134897349668,0.5342554108119932,0.5286086918294248,0.006133706189198729,9,1.2945244727614793,1.363037537732102,0.3097156928576144
additive:hypothesis:175:H0,51,20,same_pipeline_different_source,synthetic:additive,synthetic:additive,32x32,32x32,identity_residual,mean_8,ncc,20260808,additive,175,H0,False,0.5017108472457759,0.5017108472457759,0.5043116582563789,0.5036794607283047,0.00957718298102872,9,0.9753524832602046,0.9960915351210028,-0.003916122888405704
additive:hypothesis:175:H1,20,20,same_pipeline_different_source,synthetic:additive,synthetic:additive,32x32,32x32,identity_residual,mean_8,ncc,20260808,additive,175,H1,True,0.6985004669662139,0.6985004669662139,0.5438503312947206,0.5405890460892848,0.011090886601541672,9,1.3311287390000828,1.2921099160615404,0.2562764760928301
additive:hypothesis:176:H0,21,53,same_pipeline_different_source,synthetic:additive,synthetic:additive,32x32,32x32,identity_residual,mean_8,ncc,20260808,additive,176,H0,False,0.541004173144825,0.541004173144825,0.5450199348712235,0.5417899994244421,0.0068783197694634035,9,0.9885877200132644,0.9985495740407687,-0.001451478845174714
additive:hypothesis:176:H1,53,53,same_pipeline_different_source,synthetic:additive,synthetic:additive,32x32,32x32,identity_residual,mean_8,ncc,20260808,additive,176,H1,True,0.7008967717810306,0.7008967717810306,0.5366679261610319,0.5352398912185831,0.0168765429350638,9,1.3392467609153274,1.3095002507852989,0.2696455764778669
additive:hypothesis:177:H0,17,43,same_pipeline_different_source,synthetic:additive,synthetic:additive,32x32,32x32,identity_residual,mean_8,ncc,20260808,additive,177,H0,False,0.5513080534318793,0.5513080534318793,0.5307507050219414,0.5259225023105882,0.008947748829597368,9,0.9871306320197564,1.0482686156415864,0.04713986569148021
additive:hypothesis:177:H1,43,43,same_pipeline_different_source,synthetic:additive,synthetic:additive,32x32,32x32,identity_residual,mean_8,ncc,20260808,additive,177,H1,True,0.7068563155600441,0.7068563155600441,0.5198474959959024,0.523873541301876,0.007803072672925793,9,1.4319244693002313,1.3492880625416552,0.29957709226632084
additive:hypothesis:178:H0,18,41,same_pipeline_different_source,synthetic:additive,synthetic:additive,32x32,32x32,identity_residual,mean_8,ncc,20260808,additive,178,H0,False,0.5137837404607225,0.5137837404607225,0.520255098571871,0.519329585486645,0.00467276770041114,9,0.9893211456059726,0.9893211456059726,-0.010736282570286138
additive:hypothesis:178:H1,41,41,same_pipeline_different_source,synthetic:additive,synthetic:additive,32x32,32x32,identity_residual,mean_8,ncc,20260808,additive,178,H1,True,0.7106132020298749,0.7106132020298749,0.5426546980193564,0.5390801442461007,0.01384001640598187,9,1.234160313748064,1.3181958371396925,0.27626401164309694
additive:hypothesis:179:H0,38,58,same_pipeline_different_source,synthetic:additive,synthetic:additive,32x32,32x32,identity_residual,mean_8,ncc,20260808,additive,179,H0,False,0.5086554621615217,0.5086554621615217,0.5320179568972657,0.5288612248596146,0.007547372654466145,9,0.9690459597188357,0.9617938284217065,-0.038955166855245804
additive:hypothesis:179:H1,58,58,same_pipeline_different_source,synthetic:additive,synthetic:additive,32x32,32x32,identity_residual,mean_8,ncc,20260808,additive,179,H1,True,0.7051227297556232,0.7051227297556232,0.552136456445606,0.549595144559703,0.006774786091353291,9,1.282810870305941,1.2829857336540298,0.2491899660502661
additive:hypothesis:180:H0,56,16,same_pipeline_different_source,synthetic:additive,synthetic:additive,32x32,32x32,identity_residual,mean_8,ncc,20260808,additive,180,H0,False,0.5614676722447519,0.5614676722447519,0.5451541452181368,0.5482762228635255,0.009779952832408068,9,0.9840985360811948,1.0240598603972473,0.023774982327934402
additive:hypothesis:180:H1,16,16,same_pipeline_different_source,synthetic:additive,synthetic:additive,32x32,32x32,identity_residual,mean_8,ncc,20260808,additive,180,H1,True,0.7091458506665523,0.7091458506665523,0.5373583264259167,0.5410980139745056,0.0074968566881667975,9,1.2832347391943646,1.3105682008656652,0.2704607842934006
additive:hypothesis:181:H0,51,22,same_pipeline_different_source,synthetic:additive,synthetic:additive,32x32,32x32,identity_residual,mean_8,ncc,20260808,additive,181,H0,False,0.5477968733460868,0.5477968733460868,0.5366941860024652,0.5360670587552291,0.010919583387162146,9,0.9592896360128238,1.0218812448914412,0.021645286293557553
additive:hypothesis:181:H1,22,22,same_pipeline_different_source,synthetic:additive,synthetic:additive,32x32,32x32,identity_residual,mean_8,ncc,20260808,additive,181,H1,True,0.7073514816522173,0.7073514816522173,0.5344247015816543,0.5365992751117423,0.002188070565403155,9,1.2994014076285105,1.318211772658316,0.2762761004555892
additive:hypothesis:182:H0,7,63,same_pipeline_different_source,synthetic:additive,synthetic:additive,32x32,32x32,identity_residual,mean_8,ncc,20260808,additive,182,H0,False,0.5612600815955973,0.5612600815955973,0.5430936179639194,0.5394237128978091,0.010312216177184808,9,1.0473810720260337,1.0404809209822872,0.039683030289673016
additive:hypothesis:182:H1,63,63,same_pipeline_different_source,synthetic:additive,synthetic:additive,32x32,32x32,identity_residual,mean_8,ncc,20260808,additive,182,H1,True,0.7052494097268006,0.7052494097268006,0.5529937867192954,0.5532003752985023,0.0060383865605472264,9,1.2829213121897294,1.2748534549461465,0.24283123470745221
additive:hypothesis:183:H0,57,37,same_pipeline_different_source,synthetic:additive,synthetic:additive,32x32,32x32,identity_residual,mean_8,ncc,20260808,additive,183,H0,False,0.5266983868492605,0.5266983868492605,0.5032793610527646,0.49468263833087217,0.018297236883492884,9,1.0677782255775645,1.064719773927005,0.06271164146520414
additive:hypothesis:183:H1,37,37,same_pipeline_different_source,synthetic:additive,synthetic:additive,32x32,32x32,identity_residual,mean_8,ncc,20260808,additive,183,H1,True,0.7121141999261088,0.7121141999261088,0.5542159258847288,0.55389466653815,0.004093416403585182,9,1.2856491368238536,1.2856491368238536,0.2512637556378444
additive:hypothesis:184:H0,1,40,same_pipeline_different_source,synthetic:additive,synthetic:additive,32x32,32x32,identity_residual,mean_8,ncc,20260808,additive,184,H0,False,0.529918751733715,0.529918751733715,0.5050969993760311,0.5070962483914604,0.005602033664533268,9,1.085088591658855,1.0450062555474409,0.04402287156865725
additive:hypothesis:184:H1,40,40,same_pipeline_different_source,synthetic:additive,synthetic:additive,32x32,32x32,identity_residual,mean_8,ncc,20260808,additive,184,H1,True,0.7048002712335723,0.7048002712335723,0.5317257068305506,0.5311584701986819,0.01697803676651921,9,1.32691147892255,1.32691147892255,0.2828540454554973
additive:hypothesis:185:H0,40,10,same_pipeline_different_source,synthetic:additive,synthetic:additive,32x32,32x32,identity_residual,mean_8,ncc,20260808,additive,185,H0,False,0.5240096520970796,0.5240096520970796,0.5320289087740635,0.5285461399302794,0.014995756578503716,9,0.9914170448131582,0.9914170448131582,-0.008620000873334588
additive:hypothesis:185:H1,10,10,same_pipeline_different_source,synthetic:additive,synthetic:additive,32x32,32x32,identity_residual,mean_8,ncc,20260808,additive,185,H1,True,0.6864253463282172,0.6864253463282172,0.5175341629151755,0.5228204713581144,0.007586801817967337,9,1.3129274462897589,1.3129274462897589,0.2722593358272089
additive:hypothesis:186:H0,47,43,same_pipeline_different_source,synthetic:additive,synthetic:additive,32x32,32x32,identity_residual,mean_8,ncc,20260808,additive,186,H0,False,0.5180259479836637,0.5180259479836637,0.5264245948101398,0.526292843587316,0.009491659321928192,9,0.9625842109071014,0.9842922135378026,-0.015832461037813328
additive:hypothesis:186:H1,43,43,same_pipeline_different_source,synthetic:additive,synthetic:additive,32x32,32x32,identity_residual,mean_8,ncc,20260808,additive,186,H1,True,0.6928539704018898,0.6928539704018898,0.5464598254433344,0.5422524316536274,0.003292881437010231,9,1.2777332658315521,1.2777332658315521,0.24508762199004047
additive:hypothesis:187:H0,6,58,same_pipeline_different_source,synthetic:additive,synthetic:additive,32x32,32x32,identity_residual,mean_8,ncc,20260808,additive,187,H0,False,0.5090007159283525,0.5090007159283525,0.5236914935682433,0.5208215072833854,0.012674540739437079,9,0.9815630566011978,0.9773035652527287,-0.02295796358022484
additive:hypothesis:187:H1,58,58,same_pipeline_different_source,synthetic:additive,synthetic:additive,32x32,32x32,identity_residual,mean_8,ncc,20260808,additive,187,H1,True,0.6916982452488509,0.6916982452488509,0.5407175410041926,0.5424965753248808,0.009731278810174215,9,1.2399938157924841,1.2750278558617976,0.24296802610647433
additive:hypothesis:188:H0,37,59,same_pipeline_different_source,synthetic:additive,synthetic:additive,32x32,32x32,identity_residual,mean_8,ncc,20260808,additive,188,H0,False,0.5290859370081707,0.5290859370081707,0.5405662647122902,0.5355967239160093,0.013273377998441527,9,0.9878438634571268,0.9878438634571268,-0.012230626660920563
additive:hypothesis:188:H1,59,59,same_pipeline_different_source,synthetic:additive,synthetic:additive,32x32,32x32,identity_residual,mean_8,ncc,20260808,additive,188,H1,True,0.6903589215261342,0.6903589215261342,0.5262373391330915,0.5308117332252553,0.008236658819319342,9,1.3842131079661812,1.3005720829331657,0.2628042314625598
additive:hypothesis:189:H0,0,10,same_pipeline_different_source,synthetic:additive,synthetic:additive,32x32,32x32,identity_residual,mean_8,ncc,20260808,additive,189,H0,False,0.5513271727696538,0.5513271727696538,0.5414885496574807,0.5430826414558394,0.007553878540117576,9,1.0232224615326198,1.0151809884619278,0.015066910353336627
additive:hypothesis:189:H1,10,10,same_pipeline_different_source,synthetic:additive,synthetic:additive,32x32,32x32,identity_residual,mean_8,ncc,20260808,additive,189,H1,True,0.7096973773409478,0.7096973773409478,0.5329889289657875,0.5284311899843999,0.01177365221863702,9,1.2670420728909229,1.3430270407806535,0.29492605194797267
additive:hypothesis:190:H0,38,41,same_pipeline_different_source,synthetic:additive,synthetic:additive,32x32,32x32,identity_residual,mean_8,ncc,20260808,additive,190,H0,False,0.505165893981604,0.505165893981604,0.5317856092788825,0.5317116605354212,0.0077026487595718285,9,0.9500748835805366,0.9500748835805366,-0.051214472672446054
additive:hypothesis:190:H1,41,41,same_pipeline_different_source,synthetic:additive,synthetic:additive,32x32,32x32,identity_residual,mean_8,ncc,20260808,additive,190,H1,True,0.6848739814190914,0.6848739814190914,0.5381149911479013,0.5451666916495576,0.003971413314613814,9,1.2688315960034235,1.2562652706217423,0.22814324847016854
additive:hypothesis:191:H0,62,26,same_pipeline_different_source,synthetic:additive,synthetic:additive,32x32,32x32,identity_residual,mean_8,ncc,20260808,additive,191,H0,False,0.5201102228756249,0.5201102228756249,0.5192510657602781,0.5150455061748687,0.0020624792181000995,9,0.9822871596845917,1.0098335324549685,0.00978549791744987
additive:hypothesis:191:H1,26,26,same_pipeline_different_source,synthetic:additive,synthetic:additive,32x32,32x32,identity_residual,mean_8,ncc,20260808,additive,191,H1,True,0.6871158978280649,0.6871158978280649,0.5273060971597019,0.5282036627984945,0.007620603514571167,9,1.2823530792213211,1.3008540951564627,0.26302104501412393
additive:hypothesis:192:H0,63,62,same_pipeline_different_source,synthetic:additive,synthetic:additive,32x32,32x32,identity_residual,mean_8,ncc,20260808,additive,192,H0,False,0.48379198058852946,0.48379198058852946,0.5034782612889283,0.5066958656403111,0.003955962369246224,9,1.048493505026432,0.9547975687095097,-0.04625593090789537
additive:hypothesis:192:H1,62,62,same_pipeline_different_source,synthetic:additive,synthetic:additive,32x32,32x32,identity_residual,mean_8,ncc,20260808,additive,192,H1,True,0.6768716617210876,0.6768716617210876,0.5093654536525027,0.5097410447761208,0.007460176631041704,9,1.303015832346754,1.3278735716060903,0.2835788444183866
additive:hypothesis:193:H0,21,25,same_pipeline_different_source,synthetic:additive,synthetic:additive,32x32,32x32,identity_residual,mean_8,ncc,20260808,additive,193,H0,False,0.5235315794378549,0.5235315794378549,0.5246015478186025,0.5340751555477629,0.008838697545581864,9,1.0262761767636597,0.9802582539172896,-0.019939217628578976
additive:hypothesis:193:H1,25,25,same_pipeline_different_source,synthetic:additive,synthetic:additive,32x32,32x32,identity_residual,mean_8,ncc,20260808,additive,193,H1,True,0.6915590083791477,0.6915590083791477,0.5266790990761387,0.530650020068097,0.005312965306693784,9,1.2330576556092518,1.3032299674470975,0.2648457733199309
additive:hypothesis:194:H0,8,36,same_pipeline_different_source,synthetic:additive,synthetic:additive,32x32,32x32,identity_residual,mean_8,ncc,20260808,additive,194,H0,False,0.5427315618412609,0.5427315618412609,0.5459438319071505,0.5408864139451723,0.009541312373063437,9,0.9612932656497178,1.0034113408074539,0.0034055353835081847
additive:hypothesis:194:H1,36,36,same_pipeline_different_source,synthetic:additive,synthetic:additive,32x32,32x32,identity_residual,mean_8,ncc,20260808,additive,194,H1,True,0.689887304417075,0.689887304417075,0.5258280765897649,0.5234107066008591,0.0032528871866304154,9,1.271944744677411,1.3180611243078126,0.2761618115662707
additive:hypothesis:195:H0,34,5,same_pipeline_different_source,synthetic:additive,synthetic:additive,32x32,32x32,identity_residual,mean_8,ncc,20260808,additive,195,H0,False,0.5181078311085056,0.5181078311085056,0.5240074284532696,0.5225563804218206,0.004534167997860772,9,0.974585103926875,0.9914869486241388,-0.008549494372524835
additive:hypothesis:195:H1,5,5,same_pipeline_different_source,synthetic:additive,synthetic:additive,32x32,32x32,identity_residual,mean_8,ncc,20260808,additive,195,H1,True,0.7105294947629064,0.7105294947629064,0.5237524561554529,0.525528150372117,0.009754264023476233,9,1.3716449126768533,1.3520293713282405,0.3016067017400094
additive:hypothesis:196:H0,7,57,same_pipeline_different_source,synthetic:additive,synthetic:additive,32x32,32x32,identity_residual,mean_8,ncc,20260808,additive,196,H0,False,0.5759555561051565,0.5759555561051565,0.557943648476639,0.5566143590152766,0.0023235809112558403,9,1.035946940623973,1.034747930549433,0.03415785169247754
additive:hypothesis:196:H1,57,57,same_pipeline_different_source,synthetic:additive,synthetic:additive,32x32,32x32,identity_residual,mean_8,ncc,20260808,additive,196,H1,True,0.6806293198588618,0.6806293198588618,0.5204525759564538,0.5222847161161286,0.010574245778661284,9,1.3406451110899473,1.3031767900853635,0.2648049682064637
additive:hypothesis:197:H0,5,43,same_pipeline_different_source,synthetic:additive,synthetic:additive,32x32,32x32,identity_residual,mean_8,ncc,20260808,additive,197,H0,False,0.5222027700554993,0.5222027700554993,0.515799766253732,0.5147151023036786,0.004226376703450385,9,1.0145472081901399,1.0145472081901399,0.014442412656126558
additive:hypothesis:197:H1,43,43,same_pipeline_different_source,synthetic:additive,synthetic:additive,32x32,32x32,identity_residual,mean_8,ncc,20260808,additive,197,H1,True,0.6908665061689595,0.6908665061689595,0.5249119025196022,0.5238908413576037,0.006162677247827708,9,1.2936792680296267,1.318722244463479,0.2766632711684132
additive:hypothesis:198:H0,38,61,same_pipeline_different_source,synthetic:additive,synthetic:additive,32x32,32x32,identity_residual,mean_8,ncc,20260808,additive,198,H0,False,0.5475529499398728,0.5475529499398728,0.5505133155251212,0.549792705563319,0.01186372028130267,9,1.003862988439386,0.9959261816303084,-0.0040821389731861
additive:hypothesis:198:H1,61,61,same_pipeline_different_source,synthetic:additive,synthetic:additive,32x32,32x32,identity_residual,mean_8,ncc,20260808,additive,198,H1,True,0.7098048548997388,0.7098048548997388,0.5391383731361631,0.5366356312696248,0.004545218679537721,9,1.3087674764813095,1.3226942333672727,0.279670742296861
additive:hypothesis:199:H0,55,42,same_pipeline_different_source,synthetic:additive,synthetic:additive,32x32,32x32,identity_residual,mean_8,ncc,20260808,additive,199,H0,False,0.5163309853821976,0.5163309853821976,0.5313865367814498,0.5231888212400867,0.007062264598440282,9,0.922571178432486,0.9868922354999208,-0.013194429400308127
additive:hypothesis:199:H1,42,42,same_pipeline_different_source,synthetic:additive,synthetic:additive,32x32,32x32,identity_residual,mean_8,ncc,20260808,additive,199,H1,True,0.6712895282800498,0.6712895282800498,0.49286482208876514,0.49808227716127856,0.005045500571801698,9,1.3477482718436233,1.3477482718436233,0.2984352530958962
additive:hypothesis:200:H0,41,3,same_pipeline_different_source,synthetic:additive,synthetic:additive,32x32,32x32,identity_residual,mean_8,ncc,20260808,additive,200,H0,False,0.5151197676000382,0.5151197676000382,0.5220305988542755,0.5254945296200186,0.014144537057037443,9,1.0139036863964992,0.9802571455358777,-0.019940348332691094
additive:hypothesis:200:H1,3,3,same_pipeline_different_source,synthetic:additive,synthetic:additive,32x32,32x32,identity_residual,mean_8,ncc,20260808,additive,200,H1,True,0.697012179134049,0.697012179134049,0.5285157331337159,0.5252638641888543,0.004005840567455121,9,1.3031995841189465,1.3269753102289252,0.2829021494715755
additive:hypothesis:201:H0,44,27,same_pipeline_different_source,synthetic:additive,synthetic:additive,32x32,32x32,identity_residual,mean_8,ncc,20260808,additive,201,H0,False,0.5329483688733236,0.5329483688733236,0.5311876406519915,0.5343485408639825,0.007563615278371905,9,0.9900842710526171,0.997379665361498,-0.0026237737243283155
additive:hypothesis:201:H1,27,27,same_pipeline_different_source,synthetic:additive,synthetic:additive,32x32,32x32,identity_residual,mean_8,ncc,20260808,additive,201,H1,True,0.6916827163112095,0.6916827163112095,0.5315068115610966,0.5281979576437928,0.00820952518842255,9,1.319459496146352,1.3095141817599905,0.269656214811523
additive:hypothesis:202:H0,20,19,same_pipeline_different_source,synthetic:additive,synthetic:additive,32x32,32x32,identity_residual,mean_8,ncc,20260808,additive,202,H0,False,0.5158514626452225,0.5158514626452225,0.5102717654965017,0.5156276769077603,0.01444262337197455,9,1.0999098272449297,1.0004340064497783,0.0004339122962202513
additive:hypothesis:202:H1,19,19,same_pipeline_different_source,synthetic:additive,synthetic:additive,32x32,32x32,identity_residual,mean_8,ncc,20260808,additive,202,H1,True,0.7166545438094488,0.7166545438094488,0.5589389534864638,0.5605854787849457,0.006610403105635654,9,1.2778880473050722,1.278403688520043,0.24561218128857293
additive:hypothesis:203:H0,63,55,same_pipeline_different_source,synthetic:additive,synthetic:additive,32x32,32x32,identity_residual,mean_8,ncc,20260808,additive,203,H0,False,0.5095611290480289,0.5095611290480289,0.5050119516794147,0.5056282110249882,0.0031122335157458547,9,1.0248938370201748,1.0077782804386408,0.007748185572153288
additive:hypothesis:203:H1,55,55,same_pipeline_different_source,synthetic:additive,synthetic:additive,32x32,32x32,identity_residual,mean_8,ncc,20260808,additive,203,H1,True,0.700666062476494,0.700666062476494,0.5402761248276903,0.5425629677166061,0.011268859421302069,9,1.3638518486390425,1.2914004533432681,0.25572725225807574
additive:hypothesis:204:H0,30,25,same_pipeline_different_source,synthetic:additive,synthetic:additive,32x32,32x32,identity_residual,mean_8,ncc,20260808,additive,204,H0,False,0.5094546249409073,0.5094546249409073,0.5153394752222675,0.5176797333072602,0.015082420623049764,9,0.984111589005415,0.984111589005415,-0.01601598489878242
additive:hypothesis:204:H1,25,25,same_pipeline_different_source,synthetic:additive,synthetic:additive,32x32,32x32,identity_residual,mean_8,ncc,20260808,additive,204,H1,True,0.6822033668502197,0.6822033668502197,0.5210932879400147,0.5266762530457522,0.011061013115651885,9,1.2686555494285818,1.295299271431091,0.258741766082743
additive:hypothesis:205:H0,29,15,same_pipeline_different_source,synthetic:additive,synthetic:additive,32x32,32x32,identity_residual,mean_8,ncc,20260808,additive,205,H0,False,0.5535659293205621,0.5535659293205621,0.5275765112993407,0.5297238513140222,0.008800385797178678,9,1.0235053003466292,1.0450085038598842,0.044025023048624656
additive:hypothesis:205:H1,15,15,same_pipeline_different_source,synthetic:additive,synthetic:additive,32x32,32x32,identity_residual,mean_8,ncc,20260808,additive,205,H1,True,0.717894732038733,0.717894732038733,0.5431158573458931,0.5410227085474959,0.0045159493363252645,9,1.332533707302662,1.326921625833585,0.28286169244054443
additive:hypothesis:206:H0,42,28,same_pipeline_different_source,synthetic:additive,synthetic:additive,32x32,32x32,identity_residual,mean_8,ncc,20260808,additive,206,H0,False,0.5346343413590737,0.5346343413590737,0.5392776257853455,0.5383008297973209,0.01324896012489607,9,1.0233654917918131,0.9931887743148611,-0.006834527954427183
additive:hypothesis:206:H1,28,28,same_pipeline_different_source,synthetic:additive,synthetic:additive,32x32,32x32,identity_residual,mean_8,ncc,20260808,additive,206,H1,True,0.7112484965298542,0.7112484965298542,0.5325977986958332,0.5355446744645098,0.008489731944922863,9,1.3276187158561426,1.3280843418731225,0.2837375594841675
additive:hypothesis:207:H0,53,29,same_pipeline_different_source,synthetic:additive,synthetic:additive,32x32,32x32,identity_residual,mean_8,ncc,20260808,additive,207,H0,False,0.5383702581311626,0.5383702581311626,0.5512158406532042,0.5472249947073544,0.009172794973258402,9,1.0078279335735556,0.9838188374766632,-0.016313507135312655
additive:hypothesis:207:H1,29,29,same_pipeline_different_source,synthetic:additive,synthetic:additive,32x32,32x32,identity_residual,mean_8,ncc,20260808,additive,207,H1,True,0.6838463113367336,0.6838463113367336,0.515215492923808,0.5185005743218598,0.008942398089657022,9,1.3111348507643321,1.318892100035043,0.27679206601831474
additive:hypothesis:208:H0,6,23,same_pipeline_different_source,synthetic:additive,synthetic:additive,32x32,32x32,identity_residual,mean_8,ncc,20260808,additive,208,H0,False,0.5306616826664935,0.5306616826664935,0.5366939562912038,0.5394208305172875,0.01062189812138381,9,0.9942143164413708,0.9837619399265797,-0.016371342168824632
additive:hypothesis:208:H1,23,23,same_pipeline_different_source,synthetic:additive,synthetic:additive,32x32,32x32,identity_residual,mean_8,ncc,20260808,additive,208,H1,True,0.6975779940155755,0.6975779940155755,0.5212257499333884,0.5232416561281499,0.006914537596437564,9,1.3510388452949929,1.333185127456152,0.28757091186578587
additive:hypothesis:209:H0,12,56,same_pipeline_different_source,synthetic:additive,synthetic:additive,32x32,32x32,identity_residual,mean_8,ncc,20260808,additive,209,H0,False,0.5321770795552162,0.5321770795552162,0.5221588967478438,0.5248947392541513,0.01269130067839952,9,1.0102996584190878,1.0138739060547888,0.013778544433348694
additive:hypothesis:209:H1,56,56,same_pipeline_different_source,synthetic:additive,synthetic:additive,32x32,32x32,identity_residual,mean_8,ncc,20260808,additive,209,H1,True,0.6997672507321915,0.6997672507321915,0.5341761347236563,0.5372077284726506,0.010304750517349581,9,1.3026008630250314,1.3026008630250314,0.26436292967027275
additive:hypothesis:210:H0,55,17,same_pipeline_different_source,synthetic:additive,synthetic:additive,32x32,32x32,identity_residual,mean_8,ncc,20260808,additive,210,H0,False,0.5407113010039636,0.5407113010039636,0.5236839423302118,0.5266124524801384,0.010564081005596804,9,1.0267727214907758,1.0267727214907758,0.026420603135633103
additive:hypothesis:210:H1,17,17,same_pipeline_different_source,synthetic:additive,synthetic:additive,32x32,32x32,identity_residual,mean_8,ncc,20260808,additive,210,H1,True,0.692833946327578,0.692833946327578,0.5217517499693585,0.5185974315137177,0.012933122193225732,9,1.3463834333678883,1.3359764322497447,0.2896624344272299
additive:hypothesis:211:H0,49,11,same_pipeline_different_source,synthetic:additive,synthetic:additive,32x32,32x32,identity_residual,mean_8,ncc,20260808,additive,211,H0,False,0.5176643810448335,0.5176643810448335,0.545739154120499,0.5470707944560721,0.009679552319962204,9,0.947221261979936,0.9462475173062819,-0.05525109795251293
additive:hypothesis:211:H1,11,11,same_pipeline_different_source,synthetic:additive,synthetic:additive,32x32,32x32,identity_residual,mean_8,ncc,20260808,additive,211,H1,True,0.6970273958670075,0.6970273958670075,0.540728628949625,0.5349120088099925,0.011644502728832329,9,1.3101459990446738,1.303069260713869,0.26472245153730845
additive:hypothesis:212:H0,53,58,same_pipeline_different_source,synthetic:additive,synthetic:additive,32x32,32x32,identity_residual,mean_8,ncc,20260808,additive,212,H0,False,0.5095798208395873,0.5095798208395873,0.5191766857032142,0.5179735792519857,0.014547134180353805,9,1.0111939147136413,0.9837950066400685,-0.016337730218177304
additive:hypothesis:212:H1,58,58,same_pipeline_different_source,synthetic:additive,synthetic:additive,32x32,32x32,identity_residual,mean_8,ncc,20260808,additive,212,H1,True,0.6826370102616018,0.6826370102616018,0.5369219789490294,0.5421765838578098,0.004216318545368636,9,1.2587707742384886,1.2590676738644047,0.2303715056941914
additive:hypothesis:213:H0,27,51,same_pipeline_different_source,synthetic:additive,synthetic:additive,32x32,32x32,identity_residual,mean_8,ncc,20260808,additive,213,H0,False,0.5199017654981838,0.5199017654981838,0.5243162375210303,0.5262486675260818,0.008992556756335035,9,1.0198986519871687,0.9879393480315398,-0.0121339717506731
additive:hypothesis:213:H1,51,51,same_pipeline_different_source,synthetic:additive,synthetic:additive,32x32,32x32,identity_residual,mean_8,ncc,20260808,additive,213,H1,True,0.7106509807435435,0.7106509807435435,0.5509959372590749,0.5520223821262208,0.00855548615889945,9,1.2677114473275874,1.2873589980289097,0.25259283146437805
additive:hypothesis:214:H0,13,38,same_pipeline_different_source,synthetic:additive,synthetic:additive,32x32,32x32,identity_residual,mean_8,ncc,20260808,additive,214,H0,False,0.5438612583558186,0.5438612583558186,0.5434761722501222,0.5441592568227221,0.006053617735271688,9,1.000985118549703,0.9994523690203424,-0.0005477809842698855
additive:hypothesis:214:H1,38,38,same_pipeline_different_source,synthetic:additive,synthetic:additive,32x32,32x32,identity_residual,mean_8,ncc,20260808,additive,214,H1,True,0.7006734058439044,0.7006734058439044,0.5368245297164209,0.5393779290303422,0.005719671902919443,9,1.2938348971841462,1.2990398163001005,0.2616253887199469
additive:hypothesis:215:H0,31,26,same_pipeline_different_source,synthetic:additive,synthetic:additive,32x32,32x32,identity_residual,mean_8,ncc,20260808,additive,215,H0,False,0.5342128169781086,0.5342128169781086,0.537151832146036,0.5330566299555716,0.008026094076556967,9,1.0069034809910578,1.0021689759728407,0.002166627140216426
additive:hypothesis:215:H1,26,26,same_pipeline_different_source,synthetic:additive,synthetic:additive,32x32,32x32,identity_residual,mean_8,ncc,20260808,additive,215,H1,True,0.6991684721082055,0.6991684721082055,0.5301412273409492,0.5310952814114158,0.010814344578553903,9,1.2901938599650313,1.3164652305893694,0.27495028911504943
additive:hypothesis:216:H0,38,44,same_pipeline_different_source,synthetic:additive,synthetic:additive,32x32,32x32,identity_residual,mean_8,ncc,20260808,additive,216,H0,False,0.5524545278538473,0.5524545278538473,0.5311986345193729,0.5308808058018969,0.010131802219131347,9,1.0439686639250307,1.0406376004108178,0.03983360261625224
additive:hypothesis:216:H1,44,44,same_pipeline_different_source,synthetic:additive,synthetic:additive,32x32,32x32,identity_residual,mean_8,ncc,20260808,additive,216,H1,True,0.6877926455825073,0.6877926455825073,0.5273720954404842,0.5320734571795782,0.0009887391604647133,9,1.2902671588884556,1.2926648309584308,0.25670584805729674
additive:hypothesis:217:H0,31,56,same_pipeline_different_source,synthetic:additive,synthetic:additive,32x32,32x32,identity_residual,mean_8,ncc,20260808,additive,217,H0,False,0.545524883816445,0.545524883816445,0.5260124167679558,0.5249296405477388,0.008492289199299785,9,1.0563234483177044,1.0392342928991705,0.038484185155393535
additive:hypothesis:217:H1,56,56,same_pipeline_different_source,synthetic:additive,synthetic:additive,32x32,32x32,identity_residual,mean_8,ncc,20260808,additive,217,H1,True,0.7040268983824598,0.7040268983824598,0.5460245207335224,0.555930803566012,0.007643363962825389,9,1.2554238235165802,1.2663930364471387,0.23617273087019397
additive:hypothesis:218:H0,53,36,same_pipeline_different_source,synthetic:additive,synthetic:additive,32x32,32x32,identity_residual,mean_8,ncc,20260808,additive,218,H0,False,0.5133725035295735,0.5133725035295735,0.5238827563064271,0.526157163784124,0.005324452690393389,9,0.9856763843643942,0.9757018223174931,-0.024598249167308794
additive:hypothesis:218:H1,36,36,same_pipeline_different_source,synthetic:additive,synthetic:additive,32x32,32x32,identity_residual,mean_8,ncc,20260808,additive,218,H1,True,0.6773854348418987,0.6773854348418987,0.5104828000507253,0.5120310980084469,0.008284460910778946,9,1.3229380744189174,1.3229380744189174,0.2798550770977459
additive:hypothesis:219:H0,22,16,same_pipeline_different_source,synthetic:additive,synthetic:additive,32x32,32x32,identity_residual,mean_8,ncc,20260808,additive,219,H0,False,0.5664048831861754,0.5664048831861754,0.5365559379320993,0.5394137441578414,0.0071666337415902115,9,1.0220191887386694,1.050037914904215,0.0488262729500879
additive:hypothesis:219:H1,16,16,same_pipeline_different_source,synthetic:additive,synthetic:additive,32x32,32x32,identity_residual,mean_8,ncc,20260808,additive,219,H1,True,0.7092377557776985,0.7092377557776985,0.5247613009414063,0.5226228954969943,0.012934117025929281,9,1.3724452648304175,1.3570736412212494,0.30533064704518104
additive:hypothesis:220:H0,16,50,same_pipeline_different_source,synthetic:additive,synthetic:additive,32x32,32x32,identity_residual,mean_8,ncc,20260808,additive,220,H0,False,0.5216290147989698,0.5216290147989698,0.5512474854841769,0.5526039098439947,0.010948865430442711,9,0.995343745135543,0.9439473834816526,-0.057684852227279704
additive:hypothesis:220:H1,50,50,same_pipeline_different_source,synthetic:additive,synthetic:additive,32x32,32x32,identity_residual,mean_8,ncc,20260808,additive,220,H1,True,0.6909257818329555,0.6909257818329555,0.5256907402932551,0.5288071964184374,0.006018907490639824,9,1.3764228613620295,1.3065740907319952,0.26740851369476204
additive:hypothesis:221:H0,7,41,same_pipeline_different_source,synthetic:additive,synthetic:additive,32x32,32x32,identity_residual,mean_8,ncc,20260808,additive,221,H0,False,0.5361957895489313,0.5361957895489313,0.5445902023439708,0.5469178774761068,0.0048305630794549526,9,0.956495419858327,0.9803954334485183,-0.019799285184275872
additive:hypothesis:221:H1,41,41,same_pipeline_different_source,synthetic:additive,synthetic:additive,32x32,32x32,identity_residual,mean_8,ncc,20260808,additive,221,H1,True,0.6843246086119682,0.6843246086119682,0.5157811146671223,0.5144366812927147,0.010541436757466771,9,1.2785399469929022,1.3302406953025716,0.2853598997715675
additive:hypothesis:222:H0,12,31,same_pipeline_different_source,synthetic:additive,synthetic:additive,32x32,32x32,identity_residual,mean_8,ncc,20260808,additive,222,H0,False,0.5592510271878106,0.5592510271878106,0.5418044059194664,0.5392189543383532,0.016153549305921944,9,1.0371501644893728,1.0371501644893728,0.03647672540748137
additive:hypothesis:222:H1,31,31,same_pipeline_different_source,synthetic:additive,synthetic:additive,32x32,32x32,identity_residual,mean_8,ncc,20260808,additive,222,H1,True,0.6998617010446821,0.6998617010446821,0.5369383926057066,0.5380640731996142,0.01067751982614873,9,1.2498045526319157,1.300703272907506,0.26290509735063816
additive:hypothesis:223:H0,46,47,same_pipeline_different_source,synthetic:additive,synthetic:additive,32x32,32x32,identity_residual,mean_8,ncc,20260808,additive,223,H0,False,0.5701361201123555,0.5701361201123555,0.5432777991972603,0.5385323959389224,0.007894304938190655,9,1.0630208736641136,1.0586849081164977,0.057027485156966096
additive:hypothesis:223:H1,47,47,same_pipeline_different_source,synthetic:additive,synthetic:additive,32x32,32x32,identity_residual,mean_8,ncc,20260808,additive,223,H1,True,0.7094704911495104,0.7094704911495104,0.5286242218482446,0.5311013414603069,0.015190004083478037,9,1.4166273711203194,1.3358476730613462,0.2895660514443515
additive:hypothesis:224:H0,55,13,same_pipeline_different_source,synthetic:additive,synthetic:additive,32x32,32x32,identity_residual,mean_8,ncc,20260808,additive,224,H0,False,0.5283215552864611,0.5283215552864611,0.5229833101915283,0.5235407742919818,0.011788688876970821,9,1.0018644239407353,1.0091316306756521,0.009090189429307172
additive:hypothesis:224:H1,13,13,same_pipeline_different_source,synthetic:additive,synthetic:additive,32x32,32x32,identity_residual,mean_8,ncc,20260808,additive,224,H1,True,0.7080757457728252,0.7080757457728252,0.5250052971825919,0.5295976048666234,0.005333130726215107,9,1.3289670769101782,1.3370070771961866,0.2904335914462502
additive:hypothesis:225:H0,15,7,same_pipeline_different_source,synthetic:additive,synthetic:additive,32x32,32x32,identity_residual,mean_8,ncc,20260808,additive,225,H0,False,0.5347054618400806,0.5347054618400806,0.5168194493629471,0.5188415136220387,0.015444795863939098,9,1.0001540066114964,1.0305757110823603,0.030117588889609803
additive:hypothesis:225:H1,7,7,same_pipeline_different_source,synthetic:additive,synthetic:additive,32x32,32x32,identity_residual,mean_8,ncc,20260808,additive,225,H1,True,0.6799569250568546,0.6799569250568546,0.523867488850907,0.5217235029700219,0.011730214188975352,9,1.3509181486471769,1.3032898099971637,0.2648916909075085
additive:hypothesis:226:H0,12,6,same_pipeline_different_source,synthetic:additive,synthetic:additive,32x32,32x32,identity_residual,mean_8,ncc,20260808,additive,226,H0,False,0.5434994009853105,0.5434994009853105,0.5472248385248593,0.5420799997278051,0.002098730944542382,9,1.0193806057631294,1.0026184350247531,0.0026150128962093566
additive:hypothesis:226:H1,6,6,same_pipeline_different_source,synthetic:additive,synthetic:additive,32x32,32x32,identity_residual,mean_8,ncc,20260808,additive,226,H1,True,0.6950614440866097,0.6950614440866097,0.5129675702314715,0.5087109090074569,0.008548418933942314,9,1.2880047073832734,1.3663191250267082,0.31212035394179444
additive:hypothesis:227:H0,52,24,same_pipeline_different_source,synthetic:additive,synthetic:additive,32x32,32x32,identity_residual,mean_8,ncc,20260808,additive,227,H0,False,0.523120007033922,0.523120007033922,0.4988256382148271,0.5002917455652045,0.009353028506347005,9,1.0072344967707003,1.0456298982964976,0.04461947731127602
additive:hypothesis:227:H1,24,24,same_pipeline_different_source,synthetic:additive,synthetic:additive,32x32,32x32,identity_residual,mean_8,ncc,20260808,additive,227,H1,True,0.6985819047467359,0.6985819047467359,0.5342771523577853,0.5308782335128286,0.0137203969625872,9,1.3158985632622566,1.3158985632622566,0.2745197503443904
additive:hypothesis:228:H0,61,24,same_pipeline_different_source,synthetic:additive,synthetic:additive,32x32,32x32,identity_residual,mean_8,ncc,20260808,additive,228,H0,False,0.4800495024465669,0.4800495024465669,0.499764689328178,0.4980014975171864,0.011177051215455702,9,0.9901467643931405,0.9639519255260874,-0.03671385540134697
additive:hypothesis:228:H1,24,24,same_pipeline_different_source,synthetic:additive,synthetic:additive,32x32,32x32,identity_residual,mean_8,ncc,20260808,additive,228,H1,True,0.7045846580661149,0.7045846580661149,0.5489570482391015,0.5521547077215927,0.007140833799899826,9,1.292653993604155,1.2760638426384303,0.24378021708666625
additive:hypothesis:229:H0,52,48,same_pipeline_different_source,synthetic:additive,synthetic:additive,32x32,32x32,identity_residual,mean_8,ncc,20260808,additive,229,H0,False,0.5357414292290891,0.5357414292290891,0.534467777177986,0.5326992625226735,0.00403867031655758,9,1.0051278950152949,1.0057108521082025,0.005694607011851982
additive:hypothesis:229:H1,48,48,same_pipeline_different_source,synthetic:additive,synthetic:additive,32x32,32x32,identity_residual,mean_8,ncc,20260808,additive,229,H1,True,0.7046971148213218,0.7046971148213218,0.5416164908762232,0.5386394100130129,0.0044065025127231205,9,1.284843414732485,1.3082910416902045,0.2687217372210302
additive:hypothesis:230:H0,18,33,same_pipeline_different_source,synthetic:additive,synthetic:additive,32x32,32x32,identity_residual,mean_8,ncc,20260808,additive,230,H0,False,0.5203107857626317,0.5203107857626317,0.5423149019920719,0.5481031300078065,0.007350311651233787,9,0.9621970854334752,0.9492935859629573,-0.05203716471369457
additive:hypothesis:230:H1,33,33,same_pipeline_different_source,synthetic:additive,synthetic:additive,32x32,32x32,identity_residual,mean_8,ncc,20260808,additive,230,H1,True,0.6849324223756609,0.6849324223756609,0.5337607816061971,0.5341859551532193,0.010300359663572123,9,1.2757137334161763,1.2821984849436996,0.2485761709634739
additive:hypothesis:231:H0,25,22,same_pipeline_different_source,synthetic:additive,synthetic:additive,32x32,32x32,identity_residual,mean_8,ncc,20260808,additive,231,H0,False,0.5362594238355443,0.5362594238355443,0.5370376599439692,0.5348468883616683,0.014341788692855073,9,1.0080012265405436,1.0026410090525213,0.002637527716260024
additive:hypothesis:231:H1,22,22,same_pipeline_different_source,synthetic:additive,synthetic:additive,32x32,32x32,identity_residual,mean_8,ncc,20260808,additive,231,H1,True,0.7251460468367145,0.7251460468367145,0.551626917906951,0.5529384887128173,0.006652654900225818,9,1.3126729680906177,1.3114407147253908,0.2711263151287406
additive:hypothesis:232:H0,5,58,same_pipeline_different_source,synthetic:additive,synthetic:additive,32x32,32x32,identity_residual,mean_8,ncc,20260808,additive,232,H0,False,0.5300707129475092,0.5300707129475092,0.5053042891286078,0.5083982507922539,0.016144303997145282,9,1.0029537325462237,1.042628907793216,0.04174531960591177
additive:hypothesis:232:H1,58,58,same_pipeline_different_source,synthetic:additive,synthetic:additive,32x32,32x32,identity_residual,mean_8,ncc,20260808,additive,232,H1,True,0.7019589952507278,0.7019589952507278,0.5185071552173826,0.51914328029648,0.008624430504627245,9,1.3638621489537988,1.3521488611965518,0.3016950759950433
additive:hypothesis:233:H0,9,55,same_pipeline_different_source,synthetic:additive,synthetic:additive,32x32,32x32,identity_residual,mean_8,ncc,20260808,additive,233,H0,False,0.5544349757705287,0.5544349757705287,0.5417195129542876,0.5422674963915217,0.008661420295738131,9,1.021561729066524,1.0224381499167376,0.022190118026296557
additive:hypothesis:233:H1,55,55,same_pipeline_different_source,synthetic:additive,synthetic:additive,32x32,32x32,identity_residual,mean_8,ncc,20260808,additive,233,H1,True,0.6856868953631483,0.6856868953631483,0.5175573972117512,0.5219088786285887,0.01048978905470277,9,1.403001362530807,1.3138057684799622,0.27292809215008124
additive:hypothesis:234:H0,33,0,same_pipeline_different_source,synthetic:additive,synthetic:additive,32x32,32x32,identity_residual,mean_8,ncc,20260808,additive,234,H0,False,0.5380785594293445,0.5380785594293445,0.5333998937223645,0.5357461656996582,0.0130588141963347,9,1.0556911625469716,1.0043535425524517,0.004344093301291707
additive:hypothesis:234:H1,0,0,same_pipeline_different_source,synthetic:additive,synthetic:additive,32x32,32x32,identity_residual,mean_8,ncc,20260808,additive,234,H1,True,0.7097376158003558,0.7097376158003558,0.5322819663686127,0.5269113257678824,0.0072948107260383255,9,1.3285837943728538,1.3469773396235802,0.2978630744385996
additive:hypothesis:235:H0,8,36,same_pipeline_different_source,synthetic:additive,synthetic:additive,32x32,32x32,identity_residual,mean_8,ncc,20260808,additive,235,H0,False,0.5348330025491355,0.5348330025491355,0.5277370775041911,0.5267794575509096,0.00905806935083564,9,0.9951104302926831,1.0152882670020358,0.01517257906998315
additive:hypothesis:235:H1,36,36,same_pipeline_different_source,synthetic:additive,synthetic:additive,32x32,32x32,identity_residual,mean_8,ncc,20260808,additive,235,H1,True,0.6813188492508386,0.6813188492508386,0.5233872027528572,0.5218018340909987,0.010488899030212218,9,1.3057042055778234,1.3057042055778234,0.2667425163639615
additive:hypothesis:236:H0,55,53,same_pipeline_different_source,synthetic:additive,synthetic:additive,32x32,32x32,identity_residual,mean_8,ncc,20260808,additive,236,H0,False,0.5312563685557231,0.5312563685557231,0.5465335629481868,0.5480427172262962,0.004885653843823112,9,0.9608050451951798,0.9693703644936099,-0.03110852701649014
additive:hypothesis:236:H1,53,53,same_pipeline_different_source,synthetic:additive,synthetic:additive,32x32,32x32,identity_residual,mean_8,ncc,20260808,additive,236,H1,True,0.7183270634619269,0.7183270634619269,0.5446677962359808,0.5454705636735045,0.01154926959476743,9,1.333525911510354,1.3168942767952678,0.27527614375699383
additive:hypothesis:237:H0,21,5,same_pipeline_different_source,synthetic:additive,synthetic:additive,32x32,32x32,identity_residual,mean_8,ncc,20260808,additive,237,H0,False,0.5182569219837047,0.5182569219837047,0.5342665137365876,0.5316054320839638,0.006382036430169213,9,0.9886339378679468,0.9748901924347702,-0.025430437470577827
additive:hypothesis:237:H1,5,5,same_pipeline_different_source,synthetic:additive,synthetic:additive,32x32,32x32,identity_residual,mean_8,ncc,20260808,additive,237,H1,True,0.6834621929168719,0.6834621929168719,0.5245139065367721,0.5227442303105327,0.008026673020760433,9,1.3379065517329798,1.3074504763273347,0.2680790396257106
additive:hypothesis:238:H0,20,7,same_pipeline_different_source,synthetic:additive,synthetic:additive,32x32,32x32,identity_residual,mean_8,ncc,20260808,additive,238,H0,False,0.5194952068455545,0.5194952068455545,0.5262846948183865,0.525783970937371,0.005895349849382114,9,0.9770837166975591,0.988039262435854,-0.01203284271631
additive:hypothesis:238:H1,7,7,same_pipeline_different_source,synthetic:additive,synthetic:additive,32x32,32x32,identity_residual,mean_8,ncc,20260808,additive,238,H1,True,0.7013246769787345,0.7013246769787345,0.54287839010164,0.5409234821582753,0.0050549844673689615,9,1.2644533095364319,1.2965321346014802,0.2596931113442475
additive:hypothesis:239:H0,37,6,same_pipeline_different_source,synthetic:additive,synthetic:additive,32x32,32x32,identity_residual,mean_8,ncc,20260808,additive,239,H0,False,0.5311912461846284,0.5311912461846284,0.5282591799069202,0.5353779745672672,0.003852077068012827,9,0.9850920670569584,0.9921798643546687,-0.00785087325916145
additive:hypothesis:239:H1,6,6,same_pipeline_different_source,synthetic:additive,synthetic:additive,32x32,32x32,identity_residual,mean_8,ncc,20260808,additive,239,H1,True,0.688583967860497,0.688583967860497,0.5026512387918465,0.5024791917888959,0.013624267123709344,9,1.2932087368448666,1.3703731002452901,0.3150830387087986
additive:hypothesis:240:H0,6,50,same_pipeline_different_source,synthetic:additive,synthetic:additive,32x32,32x32,identity_residual,mean_8,ncc,20260808,additive,240,H0,False,0.5616530822336717,0.5616530822336717,0.5434620251983898,0.5403749818969085,0.01373011077381514,9,1.0597721206185047,1.039376546008976,0.038621058404936126
additive:hypothesis:240:H1,50,50,same_pipeline_different_source,synthetic:additive,synthetic:additive,32x32,32x32,identity_residual,mean_8,ncc,20260808,additive,240,H1,True,0.7007091257507497,0.7007091257507497,0.525480110738102,0.5268852195965532,0.0044701330582539445,9,1.3380306020142865,1.3299084880143288,0.2851101338621567
additive:hypothesis:241:H0,25,43,same_pipeline_different_source,synthetic:additive,synthetic:additive,32x32,32x32,identity_residual,mean_8,ncc,20260808,additive,241,H0,False,0.5237453035559043,0.5237453035559043,0.5292527437997174,0.5228851943539478,0.005717255334436566,9,0.9624694367930663,1.0016449293482468,0.0016435779337511391
additive:hypothesis:241:H1,43,43,same_pipeline_different_source,synthetic:additive,synthetic:additive,32x32,32x32,identity_residual,mean_8,ncc,20260808,additive,241,H1,True,0.6787445566386647,0.6787445566386647,0.4904307008479854,0.493034937914261,0.009786953886423033,9,1.349870734959399,1.3766662450130436,0.31966481201886
additive:hypothesis:242:H0,12,53,same_pipeline_different_source,synthetic:additive,synthetic:additive,32x32,32x32,identity_residual,mean_8,ncc,20260808,additive,242,H0,False,0.5461249862862482,0.5461249862862482,0.5440838373172106,0.5420031487713559,0.009011506003260394,9,0.9922185633051499,1.0076048220831113,0.0075760511965689
additive:hypothesis:242:H1,53,53,same_pipeline_different_source,synthetic:additive,synthetic:additive,32x32,32x32,identity_residual,mean_8,ncc,20260808,additive,242,H1,True,0.6947315517229354,0.6947315517229354,0.5340624121209978,0.5320334004463015,0.005169481782724694,9,1.3058043933710797,1.3058043933710797,0.26681924427008114
additive:hypothesis:243:H0,48,10,same_pipeline_different_source,synthetic:additive,synthetic:additive,32x32,32x32,identity_residual,mean_8,ncc,20260808,additive,243,H0,False,0.493503457859977,0.493503457859977,0.5208436456610942,0.5227566951208074,0.004121034828361569,9,0.9440404349980251,0.9440404349980251,-0.05758628006962363
additive:hypothesis:243:H1,10,10,same_pipeline_different_source,synthetic:additive,synthetic:additive,32x32,32x32,identity_residual,mean_8,ncc,20260808,additive,243,H1,True,0.6975408835539613,0.6975408835539613,0.5322068316282276,0.5356858144655183,0.007747381893327021,9,1.3021455202242647,1.3021455202242647,0.26401330422624997
additive:hypothesis:244:H0,25,53,same_pipeline_different_source,synthetic:additive,synthetic:additive,32x32,32x32,identity_residual,mean_8,ncc,20260808,additive,244,H0,False,0.544396339399769,0.544396339399769,0.5399846332546389,0.5398836024328294,0.0061353536334860515,9,0.9672018096794809,1.0083587220404624,0.008323981380815582
additive:hypothesis:244:H1,53,53,same_pipeline_different_source,synthetic:additive,synthetic:additive,32x32,32x32,identity_residual,mean_8,ncc,20260808,additive,244,H1,True,0.725307102002176,0.725307102002176,0.5551891570526043,0.5500785022617389,0.0072925661647709195,9,1.2791847057931796,1.318551986707271,0.2765341547083712
additive:hypothesis:245:H0,23,43,same_pipeline_different_source,synthetic:additive,synthetic:additive,32x32,32x32,identity_residual,mean_8,ncc,20260808,additive,245,H0,False,0.547312563911399,0.547312563911399,0.5453950726251651,0.5430740967782446,0.0029951810149416724,9,1.0078045834966147,1.0078045834966147,0.007774285276061277
additive:hypothesis:245:H1,43,43,same_pipeline_different_source,synthetic:additive,synthetic:additive,32x32,32x32,identity_residual,mean_8,ncc,20260808,additive,245,H1,True,0.6800784135267944,0.6800784135267944,0.5110300037651783,0.514165630763938,0.011006281410628427,9,1.3226835339350596,1.3226835339350596,0.27966265314426775
additive:hypothesis:246:H0,31,40,same_pipeline_different_source,synthetic:additive,synthetic:additive,32x32,32x32,identity_residual,mean_8,ncc,20260808,additive,246,H0,False,0.5486369231466869,0.5486369231466869,0.553614626349111,0.5522975447970807,0.0025552345911926677,9,0.9950037736683007,0.9933720117265074,-0.006650050929154716
additive:hypothesis:246:H1,40,40,same_pipeline_different_source,synthetic:additive,synthetic:additive,32x32,32x32,identity_residual,mean_8,ncc,20260808,additive,246,H1,True,0.7175129079289659,0.7175129079289659,0.557132371642063,0.5538672537965769,0.011978738340886808,9,1.2500766349165446,1.2954600637799982,0.25886589366721485
additive:hypothesis:247:H0,50,6,same_pipeline_different_source,synthetic:additive,synthetic:additive,32x32,32x32,identity_residual,mean_8,ncc,20260808,additive,247,H0,False,0.534081909718626,0.534081909718626,0.5259418311699849,0.5265823124566388,0.0071304302141131926,9,0.9993107392412179,1.0142420227276525,0.014141557880146371
additive:hypothesis:247:H1,6,6,same_pipeline_different_source,synthetic:additive,synthetic:additive,32x32,32x32,identity_residual,mean_8,ncc,20260808,additive,247,H1,True,0.7056029862501771,0.7056029862501771,0.5356105821688392,0.5364908429492178,0.00418234620451674,9,1.309282749238931,1.3152190676197,0.27400324310071
additive:hypothesis:248:H0,58,7,same_pipeline_different_source,synthetic:additive,synthetic:additive,32x32,32x32,identity_residual,mean_8,ncc,20260808,additive,248,H0,False,0.5000850357641569,0.5000850357641569,0.5296076593612002,0.5274061346523651,0.009467729345336906,9,0.9557207009315092,0.9481972296241554,-0.053192750239379305
additive:hypothesis:248:H1,7,7,same_pipeline_different_source,synthetic:additive,synthetic:additive,32x32,32x32,identity_residual,mean_8,ncc,20260808,additive,248,H1,True,0.7047616876278552,0.7047616876278552,0.5274755827411469,0.5256643656098146,0.010944355728938704,9,1.3149942358116786,1.3407066062206305,0.293196793054598
additive:hypothesis:249:H0,61,3,same_pipeline_different_source,synthetic:additive,synthetic:additive,32x32,32x32,identity_residual,mean_8,ncc,20260808,additive,249,H0,False,0.5486920837420968,0.5486920837420968,0.5377548768246121,0.5394754426308128,0.009442466682784034,9,1.023266215131991,1.017084449787627,0.016940151758206956
additive:hypothesis:249:H1,3,3,same_pipeline_different_source,synthetic:additive,synthetic:additive,32x32,32x32,identity_residual,mean_8,ncc,20260808,additive,249,H1,True,0.7027950901439621,0.7027950901439621,0.5323081861959215,0.5340362243137334,0.005723576334917491,9,1.3160064020883477,1.3160064020883477,0.27460169770006715
additive:hypothesis:250:H0,49,48,same_pipeline_different_source,synthetic:additive,synthetic:additive,32x32,32x32,identity_residual,mean_8,ncc,20260808,additive,250,H0,False,0.5520012340161353,0.5520012340161353,0.5680677802193359,0.5685780657531917,0.003541821956490887,9,0.9708451086393965,0.9708451086393965,-0.029588340779224342
additive:hypothesis:250:H1,48,48,same_pipeline_different_source,synthetic:additive,synthetic:additive,32x32,32x32,identity_residual,mean_8,ncc,20260808,additive,250,H1,True,0.6968324674547404,0.6968324674547404,0.5360503702386524,0.5382723556070378,0.003228912395058847,9,1.294572274046818,1.294572274046818,0.25818035028230507
additive:hypothesis:251:H0,31,8,same_pipeline_different_source,synthetic:additive,synthetic:additive,32x32,32x32,identity_residual,mean_8,ncc,20260808,additive,251,H0,False,0.4804191714153625,0.4804191714153625,0.5187733262208566,0.5228659083673987,0.010679744725647033,9,0.9526813614702376,0.9188190771806634,-0.08466604523443932
additive:hypothesis:251:H1,8,8,same_pipeline_different_source,synthetic:additive,synthetic:additive,32x32,32x32,identity_residual,mean_8,ncc,20260808,additive,251,H1,True,0.7218954124884487,0.7218954124884487,0.5402466445655207,0.5388176458560596,0.005856156788866418,9,1.3017323178944418,1.3397768577929918,0.29250307606107273
additive:hypothesis:252:H0,14,5,same_pipeline_different_source,synthetic:additive,synthetic:additive,32x32,32x32,identity_residual,mean_8,ncc,20260808,additive,252,H0,False,0.5089338756884826,0.5089338756884826,0.5282480196025496,0.528231255493148,0.0022738740530875434,9,0.9311808467649897,0.9634679326450502,-0.0372160738351337
additive:hypothesis:252:H1,5,5,same_pipeline_different_source,synthetic:additive,synthetic:additive,32x32,32x32,identity_residual,mean_8,ncc,20260808,additive,252,H1,True,0.6725761990841322,0.6725761990841322,0.4982383586746349,0.49607687995014504,0.013384015262013604,9,1.398745097130298,1.3557902540262008,0.3043844976323501
additive:hypothesis:253:H0,23,19,same_pipeline_different_source,synthetic:additive,synthetic:additive,32x32,32x32,identity_residual,mean_8,ncc,20260808,additive,253,H0,False,0.5366720891205414,0.5366720891205414,0.5311199827858144,0.5346581339567694,0.020003748895586648,9,1.0612518077185733,1.003766809173682,0.0037597325133919
additive:hypothesis:253:H1,19,19,same_pipeline_different_source,synthetic:additive,synthetic:additive,32x32,32x32,identity_residual,mean_8,ncc,20260808,additive,253,H1,True,0.6870825356149934,0.6870825356149934,0.5129791453342988,0.514878518131344,0.005148941940698815,9,1.3451325370325071,1.3344556267537282,0.28852343846940165
additive:hypothesis:254:H0,38,57,same_pipeline_different_source,synthetic:additive,synthetic:additive,32x32,32x32,identity_residual,mean_8,ncc,20260808,additive,254,H0,False,0.5379513643516077,0.5379513643516077,0.5330517412273933,0.5413039813704567,0.01035993740233232,9,0.977880368320001,0.9938064061336462,-0.006212853735229951
additive:hypothesis:254:H1,57,57,same_pipeline_different_source,synthetic:additive,synthetic:additive,32x32,32x32,identity_residual,mean_8,ncc,20260808,additive,254,H1,True,0.7061229996478815,0.7061229996478815,0.5360505074050894,0.5366403020797085,0.010208941540873706,9,1.3469117364117311,1.3158217839982493,0.2744614012389402
additive:hypothesis:255:H0,19,53,same_pipeline_different_source,synthetic:additive,synthetic:additive,32x32,32x32,identity_residual,mean_8,ncc,20260808,additive,255,H0,False,0.5357307167097701,0.5357307167097701,0.5533860664281653,0.5537549268916298,0.009259550225794722,9,0.9495457958437372,0.9674509258400026,-0.03309057801062931
additive:hypothesis:255:H1,53,53,same_pipeline_different_source,synthetic:additive,synthetic:additive,32x32,32x32,identity_residual,mean_8,ncc,20260808,additive,255,H1,True,0.6985645057448627,0.6985645057448627,0.528134846120007,0.5287379364424987,0.009816574131422229,9,1.2864587065192752,1.3211923291243413,0.2785346085263781
additive:hypothesis:256:H0,7,17,same_pipeline_different_source,synthetic:additive,synthetic:additive,32x32,32x32,identity_residual,mean_8,ncc,20260808,additive,256,H0,False,0.5150686551050998,0.5150686551050998,0.5355920491728487,0.5353990188034828,0.008527572180775045,9,0.8942689205183734,0.9620276410968821,-0.038712095780271905
additive:hypothesis:256:H1,17,17,same_pipeline_different_source,synthetic:additive,synthetic:additive,32x32,32x32,identity_residual,mean_8,ncc,20260808,additive,256,H1,True,0.6755454953928443,0.6755454953928443,0.5061727276208957,0.5083273376424227,0.004339824652210278,9,1.3590936102063216,1.3289576329417274,0.2843949003228354
additive:hypothesis:257:H0,12,55,same_pipeline_different_source,synthetic:additive,synthetic:additive,32x32,32x32,identity_residual,mean_8,ncc,20260808,additive,257,H0,False,0.5116811255287886,0.5116811255287886,0.517154758988565,0.5154076360862241,0.007192488126590013,9,1.0107789183947198,0.9927697800798356,-0.00725648463656936
additive:hypothesis:257:H1,55,55,same_pipeline_different_source,synthetic:additive,synthetic:additive,32x32,32x32,identity_residual,mean_8,ncc,20260808,additive,257,H1,True,0.6815215714495645,0.6815215714495645,0.5338794754479201,0.5348834732367982,0.008592319850043051,9,1.2416177003675373,1.2741496149159355,0.24227898739443732
additive:hypothesis:258:H0,63,3,same_pipeline_different_source,synthetic:additive,synthetic:additive,32x32,32x32,identity_residual,mean_8,ncc,20260808,additive,258,H0,False,0.531991756641078,0.531991756641078,0.5331881413865917,0.5361979484149235,0.00375636457597317,9,0.9991551614082637,0.9921555243053809,-0.007875405452084094
additive:hypothesis:258:H1,3,3,same_pipeline_different_source,synthetic:additive,synthetic:additive,32x32,32x32,identity_residual,mean_8,ncc,20260808,additive,258,H1,True,0.6755764147183477,0.6755764147183477,0.5215353778267573,0.524015152597957,0.00813479708436804,9,1.317378041841026,1.2892306861146703,0.2540456731228704
additive:hypothesis:259:H0,7,45,same_pipeline_different_source,synthetic:additive,synthetic:additive,32x32,32x32,identity_residual,mean_8,ncc,20260808,additive,259,H0,False,0.5094754107308738,0.5094754107308738,0.526003625949215,0.5251544828147722,0.005781885114914398,9,0.9421788747489742,0.970143886043093,-0.03031088235852397
additive:hypothesis:259:H1,45,45,same_pipeline_different_source,synthetic:additive,synthetic:additive,32x32,32x32,identity_residual,mean_8,ncc,20260808,additive,259,H1,True,0.68323561808401,0.68323561808401,0.502502487742902,0.5009683003595614,0.008496462839732377,9,1.363830041928061,1.363830041928061,0.3102969489656725
additive:hypothesis:260:H0,43,5,same_pipeline_different_source,synthetic:additive,synthetic:additive,32x32,32x32,identity_residual,mean_8,ncc,20260808,additive,260,H0,False,0.5467636342002647,0.5467636342002647,0.5339474176710588,0.5373866506505875,0.019195959757622894,9,1.0074267534277883,1.0174492305276377,0.01729874080241789
additive:hypothesis:260:H1,5,5,same_pipeline_different_source,synthetic:additive,synthetic:additive,32x32,32x32,identity_residual,mean_8,ncc,20260808,additive,260,H1,True,0.6879681207423188,0.6879681207423188,0.5129800424614316,0.5123502403042877,0.010086300413740257,9,1.3720970253128761,1.3427691969730136,0.2947340464601344
additive:hypothesis:261:H0,44,11,same_pipeline_different_source,synthetic:additive,synthetic:additive,32x32,32x32,identity_residual,mean_8,ncc,20260808,additive,261,H0,False,0.5224976106490112,0.5224976106490112,0.5166814573753529,0.5128203802421499,0.010004105174194033,9,1.0188706041719555,1.0188706041719555,0.01869476302931694
additive:hypothesis:261:H1,11,11,same_pipeline_different_source,synthetic:additive,synthetic:additive,32x32,32x32,identity_residual,mean_8,ncc,20260808,additive,261,H1,True,0.6952986309613501,0.6952986309613501,0.516242088603197,0.5187231100542131,0.0049577249521740585,9,1.34228608296856,1.3404041915323237,0.2929712039518704
additive:hypothesis:262:H0,58,9,same_pipeline_different_source,synthetic:additive,synthetic:additive,32x32,32x32,identity_residual,mean_8,ncc,20260808,additive,262,H0,False,0.520891965326234,0.520891965326234,0.5273226090712337,0.5262845446240273,0.012303418755256645,9,0.9976825262290756,0.9897534910479926,-0.010299365800306437
additive:hypothesis:262:H1,9,9,same_pipeline_different_source,synthetic:additive,synthetic:additive,32x32,32x32,identity_residual,mean_8,ncc,20260808,additive,262,H1,True,0.7071856002693861,0.7071856002693861,0.5355872613631393,0.5371442634816,0.008096717434324274,9,1.3419685053654271,1.3165654896612535,0.27502644399707304
additive:hypothesis:263:H0,62,53,same_pipeline_different_source,synthetic:additive,synthetic:additive,32x32,32x32,identity_residual,mean_8,ncc,20260808,additive,263,H0,False,0.5437690254142427,0.5437690254142427,0.5236830347780153,0.5206573961128493,0.007082254666779031,9,1.0616316885047734,1.0443893229481447,0.04343233464632934
additive:hypothesis:263:H1,53,53,same_pipeline_different_source,synthetic:additive,synthetic:additive,32x32,32x32,identity_residual,mean_8,ncc,20260808,additive,263,H1,True,0.6800933542723413,0.6800933542723413,0.5203157012786571,0.5212360005661838,0.009835359063059435,9,1.2912295911179106,1.3047704946197143,0.2660271591165948
additive:hypothesis:264:H0,42,45,same_pipeline_different_source,synthetic:additive,synthetic:additive,32x32,32x32,identity_residual,mean_8,ncc,20260808,additive,264,H0,False,0.528638480716362,0.528638480716362,0.5315921884613608,0.5324230827851486,0.006624229369676771,9,0.9806903193768755,0.9928917393119226,-0.007133644735559663
additive:hypothesis:264:H1,45,45,same_pipeline_different_source,synthetic:additive,synthetic:additive,32x32,32x32,identity_residual,mean_8,ncc,20260808,additive,264,H1,True,0.6956178277431634,0.6956178277431634,0.5031049709866804,0.5076106325802949,0.008215290909157458,9,1.4100083468861166,1.3703767870408607,0.31508572906415544
additive:hypothesis:265:H0,8,59,same_pipeline_different_source,synthetic:additive,synthetic:additive,32x32,32x32,identity_residual,mean_8,ncc,20260808,additive,265,H0,False,0.5655766766144626,0.5655766766144626,0.5439444795145939,0.5424013435083676,0.004388770751072246,9,1.0673792155912851,1.0427272782109869,0.04183966360191971
additive:hypothesis:265:H1,59,59,same_pipeline_different_source,synthetic:additive,synthetic:additive,32x32,32x32,identity_residual,mean_8,ncc,20260808,additive,265,H1,True,0.7135086550893591,0.7135086550893591,0.5256646772267721,0.5274826109218677,0.007557930836300852,9,1.3427834887691354,1.3526676336161652,0.3020786675821025
additive:hypothesis:266:H0,4,21,same_pipeline_different_source,synthetic:additive,synthetic:additive,32x32,32x32,identity_residual,mean_8,ncc,20260808,additive,266,H0,False,0.51097983042155,0.51097983042155,0.5238544449833693,0.5236665564200316,0.0034485330998003105,9,0.9793480627230285,0.9757732743423364,-0.02452502043382676
additive:hypothesis:266:H1,21,21,same_pipeline_different_source,synthetic:additive,synthetic:additive,32x32,32x32,identity_residual,mean_8,ncc,20260808,additive,266,H1,True,0.7093202538896572,0.7093202538896572,0.5379149807684926,0.5357802287714735,0.006024958629332611,9,1.3532910452613345,1.3239015099831237,0.2805830665176058
additive:hypothesis:267:H0,41,8,same_pipeline_different_source,synthetic:additive,synthetic:additive,32x32,32x32,identity_residual,mean_8,ncc,20260808,additive,267,H0,False,0.524991982289923,0.524991982289923,0.5170450404219777,0.5164021134801806,0.008947831679457674,9,0.9809420642431163,1.016634069817904,0.01649723896300559
additive:hypothesis:267:H1,8,8,same_pipeline_different_source,synthetic:additive,synthetic:additive,32x32,32x32,identity_residual,mean_8,ncc,20260808,additive,267,H1,True,0.6842298625082046,0.6842298625082046,0.5497171442446478,0.547354155990116,0.005035069031254613,9,1.2294192512713944,1.2500679039706792,0.22319787301530286
additive:hypothesis:268:H0,13,16,same_pipeline_different_source,synthetic:additive,synthetic:additive,32x32,32x32,identity_residual,mean_8,ncc,20260808,additive,268,H0,False,0.5120483113983667,0.5120483113983667,0.533845776592736,0.5349016924537869,0.007551429021316336,9,0.9595163468818534,0.9572755491750577,-0.043663998800645754
additive:hypothesis:268:H1,16,16,same_pipeline_different_source,synthetic:additive,synthetic:additive,32x32,32x32,identity_residual,mean_8,ncc,20260808,additive,268,H1,True,0.6928105458544211,0.6928105458544211,0.5345170212093276,0.539375449429339,0.006188534945829605,9,1.379773071766979,1.28446807615626,0.2503446841303155
additive:hypothesis:269:H0,29,56,same_pipeline_different_source,synthetic:additive,synthetic:additive,32x32,32x32,identity_residual,mean_8,ncc,20260808,additive,269,H0,False,0.5654783306802154,0.5654783306802154,0.5548642643637204,0.5540564629669394,0.011719570662497625,9,1.0426698583558336,1.0206149886820424,0.0204053756872995
additive:hypothesis:269:H1,56,56,same_pipeline_different_source,synthetic:additive,synthetic:additive,32x32,32x32,identity_residual,mean_8,ncc,20260808,additive,269,H1,True,0.6973906968747199,0.6973906968747199,0.5399368770733459,0.5379021294971974,0.0035216628606710154,9,1.3247502569460339,1.2965010893833122,0.2596691662456021
additive:hypothesis:270:H0,59,41,same_pipeline_different_source,synthetic:additive,synthetic:additive,32x32,32x32,identity_residual,mean_8,ncc,20260808,additive,270,H0,False,0.5326240310384808,0.5326240310384808,0.545437476610082,0.545640295943278,0.010915969830475603,9,0.9470508596365357,0.9761449713271354,-0.024144167403617578
additive:hypothesis:270:H1,41,41,same_pipeline_different_source,synthetic:additive,synthetic:additive,32x32,32x32,identity_residual,mean_8,ncc,20260808,additive,270,H1,True,0.707951436068546,0.707951436068546,0.5499191528633908,0.5479478373470447,0.005128615465571196,9,1.2533351604350358,1.292005165119691,0.2561954031230777
additive:hypothesis:271:H0,42,43,same_pipeline_different_source,synthetic:additive,synthetic:additive,32x32,32x32,identity_residual,mean_8,ncc,20260808,additive,271,H0,False,0.5389315964870987,0.5389315964870987,0.5443876738363239,0.5463125765275574,0.0035991513849863432,9,0.9800329200704166,0.9864894561143488,-0.013602641752613498
additive:hypothesis:271:H1,43,43,same_pipeline_different_source,synthetic:additive,synthetic:additive,32x32,32x32,identity_residual,mean_8,ncc,20260808,additive,271,H1,True,0.6990499384456011,0.6990499384456011,0.5280205982681287,0.5216298914232299,0.011569807071180271,9,1.3709365031212302,1.34012630399361,0.2927638662325845
additive:hypothesis:272:H0,35,47,same_pipeline_different_source,synthetic:additive,synthetic:additive,32x32,32x32,identity_residual,mean_8,ncc,20260808,additive,272,H0,False,0.544021170351109,0.544021170351109,0.5441721648537536,0.5518737164208942,0.01592193851425394,9,0.9712005384588842,0.9857711178551646,-0.014331083319036653
additive:hypothesis:272:H1,47,47,same_pipeline_different_source,synthetic:additive,synthetic:additive,32x32,32x32,identity_residual,mean_8,ncc,20260808,additive,272,H1,True,0.6940672261690382,0.6940672261690382,0.5324666692843018,0.52786383243941,0.01603411387869702,9,1.272895491394904,1.3148603551062679,0.2737304661552255
additive:hypothesis:273:H0,6,62,same_pipeline_different_source,synthetic:additive,synthetic:additive,32x32,32x32,identity_residual,mean_8,ncc,20260808,additive,273,H0,False,0.5384256018108856,0.5384256018108856,0.5349580187308034,0.5400927055197801,0.013023797249317237,9,0.9965424445366424,0.9969133008243649,-0.0030914728573461225
additive:hypothesis:273:H1,62,62,same_pipeline_different_source,synthetic:additive,synthetic:additive,32x32,32x32,identity_residual,mean_8,ncc,20260808,additive,273,H1,True,0.6912466454599514,0.6912466454599514,0.4998487377848051,0.5014681169659029,0.01398238939431573,9,1.4408157713969816,1.3784458514377544,0.32095666992511485
additive:hypothesis:274:H0,38,19,same_pipeline_different_source,synthetic:additive,synthetic:additive,32x32,32x32,identity_residual,mean_8,ncc,20260808,additive,274,H0,False,0.5300278995169535,0.5300278995169535,0.5165111761128455,0.5186340479136508,0.005580158363635901,9,1.0526902709178554,1.0219689618318306,0.021731121292770994
additive:hypothesis:274:H1,19,19,same_pipeline_different_source,synthetic:additive,synthetic:additive,32x32,32x32,identity_residual,mean_8,ncc,20260808,additive,274,H1,True,0.710497440717549,0.710497440717549,0.5456242634675417,0.5427837760139888,0.006504037064346102,9,1.3104365934298237,1.308987984009378,0.2692543073664391
additive:hypothesis:275:H0,5,1,same_pipeline_different_source,synthetic:additive,synthetic:additive,32x32,32x32,identity_residual,mean_8,ncc,20260808,additive,275,H0,False,0.5523854426704631,0.5523854426704631,0.5246581252269036,0.5283291922570902,0.006608042603992725,9,1.0560374920176863,1.045532692052471,0.04452650869702757
additive:hypothesis:275:H1,1,1,same_pipeline_different_source,synthetic:additive,synthetic:additive,32x32,32x32,identity_residual,mean_8,ncc,20260808,additive,275,H1,True,0.6860801374469999,0.6860801374469999,0.5057531685618455,0.5037766678248548,0.011973919735913663,9,1.446510157157314,1.3618735865820717,0.3088613888691756
additive:hypothesis:276:H0,54,37,same_pipeline_different_source,synthetic:additive,synthetic:additive,32x32,32x32,identity_residual,mean_8,ncc,20260808,additive,276,H0,False,0.5226575053272479,0.5226575053272479,0.5379740235367714,0.5382883420359263,0.010763092350264514,9,0.9509197890614469,0.9709619631561048,-0.02946798431482922
additive:hypothesis:276:H1,37,37,same_pipeline_different_source,synthetic:additive,synthetic:additive,32x32,32x32,identity_residual,mean_8,ncc,20260808,additive,276,H1,True,0.6968150240297848,0.6968150240297848,0.5541555981632551,0.555088185555054,0.008759839516423229,9,1.229206711512581,1.2553231039010724,0.22739299275595887
additive:hypothesis:277:H0,3,17,same_pipeline_different_source,synthetic:additive,synthetic:additive,32x32,32x32,identity_residual,mean_8,ncc,20260808,additive,277,H0,False,0.507878273791766,0.507878273791766,0.5209151889400925,0.5197119078529617,0.006017332406729969,9,0.9772303965285634,0.9772303965285634,-0.02303283434290293
additive:hypothesis:277:H1,17,17,same_pipeline_different_source,synthetic:additive,synthetic:additive,32x32,32x32,identity_residual,mean_8,ncc,20260808,additive,277,H1,True,0.6707833202929137,0.6707833202929137,0.5174660948459269,0.5186461890112556,0.01624865688199162,9,1.3351644412941204,1.2933350991582364,0.2572242302946736
additive:hypothesis:278:H0,26,19,same_pipeline_different_source,synthetic:additive,synthetic:additive,32x32,32x32,identity_residual,mean_8,ncc,20260808,additive,278,H0,False,0.5045031449804502,0.5045031449804502,0.5099340840531835,0.5090686971762796,0.007983668502759445,9,1.0074364009562036,0.9910315597459564,-0.009008898796008413
additive:hypothesis:278:H1,19,19,same_pipeline_different_source,synthetic:additive,synthetic:additive,32x32,32x32,identity_residual,mean_8,ncc,20260808,additive,278,H1,True,0.6985423807626067,0.6985423807626067,0.5487733601269663,0.5413979562884867,0.0105366065573953,9,1.2324617386797716,1.2902567744278381,0.25484124850982975
additive:hypothesis:279:H0,49,6,same_pipeline_different_source,synthetic:additive,synthetic:additive,32x32,32x32,identity_residual,mean_8,ncc,20260808,additive,279,H0,False,0.5463006665897389,0.5463006665897389,0.5367298041031552,0.5372469538739542,0.009920122874386927,9,1.0359811685557627,1.0168520503476113,0.01671162993266173
additive:hypothesis:279:H1,6,6,same_pipeline_different_source,synthetic:additive,synthetic:additive,32x32,32x32,identity_residual,mean_8,ncc,20260808,additive,279,H1,True,0.711049708037891,0.711049708037891,0.5302624137747947,0.5310917539770513,0.004444832061651582,9,1.3748860082735677,1.3388453176183484,0.2918075392132492
additive:hypothesis:280:H0,40,12,same_pipeline_different_source,synthetic:additive,synthetic:additive,32x32,32x32,identity_residual,mean_8,ncc,20260808,additive,280,H0,False,0.5504349274496024,0.5504349274496024,0.5451102820907878,0.5430520191968471,0.01124708526411311,9,1.0248173489044845,1.0135952137028683,0.013503627936757301
additive:hypothesis:280:H1,12,12,same_pipeline_different_source,synthetic:additive,synthetic:additive,32x32,32x32,identity_residual,mean_8,ncc,20260808,additive,280,H1,True,0.6872028466859132,0.6872028466859132,0.5225328023820688,0.5244335059840317,0.007114718166549405,9,1.3265827372798704,1.310371741783481,0.27031086931110354
additive:hypothesis:281:H0,38,63,same_pipeline_different_source,synthetic:additive,synthetic:additive,32x32,32x32,identity_residual,mean_8,ncc,20260808,additive,281,H0,False,0.5082144528047355,0.5082144528047355,0.5204492849792547,0.5207863061676667,0.006904221253982601,9,0.9889709482479807,0.9758598618780047,-0.02443628701962286
additive:hypothesis:281:H1,63,63,same_pipeline_different_source,synthetic:additive,synthetic:additive,32x32,32x32,identity_residual,mean_8,ncc,20260808,additive,281,H1,True,0.7020130529298418,0.7020130529298418,0.5276346761408727,0.5260591453581731,0.007031319352793108,9,1.340776540809962,1.3344755226180292,0.2885383477069862
additive:hypothesis:282:H0,8,6,same_pipeline_different_source,synthetic:additive,synthetic:additive,32x32,32x32,identity_residual,mean_8,ncc,20260808,additive,282,H0,False,0.5244381688153821,0.5244381688153821,0.5253430627301328,0.527723695213129,0.011037890822738206,9,1.0094516020682551,0.9937741541121817,-0.006245307284145074
additive:hypothesis:282:H1,6,6,same_pipeline_different_source,synthetic:additive,synthetic:additive,32x32,32x32,identity_residual,mean_8,ncc,20260808,additive,282,H1,True,0.6842534029035088,0.6842534029035088,0.5058986964478908,0.509233018517757,0.006999721062494357,9,1.4686863361395224,1.3436941007776555,0.29542261260727637
additive:hypothesis:283:H0,51,40,same_pipeline_different_source,synthetic:additive,synthetic:additive,32x32,32x32,identity_residual,mean_8,ncc,20260808,additive,283,H0,False,0.5438245816656329,0.5438245816656329,0.5534988543908863,0.5546487858668822,0.007428659428720397,9,0.9804845796528127,0.9804845796528127,-0.01970836049356539
additive:hypothesis:283:H1,40,40,same_pipeline_different_source,synthetic:additive,synthetic:additive,32x32,32x32,identity_residual,mean_8,ncc,20260808,additive,283,H1,True,0.6896638633861288,0.6896638633861288,0.5125105677324971,0.5120919791804673,0.006831901102121285,9,1.3620415325508592,1.346757792398625,0.2977000686383401
additive:hypothesis:284:H0,57,30,same_pipeline_different_source,synthetic:additive,synthetic:additive,32x32,32x32,identity_residual,mean_8,ncc,20260808,additive,284,H0,False,0.5271533552346058,0.5271533552346058,0.527503228729278,0.5202452442395583,0.009005452956887261,9,0.9960371484195489,1.0132785663521924,0.01319117892649524
additive:hypothesis:284:H1,30,30,same_pipeline_different_source,synthetic:additive,synthetic:additive,32x32,32x32,identity_residual,mean_8,ncc,20260808,additive,284,H1,True,0.7116769384870457,0.7116769384870457,0.5421410671828274,0.5395281401423137,0.011680616807951627,9,1.3482623428664606,1.3190728815355648,0.27692912735314507
additive:hypothesis:285:H0,51,27,same_pipeline_different_source,synthetic:additive,synthetic:additive,32x32,32x32,identity_residual,mean_8,ncc,20260808,additive,285,H0,False,0.5371842793467427,0.5371842793467427,0.5487921369758086,0.5503695114377152,0.006429682037688567,9,1.0044953778141097,0.976042946026336,-0.02424869146094366
additive:hypothesis:285:H1,27,27,same_pipeline_different_source,synthetic:additive,synthetic:additive,32x32,32x32,identity_residual,mean_8,ncc,20260808,additive,285,H1,True,0.6939785938346196,0.6939785938346196,0.5356607428848672,0.532299791826112,0.008813715688826607,9,1.3161759201202143,1.303736361522613,0.2652342663175253
additive:hypothesis:286:H0,62,60,same_pipeline_different_source,synthetic:additive,synthetic:additive,32x32,32x32,identity_residual,mean_8,ncc,20260808,additive,286,H0,False,0.4984862178723407,0.4984862178723407,0.5185063654568113,0.5188440092019068,0.010750999304392717,9,0.9467895819349592,0.9607631755045593,-0.040027335861183566
additive:hypothesis:286:H1,60,60,same_pipeline_different_source,synthetic:additive,synthetic:additive,32x32,32x32,identity_residual,mean_8,ncc,20260808,additive,286,H1,True,0.6995327847744897,0.6995327847744897,0.5190976505445648,0.5134889170206502,0.004862124099864862,9,1.3080242529192305,1.3623133072341609,0.3091842159534011
additive:hypothesis:287:H0,6,54,same_pipeline_different_source,synthetic:additive,synthetic:additive,32x32,32x32,identity_residual,mean_8,ncc,20260808,additive,287,H0,False,0.5356816931013223,0.5356816931013223,0.5200110943235159,0.5232896584055826,0.005725229645595298,9,1.0602234083699398,1.0236810234956624,0.023404977598442733
additive:hypothesis:287:H1,54,54,same_pipeline_different_source,synthetic:additive,synthetic:additive,32x32,32x32,identity_residual,mean_8,ncc,20260808,additive,287,H1,True,0.6987164996001769,0.6987164996001769,0.5271272390048467,0.5285886594612456,0.011491938259479473,9,1.2937263485282289,1.3218529892645277,0.2790345319664716
additive:hypothesis:288:H0,7,59,same_pipeline_different_source,synthetic:additive,synthetic:additive,32x32,32x32,identity_residual,mean_8,ncc,20260808,additive,288,H0,False,0.5577478297433727,0.5577478297433727,0.5411034037651646,0.5433576488629003,0.006554945460478301,9,1.0193864767908711,1.0264838102685903,0.02613918557321615
additive:hypothesis:288:H1,59,59,same_pipeline_different_source,synthetic:additive,synthetic:additive,32x32,32x32,identity_residual,mean_8,ncc,20260808,additive,288,H1,True,0.7093892295200941,0.7093892295200941,0.5460312461189623,0.5398677460429288,0.007356578609172826,9,1.3244406428476851,1.314005577698812,0.27308016487746734
additive:hypothesis:289:H0,55,49,same_pipeline_different_source,synthetic:additive,synthetic:additive,32x32,32x32,identity_residual,mean_8,ncc,20260808,additive,289,H0,False,0.5280089227694797,0.5280089227694797,0.5123006999539779,0.5177825832429226,0.01378470833963441,9,1.0734448130246428,1.0197502578447282,0.019557752066421297
additive:hypothesis:289:H1,49,49,same_pipeline_different_source,synthetic:additive,synthetic:additive,32x32,32x32,identity_residual,mean_8,ncc,20260808,additive,289,H1,True,0.6975807326077939,0.6975807326077939,0.539813481780709,0.5333489028914589,0.007307674570482203,9,1.3069079489097128,1.3079256914675939,0.2684424406166202
additive:hypothesis:290:H0,19,32,same_pipeline_different_source,synthetic:additive,synthetic:additive,32x32,32x32,identity_residual,mean_8,ncc,20260808,additive,290,H0,False,0.5308265215690404,0.5308265215690404,0.5482283256018262,0.5526117354367177,0.007279948822757398,9,0.944792936079572,0.9605777212630838,-0.04022038254265847
additive:hypothesis:290:H1,32,32,same_pipeline_different_source,synthetic:additive,synthetic:additive,32x32,32x32,identity_residual,mean_8,ncc,20260808,additive,290,H1,True,0.7033030950508287,0.7033030950508287,0.5313928595688705,0.5296814107714336,0.006573175599053793,9,1.3504406279797454,1.327785119033214,0.28351223000500514
additive:hypothesis:291:H0,60,6,same_pipeline_different_source,synthetic:additive,synthetic:additive,32x32,32x32,identity_residual,mean_8,ncc,20260808,additive,291,H0,False,0.5351090159687613,0.5351090159687613,0.5523762525827034,0.5471143405277752,0.010388115033028611,9,0.9598325722717822,0.9780570098977246,-0.022187318317289817
additive:hypothesis:291:H1,6,6,same_pipeline_different_source,synthetic:additive,synthetic:additive,32x32,32x32,identity_residual,mean_8,ncc,20260808,additive,291,H1,True,0.7112738381715676,0.7112738381715676,0.532939747758379,0.5342261046159982,0.012775752280454689,9,1.3252775632360456,1.3314097383594374,0.2862383345331388
additive:hypothesis:292:H0,2,7,same_pipeline_different_source,synthetic:additive,synthetic:additive,32x32,32x32,identity_residual,mean_8,ncc,20260808,additive,292,H0,False,0.5689798287604271,0.5689798287604271,0.541659097920026,0.5433441848349055,0.00869480550740409,9,1.024050141252736,1.0471812244264855,0.0461020061427424
additive:hypothesis:292:H1,7,7,same_pipeline_different_source,synthetic:additive,synthetic:additive,32x32,32x32,identity_residual,mean_8,ncc,20260808,additive,292,H1,True,0.684181995463861,0.684181995463861,0.5317065313578081,0.5295340194082205,0.005031440479642768,9,1.2214507351127215,1.2920454029156936,0.2562265463185737
additive:hypothesis:293:H0,46,31,same_pipeline_different_source,synthetic:additive,synthetic:additive,32x32,32x32,identity_residual,mean_8,ncc,20260808,additive,293,H0,False,0.5319275707709434,0.5319275707709434,0.516287200840937,0.5203779299856048,0.0025553734885815915,9,1.0593126997546396,1.0221947168006493,0.021951998879136903
additive:hypothesis:293:H1,31,31,same_pipeline_different_source,synthetic:additive,synthetic:additive,32x32,32x32,identity_residual,mean_8,ncc,20260808,additive,293,H1,True,0.6965728625278323,0.6965728625278323,0.5199460407409526,0.517793405466035,0.008662970995706898,9,1.3262633548414986,1.3452717921366506,0.29659606857724047
additive:hypothesis:294:H0,60,45,same_pipeline_different_source,synthetic:additive,synthetic:additive,32x32,32x32,identity_residual,mean_8,ncc,20260808,additive,294,H0,False,0.4847957981589197,0.4847957981589197,0.520429126828081,0.5242893058659104,0.006464281938434069,9,0.9362154700094554,0.9246722996919351,-0.07831587484168068
additive:hypothesis:294:H1,45,45,same_pipeline_different_source,synthetic:additive,synthetic:additive,32x32,32x32,identity_residual,mean_8,ncc,20260808,additive,294,H1,True,0.6863214696331209,0.6863214696331209,0.5166267129769648,0.5162155921064167,0.004252639889468668,9,1.333981249207195,1.3295248731883273,0.284821640204629
additive:hypothesis:295:H0,20,56,same_pipeline_different_source,synthetic:additive,synthetic:additive,32x32,32x32,identity_residual,mean_8,ncc,20260808,additive,295,H0,False,0.5347721724373893,0.5347721724373893,0.5331741120227744,0.5341653282268192,0.009958909182453901,9,0.9820648102317078,1.0011360606510806,0.0011354158225093114
additive:hypothesis:295:H1,56,56,same_pipeline_different_source,synthetic:additive,synthetic:additive,32x32,32x32,identity_residual,mean_8,ncc,20260808,additive,295,H1,True,0.706126113802604,0.706126113802604,0.5477527784182037,0.552650841432006,0.014400453281689929,9,1.2777074797767778,1.2777074797767778,0.2450674406926892
additive:hypothesis:296:H0,30,54,same_pipeline_different_source,synthetic:additive,synthetic:additive,32x32,32x32,identity_residual,mean_8,ncc,20260808,additive,296,H0,False,0.5349869927180445,0.5349869927180445,0.5332181032983114,0.5349743378489182,0.004946252596142231,9,0.9908623641803526,1.0000236550956392,2.365481586164009e-05
additive:hypothesis:296:H1,54,54,same_pipeline_different_source,synthetic:additive,synthetic:additive,32x32,32x32,identity_residual,mean_8,ncc,20260808,additive,296,H1,True,0.6875447013090494,0.6875447013090494,0.5218260895789716,0.5207680405273185,0.00389383957985856,9,1.3202513361089834,1.3202513361089834,0.2778221246164997
additive:hypothesis:297:H0,32,31,same_pipeline_different_source,synthetic:additive,synthetic:additive,32x32,32x32,identity_residual,mean_8,ncc,20260808,additive,297,H0,False,0.4901787538954063,0.4901787538954063,0.501258369236952,0.5054770725324881,0.005879725805773561,9,0.9484628767693407,0.9697348911189271,-0.030732552964998106
additive:hypothesis:297:H1,31,31,same_pipeline_different_source,synthetic:additive,synthetic:additive,32x32,32x32,identity_residual,mean_8,ncc,20260808,additive,297,H1,True,0.6918283259383394,0.6918283259383394,0.524261302818659,0.524015321180518,0.005782682064611189,9,1.3202444622797804,1.3202444622797804,0.27781691814792125
additive:hypothesis:298:H0,3,37,same_pipeline_different_source,synthetic:additive,synthetic:additive,32x32,32x32,identity_residual,mean_8,ncc,20260808,additive,298,H0,False,0.5224823479413293,0.5224823479413293,0.5080131541032304,0.5030476488134976,0.00689537206075741,9,1.0416865936372974,1.038633913057085,0.037906304559239934
additive:hypothesis:298:H1,37,37,same_pipeline_different_source,synthetic:additive,synthetic:additive,32x32,32x32,identity_residual,mean_8,ncc,20260808,additive,298,H1,True,0.7074376226854507,0.7074376226854507,0.555292260743917,0.5601097508383143,0.012427045085101507,9,1.2490929405216709,1.2630339350933122,0.23351671164818427
additive:hypothesis:299:H0,51,6,same_pipeline_different_source,synthetic:additive,synthetic:additive,32x32,32x32,identity_residual,mean_8,ncc,20260808,additive,299,H0,False,0.5509959352243156,0.5509959352243156,0.5446430658669992,0.5428563888517717,0.01406610047425505,9,1.0400036689443797,1.0149939220384978,0.014882624336410633
additive:hypothesis:299:H1,6,6,same_pipeline_different_source,synthetic:additive,synthetic:additive,32x32,32x32,identity_residual,mean_8,ncc,20260808,additive,299,H1,True,0.7059474426694814,0.7059474426694814,0.5465722436439169,0.5461352188207858,0.0077632332170990415,9,1.2926239113341966,1.2926239113341966,0.2566741923094739
multiplicative:hypothesis:0:H0,35,27,same_pipeline_different_source,synthetic:multiplicative,synthetic:multiplicative,32x32,32x32,identity_residual,mean_8,ncc,20260808,multiplicative,0,H0,False,0.4848558833299722,0.4848558833299722,0.4907497307135302,0.49725943611219064,0.005410751358158494,9,1.0292685729282043,0.9750561741388051,-0.025260195142602915
multiplicative:hypothesis:0:H1,27,27,same_pipeline_different_source,synthetic:multiplicative,synthetic:multiplicative,32x32,32x32,identity_residual,mean_8,ncc,20260808,multiplicative,0,H1,True,0.7286339644542091,0.7286339644542091,0.47444744931748395,0.4691928954509881,0.008547302481922314,9,1.5251677953977238,1.552951827528945,0.4401575247085971
multiplicative:hypothesis:1:H0,36,55,same_pipeline_different_source,synthetic:multiplicative,synthetic:multiplicative,32x32,32x32,identity_residual,mean_8,ncc,20260808,multiplicative,1,H0,False,0.45238132248583285,0.45238132248583285,0.46270533016584725,0.4645584388423755,0.012247831220084437,9,0.9487738540572725,0.9737877620157184,-0.02656190255863522
multiplicative:hypothesis:1:H1,55,55,same_pipeline_different_source,synthetic:multiplicative,synthetic:multiplicative,32x32,32x32,identity_residual,mean_8,ncc,20260808,multiplicative,1,H1,True,0.7124765996131375,0.7124765996131375,0.4715335439686092,0.47610454416013015,0.017310218638346364,9,1.5729930052546384,1.496470908232935,0.403109608250584
multiplicative:hypothesis:2:H0,15,30,same_pipeline_different_source,synthetic:multiplicative,synthetic:multiplicative,32x32,32x32,identity_residual,mean_8,ncc,20260808,multiplicative,2,H0,False,0.45288658062999204,0.45288658062999204,0.4555353503373996,0.4571564450124169,0.019212956349180688,9,1.0735673476387366,0.990659949282113,-0.009383942506400289
multiplicative:hypothesis:2:H1,30,30,same_pipeline_different_source,synthetic:multiplicative,synthetic:multiplicative,32x32,32x32,identity_residual,mean_8,ncc,20260808,multiplicative,2,H1,True,0.716499496863126,0.716499496863126,0.4772744598616001,0.4757906189681162,0.0025537821502140123,9,1.4971352901198507,1.5059134591956724,0.4093996637130844
multiplicative:hypothesis:3:H0,26,40,same_pipeline_different_source,synthetic:multiplicative,synthetic:multiplicative,32x32,32x32,identity_residual,mean_8,ncc,20260808,multiplicative,3,H0,False,0.47463384683489934,0.47463384683489934,0.4788814641656383,0.4848410977437908,0.01910458548039673,9,0.9418353259784777,0.9789472242423529,-0.021277545726612668
multiplicative:hypothesis:3:H1,40,40,same_pipeline_different_source,synthetic:multiplicative,synthetic:multiplicative,32x32,32x32,identity_residual,mean_8,ncc,20260808,multiplicative,3,H1,True,0.7099734614344788,0.7099734614344788,0.486556552360732,0.4858332829711335,0.010671152400635597,9,1.4031863441031893,1.4613520446615078,0.3793620651804215
multiplicative:hypothesis:4:H0,28,47,same_pipeline_different_source,synthetic:multiplicative,synthetic:multiplicative,32x32,32x32,identity_residual,mean_8,ncc,20260808,multiplicative,4,H0,False,0.49020777431884394,0.49020777431884394,0.5117447123949154,0.5103342256951868,0.016857556989412603,9,0.9605622151856927,0.9605622151856927,-0.04023652512248521
multiplicative:hypothesis:4:H1,47,47,same_pipeline_different_source,synthetic:multiplicative,synthetic:multiplicative,32x32,32x32,identity_residual,mean_8,ncc,20260808,multiplicative,4,H1,True,0.7239782855141402,0.7239782855141402,0.4717341675939682,0.47426139247239474,0.010891840913625439,9,1.576838066630088,1.526538522859587,0.42300276894354044
multiplicative:hypothesis:5:H0,40,32,same_pipeline_different_source,synthetic:multiplicative,synthetic:multiplicative,32x32,32x32,identity_residual,mean_8,ncc,20260808,multiplicative,5,H0,False,0.446185821216047,0.446185821216047,0.46862358328945625,0.4660953454065715,0.012365928291409034,9,0.9838087182031559,0.9572844389313574,-0.04365471232609808
multiplicative:hypothesis:5:H1,32,32,same_pipeline_different_source,synthetic:multiplicative,synthetic:multiplicative,32x32,32x32,identity_residual,mean_8,ncc,20260808,multiplicative,5,H1,True,0.6912031084169947,0.6912031084169947,0.45405209851175155,0.4579257972326235,0.01275755862301503,9,1.4915623525732697,1.509421641222514,0.4117265583983603
multiplicative:hypothesis:6:H0,54,55,same_pipeline_different_source,synthetic:multiplicative,synthetic:multiplicative,32x32,32x32,identity_residual,mean_8,ncc,20260808,multiplicative,6,H0,False,0.5017305668868864,0.5017305668868864,0.47508236667312675,0.47564349621409846,0.012070240116007047,9,1.0083923263871994,1.054845847531668,0.05339464016830797
multiplicative:hypothesis:6:H1,55,55,same_pipeline_different_source,synthetic:multiplicative,synthetic:multiplicative,32x32,32x32,identity_residual,mean_8,ncc,20260808,multiplicative,6,H1,True,0.7341351009607566,0.7341351009607566,0.48177552047201455,0.49104173163900305,0.017591091333676034,9,1.6447905580100242,1.4950564354486828,0.40216395559415863
multiplicative:hypothesis:7:H0,29,18,same_pipeline_different_source,synthetic:multiplicative,synthetic:multiplicative,32x32,32x32,identity_residual,mean_8,ncc,20260808,multiplicative,7,H0,False,0.4585707908604277,0.4585707908604277,0.4634591147490602,0.46289788217281314,0.010580201813866985,9,0.9508285585377595,0.9906521686984733,-0.009391796477078884
multiplicative:hypothesis:7:H1,18,18,same_pipeline_different_source,synthetic:multiplicative,synthetic:multiplicative,32x32,32x32,identity_residual,mean_8,ncc,20260808,multiplicative,7,H1,True,0.7143461620955206,0.7143461620955206,0.48454421900624634,0.47958116697629355,0.009261329794390538,9,1.489520880478678,1.489520880478678,0.3984545115211988
multiplicative:hypothesis:8:H0,18,47,same_pipeline_different_source,synthetic:multiplicative,synthetic:multiplicative,32x32,32x32,identity_residual,mean_8,ncc,20260808,multiplicative,8,H0,False,0.5025959419490605,0.5025959419490605,0.465167831056707,0.4670691707544924,0.012459865875720233,9,1.0821762662568528,1.0760631902490567,0.07330918701249478
multiplicative:hypothesis:8:H1,47,47,same_pipeline_different_source,synthetic:multiplicative,synthetic:multiplicative,32x32,32x32,identity_residual,mean_8,ncc,20260808,multiplicative,8,H1,True,0.7282322923497332,0.7282322923497332,0.4893299650661751,0.48553365117119146,0.017316667415619713,9,1.5337982728362627,1.499859568112551,0.40537148246712146
multiplicative:hypothesis:9:H0,6,59,same_pipeline_different_source,synthetic:multiplicative,synthetic:multiplicative,32x32,32x32,identity_residual,mean_8,ncc,20260808,multiplicative,9,H0,False,0.4429587810221788,0.4429587810221788,0.4561570599730607,0.4540513803177913,0.017776743031769127,9,0.913657704336189,0.975569726739188,-0.024733643524461058
multiplicative:hypothesis:9:H1,59,59,same_pipeline_different_source,synthetic:multiplicative,synthetic:multiplicative,32x32,32x32,identity_residual,mean_8,ncc,20260808,multiplicative,9,H1,True,0.723624451443291,0.723624451443291,0.4835800485977289,0.4848945035264439,0.006063574539795891,9,1.4457227894037288,1.4923337884440009,0.4003411955564982
multiplicative:hypothesis:10:H0,24,14,same_pipeline_different_source,synthetic:multiplicative,synthetic:multiplicative,32x32,32x32,identity_residual,mean_8,ncc,20260808,multiplicative,10,H0,False,0.46312756931048393,0.46312756931048393,0.4790925186385134,0.47812624623143185,0.01985043814661447,9,0.9686302999695859,0.9686302999695859,-0.031872267270627086
multiplicative:hypothesis:10:H1,14,14,same_pipeline_different_source,synthetic:multiplicative,synthetic:multiplicative,32x32,32x32,identity_residual,mean_8,ncc,20260808,multiplicative,10,H1,True,0.7446902542019184,0.7446902542019184,0.47109808838270806,0.4653101748745064,0.005129593360355178,9,1.6004168711822397,1.6004168711822397,0.4702641397988145
multiplicative:hypothesis:11:H0,3,41,same_pipeline_different_source,synthetic:multiplicative,synthetic:multiplicative,32x32,32x32,identity_residual,mean_8,ncc,20260808,multiplicative,11,H0,False,0.4326244846302526,0.4326244846302526,0.47542147393299,0.47292602967534236,0.01299650884038367,9,0.8984701069135563,0.9147825610851739,-0.089068880105317
multiplicative:hypothesis:11:H1,41,41,same_pipeline_different_source,synthetic:multiplicative,synthetic:multiplicative,32x32,32x32,identity_residual,mean_8,ncc,20260808,multiplicative,11,H1,True,0.7454139627104263,0.7454139627104263,0.4669718284813663,0.4657578787657582,0.012127701677010605,9,1.5484894858331706,1.600432320513282,0.47027379306900446
multiplicative:hypothesis:12:H0,50,48,same_pipeline_different_source,synthetic:multiplicative,synthetic:multiplicative,32x32,32x32,identity_residual,mean_8,ncc,20260808,multiplicative,12,H0,False,0.42875871140217925,0.42875871140217925,0.45233743053098663,0.4387506137487785,0.007829034982957839,9,0.979891320999635,0.9772264652549969,-0.02303685722377935
multiplicative:hypothesis:12:H1,48,48,same_pipeline_different_source,synthetic:multiplicative,synthetic:multiplicative,32x32,32x32,identity_residual,mean_8,ncc,20260808,multiplicative,12,H1,True,0.7222826925782901,0.7222826925782901,0.4449319985617225,0.44714747669619426,0.005099637521096323,9,1.6025488242880093,1.6153120172229691,0.47952813753286255
multiplicative:hypothesis:13:H0,34,40,same_pipeline_different_source,synthetic:multiplicative,synthetic:multiplicative,32x32,32x32,identity_residual,mean_8,ncc,20260808,multiplicative,13,H0,False,0.49560488365821254,0.49560488365821254,0.4899714628892285,0.49041292295918404,0.01956227684681422,9,0.9718215392567082,1.010586916567573,0.010531267589189763
multiplicative:hypothesis:13:H1,40,40,same_pipeline_different_source,synthetic:multiplicative,synthetic:multiplicative,32x32,32x32,identity_residual,mean_8,ncc,20260808,multiplicative,13,H1,True,0.7101632932044456,0.7101632932044456,0.47799028668297644,0.47681502464417025,0.01453558339493205,9,1.4893895043144136,1.4893895043144136,0.3983663073476055
multiplicative:hypothesis:14:H0,40,7,same_pipeline_different_source,synthetic:multiplicative,synthetic:multiplicative,32x32,32x32,identity_residual,mean_8,ncc,20260808,multiplicative,14,H0,False,0.4648001892648839,0.4648001892648839,0.4629019246976422,0.472282737534905,0.015793367512991652,9,0.9523108885227467,0.9841566339920097,-0.015970213711627768
multiplicative:hypothesis:14:H1,7,7,same_pipeline_different_source,synthetic:multiplicative,synthetic:multiplicative,32x32,32x32,identity_residual,mean_8,ncc,20260808,multiplicative,14,H1,True,0.7307821248964333,0.7307821248964333,0.49800603915580743,0.49114985502816183,0.01491435647871403,9,1.3911279984482068,1.487900520411497,0.39736607961386833
multiplicative:hypothesis:15:H0,40,62,same_pipeline_different_source,synthetic:multiplicative,synthetic:multiplicative,32x32,32x32,identity_residual,mean_8,ncc,20260808,multiplicative,15,H0,False,0.4513475051369304,0.4513475051369304,0.45409215398993624,0.4582689292411274,0.02040738741226006,9,0.9679725043837594,0.9848965887439531,-0.015218629368217051
multiplicative:hypothesis:15:H1,62,62,same_pipeline_different_source,synthetic:multiplicative,synthetic:multiplicative,32x32,32x32,identity_residual,mean_8,ncc,20260808,multiplicative,15,H1,True,0.7091510130372733,0.7091510130372733,0.46062057029159903,0.46356095338094344,0.010051574733141,9,1.691024184396326,1.5297902203909521,0.42513061514820455
multiplicative:hypothesis:16:H0,19,48,same_pipeline_different_source,synthetic:multiplicative,synthetic:multiplicative,32x32,32x32,identity_residual,mean_8,ncc,20260808,multiplicative,16,H0,False,0.4892968036014135,0.4892968036014135,0.494917191038214,0.4905475045228801,0.014370250691318198,9,0.9873767849954095,0.9974503979534396,-0.0025528578169816685
multiplicative:hypothesis:16:H1,48,48,same_pipeline_different_source,synthetic:multiplicative,synthetic:multiplicative,32x32,32x32,identity_residual,mean_8,ncc,20260808,multiplicative,16,H1,True,0.7050703414858607,0.7050703414858607,0.4621543240561985,0.46542541017798755,0.011756162582608864,9,1.5092178340798807,1.5148943870860603,0.4153457250370237
multiplicative:hypothesis:17:H0,35,39,same_pipeline_different_source,synthetic:multiplicative,synthetic:multiplicative,32x32,32x32,identity_residual,mean_8,ncc,20260808,multiplicative,17,H0,False,0.44792093280549217,0.44792093280549217,0.4871377115741715,0.492861036431279,0.011494916962852542,9,0.9805231997291786,0.9088179013882082,-0.09561053337891512
multiplicative:hypothesis:17:H1,39,39,same_pipeline_different_source,synthetic:multiplicative,synthetic:multiplicative,32x32,32x32,identity_residual,mean_8,ncc,20260808,multiplicative,17,H1,True,0.7361714772023257,0.7361714772023257,0.49479288693236967,0.49360581085726,0.007799426796451847,9,1.5090375316026032,1.4914157431084423,0.39972583199811623
multiplicative:hypothesis:18:H0,32,56,same_pipeline_different_source,synthetic:multiplicative,synthetic:multiplicative,32x32,32x32,identity_residual,mean_8,ncc,20260808,multiplicative,18,H0,False,0.4402309146596042,0.4402309146596042,0.4313017858088687,0.4314855478899333,0.01330307393962643,9,1.0902264924226617,1.0202680409863965,0.02006537805495634
multiplicative:hypothesis:18:H1,56,56,same_pipeline_different_source,synthetic:multiplicative,synthetic:multiplicative,32x32,32x32,identity_residual,mean_8,ncc,20260808,multiplicative,18,H1,True,0.7396352224340581,0.7396352224340581,0.45598519591705855,0.4567317527682799,0.01337846244537938,9,1.5973808229744033,1.6194083681528217,0.48206087769682565
multiplicative:hypothesis:19:H0,18,63,same_pipeline_different_source,synthetic:multiplicative,synthetic:multiplicative,32x32,32x32,identity_residual,mean_8,ncc,20260808,multiplicative,19,H0,False,0.4786538371685695,0.4786538371685695,0.4727801913521758,0.4741898408359459,0.013804264729605664,9,0.9841779112820243,1.0094139434213818,0.00936990840240659
multiplicative:hypothesis:19:H1,63,63,same_pipeline_different_source,synthetic:multiplicative,synthetic:multiplicative,32x32,32x32,identity_residual,mean_8,ncc,20260808,multiplicative,19,H1,True,0.721511226819783,0.721511226819783,0.4661027197933865,0.46366421382263306,0.008141912635689863,9,1.5801764049420526,1.556107211448035,0.44218732534146027
multiplicative:hypothesis:20:H0,50,27,same_pipeline_different_source,synthetic:multiplicative,synthetic:multiplicative,32x32,32x32,identity_residual,mean_8,ncc,20260808,multiplicative,20,H0,False,0.48398456755039027,0.48398456755039027,0.4626979318364065,0.46298249313035483,0.006314044608896507,9,1.1077907809741259,1.0453625671200535,0.04436377942395975
multiplicative:hypothesis:20:H1,27,27,same_pipeline_different_source,synthetic:multiplicative,synthetic:multiplicative,32x32,32x32,identity_residual,mean_8,ncc,20260808,multiplicative,20,H1,True,0.726210434484809,0.726210434484809,0.49752422251098566,0.4980360465353179,0.0170857136487636,9,1.5154053183640759,1.458148339938102,0.3771673704811217
multiplicative:hypothesis:21:H0,48,43,same_pipeline_different_source,synthetic:multiplicative,synthetic:multiplicative,32x32,32x32,identity_residual,mean_8,ncc,20260808,multiplicative,21,H0,False,0.4630587216036923,0.4630587216036923,0.4574072104330701,0.4572202711525911,0.004936628768384854,9,0.9733262782550847,1.0127694479432927,0.012688606020005988
multiplicative:hypothesis:21:H1,43,43,same_pipeline_different_source,synthetic:multiplicative,synthetic:multiplicative,32x32,32x32,identity_residual,mean_8,ncc,20260808,multiplicative,21,H1,True,0.7197068728826667,0.7197068728826667,0.4698197424764509,0.4715951108773704,0.01193543053923718,9,1.485283117624084,1.5261118198271848,0.42272320660440554
multiplicative:hypothesis:22:H0,10,59,same_pipeline_different_source,synthetic:multiplicative,synthetic:multiplicative,32x32,32x32,identity_residual,mean_8,ncc,20260808,multiplicative,22,H0,False,0.4677888821656621,0.4677888821656621,0.4713784878104819,0.4715062217926408,0.011881243290898846,9,1.0213004400787706,0.9921160327156542,-0.007915210074180501
multiplicative:hypothesis:22:H1,59,59,same_pipeline_different_source,synthetic:multiplicative,synthetic:multiplicative,32x32,32x32,identity_residual,mean_8,ncc,20260808,multiplicative,22,H1,True,0.7298985954258149,0.7298985954258149,0.46966679565842945,0.474520622959102,0.006976759577832559,9,1.559548409644944,1.538180976991433,0.43060053450637525
multiplicative:hypothesis:23:H0,2,58,same_pipeline_different_source,synthetic:multiplicative,synthetic:multiplicative,32x32,32x32,identity_residual,mean_8,ncc,20260808,multiplicative,23,H0,False,0.49077492007721973,0.49077492007721973,0.4865152920701864,0.4890839306614487,0.009424108973863476,9,1.0156905537027088,1.0034574626352661,0.003451499352594034
multiplicative:hypothesis:23:H1,58,58,same_pipeline_different_source,synthetic:multiplicative,synthetic:multiplicative,32x32,32x32,identity_residual,mean_8,ncc,20260808,multiplicative,23,H1,True,0.7300377597865868,0.7300377597865868,0.47023338824331873,0.4687066834944227,0.014653692028254839,9,1.4440681566259752,1.5575578191969046,0.4431190940703012
multiplicative:hypothesis:24:H0,18,24,same_pipeline_different_source,synthetic:multiplicative,synthetic:multiplicative,32x32,32x32,identity_residual,mean_8,ncc,20260808,multiplicative,24,H0,False,0.4912100515159047,0.4912100515159047,0.47190952878867887,0.47853068954444833,0.015746676978231844,9,1.0614239865203228,1.026496444739055,0.026151493992095376
multiplicative:hypothesis:24:H1,24,24,same_pipeline_different_source,synthetic:multiplicative,synthetic:multiplicative,32x32,32x32,identity_residual,mean_8,ncc,20260808,multiplicative,24,H1,True,0.7218119010559059,0.7218119010559059,0.47890039703851833,0.4760743066003753,0.017318843186422017,9,1.560286591507171,1.5161748723856396,0.4161906317456069
multiplicative:hypothesis:25:H0,50,26,same_pipeline_different_source,synthetic:multiplicative,synthetic:multiplicative,32x32,32x32,identity_residual,mean_8,ncc,20260808,multiplicative,25,H0,False,0.4773803421007854,0.4773803421007854,0.47698405018626455,0.4754872271386377,0.0158383765873803,9,0.9716170671353633,1.003981421275057,0.003973516392204779
multiplicative:hypothesis:25:H1,26,26,same_pipeline_different_source,synthetic:multiplicative,synthetic:multiplicative,32x32,32x32,identity_residual,mean_8,ncc,20260808,multiplicative,25,H1,True,0.7285658791088269,0.7285658791088269,0.46070311446938944,0.46602887537177473,0.00817358100833615,9,1.5449688055613848,1.5633492206413457,0.4468304561955917
multiplicative:hypothesis:26:H0,3,32,same_pipeline_different_source,synthetic:multiplicative,synthetic:multiplicative,32x32,32x32,identity_residual,mean_8,ncc,20260808,multiplicative,26,H0,False,0.4699414347421001,0.4699414347421001,0.44789517956963704,0.44034789447429634,0.009126253672941231,9,1.0215490677336927,1.0672049092073748,0.0650429962505148
multiplicative:hypothesis:26:H1,32,32,same_pipeline_different_source,synthetic:multiplicative,synthetic:multiplicative,32x32,32x32,identity_residual,mean_8,ncc,20260808,multiplicative,26,H1,True,0.708393490223912,0.708393490223912,0.4549520986165205,0.45802164159318587,0.014812192995529105,9,1.6056377012629137,1.5466375950268,0.43608328107452193
multiplicative:hypothesis:27:H0,0,15,same_pipeline_different_source,synthetic:multiplicative,synthetic:multiplicative,32x32,32x32,identity_residual,mean_8,ncc,20260808,multiplicative,27,H0,False,0.5330766063692544,0.5330766063692544,0.4927487491803608,0.49323458982741625,0.007112742512584924,9,1.0690428985676974,1.0807770123254716,0.0776802383087486
multiplicative:hypothesis:27:H1,15,15,same_pipeline_different_source,synthetic:multiplicative,synthetic:multiplicative,32x32,32x32,identity_residual,mean_8,ncc,20260808,multiplicative,27,H1,True,0.746133243846316,0.746133243846316,0.49048969992010477,0.4886444522382246,0.01163708839372296,9,1.5641964891962254,1.5269450833395732,0.4232690618304998
multiplicative:hypothesis:28:H0,28,39,same_pipeline_different_source,synthetic:multiplicative,synthetic:multiplicative,32x32,32x32,identity_residual,mean_8,ncc,20260808,multiplicative,28,H0,False,0.4844471387103179,0.4844471387103179,0.4813333403832974,0.4773893781890057,0.01305328239465725,9,1.0147840753141306,1.0147840753141306,0.014675856182072011
multiplicative:hypothesis:28:H1,39,39,same_pipeline_different_source,synthetic:multiplicative,synthetic:multiplicative,32x32,32x32,identity_residual,mean_8,ncc,20260808,multiplicative,28,H1,True,0.7315118397604291,0.7315118397604291,0.48309373574441605,0.48352947841869814,0.008528465302508559,9,1.4943122283531691,1.5128588274549788,0.4140011240781421
multiplicative:hypothesis:29:H0,61,47,same_pipeline_different_source,synthetic:multiplicative,synthetic:multiplicative,32x32,32x32,identity_residual,mean_8,ncc,20260808,multiplicative,29,H0,False,0.4380312105800245,0.4380312105800245,0.4753801862037847,0.47881511164567336,0.005375404841998888,9,0.9139737638793638,0.9148232792288534,-0.08902436981486073
multiplicative:hypothesis:29:H1,47,47,same_pipeline_different_source,synthetic:multiplicative,synthetic:multiplicative,32x32,32x32,identity_residual,mean_8,ncc,20260808,multiplicative,29,H1,True,0.7275591329828038,0.7275591329828038,0.4706405356570433,0.4734154930477514,0.01869148668004933,9,1.5977518070420516,1.536830001694554,0.42972185446707484
multiplicative:hypothesis:30:H0,25,40,same_pipeline_different_source,synthetic:multiplicative,synthetic:multiplicative,32x32,32x32,identity_residual,mean_8,ncc,20260808,multiplicative,30,H0,False,0.4992146142303549,0.4992146142303549,0.4823040451667816,0.48187027062476234,0.01044601279103724,9,1.0444994394370932,1.0359938030273272,0.03536116218554719
multiplicative:hypothesis:30:H1,40,40,same_pipeline_different_source,synthetic:multiplicative,synthetic:multiplicative,32x32,32x32,identity_residual,mean_8,ncc,20260808,multiplicative,30,H1,True,0.6913279176316189,0.6913279176316189,0.4825568557020593,0.478739330074774,0.00975520993035578,9,1.4521228659001835,1.4440591658171074,0.36745801318879484
multiplicative:hypothesis:31:H0,13,60,same_pipeline_different_source,synthetic:multiplicative,synthetic:multiplicative,32x32,32x32,identity_residual,mean_8,ncc,20260808,multiplicative,31,H0,False,0.45653562199286557,0.45653562199286557,0.45024049600443533,0.4555911464375644,0.01227682608642805,9,0.9984914889507605,1.0020730770619368,0.00207093120286006
multiplicative:hypothesis:31:H1,60,60,same_pipeline_different_source,synthetic:multiplicative,synthetic:multiplicative,32x32,32x32,identity_residual,mean_8,ncc,20260808,multiplicative,31,H1,True,0.7328434572467623,0.7328434572467623,0.49058572481560225,0.48599304625264866,0.010153750546672391,9,1.5171665752635726,1.5079299238898694,0.41073779893696827
multiplicative:hypothesis:32:H0,59,28,same_pipeline_different_source,synthetic:multiplicative,synthetic:multiplicative,32x32,32x32,identity_residual,mean_8,ncc,20260808,multiplicative,32,H0,False,0.43168627425052053,0.43168627425052053,0.4281401770248767,0.42971504477079386,0.020072230396588397,9,1.0656006752356064,1.0045872945425454,0.004576804973862925
multiplicative:hypothesis:32:H1,28,28,same_pipeline_different_source,synthetic:multiplicative,synthetic:multiplicative,32x32,32x32,identity_residual,mean_8,ncc,20260808,multiplicative,32,H1,True,0.7140069519228103,0.7140069519228103,0.48469390852222244,0.4792578590833863,0.023831357148803745,9,1.5770889102614383,1.4898179307657005,0.39865391837407893
multiplicative:hypothesis:33:H0,5,60,same_pipeline_different_source,synthetic:multiplicative,synthetic:multiplicative,32x32,32x32,identity_residual,mean_8,ncc,20260808,multiplicative,33,H0,False,0.4824155100874235,0.4824155100874235,0.4943099497683721,0.4945771653918614,0.009069921505482637,9,0.9578443371116965,0.9754099943235308,-0.02489738937408692
multiplicative:hypothesis:33:H1,60,60,same_pipeline_different_source,synthetic:multiplicative,synthetic:multiplicative,32x32,32x32,identity_residual,mean_8,ncc,20260808,multiplicative,33,H1,True,0.75555548795276,0.75555548795276,0.5122561894240788,0.5101456531807104,0.0188236421960275,9,1.4496919443281073,1.4810583668447281,0.39275694493767194
multiplicative:hypothesis:34:H0,25,26,same_pipeline_different_source,synthetic:multiplicative,synthetic:multiplicative,32x32,32x32,identity_residual,mean_8,ncc,20260808,multiplicative,34,H0,False,0.46939428424997104,0.46939428424997104,0.47073399920350034,0.47230201665317145,0.00845318389559574,9,1.020034489632491,0.9938434893337843,-0.006175540121572953
multiplicative:hypothesis:34:H1,26,26,same_pipeline_different_source,synthetic:multiplicative,synthetic:multiplicative,32x32,32x32,identity_residual,mean_8,ncc,20260808,multiplicative,34,H1,True,0.7402395559710742,0.7402395559710742,0.48518095550095947,0.49720110292982134,0.008127461459877305,9,1.4855835712344552,1.4888131816464556,0.39797928017993245
multiplicative:hypothesis:35:H0,42,44,same_pipeline_different_source,synthetic:multiplicative,synthetic:multiplicative,32x32,32x32,identity_residual,mean_8,ncc,20260808,multiplicative,35,H0,False,0.513890344660362,0.513890344660362,0.49589383614957444,0.4954824470713181,0.01714588841475856,9,1.0593268038701324,1.0371514625752107,0.036477976995795136
multiplicative:hypothesis:35:H1,44,44,same_pipeline_different_source,synthetic:multiplicative,synthetic:multiplicative,32x32,32x32,identity_residual,mean_8,ncc,20260808,multiplicative,35,H1,True,0.7216658842154666,0.7216658842154666,0.47652228441675537,0.47927002234222926,0.005826982900591304,9,1.4853829561805976,1.5057605328383157,0.4092981079949738
multiplicative:hypothesis:36:H0,0,53,same_pipeline_different_source,synthetic:multiplicative,synthetic:multiplicative,32x32,32x32,identity_residual,mean_8,ncc,20260808,multiplicative,36,H0,False,0.4738282629997811,0.4738282629997811,0.4686586890004225,0.46848087238767033,0.006572018171829008,9,1.091659845580737,1.0114143200443961,0.011349668199459373
multiplicative:hypothesis:36:H1,53,53,same_pipeline_different_source,synthetic:multiplicative,synthetic:multiplicative,32x32,32x32,identity_residual,mean_8,ncc,20260808,multiplicative,36,H1,True,0.71375305449047,0.71375305449047,0.4632125758266942,0.4690103782634184,0.011688027654833344,9,1.5761654616686522,1.5218278476763099,0.41991214376246583
multiplicative:hypothesis:37:H0,28,59,same_pipeline_different_source,synthetic:multiplicative,synthetic:multiplicative,32x32,32x32,identity_residual,mean_8,ncc,20260808,multiplicative,37,H0,False,0.5053433772981462,0.5053433772981462,0.4922312744109323,0.49351619426230925,0.011754507758712507,9,1.0489628609323822,1.023965136652741,0.02368247980017213
multiplicative:hypothesis:37:H1,59,59,same_pipeline_different_source,synthetic:multiplicative,synthetic:multiplicative,32x32,32x32,identity_residual,mean_8,ncc,20260808,multiplicative,37,H1,True,0.7420363295121274,0.7420363295121274,0.49366311800701496,0.49881163067740153,0.009467226535599338,9,1.4876083151958972,1.4876083151958972,0.3971696727250415
multiplicative:hypothesis:38:H0,13,49,same_pipeline_different_source,synthetic:multiplicative,synthetic:multiplicative,32x32,32x32,identity_residual,mean_8,ncc,20260808,multiplicative,38,H0,False,0.4528106559914869,0.4528106559914869,0.48105305630998696,0.4814607035361148,0.012873744708202628,9,0.9404934871440056,0.9404934871440056,-0.061350555151785446
multiplicative:hypothesis:38:H1,49,49,same_pipeline_different_source,synthetic:multiplicative,synthetic:multiplicative,32x32,32x32,identity_residual,mean_8,ncc,20260808,multiplicative,38,H1,True,0.7455031821581027,0.7455031821581027,0.48370953571070785,0.4770559313358876,0.02225806898910715,9,1.4420706531413892,1.562716514330907,0.4464256622003791
multiplicative:hypothesis:39:H0,37,29,same_pipeline_different_source,synthetic:multiplicative,synthetic:multiplicative,32x32,32x32,identity_residual,mean_8,ncc,20260808,multiplicative,39,H0,False,0.4329307698970098,0.4329307698970098,0.44487428323198874,0.4449934764851883,0.012474397844936036,9,0.9679777454038218,0.9728923967976866,-0.02748179201979417
multiplicative:hypothesis:39:H1,29,29,same_pipeline_different_source,synthetic:multiplicative,synthetic:multiplicative,32x32,32x32,identity_residual,mean_8,ncc,20260808,multiplicative,39,H1,True,0.7223293767699103,0.7223293767699103,0.4627887530650204,0.46878942903527393,0.01058684271480309,9,1.5081313978208775,1.5408397289512235,0.4323275463549705
multiplicative:hypothesis:40:H0,56,28,same_pipeline_different_source,synthetic:multiplicative,synthetic:multiplicative,32x32,32x32,identity_residual,mean_8,ncc,20260808,multiplicative,40,H0,False,0.5080513334479022,0.5080513334479022,0.4972410768295925,0.49665419597075033,0.009918338112366698,9,1.021573469162916,1.0229478328575785,0.022688491395120525
multiplicative:hypothesis:40:H1,28,28,same_pipeline_different_source,synthetic:multiplicative,synthetic:multiplicative,32x32,32x32,identity_residual,mean_8,ncc,20260808,multiplicative,40,H1,True,0.7472884465084967,0.7472884465084967,0.4934912414246525,0.4888344973569121,0.0021758701564589256,9,1.4928349550446798,1.5287146274434882,0.42442726952979476
multiplicative:hypothesis:41:H0,44,48,same_pipeline_different_source,synthetic:multiplicative,synthetic:multiplicative,32x32,32x32,identity_residual,mean_8,ncc,20260808,multiplicative,41,H0,False,0.4947429829173411,0.4947429829173411,0.5031307862403308,0.5035966931148101,0.009411599329088804,9,0.9616936692111303,0.9824190461960588,-0.01773733436263769
multiplicative:hypothesis:41:H1,48,48,same_pipeline_different_source,synthetic:multiplicative,synthetic:multiplicative,32x32,32x32,identity_residual,mean_8,ncc,20260808,multiplicative,41,H1,True,0.7051660414135938,0.7051660414135938,0.4579937200442685,0.4581528444831398,0.008583083453194917,9,1.5685353031709448,1.539150198246874,0.4312304447970112
multiplicative:hypothesis:42:H0,23,39,same_pipeline_different_source,synthetic:multiplicative,synthetic:multiplicative,32x32,32x32,identity_residual,mean_8,ncc,20260808,multiplicative,42,H0,False,0.4922304713236266,0.4922304713236266,0.48553683184466023,0.48174253160193004,0.011886440471514603,9,0.9696654086925,1.0217708403009822,0.0215372399275775
multiplicative:hypothesis:42:H1,39,39,same_pipeline_different_source,synthetic:multiplicative,synthetic:multiplicative,32x32,32x32,identity_residual,mean_8,ncc,20260808,multiplicative,42,H1,True,0.7312158033866133,0.7312158033866133,0.49853990284925737,0.4966663465379756,0.01160401040629011,9,1.4272885997186224,1.4722475329435347,0.3867901671362892
multiplicative:hypothesis:43:H0,37,32,same_pipeline_different_source,synthetic:multiplicative,synthetic:multiplicative,32x32,32x32,identity_residual,mean_8,ncc,20260808,multiplicative,43,H0,False,0.39821101415563903,0.39821101415563903,0.4426899786841204,0.44160619644123306,0.012384356483308323,9,0.8717210178726017,0.901733303030387,-0.1034364755546815
multiplicative:hypothesis:43:H1,32,32,same_pipeline_different_source,synthetic:multiplicative,synthetic:multiplicative,32x32,32x32,identity_residual,mean_8,ncc,20260808,multiplicative,43,H1,True,0.7250674291855062,0.7250674291855062,0.4761727453071027,0.4849526679905978,0.009032426089952195,9,1.4908220485774317,1.4951303024887446,0.402213361899885
multiplicative:hypothesis:44:H0,28,21,same_pipeline_different_source,synthetic:multiplicative,synthetic:multiplicative,32x32,32x32,identity_residual,mean_8,ncc,20260808,multiplicative,44,H0,False,0.48145619663222344,0.48145619663222344,0.49052332682140254,0.4824744466612228,0.021168093474544347,9,0.931749650258397,0.9978895254742592,-0.0021127047154942957
multiplicative:hypothesis:44:H1,21,21,same_pipeline_different_source,synthetic:multiplicative,synthetic:multiplicative,32x32,32x32,identity_residual,mean_8,ncc,20260808,multiplicative,44,H1,True,0.7127891064354068,0.7127891064354068,0.4582318866473296,0.4576529261275464,0.008866260081167199,9,1.5278880858643096,1.5574883623419788,0.44307449963998496
multiplicative:hypothesis:45:H0,34,7,same_pipeline_different_source,synthetic:multiplicative,synthetic:multiplicative,32x32,32x32,identity_residual,mean_8,ncc,20260808,multiplicative,45,H0,False,0.5050965367498637,0.5050965367498637,0.4804332594915064,0.4855311330197138,0.013336340833976223,9,1.040296908683208,1.040296908683208,0.03950616152748654
multiplicative:hypothesis:45:H1,7,7,same_pipeline_different_source,synthetic:multiplicative,synthetic:multiplicative,32x32,32x32,identity_residual,mean_8,ncc,20260808,multiplicative,45,H1,True,0.7270427090583607,0.7270427090583607,0.47573343322418016,0.47571679806562106,0.01388900065600196,9,1.4875632343528682,1.5283099356900811,0.42416250766909436
multiplicative:hypothesis:46:H0,47,24,same_pipeline_different_source,synthetic:multiplicative,synthetic:multiplicative,32x32,32x32,identity_residual,mean_8,ncc,20260808,multiplicative,46,H0,False,0.5082138089189828,0.5082138089189828,0.4851804335123183,0.47857521189154734,0.010394831638372515,9,1.069657706935207,1.0619309071823637,0.0600888615529922
multiplicative:hypothesis:46:H1,24,24,same_pipeline_different_source,synthetic:multiplicative,synthetic:multiplicative,32x32,32x32,identity_residual,mean_8,ncc,20260808,multiplicative,46,H1,True,0.721582092801,0.721582092801,0.48769618144051485,0.4906657068942058,0.00942231716621178,9,1.5971321906582088,1.4706185548781034,0.38568309791656114
multiplicative:hypothesis:47:H0,34,49,same_pipeline_different_source,synthetic:multiplicative,synthetic:multiplicative,32x32,32x32,identity_residual,mean_8,ncc,20260808,multiplicative,47,H0,False,0.47568772376504814,0.47568772376504814,0.47989540931668145,0.48157322163221805,0.011189124791911809,9,0.9836149957947001,0.9877786022918345,-0.012296693094611677
multiplicative:hypothesis:47:H1,49,49,same_pipeline_different_source,synthetic:multiplicative,synthetic:multiplicative,32x32,32x32,identity_residual,mean_8,ncc,20260808,multiplicative,47,H1,True,0.7262991487876733,0.7262991487876733,0.45852912048428135,0.4612193844161784,0.005162744547719644,9,1.5573048444227482,1.574736824444269,0.4540881627246325
multiplicative:hypothesis:48:H0,23,9,same_pipeline_different_source,synthetic:multiplicative,synthetic:multiplicative,32x32,32x32,identity_residual,mean_8,ncc,20260808,multiplicative,48,H0,False,0.4844269591867925,0.4844269591867925,0.46940772278601745,0.46874256352122007,0.012722771126626453,9,1.0111197040915305,1.033460574921446,0.03291295226300439
multiplicative:hypothesis:48:H1,9,9,same_pipeline_different_source,synthetic:multiplicative,synthetic:multiplicative,32x32,32x32,identity_residual,mean_8,ncc,20260808,multiplicative,48,H1,True,0.7428347513752243,0.7428347513752243,0.4672306301612963,0.47102505539347117,0.023879781953616064,9,1.5770599522666509,1.5770599522666509,0.45556232391437473
multiplicative:hypothesis:49:H0,8,32,same_pipeline_different_source,synthetic:multiplicative,synthetic:multiplicative,32x32,32x32,identity_residual,mean_8,ncc,20260808,multiplicative,49,H0,False,0.4905152516556814,0.4905152516556814,0.5096455485966519,0.5127249590063921,0.005947042045558182,9,1.0042636759420291,0.9566829994121002,-0.04428318648611196
multiplicative:hypothesis:49:H1,32,32,same_pipeline_different_source,synthetic:multiplicative,synthetic:multiplicative,32x32,32x32,identity_residual,mean_8,ncc,20260808,multiplicative,49,H1,True,0.7200437262750855,0.7200437262750855,0.4597239813598864,0.46336175998974116,0.007884935552592398,9,1.5256236393585096,1.5539558687169768,0.4408038530331865
multiplicative:hypothesis:50:H0,25,11,same_pipeline_different_source,synthetic:multiplicative,synthetic:multiplicative,32x32,32x32,identity_residual,mean_8,ncc,20260808,multiplicative,50,H0,False,0.4944207994095008,0.4944207994095008,0.48960990252255027,0.48900966855522554,0.01771313831498539,9,0.9988411951674693,1.0110654884805497,0.011004713885616302
multiplicative:hypothesis:50:H1,11,11,same_pipeline_different_source,synthetic:multiplicative,synthetic:multiplicative,32x32,32x32,identity_residual,mean_8,ncc,20260808,multiplicative,50,H1,True,0.7135201497406787,0.7135201497406787,0.47469181421244383,0.47775048903629835,0.009167829380752113,9,1.5699442917176325,1.4934995695765099,0.4011220704761351
multiplicative:hypothesis:51:H0,36,18,same_pipeline_different_source,synthetic:multiplicative,synthetic:multiplicative,32x32,32x32,identity_residual,mean_8,ncc,20260808,multiplicative,51,H0,False,0.4462767708336986,0.4462767708336986,0.4518132543252718,0.4523690629232985,0.009681023419299384,9,1.0084281984667889,0.9865324740594985,-0.013559035602576763
multiplicative:hypothesis:51:H1,18,18,same_pipeline_different_source,synthetic:multiplicative,synthetic:multiplicative,32x32,32x32,identity_residual,mean_8,ncc,20260808,multiplicative,51,H1,True,0.7373186721710518,0.7373186721710518,0.49081032665761726,0.48674439650265694,0.015152291950221553,9,1.4430696958907536,1.5147964259451463,0.41528105761912953
multiplicative:hypothesis:52:H0,59,51,same_pipeline_different_source,synthetic:multiplicative,synthetic:multiplicative,32x32,32x32,identity_residual,mean_8,ncc,20260808,multiplicative,52,H0,False,0.4623129835047263,0.4623129835047263,0.495226629982489,0.5015734791832972,0.007320565275990731,9,0.9108994522309426,0.9217253357524046,-0.08150800029216865
multiplicative:hypothesis:52:H1,51,51,same_pipeline_different_source,synthetic:multiplicative,synthetic:multiplicative,32x32,32x32,identity_residual,mean_8,ncc,20260808,multiplicative,52,H1,True,0.7212097331384562,0.7212097331384562,0.47596034609474874,0.4800944602719503,0.010416304922284236,9,1.5146146939667477,1.5022246512278556,0.40694711021891133
multiplicative:hypothesis:53:H0,39,34,same_pipeline_different_source,synthetic:multiplicative,synthetic:multiplicative,32x32,32x32,identity_residual,mean_8,ncc,20260808,multiplicative,53,H0,False,0.5067041451960461,0.5067041451960461,0.4790237858962531,0.4784060197127146,0.01690803633940441,9,1.1041797596246616,1.0591508557946756,0.05746750764939523
multiplicative:hypothesis:53:H1,34,34,same_pipeline_different_source,synthetic:multiplicative,synthetic:multiplicative,32x32,32x32,identity_residual,mean_8,ncc,20260808,multiplicative,53,H1,True,0.7334737360645324,0.7334737360645324,0.461949364376254,0.4601710221763549,0.011530478074225081,9,1.5471108617751346,1.5939155242666225,0.46619358289506385
multiplicative:hypothesis:54:H0,32,46,same_pipeline_different_source,synthetic:multiplicative,synthetic:multiplicative,32x32,32x32,identity_residual,mean_8,ncc,20260808,multiplicative,54,H0,False,0.43622629077434555,0.43622629077434555,0.4444446424263012,0.44701484823192567,0.012860104509823778,9,0.9273830984692581,0.9758653263974295,-0.024430687338420132
multiplicative:hypothesis:54:H1,46,46,same_pipeline_different_source,synthetic:multiplicative,synthetic:multiplicative,32x32,32x32,identity_residual,mean_8,ncc,20260808,multiplicative,54,H1,True,0.7384600551000118,0.7384600551000118,0.4943154066440425,0.49557877660578986,0.010879382047910502,9,1.5174401155722534,1.4900962066166583,0.3988406860720308
multiplicative:hypothesis:55:H0,29,39,same_pipeline_different_source,synthetic:multiplicative,synthetic:multiplicative,32x32,32x32,identity_residual,mean_8,ncc,20260808,multiplicative,55,H0,False,0.4795410118776041,0.4795410118776041,0.4759350287180848,0.4726978977027278,0.00742949829599604,9,0.9987786905600337,1.0144767180225114,0.014372930806507922
multiplicative:hypothesis:55:H1,39,39,same_pipeline_different_source,synthetic:multiplicative,synthetic:multiplicative,32x32,32x32,identity_residual,mean_8,ncc,20260808,multiplicative,55,H1,True,0.7338174595943768,0.7338174595943768,0.5026431026847362,0.508655243316291,0.0153209204535254,9,1.5129427287238464,1.4426617423819141,0.36648983954902126
multiplicative:hypothesis:56:H0,3,48,same_pipeline_different_source,synthetic:multiplicative,synthetic:multiplicative,32x32,32x32,identity_residual,mean_8,ncc,20260808,multiplicative,56,H0,False,0.48058527153740227,0.48058527153740227,0.47496082020956976,0.47785711668862674,0.008546031815956201,9,1.0443440803630686,1.0057091434939394,0.005692908098381078
multiplicative:hypothesis:56:H1,48,48,same_pipeline_different_source,synthetic:multiplicative,synthetic:multiplicative,32x32,32x32,identity_residual,mean_8,ncc,20260808,multiplicative,56,H1,True,0.7200980422972755,0.7200980422972755,0.4368408815200569,0.4363045331635767,0.014524466025047755,9,1.635419696691197,1.6504482249495689,0.5010469025064926
multiplicative:hypothesis:57:H0,35,7,same_pipeline_different_source,synthetic:multiplicative,synthetic:multiplicative,32x32,32x32,identity_residual,mean_8,ncc,20260808,multiplicative,57,H0,False,0.4499633720411765,0.4499633720411765,0.4666959023448961,0.4669449443191814,0.02033214960245855,9,0.9591442969837418,0.9636326027626994,-0.03704517448139011
multiplicative:hypothesis:57:H1,7,7,same_pipeline_different_source,synthetic:multiplicative,synthetic:multiplicative,32x32,32x32,identity_residual,mean_8,ncc,20260808,multiplicative,57,H1,True,0.714125889902087,0.714125889902087,0.4894405767150753,0.49118154474003806,0.021853601780608245,9,1.5215925252586513,1.4538939777960187,0.37424545884336885
multiplicative:hypothesis:58:H0,48,10,same_pipeline_different_source,synthetic:multiplicative,synthetic:multiplicative,32x32,32x32,identity_residual,mean_8,ncc,20260808,multiplicative,58,H0,False,0.4385096251749106,0.4385096251749106,0.44413603806503715,0.44209255765632033,0.011188146505549501,9,1.0081381571475598,0.9918955150468851,-0.008137504818307217
multiplicative:hypothesis:58:H1,10,10,same_pipeline_different_source,synthetic:multiplicative,synthetic:multiplicative,32x32,32x32,identity_residual,mean_8,ncc,20260808,multiplicative,58,H1,True,0.7214571140413885,0.7214571140413885,0.4789877250202976,0.4804928442220482,0.016831402098253512,9,1.5983833256502817,1.5014939820997302,0.40646060050762856
multiplicative:hypothesis:59:H0,19,57,same_pipeline_different_source,synthetic:multiplicative,synthetic:multiplicative,32x32,32x32,identity_residual,mean_8,ncc,20260808,multiplicative,59,H0,False,0.5146312868750362,0.5146312868750362,0.49914493942049926,0.4925167686539058,0.0034389759595048197,9,1.052248322378036,1.0449010462761936,0.043922188374484694
multiplicative:hypothesis:59:H1,57,57,same_pipeline_different_source,synthetic:multiplicative,synthetic:multiplicative,32x32,32x32,identity_residual,mean_8,ncc,20260808,multiplicative,59,H1,True,0.7408783822009201,0.7408783822009201,0.47736719740421485,0.4743852871768365,0.01133162376687269,9,1.6791065528850637,1.5617650931166907,0.44581665157835787
multiplicative:hypothesis:60:H0,52,25,same_pipeline_different_source,synthetic:multiplicative,synthetic:multiplicative,32x32,32x32,identity_residual,mean_8,ncc,20260808,multiplicative,60,H0,False,0.5033719823520741,0.5033719823520741,0.48693530924751194,0.4892839431584002,0.010157984851197122,9,1.0116984479790627,1.0287931770307719,0.028386442510692
multiplicative:hypothesis:60:H1,25,25,same_pipeline_different_source,synthetic:multiplicative,synthetic:multiplicative,32x32,32x32,identity_residual,mean_8,ncc,20260808,multiplicative,60,H1,True,0.6957662881743436,0.6957662881743436,0.46604670608658716,0.4571196737493038,0.008300953523575072,9,1.4268520539756824,1.5220659449365983,0.420068586317296
multiplicative:hypothesis:61:H0,13,54,same_pipeline_different_source,synthetic:multiplicative,synthetic:multiplicative,32x32,32x32,identity_residual,mean_8,ncc,20260808,multiplicative,61,H0,False,0.4673327868125253,0.4673327868125253,0.4654817266315633,0.466870058864414,0.005332124680395622,9,0.9896878987392014,1.0009911279151995,0.0009906370722259084
multiplicative:hypothesis:61:H1,54,54,same_pipeline_different_source,synthetic:multiplicative,synthetic:multiplicative,32x32,32x32,identity_residual,mean_8,ncc,20260808,multiplicative,61,H1,True,0.7365367887537275,0.7365367887537275,0.5018945203481628,0.5057825494818593,0.008305039210337428,9,1.4605291056594456,1.4562321090521226,0.37585235262696093
multiplicative:hypothesis:62:H0,51,33,same_pipeline_different_source,synthetic:multiplicative,synthetic:multiplicative,32x32,32x32,identity_residual,mean_8,ncc,20260808,multiplicative,62,H0,False,0.5091409524039476,0.5091409524039476,0.5081376677119338,0.5054310738713861,0.011847891268513266,9,1.0548444790843217,1.0073400285901408,0.007313221676042536
multiplicative:hypothesis:62:H1,33,33,same_pipeline_different_source,synthetic:multiplicative,synthetic:multiplicative,32x32,32x32,identity_residual,mean_8,ncc,20260808,multiplicative,62,H1,True,0.7329972295407479,0.7329972295407479,0.4959945826437387,0.4956792775648736,0.015546166989716781,9,1.554430925935154,1.4787731961314734,0.3912128224978098
multiplicative:hypothesis:63:H0,41,57,same_pipeline_different_source,synthetic:multiplicative,synthetic:multiplicative,32x32,32x32,identity_residual,mean_8,ncc,20260808,multiplicative,63,H0,False,0.45850565911582697,0.45850565911582697,0.44739067232027224,0.44591176575918856,0.0036000162726070317,9,1.0485409052891979,1.0282430164972136,0.02785153646634808
multiplicative:hypothesis:63:H1,57,57,same_pipeline_different_source,synthetic:multiplicative,synthetic:multiplicative,32x32,32x32,identity_residual,mean_8,ncc,20260808,multiplicative,63,H1,True,0.7212160571039535,0.7212160571039535,0.4757703955311019,0.4717547932471915,0.02358877837799167,9,1.499595711374617,1.5287943385581004,0.4244794107437808
multiplicative:hypothesis:64:H0,51,12,same_pipeline_different_source,synthetic:multiplicative,synthetic:multiplicative,32x32,32x32,identity_residual,mean_8,ncc,20260808,multiplicative,64,H0,False,0.4720819043993535,0.4720819043993535,0.48400439544008705,0.4811931964865827,0.004659977943198335,9,0.990658963592009,0.9810652100782907,-0.0191163485594551
multiplicative:hypothesis:64:H1,12,12,same_pipeline_different_source,synthetic:multiplicative,synthetic:multiplicative,32x32,32x32,identity_residual,mean_8,ncc,20260808,multiplicative,64,H1,True,0.7267649565007018,0.7267649565007018,0.46861563720883015,0.4726563826975237,0.011114610362034871,9,1.4752132774680253,1.5376179886812082,0.43023445835979013
multiplicative:hypothesis:65:H0,40,29,same_pipeline_different_source,synthetic:multiplicative,synthetic:multiplicative,32x32,32x32,identity_residual,mean_8,ncc,20260808,multiplicative,65,H0,False,0.4586333188928922,0.4586333188928922,0.4811944277858633,0.48393763310802534,0.011577030969487756,9,0.9494959010437544,0.9477116213247986,-0.05370501991915133
multiplicative:hypothesis:65:H1,29,29,same_pipeline_different_source,synthetic:multiplicative,synthetic:multiplicative,32x32,32x32,identity_residual,mean_8,ncc,20260808,multiplicative,65,H1,True,0.74954875178491,0.74954875178491,0.48077801683314253,0.48437278054108396,0.009784371059786023,9,1.603780909292205,1.547462578197732,0.4366165431825952
multiplicative:hypothesis:66:H0,9,3,same_pipeline_different_source,synthetic:multiplicative,synthetic:multiplicative,32x32,32x32,identity_residual,mean_8,ncc,20260808,multiplicative,66,H0,False,0.49046598031693683,0.49046598031693683,0.4928328306209534,0.48750854805541904,0.01817082295609812,9,0.9688895678584333,1.0060664213444348,0.006048094691255335
multiplicative:hypothesis:66:H1,3,3,same_pipeline_different_source,synthetic:multiplicative,synthetic:multiplicative,32x32,32x32,identity_residual,mean_8,ncc,20260808,multiplicative,66,H1,True,0.736098804974344,0.736098804974344,0.4877613052120204,0.4872827951548507,0.014790017490175555,9,1.51061932063582,1.51061932063582,0.4125197128563428
multiplicative:hypothesis:67:H0,26,39,same_pipeline_different_source,synthetic:multiplicative,synthetic:multiplicative,32x32,32x32,identity_residual,mean_8,ncc,20260808,multiplicative,67,H0,False,0.4394870040613341,0.4394870040613341,0.45036094666182147,0.4399207442020283,0.00934522351037248,9,0.9413278838102463,0.99901404935682,-0.000986437012232222
multiplicative:hypothesis:67:H1,39,39,same_pipeline_different_source,synthetic:multiplicative,synthetic:multiplicative,32x32,32x32,identity_residual,mean_8,ncc,20260808,multiplicative,67,H1,True,0.7249832959850177,0.7249832959850177,0.4861601249315622,0.49303527970991806,0.009391881370018729,9,1.543070427652858,1.4704491256925232,0.3855678818085558
multiplicative:hypothesis:68:H0,3,50,same_pipeline_different_source,synthetic:multiplicative,synthetic:multiplicative,32x32,32x32,identity_residual,mean_8,ncc,20260808,multiplicative,68,H0,False,0.4434799521299903,0.4434799521299903,0.48189958515746667,0.477548095433746,0.014934003163386889,9,0.9286602886086011,0.9286602886086011,-0.07401228130758963
multiplicative:hypothesis:68:H1,50,50,same_pipeline_different_source,synthetic:multiplicative,synthetic:multiplicative,32x32,32x32,identity_residual,mean_8,ncc,20260808,multiplicative,68,H1,True,0.731438184680296,0.731438184680296,0.48718246232884954,0.4997385511707059,0.0072991968195412205,9,1.573286184912233,1.46364170418072,0.38092764800451534
multiplicative:hypothesis:69:H0,0,46,same_pipeline_different_source,synthetic:multiplicative,synthetic:multiplicative,32x32,32x32,identity_residual,mean_8,ncc,20260808,multiplicative,69,H0,False,0.49069989293068855,0.49069989293068855,0.4698735760978157,0.4599729667503515,0.007607743167209913,9,1.0700422733851294,1.066801591400944,0.06466500507652573
multiplicative:hypothesis:69:H1,46,46,same_pipeline_different_source,synthetic:multiplicative,synthetic:multiplicative,32x32,32x32,identity_residual,mean_8,ncc,20260808,multiplicative,69,H1,True,0.7390258495434572,0.7390258495434572,0.4946916162937879,0.49650502997874735,0.008966904066553538,9,1.4604721128391638,1.4884559167005635,0.3977392851134433
multiplicative:hypothesis:70:H0,17,50,same_pipeline_different_source,synthetic:multiplicative,synthetic:multiplicative,32x32,32x32,identity_residual,mean_8,ncc,20260808,multiplicative,70,H0,False,0.486075837579956,0.486075837579956,0.48420170112857175,0.4753350544984787,0.011476105180254437,9,0.9636067339845982,1.0225962360230507,0.0223447228659166
multiplicative:hypothesis:70:H1,50,50,same_pipeline_different_source,synthetic:multiplicative,synthetic:multiplicative,32x32,32x32,identity_residual,mean_8,ncc,20260808,multiplicative,70,H1,True,0.7325145829927593,0.7325145829927593,0.4876348257298926,0.49145355080231284,0.013068674784492085,9,1.4523154991009064,1.4905062376635736,0.39911581907427934
multiplicative:hypothesis:71:H0,7,29,same_pipeline_different_source,synthetic:multiplicative,synthetic:multiplicative,32x32,32x32,identity_residual,mean_8,ncc,20260808,multiplicative,71,H0,False,0.44873617423709583,0.44873617423709583,0.4795990808679582,0.47944370801072134,0.005791926051749274,9,0.9336436532049158,0.9359517431127935,-0.06619136033705297
multiplicative:hypothesis:71:H1,29,29,same_pipeline_different_source,synthetic:multiplicative,synthetic:multiplicative,32x32,32x32,identity_residual,mean_8,ncc,20260808,multiplicative,71,H1,True,0.6913493104368078,0.6913493104368078,0.4449240264106041,0.4357891568120541,0.009361393618469493,9,1.5951910569008214,1.5864307306181347,0.4614866693281469
multiplicative:hypothesis:72:H0,28,45,same_pipeline_different_source,synthetic:multiplicative,synthetic:multiplicative,32x32,32x32,identity_residual,mean_8,ncc,20260808,multiplicative,72,H0,False,0.4914480253993688,0.4914480253993688,0.48955055388578095,0.4873813061427631,0.013611358493168801,9,1.0688948953332438,1.00834401977538,0.008309400882879125
multiplicative:hypothesis:72:H1,45,45,same_pipeline_different_source,synthetic:multiplicative,synthetic:multiplicative,32x32,32x32,identity_residual,mean_8,ncc,20260808,multiplicative,72,H1,True,0.7066443902418851,0.7066443902418851,0.45154779509867193,0.44853429595073585,0.016494923143056284,9,1.6515423693346418,1.5754523045869795,0.4545424085655691
multiplicative:hypothesis:73:H0,6,58,same_pipeline_different_source,synthetic:multiplicative,synthetic:multiplicative,32x32,32x32,identity_residual,mean_8,ncc,20260808,multiplicative,73,H0,False,0.4255043859821532,0.4255043859821532,0.47547291221311816,0.4791833780146876,0.02538407001620485,9,0.8879781843541137,0.8879781843541137,-0.11880810346053583
multiplicative:hypothesis:73:H1,58,58,same_pipeline_different_source,synthetic:multiplicative,synthetic:multiplicative,32x32,32x32,identity_residual,mean_8,ncc,20260808,multiplicative,73,H1,True,0.7372144339390807,0.7372144339390807,0.46781304562346016,0.46750958636249174,0.012042865303205252,9,1.5372967678059202,1.5768969352587106,0.45545895090459754
multiplicative:hypothesis:74:H0,34,62,same_pipeline_different_source,synthetic:multiplicative,synthetic:multiplicative,32x32,32x32,identity_residual,mean_8,ncc,20260808,multiplicative,74,H0,False,0.42730524535705516,0.42730524535705516,0.4770503321530753,0.4807420446880093,0.006605478581582946,9,0.8809244390095428,0.8888451719141116,-0.11783221846246228
multiplicative:hypothesis:74:H1,62,62,same_pipeline_different_source,synthetic:multiplicative,synthetic:multiplicative,32x32,32x32,identity_residual,mean_8,ncc,20260808,multiplicative,74,H1,True,0.7311263768851751,0.7311263768851751,0.4772191911199449,0.48379326181840837,0.006888352335227221,9,1.4900219527203535,1.5112372052002725,0.41292865654230576
multiplicative:hypothesis:75:H0,18,42,same_pipeline_different_source,synthetic:multiplicative,synthetic:multiplicative,32x32,32x32,identity_residual,mean_8,ncc,20260808,multiplicative,75,H0,False,0.4688149911873517,0.4688149911873517,0.483038420855116,0.49030698252482185,0.006143381022259864,9,1.0041590756259935,0.9561662548087777,-0.04482347434701128
multiplicative:hypothesis:75:H1,42,42,same_pipeline_different_source,synthetic:multiplicative,synthetic:multiplicative,32x32,32x32,identity_residual,mean_8,ncc,20260808,multiplicative,75,H1,True,0.7255695561599264,0.7255695561599264,0.47667981864758896,0.47336535529561335,0.014844086778501242,9,1.582411996953742,1.5327897321653656,0.42708942946813255
multiplicative:hypothesis:76:H0,14,5,same_pipeline_different_source,synthetic:multiplicative,synthetic:multiplicative,32x32,32x32,identity_residual,mean_8,ncc,20260808,multiplicative,76,H0,False,0.48200941557075183,0.48200941557075183,0.4751876197406993,0.4684336365482917,0.011685439228873773,9,1.035583353132866,1.0289812215930838,0.028569207504717697
multiplicative:hypothesis:76:H1,5,5,same_pipeline_different_source,synthetic:multiplicative,synthetic:multiplicative,32x32,32x32,identity_residual,mean_8,ncc,20260808,multiplicative,76,H1,True,0.7397427798942534,0.7397427798942534,0.472624969465581,0.4753371687160799,0.014220205458600865,9,1.5984156610145372,1.5562485506705739,0.44227814993443026
multiplicative:hypothesis:77:H0,11,26,same_pipeline_different_source,synthetic:multiplicative,synthetic:multiplicative,32x32,32x32,identity_residual,mean_8,ncc,20260808,multiplicative,77,H0,False,0.498123144308315,0.498123144308315,0.4717835958589532,0.4698441456083416,0.01346682169206631,9,1.0552445781564481,1.0601880410010398,0.058446289561750686
multiplicative:hypothesis:77:H1,26,26,same_pipeline_different_source,synthetic:multiplicative,synthetic:multiplicative,32x32,32x32,identity_residual,mean_8,ncc,20260808,multiplicative,77,H1,True,0.7556343000818543,0.7556343000818543,0.5157871192475283,0.5129220100744625,0.005467062215721241,9,1.4796802379787453,1.4731953108663762,0.3874337226257766
multiplicative:hypothesis:78:H0,21,34,same_pipeline_different_source,synthetic:multiplicative,synthetic:multiplicative,32x32,32x32,identity_residual,mean_8,ncc,20260808,multiplicative,78,H0,False,0.49662252688512415,0.49662252688512415,0.47333216849540327,0.48535872858572304,0.009073314246037911,9,1.171250414194211,1.0232071612933025,0.022941970176399318
multiplicative:hypothesis:78:H1,34,34,same_pipeline_different_source,synthetic:multiplicative,synthetic:multiplicative,32x32,32x32,identity_residual,mean_8,ncc,20260808,multiplicative,78,H1,True,0.7319783050419432,0.7319783050419432,0.49438366095641584,0.5025317779869102,0.01205135834261395,9,1.515640056298244,1.4565811300017122,0.37609199789263087
multiplicative:hypothesis:79:H0,5,31,same_pipeline_different_source,synthetic:multiplicative,synthetic:multiplicative,32x32,32x32,identity_residual,mean_8,ncc,20260808,multiplicative,79,H0,False,0.4948468927425688,0.4948468927425688,0.4867382760090424,0.4910826931691529,0.0285899570941191,9,1.1255354130638522,1.0076651033029165,0.007635875658854374
multiplicative:hypothesis:79:H1,31,31,same_pipeline_different_source,synthetic:multiplicative,synthetic:multiplicative,32x32,32x32,identity_residual,mean_8,ncc,20260808,multiplicative,79,H1,True,0.7453236579618283,0.7453236579618283,0.5114178675302129,0.5075281570764125,0.014945206479471507,9,1.5386558067389917,1.468536568010775,0.38426637295410754
multiplicative:hypothesis:80:H0,7,31,same_pipeline_different_source,synthetic:multiplicative,synthetic:multiplicative,32x32,32x32,identity_residual,mean_8,ncc,20260808,multiplicative,80,H0,False,0.47166679499172715,0.47166679499172715,0.4845651969277167,0.4832685365641636,0.015269868775003415,9,0.9090210995122108,0.9759931783374106,-0.02429968200186139
multiplicative:hypothesis:80:H1,31,31,same_pipeline_different_source,synthetic:multiplicative,synthetic:multiplicative,32x32,32x32,identity_residual,mean_8,ncc,20260808,multiplicative,80,H1,True,0.696265825325249,0.696265825325249,0.4662008536288289,0.47906909305575884,0.00989698898137037,9,1.4239552617319962,1.4533724579978502,0.373886688971202
multiplicative:hypothesis:81:H0,6,15,same_pipeline_different_source,synthetic:multiplicative,synthetic:multiplicative,32x32,32x32,identity_residual,mean_8,ncc,20260808,multiplicative,81,H0,False,0.4568144157828203,0.4568144157828203,0.4873412059506605,0.48621008682541733,0.01962908574592348,9,0.9411979101144764,0.9395412151267193,-0.06236359187666585
multiplicative:hypothesis:81:H1,15,15,same_pipeline_different_source,synthetic:multiplicative,synthetic:multiplicative,32x32,32x32,identity_residual,mean_8,ncc,20260808,multiplicative,81,H1,True,0.741030568919819,0.741030568919819,0.4658256484146491,0.45843683132722013,0.013050784673496463,9,1.6317834598537706,1.6164289565793872,0.4802193683028688
multiplicative:hypothesis:82:H0,0,31,same_pipeline_different_source,synthetic:multiplicative,synthetic:multiplicative,32x32,32x32,identity_residual,mean_8,ncc,20260808,multiplicative,82,H0,False,0.48622539677060916,0.48622539677060916,0.47706441219367934,0.46845506186826663,0.012615351635983596,9,0.9561869254304469,1.0379339158626484,0.03723211784479519
multiplicative:hypothesis:82:H1,31,31,same_pipeline_different_source,synthetic:multiplicative,synthetic:multiplicative,32x32,32x32,identity_residual,mean_8,ncc,20260808,multiplicative,82,H1,True,0.747243510844347,0.747243510844347,0.507824932449666,0.5088963458779558,0.009364573170981605,9,1.4390017050346338,1.46836092830494,0.3841467639406743
multiplicative:hypothesis:83:H0,60,9,same_pipeline_different_source,synthetic:multiplicative,synthetic:multiplicative,32x32,32x32,identity_residual,mean_8,ncc,20260808,multiplicative,83,H0,False,0.4750205334416324,0.4750205334416324,0.48791402827552893,0.48433123863958316,0.014170014980579626,9,0.9751259663928245,0.9807761621486503,-0.019411018593254892
multiplicative:hypothesis:83:H1,9,9,same_pipeline_different_source,synthetic:multiplicative,synthetic:multiplicative,32x32,32x32,identity_residual,mean_8,ncc,20260808,multiplicative,83,H1,True,0.7140293823126627,0.7140293823126627,0.45215291723378886,0.45519051861668786,0.008800407035988056,9,1.599563618880877,1.56863852191513,0.45020805964554556
multiplicative:hypothesis:84:H0,45,9,same_pipeline_different_source,synthetic:multiplicative,synthetic:multiplicative,32x32,32x32,identity_residual,mean_8,ncc,20260808,multiplicative,84,H0,False,0.4566988038743841,0.4566988038743841,0.4651132646110787,0.4593145978863556,0.014671458224487843,9,1.0086294842285737,0.9943050057106639,-0.005711272601999107
multiplicative:hypothesis:84:H1,9,9,same_pipeline_different_source,synthetic:multiplicative,synthetic:multiplicative,32x32,32x32,identity_residual,mean_8,ncc,20260808,multiplicative,84,H1,True,0.7296273058239882,0.7296273058239882,0.47014083951233687,0.4679040154007864,0.009183515648081397,9,1.5403658561724198,1.559352520621181,0.44427068422012855
multiplicative:hypothesis:85:H0,63,2,same_pipeline_different_source,synthetic:multiplicative,synthetic:multiplicative,32x32,32x32,identity_residual,mean_8,ncc,20260808,multiplicative,85,H0,False,0.5105885716994661,0.5105885716994661,0.5015463731504715,0.5003113273415953,0.014002997102625758,9,0.9927558837705306,1.020541698331075,0.020333563119979026
multiplicative:hypothesis:85:H1,2,2,same_pipeline_different_source,synthetic:multiplicative,synthetic:multiplicative,32x32,32x32,identity_residual,mean_8,ncc,20260808,multiplicative,85,H1,True,0.7425377750838712,0.7425377750838712,0.4961585594428496,0.49799864037957514,0.019856677088513963,9,1.579236382878105,1.4910437797940734,0.3994763980571415
multiplicative:hypothesis:86:H0,38,34,same_pipeline_different_source,synthetic:multiplicative,synthetic:multiplicative,32x32,32x32,identity_residual,mean_8,ncc,20260808,multiplicative,86,H0,False,0.4662222883417995,0.4662222883417995,0.46468022720920416,0.4629982974187921,0.011702860471865528,9,1.0168158593315175,1.006963288938601,0.0069391572015871095
multiplicative:hypothesis:86:H1,34,34,same_pipeline_different_source,synthetic:multiplicative,synthetic:multiplicative,32x32,32x32,identity_residual,mean_8,ncc,20260808,multiplicative,86,H1,True,0.724470245433812,0.724470245433812,0.4875382551078927,0.489718179378308,0.008881554306473305,9,1.5532310556720663,1.4793615510731482,0.39161061029296623
multiplicative:hypothesis:87:H0,57,28,same_pipeline_different_source,synthetic:multiplicative,synthetic:multiplicative,32x32,32x32,identity_residual,mean_8,ncc,20260808,multiplicative,87,H0,False,0.48984591269521,0.48984591269521,0.47026065641810966,0.47006606725641864,0.011543162674503615,9,1.0120084514504661,1.0420788625612525,0.041217624307271494
multiplicative:hypothesis:87:H1,28,28,same_pipeline_different_source,synthetic:multiplicative,synthetic:multiplicative,32x32,32x32,identity_residual,mean_8,ncc,20260808,multiplicative,87,H1,True,0.7280679426560253,0.7280679426560253,0.49088970415836347,0.4894204015488755,0.018220847829726383,9,1.5226118633399723,1.487612572651035,0.3971725346672624
multiplicative:hypothesis:88:H0,32,58,same_pipeline_different_source,synthetic:multiplicative,synthetic:multiplicative,32x32,32x32,identity_residual,mean_8,ncc,20260808,multiplicative,88,H0,False,0.4597754143958741,0.4597754143958741,0.45108125691786616,0.4483014285712421,0.011730662235610978,9,0.9558581335523417,1.0255943548098878,0.025272302888589393
multiplicative:hypothesis:88:H1,58,58,same_pipeline_different_source,synthetic:multiplicative,synthetic:multiplicative,32x32,32x32,identity_residual,mean_8,ncc,20260808,multiplicative,88,H1,True,0.7507717321376016,0.7507717321376016,0.4943031969243869,0.5024500038751897,0.010146917022549662,9,1.5929571737465762,1.4942217660408177,0.4016055134731537
multiplicative:hypothesis:89:H0,61,13,same_pipeline_different_source,synthetic:multiplicative,synthetic:multiplicative,32x32,32x32,identity_residual,mean_8,ncc,20260808,multiplicative,89,H0,False,0.4910630301851307,0.4910630301851307,0.48637855331358776,0.49391554140977495,0.014906625403937446,9,0.9718010290312903,0.99422469838365,-0.0057920431601580225
multiplicative:hypothesis:89:H1,13,13,same_pipeline_different_source,synthetic:multiplicative,synthetic:multiplicative,32x32,32x32,identity_residual,mean_8,ncc,20260808,multiplicative,89,H1,True,0.7148985838679126,0.7148985838679126,0.46510493944468717,0.4703997355745481,0.005387971293896898,9,1.5197682519840974,1.5197682519840974,0.4185578574341575
multiplicative:hypothesis:90:H0,37,55,same_pipeline_different_source,synthetic:multiplicative,synthetic:multiplicative,32x32,32x32,identity_residual,mean_8,ncc,20260808,multiplicative,90,H0,False,0.44951173599242134,0.44951173599242134,0.472521958337789,0.47002919754531286,0.03125190994867316,9,0.9614494316802197,0.9563485382183868,-0.044632852647429444
multiplicative:hypothesis:90:H1,55,55,same_pipeline_different_source,synthetic:multiplicative,synthetic:multiplicative,32x32,32x32,identity_residual,mean_8,ncc,20260808,multiplicative,90,H1,True,0.7241292985300704,0.7241292985300704,0.4674188268581578,0.46818951200821607,0.007770893431246817,9,1.444720067793782,1.5466585217256275,0.43609681143051615
multiplicative:hypothesis:91:H0,1,8,same_pipeline_different_source,synthetic:multiplicative,synthetic:multiplicative,32x32,32x32,identity_residual,mean_8,ncc,20260808,multiplicative,91,H0,False,0.49075149996932954,0.49075149996932954,0.47916968026774703,0.47499870544557365,0.023567102589548194,9,0.9630653982011216,1.0331638683288178,0.03262581098231754
multiplicative:hypothesis:91:H1,8,8,same_pipeline_different_source,synthetic:multiplicative,synthetic:multiplicative,32x32,32x32,identity_residual,mean_8,ncc,20260808,multiplicative,91,H1,True,0.698358988365779,0.698358988365779,0.48403147754671116,0.4947894337609852,0.010531393272182166,9,1.474225424224978,1.4114266407377059,0.34460099480514106
multiplicative:hypothesis:92:H0,32,21,same_pipeline_different_source,synthetic:multiplicative,synthetic:multiplicative,32x32,32x32,identity_residual,mean_8,ncc,20260808,multiplicative,92,H0,False,0.44176529500313166,0.44176529500313166,0.4664006510247655,0.4668949016444911,0.01723062055897201,9,0.9031365568780252,0.9461771663112014,-0.05532544806612327
multiplicative:hypothesis:92:H1,21,21,same_pipeline_different_source,synthetic:multiplicative,synthetic:multiplicative,32x32,32x32,identity_residual,mean_8,ncc,20260808,multiplicative,92,H1,True,0.7284436322214682,0.7284436322214682,0.4712025732105217,0.4712573967086318,0.0055890189820799185,9,1.5276273622950864,1.5457447189350941,0.4355058129442154
multiplicative:hypothesis:93:H0,44,20,same_pipeline_different_source,synthetic:multiplicative,synthetic:multiplicative,32x32,32x32,identity_residual,mean_8,ncc,20260808,multiplicative,93,H0,False,0.4863351725671815,0.4863351725671815,0.48372796600367135,0.4843665139445201,0.010822617442177662,9,0.9992288758358282,1.0040643986856757,0.004056161329726526
multiplicative:hypothesis:93:H1,20,20,same_pipeline_different_source,synthetic:multiplicative,synthetic:multiplicative,32x32,32x32,identity_residual,mean_8,ncc,20260808,multiplicative,93,H1,True,0.7319913906773877,0.7319913906773877,0.4750244300131316,0.47686398956457654,0.011821327080355382,9,1.5386023107889366,1.5350108347366875,0.4285374394746325
multiplicative:hypothesis:94:H0,38,30,same_pipeline_different_source,synthetic:multiplicative,synthetic:multiplicative,32x32,32x32,identity_residual,mean_8,ncc,20260808,multiplicative,94,H0,False,0.48206805040778333,0.48206805040778333,0.4861174337094101,0.48612287897672485,0.008827750003756074,9,0.9521451538139831,0.9916588402967644,-0.008376141839376183
multiplicative:hypothesis:94:H1,30,30,same_pipeline_different_source,synthetic:multiplicative,synthetic:multiplicative,32x32,32x32,identity_residual,mean_8,ncc,20260808,multiplicative,94,H1,True,0.7051371970182437,0.7051371970182437,0.46264519473641424,0.4685288611589695,0.01151934230528534,9,1.5272808057737621,1.505002691347533,0.4087946864700261
multiplicative:hypothesis:95:H0,51,28,same_pipeline_different_source,synthetic:multiplicative,synthetic:multiplicative,32x32,32x32,identity_residual,mean_8,ncc,20260808,multiplicative,95,H0,False,0.4870639640532633,0.4870639640532633,0.4908889745799139,0.4907635106772082,0.011617971791385018,9,0.9893660125095538,0.9924616509918599,-0.007566905966422843
multiplicative:hypothesis:95:H1,28,28,same_pipeline_different_source,synthetic:multiplicative,synthetic:multiplicative,32x32,32x32,identity_residual,mean_8,ncc,20260808,multiplicative,95,H1,True,0.7199398921777019,0.7199398921777019,0.4752963607047994,0.4768905619173367,0.010601533346468683,9,1.5578060875545992,1.5096543099598916,0.41188069081609385
multiplicative:hypothesis:96:H0,35,60,same_pipeline_different_source,synthetic:multiplicative,synthetic:multiplicative,32x32,32x32,identity_residual,mean_8,ncc,20260808,multiplicative,96,H0,False,0.47142360230387187,0.47142360230387187,0.47109340448063414,0.46859117412517115,0.010560100620861157,9,1.0292393454817337,1.0060445615178064,0.006026366439866315
multiplicative:hypothesis:96:H1,60,60,same_pipeline_different_source,synthetic:multiplicative,synthetic:multiplicative,32x32,32x32,identity_residual,mean_8,ncc,20260808,multiplicative,96,H1,True,0.7444139165156907,0.7444139165156907,0.4847708621296176,0.4889164714919087,0.006225449184878495,9,1.5095648620267215,1.5225789269159657,0.42040555959714476
multiplicative:hypothesis:97:H0,15,47,same_pipeline_different_source,synthetic:multiplicative,synthetic:multiplicative,32x32,32x32,identity_residual,mean_8,ncc,20260808,multiplicative,97,H0,False,0.4478030771453892,0.4478030771453892,0.4692359708749733,0.4676793899981515,0.018202951772840203,9,0.9087206894087676,0.9575001309062585,-0.04342942121062632
multiplicative:hypothesis:97:H1,47,47,same_pipeline_different_source,synthetic:multiplicative,synthetic:multiplicative,32x32,32x32,identity_residual,mean_8,ncc,20260808,multiplicative,97,H1,True,0.728741214522525,0.728741214522525,0.5015447385993164,0.5003181413535073,0.008894409090584254,9,1.374203359397304,1.4565556478745032,0.3760745032611373
multiplicative:hypothesis:98:H0,10,48,same_pipeline_different_source,synthetic:multiplicative,synthetic:multiplicative,32x32,32x32,identity_residual,mean_8,ncc,20260808,multiplicative,98,H0,False,0.4908122328616977,0.4908122328616977,0.512304685843145,0.5128903285694832,0.009740762127553038,9,0.9506950016752558,0.9569535737408732,-0.04400040099343061
multiplicative:hypothesis:98:H1,48,48,same_pipeline_different_source,synthetic:multiplicative,synthetic:multiplicative,32x32,32x32,identity_residual,mean_8,ncc,20260808,multiplicative,98,H1,True,0.7330870936339958,0.7330870936339958,0.4720847270160241,0.477444240579307,0.010976010049440876,9,1.6334328017301092,1.5354402280452781,0.42881713343660094
multiplicative:hypothesis:99:H0,61,56,same_pipeline_different_source,synthetic:multiplicative,synthetic:multiplicative,32x32,32x32,identity_residual,mean_8,ncc,20260808,multiplicative,99,H0,False,0.4516490141793028,0.4516490141793028,0.472308725420507,0.472625783060527,0.009588942424179181,9,0.9940926457806677,0.9556165371567599,-0.04539855815828764
multiplicative:hypothesis:99:H1,56,56,same_pipeline_different_source,synthetic:multiplicative,synthetic:multiplicative,32x32,32x32,identity_residual,mean_8,ncc,20260808,multiplicative,99,H1,True,0.7116370381525542,0.7116370381525542,0.4873790084311542,0.48236840198548286,0.008125226423495835,9,1.4192216082498936,1.4752977915289966,0.3888598619762542
multiplicative:hypothesis:100:H0,41,53,same_pipeline_different_source,synthetic:multiplicative,synthetic:multiplicative,32x32,32x32,identity_residual,mean_8,ncc,20260808,multiplicative,100,H0,False,0.49198467774624993,0.49198467774624993,0.47688961724343,0.4806809993808296,0.014557792713440876,9,1.0160741626893488,1.023515966680565,0.023243726076242588
multiplicative:hypothesis:100:H1,53,53,same_pipeline_different_source,synthetic:multiplicative,synthetic:multiplicative,32x32,32x32,identity_residual,mean_8,ncc,20260808,multiplicative,100,H1,True,0.7235532786192982,0.7235532786192982,0.4600295808008419,0.4605508617465516,0.010255760590315632,9,1.7254143517398635,1.5710605249447585,0.4517508849124942
multiplicative:hypothesis:101:H0,51,13,same_pipeline_different_source,synthetic:multiplicative,synthetic:multiplicative,32x32,32x32,identity_residual,mean_8,ncc,20260808,multiplicative,101,H0,False,0.45959381417875783,0.45959381417875783,0.45796133193003047,0.45891946811881235,0.01232521764301453,9,1.0014694213403275,1.0014694213403275,0.0014683427972165264
multiplicative:hypothesis:101:H1,13,13,same_pipeline_different_source,synthetic:multiplicative,synthetic:multiplicative,32x32,32x32,identity_residual,mean_8,ncc,20260808,multiplicative,101,H1,True,0.7165216781786722,0.7165216781786722,0.48209623852556965,0.4806038250037472,0.009247471701822052,9,1.530570256356807,1.4908780182369243,0.3993652203881434
multiplicative:hypothesis:102:H0,21,33,same_pipeline_different_source,synthetic:multiplicative,synthetic:multiplicative,32x32,32x32,identity_residual,mean_8,ncc,20260808,multiplicative,102,H0,False,0.48674632543127017,0.48674632543127017,0.4609753945788536,0.46259452072610735,0.005458462835781941,9,1.052209448281517,1.052209448281517,0.05089218982331012
multiplicative:hypothesis:102:H1,33,33,same_pipeline_different_source,synthetic:multiplicative,synthetic:multiplicative,32x32,32x32,identity_residual,mean_8,ncc,20260808,multiplicative,102,H1,True,0.7330860336607329,0.7330860336607329,0.5081846254088197,0.5003621769362195,0.011386643421033571,9,1.3833605459416805,1.4651108086336797,0.38193087690128896
multiplicative:hypothesis:103:H0,11,57,same_pipeline_different_source,synthetic:multiplicative,synthetic:multiplicative,32x32,32x32,identity_residual,mean_8,ncc,20260808,multiplicative,103,H0,False,0.49847081719367786,0.49847081719367786,0.4897001971559774,0.4874116254353026,0.010155027459471722,9,0.936123196203545,1.0226896347589134,0.022436053605801698
multiplicative:hypothesis:103:H1,57,57,same_pipeline_different_source,synthetic:multiplicative,synthetic:multiplicative,32x32,32x32,identity_residual,mean_8,ncc,20260808,multiplicative,103,H1,True,0.7303558562391395,0.7303558562391395,0.4884803821007046,0.4887546742449858,0.021212792679237757,9,1.42609531875316,1.4943199415276636,0.401671214739181
multiplicative:hypothesis:104:H0,51,39,same_pipeline_different_source,synthetic:multiplicative,synthetic:multiplicative,32x32,32x32,identity_residual,mean_8,ncc,20260808,multiplicative,104,H0,False,0.44931822273957417,0.44931822273957417,0.47905706330647085,0.478357172609248,0.008309880299537109,9,0.923255889327254,0.9392944194580006,-0.06262630317040041
multiplicative:hypothesis:104:H1,39,39,same_pipeline_different_source,synthetic:multiplicative,synthetic:multiplicative,32x32,32x32,identity_residual,mean_8,ncc,20260808,multiplicative,104,H1,True,0.7424844891980404,0.7424844891980404,0.4918747077544483,0.4935486336147084,0.009651029435261471,9,1.5043795861821092,1.5043795861821092,0.4083805781136496
multiplicative:hypothesis:105:H0,29,50,same_pipeline_different_source,synthetic:multiplicative,synthetic:multiplicative,32x32,32x32,identity_residual,mean_8,ncc,20260808,multiplicative,105,H0,False,0.5162680852133191,0.5162680852133191,0.4928566439655106,0.49729517064681994,0.012550791519138738,9,1.0056974204764246,1.0381522196200328,0.03744242102485884
multiplicative:hypothesis:105:H1,50,50,same_pipeline_different_source,synthetic:multiplicative,synthetic:multiplicative,32x32,32x32,identity_residual,mean_8,ncc,20260808,multiplicative,105,H1,True,0.7292577952802282,0.7292577952802282,0.4680038553286937,0.47004408993753805,0.015349167901235528,9,1.5270336556494744,1.5514667898007946,0.43920079945696094
multiplicative:hypothesis:106:H0,27,13,same_pipeline_different_source,synthetic:multiplicative,synthetic:multiplicative,32x32,32x32,identity_residual,mean_8,ncc,20260808,multiplicative,106,H0,False,0.4660799201425652,0.4660799201425652,0.4711667850197548,0.4755206209470377,0.017121759676699377,9,0.9627066752199064,0.9801466006128808,-0.02005312604323284
multiplicative:hypothesis:106:H1,13,13,same_pipeline_different_source,synthetic:multiplicative,synthetic:multiplicative,32x32,32x32,identity_residual,mean_8,ncc,20260808,multiplicative,106,H1,True,0.6924363087815832,0.6924363087815832,0.4502676078929155,0.4510451122089414,0.0057761754249543995,9,1.5120766227871378,1.5351819364374804,0.42864889938202094
multiplicative:hypothesis:107:H0,15,27,same_pipeline_different_source,synthetic:multiplicative,synthetic:multiplicative,32x32,32x32,identity_residual,mean_8,ncc,20260808,multiplicative,107,H0,False,0.4530881079708718,0.4530881079708718,0.4530877203589705,0.44719042878843945,0.009555400959457339,9,0.9682111336240572,1.0131882947459558,0.01310208632100629
multiplicative:hypothesis:107:H1,27,27,same_pipeline_different_source,synthetic:multiplicative,synthetic:multiplicative,32x32,32x32,identity_residual,mean_8,ncc,20260808,multiplicative,107,H1,True,0.7187962989266375,0.7187962989266375,0.4924251256361391,0.49875127937065256,0.025030284634025235,9,1.44119188994091,1.44119188994091,0.365470472579902
multiplicative:hypothesis:108:H0,8,34,same_pipeline_different_source,synthetic:multiplicative,synthetic:multiplicative,32x32,32x32,identity_residual,mean_8,ncc,20260808,multiplicative,108,H0,False,0.44858754534358414,0.44858754534358414,0.4780121563859663,0.48156602471467846,0.019622031344515012,9,0.9710864342468535,0.9315182598468535,-0.07093948650583437
multiplicative:hypothesis:108:H1,34,34,same_pipeline_different_source,synthetic:multiplicative,synthetic:multiplicative,32x32,32x32,identity_residual,mean_8,ncc,20260808,multiplicative,108,H1,True,0.7336773131971417,0.7336773131971417,0.46791215495103317,0.47112700875412095,0.00791160651068551,9,1.6499716470344497,1.5572813690671776,0.4429415888356847
multiplicative:hypothesis:109:H0,12,40,same_pipeline_different_source,synthetic:multiplicative,synthetic:multiplicative,32x32,32x32,identity_residual,mean_8,ncc,20260808,multiplicative,109,H0,False,0.4413762703455246,0.4413762703455246,0.4760585946622082,0.4737634517242053,0.015587861420128135,9,0.9509279718034737,0.9316384975227375,-0.070810417735238
multiplicative:hypothesis:109:H1,40,40,same_pipeline_different_source,synthetic:multiplicative,synthetic:multiplicative,32x32,32x32,identity_residual,mean_8,ncc,20260808,multiplicative,109,H1,True,0.7293229994584481,0.7293229994584481,0.4819789014528667,0.4810791673005953,0.012901778553818022,9,1.5126199598225993,1.51601451285198,0.41608486029571673
multiplicative:hypothesis:110:H0,11,63,same_pipeline_different_source,synthetic:multiplicative,synthetic:multiplicative,32x32,32x32,identity_residual,mean_8,ncc,20260808,multiplicative,110,H0,False,0.5216855906083594,0.5216855906083594,0.48111916289722934,0.4782402050870474,0.0049392277804404805,9,1.0915501862070796,1.090844276702759,0.08695196220213541
multiplicative:hypothesis:110:H1,63,63,same_pipeline_different_source,synthetic:multiplicative,synthetic:multiplicative,32x32,32x32,identity_residual,mean_8,ncc,20260808,multiplicative,110,H1,True,0.734833949761126,0.734833949761126,0.4655822645971115,0.4674496251201477,0.007560546176289817,9,1.5986046551671078,1.572006715316657,0.45235296582782497
multiplicative:hypothesis:111:H0,40,26,same_pipeline_different_source,synthetic:multiplicative,synthetic:multiplicative,32x32,32x32,identity_residual,mean_8,ncc,20260808,multiplicative,111,H0,False,0.49252654958859843,0.49252654958859843,0.48223633575060315,0.464861377808548,0.019314154419841023,9,0.9782528768473703,1.0595127345499635,0.05780911804989142
multiplicative:hypothesis:111:H1,26,26,same_pipeline_different_source,synthetic:multiplicative,synthetic:multiplicative,32x32,32x32,identity_residual,mean_8,ncc,20260808,multiplicative,111,H1,True,0.7009220771324272,0.7009220771324272,0.4756989068235392,0.47822860404850964,0.010916887361006933,9,1.4796709576280638,1.4656632229830575,0.3823078519597278
multiplicative:hypothesis:112:H0,18,57,same_pipeline_different_source,synthetic:multiplicative,synthetic:multiplicative,32x32,32x32,identity_residual,mean_8,ncc,20260808,multiplicative,112,H0,False,0.4682823395481369,0.4682823395481369,0.467346553987182,0.47074668002129755,0.014517287598582562,9,1.0461348360573328,0.9947650390799375,-0.005248711337572098
multiplicative:hypothesis:112:H1,57,57,same_pipeline_different_source,synthetic:multiplicative,synthetic:multiplicative,32x32,32x32,identity_residual,mean_8,ncc,20260808,multiplicative,112,H1,True,0.7161545815590202,0.7161545815590202,0.4637951948556824,0.46447266497124917,0.006375825357530562,9,1.5631246252682265,1.5418659386626126,0.4329933314541304
multiplicative:hypothesis:113:H0,59,23,same_pipeline_different_source,synthetic:multiplicative,synthetic:multiplicative,32x32,32x32,identity_residual,mean_8,ncc,20260808,multiplicative,113,H0,False,0.43984577946760584,0.43984577946760584,0.4666315067475225,0.46484131141114704,0.01330254181425189,9,0.9114676968022637,0.946227817257333,-0.05527191729804404
multiplicative:hypothesis:113:H1,23,23,same_pipeline_different_source,synthetic:multiplicative,synthetic:multiplicative,32x32,32x32,identity_residual,mean_8,ncc,20260808,multiplicative,113,H1,True,0.7193306779823226,0.7193306779823226,0.44930441821531414,0.4535262851607744,0.014580365904029446,9,1.7113371282329566,1.5860837651941628,0.461267937198908
multiplicative:hypothesis:114:H0,16,28,same_pipeline_different_source,synthetic:multiplicative,synthetic:multiplicative,32x32,32x32,identity_residual,mean_8,ncc,20260808,multiplicative,114,H0,False,0.4640151946780678,0.4640151946780678,0.46863914687995334,0.4653537660302026,0.01326600996325833,9,0.9694860470713339,0.9971235403045003,-0.002880604656139263
multiplicative:hypothesis:114:H1,28,28,same_pipeline_different_source,synthetic:multiplicative,synthetic:multiplicative,32x32,32x32,identity_residual,mean_8,ncc,20260808,multiplicative,114,H1,True,0.7450894823097748,0.7450894823097748,0.49449747000420224,0.49674243500919946,0.011764048178529884,9,1.4829403966452124,1.499951342582552,0.40543266930373334
multiplicative:hypothesis:115:H0,51,35,same_pipeline_different_source,synthetic:multiplicative,synthetic:multiplicative,32x32,32x32,identity_residual,mean_8,ncc,20260808,multiplicative,115,H0,False,0.48229522743747855,0.48229522743747855,0.478287301344994,0.48266128184084484,0.011873163457096492,9,1.0329897579600977,0.999241591531912,-0.0007586962052809065
multiplicative:hypothesis:115:H1,35,35,same_pipeline_different_source,synthetic:multiplicative,synthetic:multiplicative,32x32,32x32,identity_residual,mean_8,ncc,20260808,multiplicative,115,H1,True,0.7342560693317676,0.7342560693317676,0.49005459139191504,0.49067891635170585,0.011551144999612684,9,1.552620284049772,1.4964084350538347,0.40306786037374454
multiplicative:hypothesis:116:H0,30,62,same_pipeline_different_source,synthetic:multiplicative,synthetic:multiplicative,32x32,32x32,identity_residual,mean_8,ncc,20260808,multiplicative,116,H0,False,0.4724231539875168,0.4724231539875168,0.48966900807700525,0.4841097663794417,0.01548791666439081,9,0.9225838155531998,0.9758595814347504,-0.024436574400327316
multiplicative:hypothesis:116:H1,62,62,same_pipeline_different_source,synthetic:multiplicative,synthetic:multiplicative,32x32,32x32,identity_residual,mean_8,ncc,20260808,multiplicative,116,H1,True,0.7258007396364294,0.7258007396364294,0.46943901608334304,0.4726251213092602,0.009943393001035583,9,1.510502784478215,1.535679562749067,0.42897299495980856
multiplicative:hypothesis:117:H0,13,37,same_pipeline_different_source,synthetic:multiplicative,synthetic:multiplicative,32x32,32x32,identity_residual,mean_8,ncc,20260808,multiplicative,117,H0,False,0.4873259613815782,0.4873259613815782,0.4732498648864128,0.4715564620923489,0.003792324834195282,9,1.0108435240555207,1.033441380952046,0.032894379568401244
multiplicative:hypothesis:117:H1,37,37,same_pipeline_different_source,synthetic:multiplicative,synthetic:multiplicative,32x32,32x32,identity_residual,mean_8,ncc,20260808,multiplicative,117,H1,True,0.7314569219891108,0.7314569219891108,0.50308189609972,0.4992285574741067,0.0032039925907329514,9,1.4602278238764372,1.4651744397195248,0.3819743068614887
multiplicative:hypothesis:118:H0,41,1,same_pipeline_different_source,synthetic:multiplicative,synthetic:multiplicative,32x32,32x32,identity_residual,mean_8,ncc,20260808,multiplicative,118,H0,False,0.42278420421708335,0.42278420421708335,0.4482317977125427,0.446576654244008,0.007778086912800908,9,0.9436495965298777,0.9467225843518355,-0.054749170262148206
multiplicative:hypothesis:118:H1,1,1,same_pipeline_different_source,synthetic:multiplicative,synthetic:multiplicative,32x32,32x32,identity_residual,mean_8,ncc,20260808,multiplicative,118,H1,True,0.7274579042077345,0.7274579042077345,0.48657183982384544,0.4879493611062706,0.0034995128017207833,9,1.4628223839956738,1.4908471292153231,0.3993445014955059
multiplicative:hypothesis:119:H0,26,2,same_pipeline_different_source,synthetic:multiplicative,synthetic:multiplicative,32x32,32x32,identity_residual,mean_8,ncc,20260808,multiplicative,119,H0,False,0.509729668896057,0.509729668896057,0.4814249988879245,0.4861251261660072,0.013179001446349703,9,1.0208801423964877,1.04855651654177,0.04741447218829675
multiplicative:hypothesis:119:H1,2,2,same_pipeline_different_source,synthetic:multiplicative,synthetic:multiplicative,32x32,32x32,identity_residual,mean_8,ncc,20260808,multiplicative,119,H1,True,0.7208285188621066,0.7208285188621066,0.487503902813558,0.48788044583370754,0.00830137390988317,9,1.5030441507184908,1.4774695830047648,0.39033088328739957
multiplicative:hypothesis:120:H0,50,23,same_pipeline_different_source,synthetic:multiplicative,synthetic:multiplicative,32x32,32x32,identity_residual,mean_8,ncc,20260808,multiplicative,120,H0,False,0.44782243267634747,0.44782243267634747,0.5013666007745786,0.5063531450636016,0.01325369940609089,9,0.8663374047820016,0.8844073292367873,-0.12283754279122716
multiplicative:hypothesis:120:H1,23,23,same_pipeline_different_source,synthetic:multiplicative,synthetic:multiplicative,32x32,32x32,identity_residual,mean_8,ncc,20260808,multiplicative,120,H1,True,0.7211551418879676,0.7211551418879676,0.4819989188397769,0.47913372116742375,0.006606234835399294,9,1.538197134135894,1.5051229125156362,0.4088745643116769
multiplicative:hypothesis:121:H0,3,21,same_pipeline_different_source,synthetic:multiplicative,synthetic:multiplicative,32x32,32x32,identity_residual,mean_8,ncc,20260808,multiplicative,121,H0,False,0.47260374554445217,0.47260374554445217,0.4808678904651838,0.4724181105422248,0.008580690889342157,9,0.9178337437845586,1.0003929464135366,0.00039286923031334187
multiplicative:hypothesis:121:H1,21,21,same_pipeline_different_source,synthetic:multiplicative,synthetic:multiplicative,32x32,32x32,identity_residual,mean_8,ncc,20260808,multiplicative,121,H1,True,0.7280562115832921,0.7280562115832921,0.47240924427683484,0.4726118451047141,0.005060378071175653,9,1.6091335287685864,1.5404950576767296,0.43210383079025677
multiplicative:hypothesis:122:H0,31,12,same_pipeline_different_source,synthetic:multiplicative,synthetic:multiplicative,32x32,32x32,identity_residual,mean_8,ncc,20260808,multiplicative,122,H0,False,0.46593441388583623,0.46593441388583623,0.4668770702999703,0.46106411879931575,0.02131270264127899,9,1.0403903840704245,1.0105631622326272,0.01050776182858737
multiplicative:hypothesis:122:H1,12,12,same_pipeline_different_source,synthetic:multiplicative,synthetic:multiplicative,32x32,32x32,identity_residual,mean_8,ncc,20260808,multiplicative,122,H1,True,0.7338482835190878,0.7338482835190878,0.491334151879203,0.4902628517068684,0.013725614433347688,9,1.4871859675448584,1.4968466017038975,0.4033606297153556
multiplicative:hypothesis:123:H0,62,28,same_pipeline_different_source,synthetic:multiplicative,synthetic:multiplicative,32x32,32x32,identity_residual,mean_8,ncc,20260808,multiplicative,123,H0,False,0.4616773948359684,0.4616773948359684,0.4643949459080733,0.4659825724614538,0.01014790142497718,9,0.9907610758858552,0.9907610758858552,-0.00928186767975292
multiplicative:hypothesis:123:H1,28,28,same_pipeline_different_source,synthetic:multiplicative,synthetic:multiplicative,32x32,32x32,identity_residual,mean_8,ncc,20260808,multiplicative,123,H1,True,0.7399950138693212,0.7399950138693212,0.48585023158032903,0.4801645824632313,0.006409823278715587,9,1.5411278567718736,1.5411278567718736,0.4325145228973744
multiplicative:hypothesis:124:H0,17,24,same_pipeline_different_source,synthetic:multiplicative,synthetic:multiplicative,32x32,32x32,identity_residual,mean_8,ncc,20260808,multiplicative,124,H0,False,0.47803427040090696,0.47803427040090696,0.4850549976799011,0.48498448543367817,0.017064963430614533,9,1.0492607363548578,0.9856692013012411,-0.014434476308440303
multiplicative:hypothesis:124:H1,24,24,same_pipeline_different_source,synthetic:multiplicative,synthetic:multiplicative,32x32,32x32,identity_residual,mean_8,ncc,20260808,multiplicative,124,H1,True,0.7072199853734511,0.7072199853734511,0.4773605560398307,0.47420566252379076,0.009790070148601115,9,1.4270122218328474,1.491378195716864,0.399700656010535
multiplicative:hypothesis:125:H0,24,16,same_pipeline_different_source,synthetic:multiplicative,synthetic:multiplicative,32x32,32x32,identity_residual,mean_8,ncc,20260808,multiplicative,125,H0,False,0.5346248043409069,0.5346248043409069,0.48873466557194944,0.49362547281009456,0.006102521090363244,9,1.076253387702483,1.0830575685193324,0.07978812313364159
multiplicative:hypothesis:125:H1,16,16,same_pipeline_different_source,synthetic:multiplicative,synthetic:multiplicative,32x32,32x32,identity_residual,mean_8,ncc,20260808,multiplicative,125,H1,True,0.7143360456457881,0.7143360456457881,0.4686278698930123,0.4628883810888027,0.006564894547361588,9,1.5253563662819134,1.5432144655813829,0.433867556322177
multiplicative:hypothesis:126:H0,53,27,same_pipeline_different_source,synthetic:multiplicative,synthetic:multiplicative,32x32,32x32,identity_residual,mean_8,ncc,20260808,multiplicative,126,H0,False,0.446460273276748,0.446460273276748,0.4722744370974766,0.47280092735785256,0.009329069232768106,9,0.9404893933839549,0.944288065955573,-0.05732400477288124
multiplicative:hypothesis:126:H1,27,27,same_pipeline_different_source,synthetic:multiplicative,synthetic:multiplicative,32x32,32x32,identity_residual,mean_8,ncc,20260808,multiplicative,126,H1,True,0.7289728966402275,0.7289728966402275,0.48715011956384885,0.48190060023670894,0.016910054844897215,9,1.5127038569409479,1.5127038569409479,0.41389868328921664
multiplicative:hypothesis:127:H0,42,24,same_pipeline_different_source,synthetic:multiplicative,synthetic:multiplicative,32x32,32x32,identity_residual,mean_8,ncc,20260808,multiplicative,127,H0,False,0.5372384873606612,0.5372384873606612,0.48760041870161686,0.4914960240979959,0.009627027608865912,9,1.1521240587536123,1.093067819514131,0.08898825623022288
multiplicative:hypothesis:127:H1,24,24,same_pipeline_different_source,synthetic:multiplicative,synthetic:multiplicative,32x32,32x32,identity_residual,mean_8,ncc,20260808,multiplicative,127,H1,True,0.7321809253416345,0.7321809253416345,0.4632786565130058,0.4686893368039508,0.01481233370109264,9,1.5021912982304284,1.5621881443569094,0.44608749509658363
multiplicative:hypothesis:128:H0,13,62,same_pipeline_different_source,synthetic:multiplicative,synthetic:multiplicative,32x32,32x32,identity_residual,mean_8,ncc,20260808,multiplicative,128,H0,False,0.4558792116916457,0.4558792116916457,0.47530263943012613,0.4793087796781073,0.010118219887931379,9,0.9902741444429143,0.9511180078900362,-0.05011713592260614
multiplicative:hypothesis:128:H1,62,62,same_pipeline_different_source,synthetic:multiplicative,synthetic:multiplicative,32x32,32x32,identity_residual,mean_8,ncc,20260808,multiplicative,128,H1,True,0.7085123674476888,0.7085123674476888,0.46578104509060453,0.4649595139861856,0.015766733114368103,9,1.5773013227696353,1.5238151841941647,0.4212171796968249
multiplicative:hypothesis:129:H0,30,17,same_pipeline_different_source,synthetic:multiplicative,synthetic:multiplicative,32x32,32x32,identity_residual,mean_8,ncc,20260808,multiplicative,129,H0,False,0.45262000618603104,0.45262000618603104,0.45943279985236285,0.4569805272794747,0.020321637560300643,9,0.9994661416335455,0.9904579717665368,-0.009587845074874535
multiplicative:hypothesis:129:H1,17,17,same_pipeline_different_source,synthetic:multiplicative,synthetic:multiplicative,32x32,32x32,identity_residual,mean_8,ncc,20260808,multiplicative,129,H1,True,0.7078609275309462,0.7078609275309462,0.4840921037177766,0.4880239436873349,0.005308121752225281,9,1.5199314943452158,1.450463520667862,0.37188317477521
multiplicative:hypothesis:130:H0,17,57,same_pipeline_different_source,synthetic:multiplicative,synthetic:multiplicative,32x32,32x32,identity_residual,mean_8,ncc,20260808,multiplicative,130,H0,False,0.4666660257676058,0.4666660257676058,0.47269927673134227,0.46511744060042276,0.007139824619288748,9,0.9559991057411558,1.0033294497948388,0.0033239194488104973
multiplicative:hypothesis:130:H1,57,57,same_pipeline_different_source,synthetic:multiplicative,synthetic:multiplicative,32x32,32x32,identity_residual,mean_8,ncc,20260808,multiplicative,130,H1,True,0.7048417553433337,0.7048417553433337,0.457893008770133,0.45752526024705614,0.008848878945233396,9,1.468354609656442,1.5405526570548929,0.43214122026520363
multiplicative:hypothesis:131:H0,5,46,same_pipeline_different_source,synthetic:multiplicative,synthetic:multiplicative,32x32,32x32,identity_residual,mean_8,ncc,20260808,multiplicative,131,H0,False,0.5021217903635852,0.5021217903635852,0.48518142845127543,0.4832890395870734,0.011274456062966176,9,1.0607094812468796,1.0389678830552471,0.038227800239175935
multiplicative:hypothesis:131:H1,46,46,same_pipeline_different_source,synthetic:multiplicative,synthetic:multiplicative,32x32,32x32,identity_residual,mean_8,ncc,20260808,multiplicative,131,H1,True,0.7113190517214292,0.7113190517214292,0.46719492067683877,0.47292264019671737,0.013527189909601112,9,1.4128530069513299,1.5040917715961921,0.40818924201463636
multiplicative:hypothesis:132:H0,52,20,same_pipeline_different_source,synthetic:multiplicative,synthetic:multiplicative,32x32,32x32,identity_residual,mean_8,ncc,20260808,multiplicative,132,H0,False,0.4596694182028517,0.4596694182028517,0.48628223900793127,0.48757896279542196,0.009093465879725038,9,0.8957581693835067,0.9427589237391266,-0.05894467724102681
multiplicative:hypothesis:132:H1,20,20,same_pipeline_different_source,synthetic:multiplicative,synthetic:multiplicative,32x32,32x32,identity_residual,mean_8,ncc,20260808,multiplicative,132,H1,True,0.7286089235447974,0.7286089235447974,0.49024446286647194,0.48755013193656976,0.01883657939453981,9,1.417421823416344,1.494428728079166,0.4017440121293774
multiplicative:hypothesis:133:H0,26,61,same_pipeline_different_source,synthetic:multiplicative,synthetic:multiplicative,32x32,32x32,identity_residual,mean_8,ncc,20260808,multiplicative,133,H0,False,0.4690170207188275,0.4690170207188275,0.4807879206343867,0.48386678885967815,0.017257726592996847,9,1.0051605479766057,0.9693102141276385,-0.031170579906124485
multiplicative:hypothesis:133:H1,61,61,same_pipeline_different_source,synthetic:multiplicative,synthetic:multiplicative,32x32,32x32,identity_residual,mean_8,ncc,20260808,multiplicative,133,H1,True,0.7202676003886712,0.7202676003886712,0.4873039001364291,0.4799899393559796,0.013615511927791146,9,1.6237943656454086,1.500588952666552,0.40585766615820434
multiplicative:hypothesis:134:H0,31,62,same_pipeline_different_source,synthetic:multiplicative,synthetic:multiplicative,32x32,32x32,identity_residual,mean_8,ncc,20260808,multiplicative,134,H0,False,0.49128573535378905,0.49128573535378905,0.4770882535784629,0.4700195676216417,0.028364065848015707,9,1.1123731808634898,1.045245281679988,0.04425157718549988
multiplicative:hypothesis:134:H1,62,62,same_pipeline_different_source,synthetic:multiplicative,synthetic:multiplicative,32x32,32x32,identity_residual,mean_8,ncc,20260808,multiplicative,134,H1,True,0.7069100189792965,0.7069100189792965,0.460528463335643,0.45812768512414936,0.012831661011565854,9,1.5430414749716095,1.5430414749716095,0.43375545245698455
multiplicative:hypothesis:135:H0,11,26,same_pipeline_different_source,synthetic:multiplicative,synthetic:multiplicative,32x32,32x32,identity_residual,mean_8,ncc,20260808,multiplicative,135,H0,False,0.5120671526809647,0.5120671526809647,0.4916601572409396,0.4928691626679361,0.003973311164208682,9,1.0460810234212303,1.0389514935548179,0.03821202532450507
multiplicative:hypothesis:135:H1,26,26,same_pipeline_different_source,synthetic:multiplicative,synthetic:multiplicative,32x32,32x32,identity_residual,mean_8,ncc,20260808,multiplicative,135,H1,True,0.7202752931582159,0.7202752931582159,0.4834434893847347,0.4858621944236887,0.005082682981973785,9,1.454451840857237,1.4824682830335856,0.39370845741709615
multiplicative:hypothesis:136:H0,10,48,same_pipeline_different_source,synthetic:multiplicative,synthetic:multiplicative,32x32,32x32,identity_residual,mean_8,ncc,20260808,multiplicative,136,H0,False,0.47632063141968367,0.47632063141968367,0.510077870053696,0.5149340793621867,0.0016637114804541886,9,0.9237593195377979,0.9250128327293256,-0.07794766834505162
multiplicative:hypothesis:136:H1,48,48,same_pipeline_different_source,synthetic:multiplicative,synthetic:multiplicative,32x32,32x32,identity_residual,mean_8,ncc,20260808,multiplicative,136,H1,True,0.727473129731614,0.727473129731614,0.47799178650708285,0.47544470513624937,0.01069332405879525,9,1.5185195053568674,1.5300898755895078,0.4253264758944523
multiplicative:hypothesis:137:H0,33,3,same_pipeline_different_source,synthetic:multiplicative,synthetic:multiplicative,32x32,32x32,identity_residual,mean_8,ncc,20260808,multiplicative,137,H0,False,0.47077146714968326,0.47077146714968326,0.4886681576224712,0.4875052505623955,0.014745801251732138,9,0.9962957285116976,0.9656746601325671,-0.03492829224939786
multiplicative:hypothesis:137:H1,3,3,same_pipeline_different_source,synthetic:multiplicative,synthetic:multiplicative,32x32,32x32,identity_residual,mean_8,ncc,20260808,multiplicative,137,H1,True,0.7407608613957961,0.7407608613957961,0.48639751479285853,0.48811382635982054,0.003937124638472678,9,1.517598603834125,1.517598603834125,0.4171292196554588
multiplicative:hypothesis:138:H0,11,1,same_pipeline_different_source,synthetic:multiplicative,synthetic:multiplicative,32x32,32x32,identity_residual,mean_8,ncc,20260808,multiplicative,138,H0,False,0.4689010025480628,0.4689010025480628,0.47669655821207285,0.477397270237125,0.012951582616603396,9,0.9685257215908027,0.9822029403627672,-0.0179573317317413
multiplicative:hypothesis:138:H1,1,1,same_pipeline_different_source,synthetic:multiplicative,synthetic:multiplicative,32x32,32x32,identity_residual,mean_8,ncc,20260808,multiplicative,138,H1,True,0.732146518496713,0.732146518496713,0.5000719117421946,0.4967968257182604,0.006913730738263457,9,1.5439083265115092,1.4737342925615275,0.3877995146694918
multiplicative:hypothesis:139:H0,46,10,same_pipeline_different_source,synthetic:multiplicative,synthetic:multiplicative,32x32,32x32,identity_residual,mean_8,ncc,20260808,multiplicative,139,H0,False,0.46948053167302883,0.46948053167302883,0.4576989273015969,0.45477128554505436,0.011718911049599157,9,1.023482888485529,1.0323442719351665,0.031832208264719886
multiplicative:hypothesis:139:H1,10,10,same_pipeline_different_source,synthetic:multiplicative,synthetic:multiplicative,32x32,32x32,identity_residual,mean_8,ncc,20260808,multiplicative,139,H1,True,0.7363328581941333,0.7363328581941333,0.49924120597925753,0.4883459531784545,0.0049021325021435525,9,1.4398363438642883,1.5078098905123063,0.41065819433908274
multiplicative:hypothesis:140:H0,38,63,same_pipeline_different_source,synthetic:multiplicative,synthetic:multiplicative,32x32,32x32,identity_residual,mean_8,ncc,20260808,multiplicative,140,H0,False,0.44402359805857744,0.44402359805857744,0.48223746612947743,0.48715122002342326,0.014531770242996567,9,0.8703606311091611,0.9114697445225075,-0.09269687847794439
multiplicative:hypothesis:140:H1,63,63,same_pipeline_different_source,synthetic:multiplicative,synthetic:multiplicative,32x32,32x32,identity_residual,mean_8,ncc,20260808,multiplicative,140,H1,True,0.7411693354700254,0.7411693354700254,0.4778125054649811,0.47894237572728526,0.01657594698151227,9,1.4548824407054428,1.547512546461445,0.4366488331117254
multiplicative:hypothesis:141:H0,4,46,same_pipeline_different_source,synthetic:multiplicative,synthetic:multiplicative,32x32,32x32,identity_residual,mean_8,ncc,20260808,multiplicative,141,H0,False,0.5126658622355956,0.5126658622355956,0.505952037696881,0.5065474839260747,0.008790405139209423,9,1.0334862720275955,1.0120785878988074,0.012006223876690258
multiplicative:hypothesis:141:H1,46,46,same_pipeline_different_source,synthetic:multiplicative,synthetic:multiplicative,32x32,32x32,identity_residual,mean_8,ncc,20260808,multiplicative,141,H1,True,0.7303508622940446,0.7303508622940446,0.49820679203605944,0.49807013868069216,0.011568933911152712,9,1.5012313538668813,1.4663614731624481,0.3827841441229613
multiplicative:hypothesis:142:H0,58,37,same_pipeline_different_source,synthetic:multiplicative,synthetic:multiplicative,32x32,32x32,identity_residual,mean_8,ncc,20260808,multiplicative,142,H0,False,0.48304816158449604,0.48304816158449604,0.46292550810983113,0.46675107193853005,0.010112986811804114,9,1.0129682720278141,1.0349160197496285,0.03432028308675383
multiplicative:hypothesis:142:H1,37,37,same_pipeline_different_source,synthetic:multiplicative,synthetic:multiplicative,32x32,32x32,identity_residual,mean_8,ncc,20260808,multiplicative,142,H1,True,0.7178922373231571,0.7178922373231571,0.4563724839006359,0.45296950877596703,0.020838836701856767,9,1.4834723427369252,1.5848577518232414,0.4604946568180279
multiplicative:hypothesis:143:H0,62,26,same_pipeline_different_source,synthetic:multiplicative,synthetic:multiplicative,32x32,32x32,identity_residual,mean_8,ncc,20260808,multiplicative,143,H0,False,0.4525125836232878,0.4525125836232878,0.46697770170560765,0.46635187294149216,0.008284098365309467,9,0.9703243620939834,0.9703243620939834,-0.030124869470568694
multiplicative:hypothesis:143:H1,26,26,same_pipeline_different_source,synthetic:multiplicative,synthetic:multiplicative,32x32,32x32,identity_residual,mean_8,ncc,20260808,multiplicative,143,H1,True,0.7304109694491409,0.7304109694491409,0.47966185449955234,0.47744783731889606,0.016694661864024685,9,1.5360049490552525,1.529823600313611,0.4251524348448176
multiplicative:hypothesis:144:H0,23,56,same_pipeline_different_source,synthetic:multiplicative,synthetic:multiplicative,32x32,32x32,identity_residual,mean_8,ncc,20260808,multiplicative,144,H0,False,0.46998566205431586,0.46998566205431586,0.4781941821940584,0.4792039578389397,0.004032665703955107,9,0.9382424813321878,0.9807633145890625,-0.019424118058996243
multiplicative:hypothesis:144:H1,56,56,same_pipeline_different_source,synthetic:multiplicative,synthetic:multiplicative,32x32,32x32,identity_residual,mean_8,ncc,20260808,multiplicative,144,H1,True,0.7064385711356176,0.7064385711356176,0.47976483284423144,0.4861952505008283,0.00759845101481571,9,1.5214441133467915,1.4529935666955145,0.3736259569771839
multiplicative:hypothesis:145:H0,52,40,same_pipeline_different_source,synthetic:multiplicative,synthetic:multiplicative,32x32,32x32,identity_residual,mean_8,ncc,20260808,multiplicative,145,H0,False,0.5032874196438756,0.5032874196438756,0.49316642715286435,0.4948200633218817,0.009854262711015804,9,1.0171119907005182,1.0171119907005182,0.01696722968671449
multiplicative:hypothesis:145:H1,40,40,same_pipeline_different_source,synthetic:multiplicative,synthetic:multiplicative,32x32,32x32,identity_residual,mean_8,ncc,20260808,multiplicative,145,H1,True,0.7221335412918166,0.7221335412918166,0.49841114884623255,0.5003766851816376,0.011765981055443242,9,1.410024176656914,1.4431798336680712,0.36684889688329975
multiplicative:hypothesis:146:H0,11,10,same_pipeline_different_source,synthetic:multiplicative,synthetic:multiplicative,32x32,32x32,identity_residual,mean_8,ncc,20260808,multiplicative,146,H0,False,0.4818813080578998,0.4818813080578998,0.4739367430566601,0.46815229163209365,0.016524425310572577,9,0.9722414216283828,1.029325962237509,0.028904182430090408
multiplicative:hypothesis:146:H1,10,10,same_pipeline_different_source,synthetic:multiplicative,synthetic:multiplicative,32x32,32x32,identity_residual,mean_8,ncc,20260808,multiplicative,146,H1,True,0.7101374971482733,0.7101374971482733,0.4694948100816921,0.47054763706938585,0.011617914077085456,9,1.5461282973435537,1.5091723795938605,0.41156140758476895
multiplicative:hypothesis:147:H0,48,43,same_pipeline_different_source,synthetic:multiplicative,synthetic:multiplicative,32x32,32x32,identity_residual,mean_8,ncc,20260808,multiplicative,147,H0,False,0.48548869530397254,0.48548869530397254,0.4702220422571171,0.47806158671604815,0.004338516087230793,9,1.0064025535706678,1.0155358823931944,0.015416436119309096
multiplicative:hypothesis:147:H1,43,43,same_pipeline_different_source,synthetic:multiplicative,synthetic:multiplicative,32x32,32x32,identity_residual,mean_8,ncc,20260808,multiplicative,147,H1,True,0.7305557756930298,0.7305557756930298,0.48485667411927874,0.47905871521734905,0.015703134993951318,9,1.4425176966366027,1.5249817036760858,0.4219824123979513
multiplicative:hypothesis:148:H0,61,8,same_pipeline_different_source,synthetic:multiplicative,synthetic:multiplicative,32x32,32x32,identity_residual,mean_8,ncc,20260808,multiplicative,148,H0,False,0.48839700751865994,0.48839700751865994,0.4650799161352402,0.46867102501037045,0.014993124264558677,9,1.0097854229031156,1.0420891872030131,0.04122753199370954
multiplicative:hypothesis:148:H1,8,8,same_pipeline_different_source,synthetic:multiplicative,synthetic:multiplicative,32x32,32x32,identity_residual,mean_8,ncc,20260808,multiplicative,148,H1,True,0.7517759643233941,0.7517759643233941,0.4999982924904237,0.4976106604213565,0.011340163014682103,9,1.5107714205455742,1.5107714205455742,0.4126203949083592
multiplicative:hypothesis:149:H0,17,36,same_pipeline_different_source,synthetic:multiplicative,synthetic:multiplicative,32x32,32x32,identity_residual,mean_8,ncc,20260808,multiplicative,149,H0,False,0.4426252770603656,0.4426252770603656,0.46762795047598144,0.4636569474317181,0.014843443921308541,9,1.0106213389097713,0.9546395875488315,-0.04642140496973712
multiplicative:hypothesis:149:H1,36,36,same_pipeline_different_source,synthetic:multiplicative,synthetic:multiplicative,32x32,32x32,identity_residual,mean_8,ncc,20260808,multiplicative,149,H1,True,0.7075370455399043,0.7075370455399043,0.4669558033940285,0.47163120912345735,0.012619962079798819,9,1.4718057464830576,1.5001913186680031,0.40559264575356196
multiplicative:hypothesis:150:H0,55,36,same_pipeline_different_source,synthetic:multiplicative,synthetic:multiplicative,32x32,32x32,identity_residual,mean_8,ncc,20260808,multiplicative,150,H0,False,0.47323666824269395,0.47323666824269395,0.4816393510125001,0.48232854871285813,0.01894419285751403,9,0.9440702216524928,0.9811500262747731,-0.01902989912723796
multiplicative:hypothesis:150:H1,36,36,same_pipeline_different_source,synthetic:multiplicative,synthetic:multiplicative,32x32,32x32,identity_residual,mean_8,ncc,20260808,multiplicative,150,H1,True,0.6977267986699993,0.6977267986699993,0.4556325597508246,0.4552769031264995,0.012604920580015944,9,1.491245787542405,1.5325328253608654,0.42692180808390273
multiplicative:hypothesis:151:H0,16,53,same_pipeline_different_source,synthetic:multiplicative,synthetic:multiplicative,32x32,32x32,identity_residual,mean_8,ncc,20260808,multiplicative,151,H0,False,0.5031793648251954,0.5031793648251954,0.4877299217934733,0.49102039049364976,0.01594107976958159,9,0.9651704752641521,1.0247626668198475,0.02446104121378745
multiplicative:hypothesis:151:H1,53,53,same_pipeline_different_source,synthetic:multiplicative,synthetic:multiplicative,32x32,32x32,identity_residual,mean_8,ncc,20260808,multiplicative,151,H1,True,0.6964178498054452,0.6964178498054452,0.4677046993771364,0.4647040465883833,0.00868512165804941,9,1.47113178019086,1.4986266095984848,0.40454909509530634
multiplicative:hypothesis:152:H0,47,52,same_pipeline_different_source,synthetic:multiplicative,synthetic:multiplicative,32x32,32x32,identity_residual,mean_8,ncc,20260808,multiplicative,152,H0,False,0.46379833565326617,0.46379833565326617,0.4958978394283274,0.48933479651842876,0.0122344596557879,9,0.938366754277445,0.9478139281186375,-0.05359707434810024
multiplicative:hypothesis:152:H1,52,52,same_pipeline_different_source,synthetic:multiplicative,synthetic:multiplicative,32x32,32x32,identity_residual,mean_8,ncc,20260808,multiplicative,152,H1,True,0.7215918547200466,0.7215918547200466,0.47351844668495,0.46977796206144934,0.01304974334212139,9,1.494512114040567,1.5360274704109231,0.4291995189476681
multiplicative:hypothesis:153:H0,55,16,same_pipeline_different_source,synthetic:multiplicative,synthetic:multiplicative,32x32,32x32,identity_residual,mean_8,ncc,20260808,multiplicative,153,H0,False,0.4607674974746518,0.4607674974746518,0.4679664349561996,0.47073922474003993,0.015757906663491583,9,0.9879471866577373,0.9788168762208102,-0.021410705816436115
multiplicative:hypothesis:153:H1,16,16,same_pipeline_different_source,synthetic:multiplicative,synthetic:multiplicative,32x32,32x32,identity_residual,mean_8,ncc,20260808,multiplicative,153,H1,True,0.7132083034362161,0.7132083034362161,0.4684567508345625,0.46312049277834083,0.0023078905659329463,9,1.5318537519752486,1.5400059262278696,0.43178626461804875
multiplicative:hypothesis:154:H0,5,0,same_pipeline_different_source,synthetic:multiplicative,synthetic:multiplicative,32x32,32x32,identity_residual,mean_8,ncc,20260808,multiplicative,154,H0,False,0.5014229276574109,0.5014229276574109,0.4543584972917196,0.4523730366729645,0.012759099300030052,9,1.0621737680275938,1.108427972067456,0.10294277012587094
multiplicative:hypothesis:154:H1,0,0,same_pipeline_different_source,synthetic:multiplicative,synthetic:multiplicative,32x32,32x32,identity_residual,mean_8,ncc,20260808,multiplicative,154,H1,True,0.7234171388138634,0.7234171388138634,0.48954050890543144,0.4902114285536312,0.005624895653607187,9,1.477521698824559,1.475724751967341,0.38914922638132426
multiplicative:hypothesis:155:H0,4,18,same_pipeline_different_source,synthetic:multiplicative,synthetic:multiplicative,32x32,32x32,identity_residual,mean_8,ncc,20260808,multiplicative,155,H0,False,0.4729973210457134,0.4729973210457134,0.48639081914912236,0.49388114329666766,0.011080205163883583,9,0.9814832197120182,0.9577148823468856,-0.043205162900158856
multiplicative:hypothesis:155:H1,18,18,same_pipeline_different_source,synthetic:multiplicative,synthetic:multiplicative,32x32,32x32,identity_residual,mean_8,ncc,20260808,multiplicative,155,H1,True,0.7291857422848752,0.7291857422848752,0.4884843086115043,0.48789693350059193,0.006465871386514721,9,1.548325590321547,1.4945487298988949,0.40182430836545185
multiplicative:hypothesis:156:H0,50,57,same_pipeline_different_source,synthetic:multiplicative,synthetic:multiplicative,32x32,32x32,identity_residual,mean_8,ncc,20260808,multiplicative,156,H0,False,0.4251781396569617,0.4251781396569617,0.46408350308257273,0.46522292690327444,0.01975716010517653,9,0.8868069011464536,0.9139234441585495,-0.09000847016229196
multiplicative:hypothesis:156:H1,57,57,same_pipeline_different_source,synthetic:multiplicative,synthetic:multiplicative,32x32,32x32,identity_residual,mean_8,ncc,20260808,multiplicative,156,H1,True,0.7375488104363748,0.7375488104363748,0.488093862714402,0.4911310045245517,0.014819976048916383,9,1.4311543013818422,1.5017353896245509,0.40662136580089153
multiplicative:hypothesis:157:H0,44,57,same_pipeline_different_source,synthetic:multiplicative,synthetic:multiplicative,32x32,32x32,identity_residual,mean_8,ncc,20260808,multiplicative,157,H0,False,0.47311559391761615,0.47311559391761615,0.49405104598317845,0.4914744137767243,0.012912412908322124,9,0.9990231471994512,0.9626454209120874,-0.03807013757072908
multiplicative:hypothesis:157:H1,57,57,same_pipeline_different_source,synthetic:multiplicative,synthetic:multiplicative,32x32,32x32,identity_residual,mean_8,ncc,20260808,multiplicative,157,H1,True,0.7349671343515268,0.7349671343515268,0.48524805115522196,0.48749772320400825,0.015086658048800272,9,1.4584694316592355,1.5076319321474194,0.41054016296884965
multiplicative:hypothesis:158:H0,8,0,same_pipeline_different_source,synthetic:multiplicative,synthetic:multiplicative,32x32,32x32,identity_residual,mean_8,ncc,20260808,multiplicative,158,H0,False,0.518376877585798,0.518376877585798,0.48497957657900426,0.48741607160485284,0.01827585074697574,9,1.0250843540766388,1.063520281305055,0.061584425814875
multiplicative:hypothesis:158:H1,0,0,same_pipeline_different_source,synthetic:multiplicative,synthetic:multiplicative,32x32,32x32,identity_residual,mean_8,ncc,20260808,multiplicative,158,H1,True,0.7396799486033004,0.7396799486033004,0.48991830941409287,0.4903213325335988,0.012725699884889696,9,1.5085616299442053,1.5085616299442053,0.41115663389957086
multiplicative:hypothesis:159:H0,27,54,same_pipeline_different_source,synthetic:multiplicative,synthetic:multiplicative,32x32,32x32,identity_residual,mean_8,ncc,20260808,multiplicative,159,H0,False,0.47367509192298796,0.47367509192298796,0.46372404256090033,0.4703697227655093,0.013021949952946144,9,1.0402633396584835,1.0070271724507371,0.007002596938151973
multiplicative:hypothesis:159:H1,54,54,same_pipeline_different_source,synthetic:multiplicative,synthetic:multiplicative,32x32,32x32,identity_residual,mean_8,ncc,20260808,multiplicative,159,H1,True,0.7258874731531092,0.7258874731531092,0.4612559995085321,0.45866351913116044,0.008819232396736598,9,1.6024356211716542,1.5826143629825786,0.45907813971260897
multiplicative:hypothesis:160:H0,36,47,same_pipeline_different_source,synthetic:multiplicative,synthetic:multiplicative,32x32,32x32,identity_residual,mean_8,ncc,20260808,multiplicative,160,H0,False,0.4741535955752949,0.4741535955752949,0.4774701124266316,0.47802277329869763,0.010577864177877871,9,0.9650692606503021,0.9919058715619287,-0.008127063737749962
multiplicative:hypothesis:160:H1,47,47,same_pipeline_different_source,synthetic:multiplicative,synthetic:multiplicative,32x32,32x32,identity_residual,mean_8,ncc,20260808,multiplicative,160,H1,True,0.7299077858983699,0.7299077858983699,0.48284588022574504,0.483841350492625,0.011197909217258273,9,1.4744442417074777,1.5085684287942966,0.41116114073219595
multiplicative:hypothesis:161:H0,19,0,same_pipeline_different_source,synthetic:multiplicative,synthetic:multiplicative,32x32,32x32,identity_residual,mean_8,ncc,20260808,multiplicative,161,H0,False,0.4695569575668714,0.4695569575668714,0.47443831167356837,0.4740329410558115,0.007156675803390022,9,1.005741761819913,0.9905576530631589,-0.009487208517083956
multiplicative:hypothesis:161:H1,0,0,same_pipeline_different_source,synthetic:multiplicative,synthetic:multiplicative,32x32,32x32,identity_residual,mean_8,ncc,20260808,multiplicative,161,H1,True,0.7448862736990228,0.7448862736990228,0.49661506301203534,0.48937321483171436,0.0219596918852778,9,1.5967788880168994,1.5221230977162783,0.4201061350889958
multiplicative:hypothesis:162:H0,25,8,same_pipeline_different_source,synthetic:multiplicative,synthetic:multiplicative,32x32,32x32,identity_residual,mean_8,ncc,20260808,multiplicative,162,H0,False,0.489912188513687,0.489912188513687,0.4820470382018302,0.4836347248428126,0.008693004759613765,9,1.0580882491685089,1.0129797620981715,0.012896246881561768
multiplicative:hypothesis:162:H1,8,8,same_pipeline_different_source,synthetic:multiplicative,synthetic:multiplicative,32x32,32x32,identity_residual,mean_8,ncc,20260808,multiplicative,162,H1,True,0.7028910775270661,0.7028910775270661,0.46731849661549163,0.471893402436172,0.013523701509629171,9,1.533458856696354,1.4895124066120817,0.3984488225168947
multiplicative:hypothesis:163:H0,12,47,same_pipeline_different_source,synthetic:multiplicative,synthetic:multiplicative,32x32,32x32,identity_residual,mean_8,ncc,20260808,multiplicative,163,H0,False,0.498832091884217,0.498832091884217,0.47619099369867396,0.47179843821683703,0.020528829758457268,9,1.0757289056118342,1.0572991588729155,0.05571769321352815
multiplicative:hypothesis:163:H1,47,47,same_pipeline_different_source,synthetic:multiplicative,synthetic:multiplicative,32x32,32x32,identity_residual,mean_8,ncc,20260808,multiplicative,163,H1,True,0.713476001019685,0.713476001019685,0.48722343784981426,0.49087210187777924,0.009440588123783733,9,1.453486556458104,1.453486556458104,0.3739651918911889
multiplicative:hypothesis:164:H0,52,4,same_pipeline_different_source,synthetic:multiplicative,synthetic:multiplicative,32x32,32x32,identity_residual,mean_8,ncc,20260808,multiplicative,164,H0,False,0.478297162313397,0.478297162313397,0.48162928356041285,0.4875189127273739,0.008751666602740849,9,0.9487621043990256,0.9810843227345032,-0.019096867214232982
multiplicative:hypothesis:164:H1,4,4,same_pipeline_different_source,synthetic:multiplicative,synthetic:multiplicative,32x32,32x32,identity_residual,mean_8,ncc,20260808,multiplicative,164,H1,True,0.7245833216669707,0.7245833216669707,0.5061810560211922,0.5139076048302661,0.012609101215579233,9,1.4454128955946521,1.4099486266724672,0.34355326874224096
multiplicative:hypothesis:165:H0,27,36,same_pipeline_different_source,synthetic:multiplicative,synthetic:multiplicative,32x32,32x32,identity_residual,mean_8,ncc,20260808,multiplicative,165,H0,False,0.43656291858423446,0.43656291858423446,0.4750461640724575,0.47546125254561644,0.016773815799574376,9,0.8868992614684759,0.9181882145955731,-0.0853528825842037
multiplicative:hypothesis:165:H1,36,36,same_pipeline_different_source,synthetic:multiplicative,synthetic:multiplicative,32x32,32x32,identity_residual,mean_8,ncc,20260808,multiplicative,165,H1,True,0.7291972743160677,0.7291972743160677,0.4747812722883069,0.4736063777271299,0.012748987880586427,9,1.4925772784846858,1.539669456766052,0.4315677549238036
multiplicative:hypothesis:166:H0,15,45,same_pipeline_different_source,synthetic:multiplicative,synthetic:multiplicative,32x32,32x32,identity_residual,mean_8,ncc,20260808,multiplicative,166,H0,False,0.49090790134279616,0.49090790134279616,0.4805285164913222,0.48262857546639565,0.012278178108203641,9,0.9919199885576013,1.0171546532825986,0.017009173629720098
multiplicative:hypothesis:166:H1,45,45,same_pipeline_different_source,synthetic:multiplicative,synthetic:multiplicative,32x32,32x32,identity_residual,mean_8,ncc,20260808,multiplicative,166,H1,True,0.7196401574795745,0.7196401574795745,0.4856605749173709,0.49101717123494887,0.007613804520570477,9,1.465610979896324,1.465610979896324,0.38227220665115325
multiplicative:hypothesis:167:H0,46,52,same_pipeline_different_source,synthetic:multiplicative,synthetic:multiplicative,32x32,32x32,identity_residual,mean_8,ncc,20260808,multiplicative,167,H0,False,0.506959171358955,0.506959171358955,0.4756533601730308,0.47042402804566325,0.008321039994923507,9,1.0670447714336804,1.0776642797458154,0.07479599517556246
multiplicative:hypothesis:167:H1,52,52,same_pipeline_different_source,synthetic:multiplicative,synthetic:multiplicative,32x32,32x32,identity_residual,mean_8,ncc,20260808,multiplicative,167,H1,True,0.740375249732355,0.740375249732355,0.48293088077265467,0.47901488238699613,0.013014674397262616,9,1.4543422397961308,1.5456205578477327,0.4354254852725807
multiplicative:hypothesis:168:H0,47,22,same_pipeline_different_source,synthetic:multiplicative,synthetic:multiplicative,32x32,32x32,identity_residual,mean_8,ncc,20260808,multiplicative,168,H0,False,0.4605137620565669,0.4605137620565669,0.48752684588711465,0.48093977266015087,0.02467819883494038,9,0.8559027735587049,0.9575289635735373,-0.04339930922186952
multiplicative:hypothesis:168:H1,22,22,same_pipeline_different_source,synthetic:multiplicative,synthetic:multiplicative,32x32,32x32,identity_residual,mean_8,ncc,20260808,multiplicative,168,H1,True,0.7174537393807224,0.7174537393807224,0.4717798430928355,0.47021236594272,0.021894374110963455,9,1.4623417174045705,1.5258078930831878,0.4225240357391198
multiplicative:hypothesis:169:H0,56,53,same_pipeline_different_source,synthetic:multiplicative,synthetic:multiplicative,32x32,32x32,identity_residual,mean_8,ncc,20260808,multiplicative,169,H0,False,0.44733436076394223,0.44733436076394223,0.4743605160517698,0.4695206915912677,0.019943266758982336,9,0.9471724555504097,0.9527468517902096,-0.048406043573475
multiplicative:hypothesis:169:H1,53,53,same_pipeline_different_source,synthetic:multiplicative,synthetic:multiplicative,32x32,32x32,identity_residual,mean_8,ncc,20260808,multiplicative,169,H1,True,0.7074626994597757,0.7074626994597757,0.46816476856010464,0.465095956910539,0.015409182804273391,9,1.472331180223517,1.5211112652089895,0.41944116327026204
multiplicative:hypothesis:170:H0,5,51,same_pipeline_different_source,synthetic:multiplicative,synthetic:multiplicative,32x32,32x32,identity_residual,mean_8,ncc,20260808,multiplicative,170,H0,False,0.5339153693632321,0.5339153693632321,0.5036421284362222,0.5001467530538964,0.012485301070661425,9,1.0675174158447385,1.0675174158447385,0.06533578059621514
multiplicative:hypothesis:170:H1,51,51,same_pipeline_different_source,synthetic:multiplicative,synthetic:multiplicative,32x32,32x32,identity_residual,mean_8,ncc,20260808,multiplicative,170,H1,True,0.7203967723586716,0.7203967723586716,0.4816014648205298,0.4808005748761908,0.00887103250970872,9,1.4983276019255558,1.4983276019255558,0.40434955405942974
multiplicative:hypothesis:171:H0,24,23,same_pipeline_different_source,synthetic:multiplicative,synthetic:multiplicative,32x32,32x32,identity_residual,mean_8,ncc,20260808,multiplicative,171,H0,False,0.45365577142096036,0.45365577142096036,0.4728708305574496,0.46706200453163427,0.014534215748728208,9,0.9547226569174821,0.9712966737165496,-0.029123323148284364
multiplicative:hypothesis:171:H1,23,23,same_pipeline_different_source,synthetic:multiplicative,synthetic:multiplicative,32x32,32x32,identity_residual,mean_8,ncc,20260808,multiplicative,171,H1,True,0.715929456104916,0.715929456104916,0.48054625518434185,0.4811416251746868,0.010676504842095258,9,1.434028362725503,1.48798070806072,0.3974199713138966
multiplicative:hypothesis:172:H0,7,4,same_pipeline_different_source,synthetic:multiplicative,synthetic:multiplicative,32x32,32x32,identity_residual,mean_8,ncc,20260808,multiplicative,172,H0,False,0.4894504035291238,0.4894504035291238,0.47886394184154935,0.4751669138917954,0.004397000317640787,9,1.0548587633916024,1.0300599415063252,0.029616996185452882
multiplicative:hypothesis:172:H1,4,4,same_pipeline_different_source,synthetic:multiplicative,synthetic:multiplicative,32x32,32x32,identity_residual,mean_8,ncc,20260808,multiplicative,172,H1,True,0.7366524294920657,0.7366524294920657,0.49263225263450633,0.4915061732940084,0.008190263504035455,9,1.4614994910116956,1.4987653655601514,0.40464167955734254
multiplicative:hypothesis:173:H0,46,49,same_pipeline_different_source,synthetic:multiplicative,synthetic:multiplicative,32x32,32x32,identity_residual,mean_8,ncc,20260808,multiplicative,173,H0,False,0.46215388771257854,0.46215388771257854,0.4957631852562561,0.49886285858922175,0.013984352274564127,9,0.9191571435837314,0.9264147044731778,-0.07643329958516887
multiplicative:hypothesis:173:H1,49,49,same_pipeline_different_source,synthetic:multiplicative,synthetic:multiplicative,32x32,32x32,identity_residual,mean_8,ncc,20260808,multiplicative,173,H1,True,0.7156184140208117,0.7156184140208117,0.4450948056081626,0.44587388771505126,0.011516478927404594,9,1.5645681811663819,1.6049794207238899,0.47311093452089215
multiplicative:hypothesis:174:H0,28,25,same_pipeline_different_source,synthetic:multiplicative,synthetic:multiplicative,32x32,32x32,identity_residual,mean_8,ncc,20260808,multiplicative,174,H0,False,0.490968205903663,0.490968205903663,0.48395979023531865,0.47921413516300665,0.00904304005604556,9,0.9485067060860273,1.0245278047498707,0.024231828152717294
multiplicative:hypothesis:174:H1,25,25,same_pipeline_different_source,synthetic:multiplicative,synthetic:multiplicative,32x32,32x32,identity_residual,mean_8,ncc,20260808,multiplicative,174,H1,True,0.7092424759072018,0.7092424759072018,0.4895699533951698,0.4914918646833517,0.005243623021928212,9,1.4960847521042329,1.4430401129103896,0.3667520776800672
multiplicative:hypothesis:175:H0,40,57,same_pipeline_different_source,synthetic:multiplicative,synthetic:multiplicative,32x32,32x32,identity_residual,mean_8,ncc,20260808,multiplicative,175,H0,False,0.49195158233381203,0.49195158233381203,0.48894400930990156,0.49214701337024314,0.0162162003915014,9,0.9996029011024719,0.9996029011024719,-0.0003971777621740724
multiplicative:hypothesis:175:H1,57,57,same_pipeline_different_source,synthetic:multiplicative,synthetic:multiplicative,32x32,32x32,identity_residual,mean_8,ncc,20260808,multiplicative,175,H1,True,0.7163229990018541,0.7163229990018541,0.4873929861312783,0.4879379510474604,0.015297860899337712,9,1.41192683575527,1.4680616612504063,0.3839429328867694
multiplicative:hypothesis:176:H0,36,38,same_pipeline_different_source,synthetic:multiplicative,synthetic:multiplicative,32x32,32x32,identity_residual,mean_8,ncc,20260808,multiplicative,176,H0,False,0.4540911267332417,0.4540911267332417,0.464893846672403,0.47041258196183977,0.007989040998002406,9,1.0354346994314607,0.9653039568785979,-0.03531224601797678
multiplicative:hypothesis:176:H1,38,38,same_pipeline_different_source,synthetic:multiplicative,synthetic:multiplicative,32x32,32x32,identity_residual,mean_8,ncc,20260808,multiplicative,176,H1,True,0.7064923760181523,0.7064923760181523,0.4800109754649914,0.4864476401489372,0.006957530199612871,9,1.5770586505835245,1.4523502998222857,0.37318314062683494
multiplicative:hypothesis:177:H0,22,36,same_pipeline_different_source,synthetic:multiplicative,synthetic:multiplicative,32x32,32x32,identity_residual,mean_8,ncc,20260808,multiplicative,177,H0,False,0.5245512270634922,0.5245512270634922,0.4955514425889222,0.49391681229724466,0.01549928867282696,9,1.0618156765993476,1.0620234298641598,0.060175984595367216
multiplicative:hypothesis:177:H1,36,36,same_pipeline_different_source,synthetic:multiplicative,synthetic:multiplicative,32x32,32x32,identity_residual,mean_8,ncc,20260808,multiplicative,177,H1,True,0.6983716826650751,0.6983716826650751,0.45007089487383944,0.44676646060755726,0.012165200427518619,9,1.5589189140517363,1.5631694503552487,0.44671545909804483
multiplicative:hypothesis:178:H0,45,0,same_pipeline_different_source,synthetic:multiplicative,synthetic:multiplicative,32x32,32x32,identity_residual,mean_8,ncc,20260808,multiplicative,178,H0,False,0.48345817348990217,0.48345817348990217,0.46436830915040717,0.4692346863588532,0.01283912768968698,9,1.0028716752518372,1.0303120965788353,0.029861762731598906
multiplicative:hypothesis:178:H1,0,0,same_pipeline_different_source,synthetic:multiplicative,synthetic:multiplicative,32x32,32x32,identity_residual,mean_8,ncc,20260808,multiplicative,178,H1,True,0.7339336405807306,0.7339336405807306,0.4930632014417324,0.5013639259750987,0.018747179495160082,9,1.5516998232700232,1.4638740494807418,0.38108638006272477
multiplicative:hypothesis:179:H0,10,46,same_pipeline_different_source,synthetic:multiplicative,synthetic:multiplicative,32x32,32x32,identity_residual,mean_8,ncc,20260808,multiplicative,179,H0,False,0.51214260673091,0.51214260673091,0.4931521161940695,0.49423513211945247,0.018310636397747437,9,1.1196714439568871,1.0362327027110843,0.03559173513126901
multiplicative:hypothesis:179:H1,46,46,same_pipeline_different_source,synthetic:multiplicative,synthetic:multiplicative,32x32,32x32,identity_residual,mean_8,ncc,20260808,multiplicative,179,H1,True,0.7365974338509462,0.7365974338509462,0.49510824390545305,0.4990410612438612,0.007546082457551007,9,1.5682374085508832,1.4760257042075358,0.3893531408013985
multiplicative:hypothesis:180:H0,26,36,same_pipeline_different_source,synthetic:multiplicative,synthetic:multiplicative,32x32,32x32,identity_residual,mean_8,ncc,20260808,multiplicative,180,H0,False,0.49236469226549445,0.49236469226549445,0.4947468292368859,0.4986684206342094,0.007192645870657377,9,0.9419341211504008,0.9873588779480004,-0.012721700826327842
multiplicative:hypothesis:180:H1,36,36,same_pipeline_different_source,synthetic:multiplicative,synthetic:multiplicative,32x32,32x32,identity_residual,mean_8,ncc,20260808,multiplicative,180,H1,True,0.7071509099784055,0.7071509099784055,0.4748001121763797,0.47462422945576616,0.012828741740097682,9,1.489917425389911,1.489917425389911,0.3987206992202651
multiplicative:hypothesis:181:H0,2,40,same_pipeline_different_source,synthetic:multiplicative,synthetic:multiplicative,32x32,32x32,identity_residual,mean_8,ncc,20260808,multiplicative,181,H0,False,0.48350760212685184,0.48350760212685184,0.49947105096646105,0.5022605343651544,0.0054236252844244714,9,0.9546270373653337,0.962662938942623,-0.03805193993454614
multiplicative:hypothesis:181:H1,40,40,same_pipeline_different_source,synthetic:multiplicative,synthetic:multiplicative,32x32,32x32,identity_residual,mean_8,ncc,20260808,multiplicative,181,H1,True,0.7119100975259558,0.7119100975259558,0.4683117761886091,0.4662314265037224,0.007235974165862413,9,1.5269457549538907,1.5269457549538907,0.4232695016722316
multiplicative:hypothesis:182:H0,62,50,same_pipeline_different_source,synthetic:multiplicative,synthetic:multiplicative,32x32,32x32,identity_residual,mean_8,ncc,20260808,multiplicative,182,H0,False,0.45526896006605416,0.45526896006605416,0.4684548608027691,0.47230982001872157,0.011788674084636519,9,0.963920165894514,0.963920165894514,-0.036746803263103534
multiplicative:hypothesis:182:H1,50,50,same_pipeline_different_source,synthetic:multiplicative,synthetic:multiplicative,32x32,32x32,identity_residual,mean_8,ncc,20260808,multiplicative,182,H1,True,0.7318953176566865,0.7318953176566865,0.4750948799410282,0.48401329504940604,0.014070568186496657,9,1.5121388712720747,1.5121388712720747,0.4135251196191627
multiplicative:hypothesis:183:H0,25,36,same_pipeline_different_source,synthetic:multiplicative,synthetic:multiplicative,32x32,32x32,identity_residual,mean_8,ncc,20260808,multiplicative,183,H0,False,0.438541274820116,0.438541274820116,0.47879362910250073,0.4760649313247171,0.01436263967552065,9,0.9244476445158029,0.9211795407819974,-0.08210032059400751
multiplicative:hypothesis:183:H1,36,36,same_pipeline_different_source,synthetic:multiplicative,synthetic:multiplicative,32x32,32x32,identity_residual,mean_8,ncc,20260808,multiplicative,183,H1,True,0.7051405453236836,0.7051405453236836,0.48091603266439503,0.4824955648574737,0.003657644515959735,9,1.4546155024323961,1.461444615624556,0.37942540928118423
multiplicative:hypothesis:184:H0,32,5,same_pipeline_different_source,synthetic:multiplicative,synthetic:multiplicative,32x32,32x32,identity_residual,mean_8,ncc,20260808,multiplicative,184,H0,False,0.46498178618531005,0.46498178618531005,0.44987019503632475,0.4473931384724788,0.02556999475262106,9,0.9831248009007264,1.0393136286642295,0.03856052283736344
multiplicative:hypothesis:184:H1,5,5,same_pipeline_different_source,synthetic:multiplicative,synthetic:multiplicative,32x32,32x32,identity_residual,mean_8,ncc,20260808,multiplicative,184,H1,True,0.7414093126974094,0.7414093126974094,0.48682317863816255,0.4828801446736465,0.003233016919764131,9,1.4980936052169904,1.5353899324199576,0.4287843764147554
multiplicative:hypothesis:185:H0,61,42,same_pipeline_different_source,synthetic:multiplicative,synthetic:multiplicative,32x32,32x32,identity_residual,mean_8,ncc,20260808,multiplicative,185,H0,False,0.4505341472046958,0.4505341472046958,0.46794675285488146,0.4660877332765527,0.006957516670706321,9,0.9675309000241546,0.9666294884816714,-0.0339400126066679
multiplicative:hypothesis:185:H1,42,42,same_pipeline_different_source,synthetic:multiplicative,synthetic:multiplicative,32x32,32x32,identity_residual,mean_8,ncc,20260808,multiplicative,185,H1,True,0.7197177557922902,0.7197177557922902,0.4636460748825681,0.4628223574291764,0.010620253129746293,9,1.6071998248285464,1.5550626374017065,0.44151582610719914
multiplicative:hypothesis:186:H0,29,10,same_pipeline_different_source,synthetic:multiplicative,synthetic:multiplicative,32x32,32x32,identity_residual,mean_8,ncc,20260808,multiplicative,186,H0,False,0.4935865872746168,0.4935865872746168,0.4787937115481628,0.4757473555935337,0.014122062279623981,9,1.0276861892359104,1.0374972797459425,0.036811351187657326
multiplicative:hypothesis:186:H1,10,10,same_pipeline_different_source,synthetic:multiplicative,synthetic:multiplicative,32x32,32x32,identity_residual,mean_8,ncc,20260808,multiplicative,186,H1,True,0.734553068541411,0.734553068541411,0.48395198125055455,0.4868006971454706,0.018297650850036706,9,1.4413912573833871,1.5089400505149742,0.41140745104091886
multiplicative:hypothesis:187:H0,6,23,same_pipeline_different_source,synthetic:multiplicative,synthetic:multiplicative,32x32,32x32,identity_residual,mean_8,ncc,20260808,multiplicative,187,H0,False,0.44723137078151964,0.44723137078151964,0.4704539383217791,0.4730200535457517,0.016144312794896698,9,0.876755581116712,0.9454807833813377,-0.0560617153827756
multiplicative:hypothesis:187:H1,23,23,same_pipeline_different_source,synthetic:multiplicative,synthetic:multiplicative,32x32,32x32,identity_residual,mean_8,ncc,20260808,multiplicative,187,H1,True,0.7285242465486604,0.7285242465486604,0.44297301638976355,0.43907346301133143,0.015515235480996148,9,1.668626966045669,1.6592308757449525,0.5063541671344443
multiplicative:hypothesis:188:H0,55,36,same_pipeline_different_source,synthetic:multiplicative,synthetic:multiplicative,32x32,32x32,identity_residual,mean_8,ncc,20260808,multiplicative,188,H0,False,0.4570951720941371,0.4570951720941371,0.47665896851542633,0.46774481436161836,0.02225832189541127,9,1.0004617416496364,0.9772319394240297,-0.023031255499005088
multiplicative:hypothesis:188:H1,36,36,same_pipeline_different_source,synthetic:multiplicative,synthetic:multiplicative,32x32,32x32,identity_residual,mean_8,ncc,20260808,multiplicative,188,H1,True,0.6914255520103997,0.6914255520103997,0.49333149055409314,0.49219105377470285,0.0025159887957171834,9,1.4027119393990386,1.404790978437603,0.3398885219230851
multiplicative:hypothesis:189:H0,20,42,same_pipeline_different_source,synthetic:multiplicative,synthetic:multiplicative,32x32,32x32,identity_residual,mean_8,ncc,20260808,multiplicative,189,H0,False,0.4767111740529177,0.4767111740529177,0.4690846034156623,0.4702763230298178,0.003127449426157447,9,1.01368312778675,1.01368312778675,0.013590359079824754
multiplicative:hypothesis:189:H1,42,42,same_pipeline_different_source,synthetic:multiplicative,synthetic:multiplicative,32x32,32x32,identity_residual,mean_8,ncc,20260808,multiplicative,189,H1,True,0.7325842751870157,0.7325842751870157,0.47975058102544615,0.47785170722521647,0.010273578931961014,9,1.5009170615286895,1.5330787022630457,0.42727793729533786
multiplicative:hypothesis:190:H0,2,12,same_pipeline_different_source,synthetic:multiplicative,synthetic:multiplicative,32x32,32x32,identity_residual,mean_8,ncc,20260808,multiplicative,190,H0,False,0.48028638091175135,0.48028638091175135,0.4855258599978938,0.48274353484808896,0.01356503229133521,9,1.0160395925836936,0.9949100220739138,-0.005102975989058733
multiplicative:hypothesis:190:H1,12,12,same_pipeline_different_source,synthetic:multiplicative,synthetic:multiplicative,32x32,32x32,identity_residual,mean_8,ncc,20260808,multiplicative,190,H1,True,0.7086489840369573,0.7086489840369573,0.4565442192742254,0.45989071449435115,0.013270451569998731,9,1.6798819524449766,1.5409073540789258,0.43237143388103366
multiplicative:hypothesis:191:H0,29,33,same_pipeline_different_source,synthetic:multiplicative,synthetic:multiplicative,32x32,32x32,identity_residual,mean_8,ncc,20260808,multiplicative,191,H0,False,0.49232843905802187,0.49232843905802187,0.4875011351761463,0.47467463851660036,0.007723442532387825,9,1.0371913709074307,1.0371913709074307,0.03651645504443868
multiplicative:hypothesis:191:H1,33,33,same_pipeline_different_source,synthetic:multiplicative,synthetic:multiplicative,32x32,32x32,identity_residual,mean_8,ncc,20260808,multiplicative,191,H1,True,0.7405554349441765,0.7405554349441765,0.5128586879348748,0.5125428867580453,0.004877614856910517,9,1.4463085305253855,1.4448653060592929,0.3680161034199218
multiplicative:hypothesis:192:H0,25,53,same_pipeline_different_source,synthetic:multiplicative,synthetic:multiplicative,32x32,32x32,identity_residual,mean_8,ncc,20260808,multiplicative,192,H0,False,0.49827798044802957,0.49827798044802957,0.4923549476780662,0.49361670846473105,0.004467941872479397,9,1.0186634710731837,1.009443100088318,0.009398792732807193
multiplicative:hypothesis:192:H1,53,53,same_pipeline_different_source,synthetic:multiplicative,synthetic:multiplicative,32x32,32x32,identity_residual,mean_8,ncc,20260808,multiplicative,192,H1,True,0.6986013732963963,0.6986013732963963,0.45977386104839774,0.4621820945582709,0.008891467679454645,9,1.4829984726331333,1.5115284246657854,0.4131213406614691
multiplicative:hypothesis:193:H0,39,11,same_pipeline_different_source,synthetic:multiplicative,synthetic:multiplicative,32x32,32x32,identity_residual,mean_8,ncc,20260808,multiplicative,193,H0,False,0.5059409858618256,0.5059409858618256,0.4938688931080203,0.49255909724378694,0.01971128993112653,9,0.9876444130452406,1.0271680874293454,0.026805585937216825
multiplicative:hypothesis:193:H1,11,11,same_pipeline_different_source,synthetic:multiplicative,synthetic:multiplicative,32x32,32x32,identity_residual,mean_8,ncc,20260808,multiplicative,193,H1,True,0.7113512036273133,0.7113512036273133,0.4910673259811046,0.49746413572224074,0.007047769231614043,9,1.5632677159215638,1.4299547495912277,0.35764280012864724
multiplicative:hypothesis:194:H0,10,41,same_pipeline_different_source,synthetic:multiplicative,synthetic:multiplicative,32x32,32x32,identity_residual,mean_8,ncc,20260808,multiplicative,194,H0,False,0.4961348730605923,0.4961348730605923,0.4947189070904608,0.49987800001343347,0.022808587231937127,9,0.948280802159778,0.9925119190027555,-0.0075162574221134815
multiplicative:hypothesis:194:H1,41,41,same_pipeline_different_source,synthetic:multiplicative,synthetic:multiplicative,32x32,32x32,identity_residual,mean_8,ncc,20260808,multiplicative,194,H1,True,0.74006477965952,0.74006477965952,0.48656904929349626,0.4834529072653221,0.016342241664446144,9,1.569071398235714,1.5307898009047811,0.4257838119556166
multiplicative:hypothesis:195:H0,7,14,same_pipeline_different_source,synthetic:multiplicative,synthetic:multiplicative,32x32,32x32,identity_residual,mean_8,ncc,20260808,multiplicative,195,H0,False,0.46410233303855425,0.46410233303855425,0.4542035516599061,0.4516075658045428,0.006970818595549877,9,1.0312018516038999,1.0276673115778119,0.02729148778466406
multiplicative:hypothesis:195:H1,14,14,same_pipeline_different_source,synthetic:multiplicative,synthetic:multiplicative,32x32,32x32,identity_residual,mean_8,ncc,20260808,multiplicative,195,H1,True,0.7315904297040988,0.7315904297040988,0.48779554565051586,0.4891085828446037,0.016310175420896966,9,1.553339494868599,1.495762812930508,0.402636319475956
multiplicative:hypothesis:196:H0,7,36,same_pipeline_different_source,synthetic:multiplicative,synthetic:multiplicative,32x32,32x32,identity_residual,mean_8,ncc,20260808,multiplicative,196,H0,False,0.45896422711036466,0.45896422711036466,0.4719013746473999,0.46224992555666555,0.014672690490893092,9,1.0254414012877997,0.9928919438064937,-0.007133438777002676
multiplicative:hypothesis:196:H1,36,36,same_pipeline_different_source,synthetic:multiplicative,synthetic:multiplicative,32x32,32x32,identity_residual,mean_8,ncc,20260808,multiplicative,196,H1,True,0.7314389144053753,0.7314389144053753,0.4719306394556331,0.47051706283933864,0.0035946510115216768,9,1.565890097320588,1.5545428044447567,0.4411814859656516
multiplicative:hypothesis:197:H0,54,50,same_pipeline_different_source,synthetic:multiplicative,synthetic:multiplicative,32x32,32x32,identity_residual,mean_8,ncc,20260808,multiplicative,197,H0,False,0.45942991092215435,0.45942991092215435,0.4854492703540447,0.4843599252285124,0.005877713409740248,9,0.9110347546731151,0.9485299815119995,-0.0528418807107468
multiplicative:hypothesis:197:H1,50,50,same_pipeline_different_source,synthetic:multiplicative,synthetic:multiplicative,32x32,32x32,identity_residual,mean_8,ncc,20260808,multiplicative,197,H1,True,0.7159982575850922,0.7159982575850922,0.4845741136345478,0.4816642300289959,0.02145467324647704,9,1.4231193718298065,1.4865090927387103,0.39643048031501354
multiplicative:hypothesis:198:H0,3,60,same_pipeline_different_source,synthetic:multiplicative,synthetic:multiplicative,32x32,32x32,identity_residual,mean_8,ncc,20260808,multiplicative,198,H0,False,0.49110703497053404,0.49110703497053404,0.49943160756135035,0.5105447189856197,0.01338385033563999,9,1.0045675616150767,0.9619275583660808,-0.03881613430561759
multiplicative:hypothesis:198:H1,60,60,same_pipeline_different_source,synthetic:multiplicative,synthetic:multiplicative,32x32,32x32,identity_residual,mean_8,ncc,20260808,multiplicative,198,H1,True,0.7296504344763602,0.7296504344763602,0.488082671952268,0.48028387774528464,0.01637989947596208,9,1.5343474524491567,1.5192065948616444,0.41818822151602486
multiplicative:hypothesis:199:H0,35,62,same_pipeline_different_source,synthetic:multiplicative,synthetic:multiplicative,32x32,32x32,identity_residual,mean_8,ncc,20260808,multiplicative,199,H0,False,0.473955935927848,0.473955935927848,0.49380952486886925,0.49686936183474567,0.01712959965198907,9,0.9285430773231489,0.9538844057071918,-0.04721278289709985
multiplicative:hypothesis:199:H1,62,62,same_pipeline_different_source,synthetic:multiplicative,synthetic:multiplicative,32x32,32x32,identity_residual,mean_8,ncc,20260808,multiplicative,199,H1,True,0.7275654930458874,0.7275654930458874,0.4577163618031875,0.45871314247056244,0.012241041314239254,9,1.6295878088721718,1.5861012595525934,0.461278967046344
multiplicative:hypothesis:200:H0,47,14,same_pipeline_different_source,synthetic:multiplicative,synthetic:multiplicative,32x32,32x32,identity_residual,mean_8,ncc,20260808,multiplicative,200,H0,False,0.473496453629794,0.473496453629794,0.48459404719030924,0.4778273888845606,0.013476883076424917,9,1.0410360265331078,0.9909361929526962,-0.009105133251088526
multiplicative:hypothesis:200:H1,14,14,same_pipeline_different_source,synthetic:multiplicative,synthetic:multiplicative,32x32,32x32,identity_residual,mean_8,ncc,20260808,multiplicative,200,H1,True,0.7289521134998939,0.7289521134998939,0.47786276023476987,0.482982872502792,0.015001834671817815,9,1.557870590846159,1.5092711460398216,0.41162684955521334
multiplicative:hypothesis:201:H0,53,14,same_pipeline_different_source,synthetic:multiplicative,synthetic:multiplicative,32x32,32x32,identity_residual,mean_8,ncc,20260808,multiplicative,201,H0,False,0.49030823011602903,0.49030823011602903,0.5034854557049245,0.4990661241977098,0.006905035215399202,9,0.9690438298592989,0.9824514354770927,-0.017704366000255378
multiplicative:hypothesis:201:H1,14,14,same_pipeline_different_source,synthetic:multiplicative,synthetic:multiplicative,32x32,32x32,identity_residual,mean_8,ncc,20260808,multiplicative,201,H1,True,0.7170954981547806,0.7170954981547806,0.48917927145157364,0.4880728889967111,0.009136830992715894,9,1.4972677169961564,1.4692385385896998,0.3847442656224112
multiplicative:hypothesis:202:H0,27,56,same_pipeline_different_source,synthetic:multiplicative,synthetic:multiplicative,32x32,32x32,identity_residual,mean_8,ncc,20260808,multiplicative,202,H0,False,0.4670550623467798,0.4670550623467798,0.46534909796827606,0.4640710204658626,0.0090989105766201,9,0.9676551774085932,1.0064301405373721,0.006409555380219145
multiplicative:hypothesis:202:H1,56,56,same_pipeline_different_source,synthetic:multiplicative,synthetic:multiplicative,32x32,32x32,identity_residual,mean_8,ncc,20260808,multiplicative,202,H1,True,0.7172073435717595,0.7172073435717595,0.458976541884151,0.46067919820945097,0.0053039266969394094,9,1.5568476856766522,1.5568476856766522,0.4426630625538864
multiplicative:hypothesis:203:H0,43,59,same_pipeline_different_source,synthetic:multiplicative,synthetic:multiplicative,32x32,32x32,identity_residual,mean_8,ncc,20260808,multiplicative,203,H0,False,0.4590414156919284,0.4590414156919284,0.4823871133590637,0.48768450254851703,0.014175452408621558,9,0.9412671784588048,0.9412671784588048,-0.06052824934793022
multiplicative:hypothesis:203:H1,59,59,same_pipeline_different_source,synthetic:multiplicative,synthetic:multiplicative,32x32,32x32,identity_residual,mean_8,ncc,20260808,multiplicative,203,H1,True,0.7212712580266006,0.7212712580266006,0.4519627950898706,0.453174182712163,0.0037609199162610962,9,1.6742150024713163,1.5915982982744663,0.46473873037834984
multiplicative:hypothesis:204:H0,39,33,same_pipeline_different_source,synthetic:multiplicative,synthetic:multiplicative,32x32,32x32,identity_residual,mean_8,ncc,20260808,multiplicative,204,H0,False,0.5212163605951597,0.5212163605951597,0.5007277734525506,0.4988581287574748,0.009818453203322086,9,1.0246517710448273,1.0448188183148852,0.04384349078181293
multiplicative:hypothesis:204:H1,33,33,same_pipeline_different_source,synthetic:multiplicative,synthetic:multiplicative,32x32,32x32,identity_residual,mean_8,ncc,20260808,multiplicative,204,H1,True,0.7440148061667223,0.7440148061667223,0.4910109385963495,0.48832353178450516,0.008416116967692344,9,1.6001219131150302,1.5236103888908072,0.42108277424622126
multiplicative:hypothesis:205:H0,12,24,same_pipeline_different_source,synthetic:multiplicative,synthetic:multiplicative,32x32,32x32,identity_residual,mean_8,ncc,20260808,multiplicative,205,H0,False,0.4952983866494567,0.4952983866494567,0.4858152144041623,0.4824745510068442,0.005886722232886166,9,1.0265792996041994,1.0265792996041994,0.02623220690823369
multiplicative:hypothesis:205:H1,24,24,same_pipeline_different_source,synthetic:multiplicative,synthetic:multiplicative,32x32,32x32,identity_residual,mean_8,ncc,20260808,multiplicative,205,H1,True,0.7203595735088542,0.7203595735088542,0.4638696354562801,0.457087134845718,0.009433132431877711,9,1.5875173308322286,1.575978667069681,0.45487645522077436
multiplicative:hypothesis:206:H0,35,51,same_pipeline_different_source,synthetic:multiplicative,synthetic:multiplicative,32x32,32x32,identity_residual,mean_8,ncc,20260808,multiplicative,206,H0,False,0.49222306927765375,0.49222306927765375,0.46530719146757005,0.467521301114118,0.020467674370382383,9,1.1010380854371429,1.0528355993719873,0.05148709501038451
multiplicative:hypothesis:206:H1,51,51,same_pipeline_different_source,synthetic:multiplicative,synthetic:multiplicative,32x32,32x32,identity_residual,mean_8,ncc,20260808,multiplicative,206,H1,True,0.7253755008525571,0.7253755008525571,0.4847074387372643,0.47868660986821504,0.012533435836363904,9,1.5463695893315574,1.5153452925124786,0.41564332884228183
multiplicative:hypothesis:207:H0,7,54,same_pipeline_different_source,synthetic:multiplicative,synthetic:multiplicative,32x32,32x32,identity_residual,mean_8,ncc,20260808,multiplicative,207,H0,False,0.45323437473410444,0.45323437473410444,0.4745213671762499,0.4675903583191425,0.018202051939368302,9,0.9229640247278601,0.9692979478091811,-0.031183234674322047
multiplicative:hypothesis:207:H1,54,54,same_pipeline_different_source,synthetic:multiplicative,synthetic:multiplicative,32x32,32x32,identity_residual,mean_8,ncc,20260808,multiplicative,207,H1,True,0.7165662718858984,0.7165662718858984,0.4743460250795615,0.4750874427166602,0.016305641732145992,9,1.4582343434679552,1.5082829126958317,0.41097185987808776
multiplicative:hypothesis:208:H0,1,61,same_pipeline_different_source,synthetic:multiplicative,synthetic:multiplicative,32x32,32x32,identity_residual,mean_8,ncc,20260808,multiplicative,208,H0,False,0.49601441822230546,0.49601441822230546,0.5000180076340958,0.5015679825598336,0.012715194815671405,9,1.048729857648411,0.9889275940039381,-0.01113416136009271
multiplicative:hypothesis:208:H1,61,61,same_pipeline_different_source,synthetic:multiplicative,synthetic:multiplicative,32x32,32x32,identity_residual,mean_8,ncc,20260808,multiplicative,208,H1,True,0.7121835699324172,0.7121835699324172,0.4647057498696047,0.4676250401413379,0.008166437133475313,9,1.5500494827392095,1.5229799706986658,0.4206689226109629
multiplicative:hypothesis:209:H0,39,11,same_pipeline_different_source,synthetic:multiplicative,synthetic:multiplicative,32x32,32x32,identity_residual,mean_8,ncc,20260808,multiplicative,209,H0,False,0.4923836033191241,0.4923836033191241,0.4751804052690613,0.4706673192611714,0.011435320690508899,9,1.0461393497471672,1.0461393497471672,0.04510657832513687
multiplicative:hypothesis:209:H1,11,11,same_pipeline_different_source,synthetic:multiplicative,synthetic:multiplicative,32x32,32x32,identity_residual,mean_8,ncc,20260808,multiplicative,209,H1,True,0.7057218334267441,0.7057218334267441,0.4912282415689512,0.48206178142786044,0.016519978273932256,9,1.3735887366212904,1.4639655343271678,0.3811488731357482
multiplicative:hypothesis:210:H0,15,42,same_pipeline_different_source,synthetic:multiplicative,synthetic:multiplicative,32x32,32x32,identity_residual,mean_8,ncc,20260808,multiplicative,210,H0,False,0.43176314935988847,0.43176314935988847,0.4508324123077747,0.4581440471137722,0.013187861809400625,9,0.9424178969036511,0.9424178969036511,-0.0593064754930116
multiplicative:hypothesis:210:H1,42,42,same_pipeline_different_source,synthetic:multiplicative,synthetic:multiplicative,32x32,32x32,identity_residual,mean_8,ncc,20260808,multiplicative,210,H1,True,0.72489728601268,0.72489728601268,0.45503314136624545,0.459738483611864,0.009674693623815567,9,1.6049150500287728,1.5767600752445978,0.4553721564220378
multiplicative:hypothesis:211:H0,41,61,same_pipeline_different_source,synthetic:multiplicative,synthetic:multiplicative,32x32,32x32,identity_residual,mean_8,ncc,20260808,multiplicative,211,H0,False,0.5219691362339958,0.5219691362339958,0.49202408970984446,0.4907905214136847,0.007950028676448284,9,0.968252827427478,1.0635273369389928,0.061591060018902355
multiplicative:hypothesis:211:H1,61,61,same_pipeline_different_source,synthetic:multiplicative,synthetic:multiplicative,32x32,32x32,identity_residual,mean_8,ncc,20260808,multiplicative,211,H1,True,0.7269535300649285,0.7269535300649285,0.47319312380319584,0.4771778702423051,0.01015737990796206,9,1.5002864935864575,1.5234435111079025,0.42097324038922485
multiplicative:hypothesis:212:H0,23,63,same_pipeline_different_source,synthetic:multiplicative,synthetic:multiplicative,32x32,32x32,identity_residual,mean_8,ncc,20260808,multiplicative,212,H0,False,0.49345976176653467,0.49345976176653467,0.4825833036355671,0.481324553854759,0.013418301503253127,9,1.0381535452645756,1.0252121106529661,0.024899528404223825
multiplicative:hypothesis:212:H1,63,63,same_pipeline_different_source,synthetic:multiplicative,synthetic:multiplicative,32x32,32x32,identity_residual,mean_8,ncc,20260808,multiplicative,212,H1,True,0.7181375190756119,0.7181375190756119,0.4846697668974962,0.4898032915857393,0.011902552042432846,9,1.523162823432417,1.4661753634824297,0.38265721669416136
multiplicative:hypothesis:213:H0,35,10,same_pipeline_different_source,synthetic:multiplicative,synthetic:multiplicative,32x32,32x32,identity_residual,mean_8,ncc,20260808,multiplicative,213,H0,False,0.5131554944239178,0.5131554944239178,0.49662355109619316,0.4944684944668364,0.008419939197114146,9,1.0553676972016797,1.0377920942713061,0.03709547014575343
multiplicative:hypothesis:213:H1,10,10,same_pipeline_different_source,synthetic:multiplicative,synthetic:multiplicative,32x32,32x32,identity_residual,mean_8,ncc,20260808,multiplicative,213,H1,True,0.7485285663401893,0.7485285663401893,0.4937636340974646,0.4960306207747081,0.017694045201998354,9,1.4925150599667196,1.5090370130197326,0.41147170766232494
multiplicative:hypothesis:214:H0,19,45,same_pipeline_different_source,synthetic:multiplicative,synthetic:multiplicative,32x32,32x32,identity_residual,mean_8,ncc,20260808,multiplicative,214,H0,False,0.4894212053567687,0.4894212053567687,0.48978548179996273,0.49334751333993837,0.0241609194874009,9,1.076088320574008,0.9920414963549957,-0.007990341569136361
multiplicative:hypothesis:214:H1,45,45,same_pipeline_different_source,synthetic:multiplicative,synthetic:multiplicative,32x32,32x32,identity_residual,mean_8,ncc,20260808,multiplicative,214,H1,True,0.7092628953546465,0.7092628953546465,0.44979616216586066,0.4445885954807286,0.011617033722542414,9,1.5953240874020365,1.5953240874020365,0.46707690519035144
multiplicative:hypothesis:215:H0,15,42,same_pipeline_different_source,synthetic:multiplicative,synthetic:multiplicative,32x32,32x32,identity_residual,mean_8,ncc,20260808,multiplicative,215,H0,False,0.4109574745757428,0.4109574745757428,0.44853158593618886,0.45282051685468516,0.01456568000081726,9,0.8575206312199057,0.9075504737070546,-0.09700609597980026
multiplicative:hypothesis:215:H1,42,42,same_pipeline_different_source,synthetic:multiplicative,synthetic:multiplicative,32x32,32x32,identity_residual,mean_8,ncc,20260808,multiplicative,215,H1,True,0.742469581458298,0.742469581458298,0.47483717928355657,0.47500385936625256,0.015049829651818392,9,1.4430128050256734,1.563081155696075,0.4466589731215042
multiplicative:hypothesis:216:H0,26,42,same_pipeline_different_source,synthetic:multiplicative,synthetic:multiplicative,32x32,32x32,identity_residual,mean_8,ncc,20260808,multiplicative,216,H0,False,0.5236852123158316,0.5236852123158316,0.4929520125116505,0.49607907429344533,0.005614367124883446,9,1.1449691087348035,1.0556486646039347,0.05415542595227707
multiplicative:hypothesis:216:H1,42,42,same_pipeline_different_source,synthetic:multiplicative,synthetic:multiplicative,32x32,32x32,identity_residual,mean_8,ncc,20260808,multiplicative,216,H1,True,0.7129815519186732,0.7129815519186732,0.4670789114825831,0.46704495368682614,0.01130431553562633,9,1.564445854139804,1.5265801424262004,0.4230300325851993
multiplicative:hypothesis:217:H0,52,28,same_pipeline_different_source,synthetic:multiplicative,synthetic:multiplicative,32x32,32x32,identity_residual,mean_8,ncc,20260808,multiplicative,217,H0,False,0.4864051797136446,0.4864051797136446,0.4866225149256109,0.4863740753218943,0.01594642427018128,9,0.9652290682488134,1.00006395158239,6.394953757471455e-05
multiplicative:hypothesis:217:H1,28,28,same_pipeline_different_source,synthetic:multiplicative,synthetic:multiplicative,32x32,32x32,identity_residual,mean_8,ncc,20260808,multiplicative,217,H1,True,0.73632428362335,0.73632428362335,0.46812044224798605,0.4641819411563544,0.00967206045447494,9,1.5441272038583116,1.5862837787033328,0.4613940345105641
multiplicative:hypothesis:218:H0,12,25,same_pipeline_different_source,synthetic:multiplicative,synthetic:multiplicative,32x32,32x32,identity_residual,mean_8,ncc,20260808,multiplicative,218,H0,False,0.45978311813455336,0.45978311813455336,0.4670310901591702,0.46144959558683235,0.007220315733397598,9,1.012226949092561,0.9963886035046586,-0.003617933330479217
multiplicative:hypothesis:218:H1,25,25,same_pipeline_different_source,synthetic:multiplicative,synthetic:multiplicative,32x32,32x32,identity_residual,mean_8,ncc,20260808,multiplicative,218,H1,True,0.7298796525194109,0.7298796525194109,0.4908798387463704,0.4919843422224974,0.008968782951923104,9,1.4484085599374694,1.4835424420668384,0.3944327697542862
multiplicative:hypothesis:219:H0,14,62,same_pipeline_different_source,synthetic:multiplicative,synthetic:multiplicative,32x32,32x32,identity_residual,mean_8,ncc,20260808,multiplicative,219,H0,False,0.45344229236425976,0.45344229236425976,0.4834340543878704,0.48102816941722687,0.012333095145744155,9,0.9061686260273453,0.942652262784552,-0.05905782068204468
multiplicative:hypothesis:219:H1,62,62,same_pipeline_different_source,synthetic:multiplicative,synthetic:multiplicative,32x32,32x32,identity_residual,mean_8,ncc,20260808,multiplicative,219,H1,True,0.7096533407517946,0.7096533407517946,0.4734646216076723,0.46944984531515993,0.0036585534377468476,9,1.5116701982836458,1.5116701982836458,0.41321513113682073
multiplicative:hypothesis:220:H0,52,57,same_pipeline_different_source,synthetic:multiplicative,synthetic:multiplicative,32x32,32x32,identity_residual,mean_8,ncc,20260808,multiplicative,220,H0,False,0.4932747727413378,0.4932747727413378,0.4958994781220649,0.49604520694533816,0.003589164194098826,9,0.9507581280128811,0.9944149562071958,-0.005600698465117904
multiplicative:hypothesis:220:H1,57,57,same_pipeline_different_source,synthetic:multiplicative,synthetic:multiplicative,32x32,32x32,identity_residual,mean_8,ncc,20260808,multiplicative,220,H1,True,0.7092571192336332,0.7092571192336332,0.47013073575371384,0.4757169453512046,0.014361054459838318,9,1.4318594643652616,1.490922545779853,0.3993950865994986
multiplicative:hypothesis:221:H0,15,2,same_pipeline_different_source,synthetic:multiplicative,synthetic:multiplicative,32x32,32x32,identity_residual,mean_8,ncc,20260808,multiplicative,221,H0,False,0.47593054891181635,0.47593054891181635,0.45627184438931945,0.46124265554910815,0.009394687528340384,9,1.1028955843757884,1.0318441782996464,0.03134766563950797
multiplicative:hypothesis:221:H1,2,2,same_pipeline_different_source,synthetic:multiplicative,synthetic:multiplicative,32x32,32x32,identity_residual,mean_8,ncc,20260808,multiplicative,221,H1,True,0.7374021513942111,0.7374021513942111,0.4975958851887296,0.5042613439079358,0.016016539341395297,9,1.543022667343559,1.4623412250470669,0.3800387301599876
multiplicative:hypothesis:222:H0,41,34,same_pipeline_different_source,synthetic:multiplicative,synthetic:multiplicative,32x32,32x32,identity_residual,mean_8,ncc,20260808,multiplicative,222,H0,False,0.4886465257832794,0.4886465257832794,0.4969262686888816,0.49240909972255353,0.010436280974789547,9,0.943898503754611,0.9923588456399483,-0.00767049755284388
multiplicative:hypothesis:222:H1,34,34,same_pipeline_different_source,synthetic:multiplicative,synthetic:multiplicative,32x32,32x32,identity_residual,mean_8,ncc,20260808,multiplicative,222,H1,True,0.7321873121666532,0.7321873121666532,0.4849127102376125,0.49203662214166105,0.00640715076309617,9,1.5077077387584825,1.488074828616824,0.3974832231954394
multiplicative:hypothesis:223:H0,25,63,same_pipeline_different_source,synthetic:multiplicative,synthetic:multiplicative,32x32,32x32,identity_residual,mean_8,ncc,20260808,multiplicative,223,H0,False,0.46156827197650285,0.46156827197650285,0.4729883726806318,0.46919575514743816,0.005291533733359,9,0.9774122642152994,0.9837434949330722,-0.016390091792770844
multiplicative:hypothesis:223:H1,63,63,same_pipeline_different_source,synthetic:multiplicative,synthetic:multiplicative,32x32,32x32,identity_residual,mean_8,ncc,20260808,multiplicative,223,H1,True,0.7429037024877292,0.7429037024877292,0.4830709210213951,0.47788975363034636,0.010857121344569953,9,1.4947163191690187,1.5545503891727597,0.4411863650268638
multiplicative:hypothesis:224:H0,32,0,same_pipeline_different_source,synthetic:multiplicative,synthetic:multiplicative,32x32,32x32,identity_residual,mean_8,ncc,20260808,multiplicative,224,H0,False,0.4555855430274714,0.4555855430274714,0.4461777841168691,0.449544769682625,0.011459063335717556,9,1.0311916918998196,1.0134375344842987,0.013348051546559492
multiplicative:hypothesis:224:H1,0,0,same_pipeline_different_source,synthetic:multiplicative,synthetic:multiplicative,32x32,32x32,identity_residual,mean_8,ncc,20260808,multiplicative,224,H1,True,0.7322435456292534,0.7322435456292534,0.4841928791881144,0.48112697881194577,0.014562998507457792,9,1.5694386548043813,1.5219340795176226,0.4199819467522508
multiplicative:hypothesis:225:H0,60,40,same_pipeline_different_source,synthetic:multiplicative,synthetic:multiplicative,32x32,32x32,identity_residual,mean_8,ncc,20260808,multiplicative,225,H0,False,0.5073822052265677,0.5073822052265677,0.4753473772059171,0.4756665995570239,0.0116609824669609,9,1.1513356485567308,1.0666761250402694,0.06454738832351004
multiplicative:hypothesis:225:H1,40,40,same_pipeline_different_source,synthetic:multiplicative,synthetic:multiplicative,32x32,32x32,identity_residual,mean_8,ncc,20260808,multiplicative,225,H1,True,0.7091116728093407,0.7091116728093407,0.4556107990912073,0.46041106207665006,0.01488803031881325,9,1.6401266689674987,1.540170797832148,0.43189331795894836
multiplicative:hypothesis:226:H0,50,2,same_pipeline_different_source,synthetic:multiplicative,synthetic:multiplicative,32x32,32x32,identity_residual,mean_8,ncc,20260808,multiplicative,226,H0,False,0.4845521310422795,0.4845521310422795,0.4541511348453791,0.45045517315573796,0.012949924019397097,9,1.075694452896766,1.075694452896766,0.07296645570437099
multiplicative:hypothesis:226:H1,2,2,same_pipeline_different_source,synthetic:multiplicative,synthetic:multiplicative,32x32,32x32,identity_residual,mean_8,ncc,20260808,multiplicative,226,H1,True,0.7438689490494736,0.7438689490494736,0.4799443984585721,0.4770043296884962,0.010252253355260532,9,1.4908584952777753,1.559459532652987,0.4443393078050194
multiplicative:hypothesis:227:H0,6,32,same_pipeline_different_source,synthetic:multiplicative,synthetic:multiplicative,32x32,32x32,identity_residual,mean_8,ncc,20260808,multiplicative,227,H0,False,0.46364879466360226,0.46364879466360226,0.4916118265042806,0.5006388476775233,0.018313281445218155,9,0.9994598464177951,0.9261142973911856,-0.07675762064499903
multiplicative:hypothesis:227:H1,32,32,same_pipeline_different_source,synthetic:multiplicative,synthetic:multiplicative,32x32,32x32,identity_residual,mean_8,ncc,20260808,multiplicative,227,H1,True,0.7367628054611505,0.7367628054611505,0.4559912881484976,0.4632579913583071,0.021532825480370277,9,1.6805322891850616,1.5903941630902185,0.46398188682428937
multiplicative:hypothesis:228:H0,56,33,same_pipeline_different_source,synthetic:multiplicative,synthetic:multiplicative,32x32,32x32,identity_residual,mean_8,ncc,20260808,multiplicative,228,H0,False,0.4622816526307168,0.4622816526307168,0.45410251426948745,0.45641327206252924,0.01590692098253793,9,1.0617118782606347,1.0128576028073601,0.012775645600258678
multiplicative:hypothesis:228:H1,33,33,same_pipeline_different_source,synthetic:multiplicative,synthetic:multiplicative,32x32,32x32,identity_residual,mean_8,ncc,20260808,multiplicative,228,H1,True,0.7521428165561086,0.7521428165561086,0.4998951077816813,0.502759448751021,0.014406026450641762,9,1.54171166823219,1.4960292012902348,0.4028143989408149
multiplicative:hypothesis:229:H0,4,13,same_pipeline_different_source,synthetic:multiplicative,synthetic:multiplicative,32x32,32x32,identity_residual,mean_8,ncc,20260808,multiplicative,229,H0,False,0.455748309974952,0.455748309974952,0.48284282438402454,0.48082314149399724,0.01768071510380148,9,0.9478501982222953,0.9478501982222953,-0.05355880796624679
multiplicative:hypothesis:229:H1,13,13,same_pipeline_different_source,synthetic:multiplicative,synthetic:multiplicative,32x32,32x32,identity_residual,mean_8,ncc,20260808,multiplicative,229,H1,True,0.7122873087195978,0.7122873087195978,0.479490113271336,0.4783126828284973,0.011475559476011588,9,1.4891666775538834,1.4891666775538834,0.3982166866942821
multiplicative:hypothesis:230:H0,48,18,same_pipeline_different_source,synthetic:multiplicative,synthetic:multiplicative,32x32,32x32,identity_residual,mean_8,ncc,20260808,multiplicative,230,H0,False,0.47934629479621826,0.47934629479621826,0.4671436091992699,0.4678014167651828,0.0051209471888997715,9,0.9967834427211484,1.0246790146786378,0.02437940713557829
multiplicative:hypothesis:230:H1,18,18,same_pipeline_different_source,synthetic:multiplicative,synthetic:multiplicative,32x32,32x32,identity_residual,mean_8,ncc,20260808,multiplicative,230,H1,True,0.712480751480157,0.712480751480157,0.4817855697405271,0.4747441017577929,0.009858518179213738,9,1.445239889654568,1.5007679902543658,0.40597697058712173
multiplicative:hypothesis:231:H0,23,40,same_pipeline_different_source,synthetic:multiplicative,synthetic:multiplicative,32x32,32x32,identity_residual,mean_8,ncc,20260808,multiplicative,231,H0,False,0.44517086533252076,0.44517086533252076,0.4512347325309606,0.45132465391310433,0.00787804965454969,9,0.988356573460189,0.9863650511284314,-0.013728758489175208
multiplicative:hypothesis:231:H1,40,40,same_pipeline_different_source,synthetic:multiplicative,synthetic:multiplicative,32x32,32x32,identity_residual,mean_8,ncc,20260808,multiplicative,231,H1,True,0.7187667583378112,0.7187667583378112,0.4857034031208308,0.48183573729923956,0.007685228820772105,9,1.4850794813431094,1.4917257120997396,0.3999336458058534
multiplicative:hypothesis:232:H0,14,26,same_pipeline_different_source,synthetic:multiplicative,synthetic:multiplicative,32x32,32x32,identity_residual,mean_8,ncc,20260808,multiplicative,232,H0,False,0.4939784728947102,0.4939784728947102,0.4878983077714939,0.49157961162363345,0.010140281034951681,9,1.0048799039145533,1.0048799039145533,0.004868035778029078
multiplicative:hypothesis:232:H1,26,26,same_pipeline_different_source,synthetic:multiplicative,synthetic:multiplicative,32x32,32x32,identity_residual,mean_8,ncc,20260808,multiplicative,232,H1,True,0.7161445445149136,0.7161445445149136,0.4721575546688672,0.4721347130623733,0.011276699747336305,9,1.5168224760891589,1.5168224760891589,0.41661767050558896
multiplicative:hypothesis:233:H0,0,43,same_pipeline_different_source,synthetic:multiplicative,synthetic:multiplicative,32x32,32x32,identity_residual,mean_8,ncc,20260808,multiplicative,233,H0,False,0.48677093098182955,0.48677093098182955,0.48059748574579086,0.4804770501380725,0.007896850328335814,9,1.0434731054226662,1.0130992330267354,0.013014180021374888
multiplicative:hypothesis:233:H1,43,43,same_pipeline_different_source,synthetic:multiplicative,synthetic:multiplicative,32x32,32x32,identity_residual,mean_8,ncc,20260808,multiplicative,233,H1,True,0.7118879563128432,0.7118879563128432,0.4623627819958355,0.45773197769997315,0.008295988786134467,9,1.5498493060661376,1.5552506510249982,0.4416367230111994
multiplicative:hypothesis:234:H0,33,39,same_pipeline_different_source,synthetic:multiplicative,synthetic:multiplicative,32x32,32x32,identity_residual,mean_8,ncc,20260808,multiplicative,234,H0,False,0.515654743386398,0.515654743386398,0.5009956155668854,0.4976631463636382,0.014531886830973895,9,1.0214320700832777,1.036152158652338,0.035514004338800365
multiplicative:hypothesis:234:H1,39,39,same_pipeline_different_source,synthetic:multiplicative,synthetic:multiplicative,32x32,32x32,identity_residual,mean_8,ncc,20260808,multiplicative,234,H1,True,0.7098125562228847,0.7098125562228847,0.46663336781596865,0.47336959835778153,0.023935450753145404,9,1.499489106789649,1.499489106789649,0.40512445461878516
multiplicative:hypothesis:235:H0,17,54,same_pipeline_different_source,synthetic:multiplicative,synthetic:multiplicative,32x32,32x32,identity_residual,mean_8,ncc,20260808,multiplicative,235,H0,False,0.45986841439589027,0.45986841439589027,0.47416769023109684,0.4708312952469401,0.010234078863879281,9,0.985156998606008,0.9767159044827297,-0.023559452763744493
multiplicative:hypothesis:235:H1,54,54,same_pipeline_different_source,synthetic:multiplicative,synthetic:multiplicative,32x32,32x32,identity_residual,mean_8,ncc,20260808,multiplicative,235,H1,True,0.7186455066675432,0.7186455066675432,0.4867736467625735,0.48877786417539104,0.015580848470613362,9,1.470290615308363,1.470290615308363,0.3854600787397541
multiplicative:hypothesis:236:H0,17,15,same_pipeline_different_source,synthetic:multiplicative,synthetic:multiplicative,32x32,32x32,identity_residual,mean_8,ncc,20260808,multiplicative,236,H0,False,0.5348069656087602,0.5348069656087602,0.509165069119859,0.5017455820102376,0.017749306707965595,9,1.1049815729981707,1.0658927248867096,0.06381268736524981
multiplicative:hypothesis:236:H1,15,15,same_pipeline_different_source,synthetic:multiplicative,synthetic:multiplicative,32x32,32x32,identity_residual,mean_8,ncc,20260808,multiplicative,236,H1,True,0.7152216901205501,0.7152216901205501,0.4493220541708463,0.44473166227699884,0.00800108413746592,9,1.5781675630484329,1.608209513257183,0.47512145658337623
multiplicative:hypothesis:237:H0,36,38,same_pipeline_different_source,synthetic:multiplicative,synthetic:multiplicative,32x32,32x32,identity_residual,mean_8,ncc,20260808,multiplicative,237,H0,False,0.41592170551322316,0.41592170551322316,0.4631880066919753,0.46801419736041155,0.010148269268268006,9,0.9951576452835714,0.8886946333231155,-0.11800159705068003
multiplicative:hypothesis:237:H1,38,38,same_pipeline_different_source,synthetic:multiplicative,synthetic:multiplicative,32x32,32x32,identity_residual,mean_8,ncc,20260808,multiplicative,237,H1,True,0.7427372538614784,0.7427372538614784,0.5100236401400525,0.5124798190914357,0.008976149050314741,9,1.5361041604197192,1.4493004918286558,0.37108102060227965
multiplicative:hypothesis:238:H0,12,51,same_pipeline_different_source,synthetic:multiplicative,synthetic:multiplicative,32x32,32x32,identity_residual,mean_8,ncc,20260808,multiplicative,238,H0,False,0.4703832545509965,0.4703832545509965,0.46194543875533195,0.4629880415381647,0.008278233139877078,9,1.0435848544157018,1.0159727948658523,0.015846572090949418
multiplicative:hypothesis:238:H1,51,51,same_pipeline_different_source,synthetic:multiplicative,synthetic:multiplicative,32x32,32x32,identity_residual,mean_8,ncc,20260808,multiplicative,238,H1,True,0.725989991833302,0.725989991833302,0.4577807963830518,0.4539990237895409,0.01573288013143359,9,1.5528788923082208,1.5991003367660264,0.46944118158046455
multiplicative:hypothesis:239:H0,8,3,same_pipeline_different_source,synthetic:multiplicative,synthetic:multiplicative,32x32,32x32,identity_residual,mean_8,ncc,20260808,multiplicative,239,H0,False,0.4837485697156806,0.4837485697156806,0.4718754913654237,0.4646556001009674,0.007979960105120976,9,0.9912441585526603,1.0410905832417912,0.040268801449298786
multiplicative:hypothesis:239:H1,3,3,same_pipeline_different_source,synthetic:multiplicative,synthetic:multiplicative,32x32,32x32,identity_residual,mean_8,ncc,20260808,multiplicative,239,H1,True,0.7359562875443854,0.7359562875443854,0.48959671675321004,0.4918392284111449,0.01665678345492838,9,1.5513071253302697,1.496335072584277,0.4030188334729192
multiplicative:hypothesis:240:H0,44,59,same_pipeline_different_source,synthetic:multiplicative,synthetic:multiplicative,32x32,32x32,identity_residual,mean_8,ncc,20260808,multiplicative,240,H0,False,0.48372123384140636,0.48372123384140636,0.49208384676553624,0.4954485148830964,0.015305044455416028,9,0.9550579197511514,0.9763299703412026,-0.023954665340699677
multiplicative:hypothesis:240:H1,59,59,same_pipeline_different_source,synthetic:multiplicative,synthetic:multiplicative,32x32,32x32,identity_residual,mean_8,ncc,20260808,multiplicative,240,H1,True,0.7279438561357107,0.7279438561357107,0.48640734902530625,0.48673626498743405,0.01217073248623729,9,1.4825916766159921,1.4955611662806834,0.4025014984725935
multiplicative:hypothesis:241:H0,17,35,same_pipeline_different_source,synthetic:multiplicative,synthetic:multiplicative,32x32,32x32,identity_residual,mean_8,ncc,20260808,multiplicative,241,H0,False,0.49280034085906455,0.49280034085906455,0.46514908688293066,0.47016222169614114,0.008288117274700468,9,1.0481495920307142,1.0481495920307142,0.04702631619971909
multiplicative:hypothesis:241:H1,35,35,same_pipeline_different_source,synthetic:multiplicative,synthetic:multiplicative,32x32,32x32,identity_residual,mean_8,ncc,20260808,multiplicative,241,H1,True,0.7367522143098223,0.7367522143098223,0.4847226745244796,0.49027099650502537,0.014037201385499631,9,1.4955692187642131,1.502744848383603,0.4072933348052247
multiplicative:hypothesis:242:H0,25,50,same_pipeline_different_source,synthetic:multiplicative,synthetic:multiplicative,32x32,32x32,identity_residual,mean_8,ncc,20260808,multiplicative,242,H0,False,0.4606704860153359,0.4606704860153359,0.4743651399511143,0.4699202764194161,0.010073940856938413,9,0.8804189808799266,0.9803162560369613,-0.01988004913547259
multiplicative:hypothesis:242:H1,50,50,same_pipeline_different_source,synthetic:multiplicative,synthetic:multiplicative,32x32,32x32,identity_residual,mean_8,ncc,20260808,multiplicative,242,H1,True,0.7202003922288086,0.7202003922288086,0.47221015925311083,0.4693686364364049,0.010466834393448476,9,1.5009319569127624,1.5344024639072558,0.4281410309247201
multiplicative:hypothesis:243:H0,28,60,same_pipeline_different_source,synthetic:multiplicative,synthetic:multiplicative,32x32,32x32,identity_residual,mean_8,ncc,20260808,multiplicative,243,H0,False,0.42611839157881176,0.42611839157881176,0.46516791160101395,0.46900933414678564,0.0034688250151531097,9,0.9520093742278456,0.908549916930757,-0.0959054483176438
multiplicative:hypothesis:243:H1,60,60,same_pipeline_different_source,synthetic:multiplicative,synthetic:multiplicative,32x32,32x32,identity_residual,mean_8,ncc,20260808,multiplicative,243,H1,True,0.7233804606562674,0.7233804606562674,0.4519584116702115,0.4479702584520726,0.009955008335841065,9,1.6574377873653314,1.6147957303144498,0.47920846589756827
multiplicative:hypothesis:244:H0,14,12,same_pipeline_different_source,synthetic:multiplicative,synthetic:multiplicative,32x32,32x32,identity_residual,mean_8,ncc,20260808,multiplicative,244,H0,False,0.47782009388993113,0.47782009388993113,0.4926243203386272,0.4939792315444153,0.006629694943371123,9,0.9915803908218206,0.9672878197652905,-0.03325918586579213
multiplicative:hypothesis:244:H1,12,12,same_pipeline_different_source,synthetic:multiplicative,synthetic:multiplicative,32x32,32x32,identity_residual,mean_8,ncc,20260808,multiplicative,244,H1,True,0.7349304872820017,0.7349304872820017,0.4816474823374246,0.4809592467981137,0.006284314731621776,9,1.5971123524026847,1.5280514766576354,0.42399337908893514
multiplicative:hypothesis:245:H0,18,6,same_pipeline_different_source,synthetic:multiplicative,synthetic:multiplicative,32x32,32x32,identity_residual,mean_8,ncc,20260808,multiplicative,245,H0,False,0.4947372601657203,0.4947372601657203,0.49427700904960825,0.49233150484084925,0.010150727689725192,9,1.0075204815523944,1.0048864541497273,0.004874554182666246
multiplicative:hypothesis:245:H1,6,6,same_pipeline_different_source,synthetic:multiplicative,synthetic:multiplicative,32x32,32x32,identity_residual,mean_8,ncc,20260808,multiplicative,245,H1,True,0.7359752929766206,0.7359752929766206,0.4771555090359173,0.47281336249731,0.024015110471694023,9,1.5565873373149597,1.5565873373149597,0.4424958206744979
multiplicative:hypothesis:246:H0,26,22,same_pipeline_different_source,synthetic:multiplicative,synthetic:multiplicative,32x32,32x32,identity_residual,mean_8,ncc,20260808,multiplicative,246,H0,False,0.47583594103245885,0.47583594103245885,0.4757219285520952,0.4817648681600702,0.004906518495485179,9,1.043012018421907,0.987693317799916,-0.012383036505625555
multiplicative:hypothesis:246:H1,22,22,same_pipeline_different_source,synthetic:multiplicative,synthetic:multiplicative,32x32,32x32,identity_residual,mean_8,ncc,20260808,multiplicative,246,H1,True,0.7286445803503692,0.7286445803503692,0.4826339001519398,0.4877914897457673,0.009723640149675306,9,1.4667791495404536,1.493762387552379,0.4012980295853924
multiplicative:hypothesis:247:H0,52,43,same_pipeline_different_source,synthetic:multiplicative,synthetic:multiplicative,32x32,32x32,identity_residual,mean_8,ncc,20260808,multiplicative,247,H0,False,0.47676022208227653,0.47676022208227653,0.5068865034960425,0.5152425972359572,0.01734909553752151,9,0.9106041493510174,0.9253121241137259,-0.07762416691261009
multiplicative:hypothesis:247:H1,43,43,same_pipeline_different_source,synthetic:multiplicative,synthetic:multiplicative,32x32,32x32,identity_residual,mean_8,ncc,20260808,multiplicative,247,H1,True,0.7117134187576697,0.7117134187576697,0.4790886965333082,0.47742706169706195,0.012473238474812465,9,1.5035974459029111,1.4907270154059,0.3992639307609464
multiplicative:hypothesis:248:H0,59,53,same_pipeline_different_source,synthetic:multiplicative,synthetic:multiplicative,32x32,32x32,identity_residual,mean_8,ncc,20260808,multiplicative,248,H0,False,0.44987251722006927,0.44987251722006927,0.45974820437377495,0.45882364898318834,0.02180425330493302,9,0.980491128164479,0.980491128164479,-0.019701681663592874
multiplicative:hypothesis:248:H1,53,53,same_pipeline_different_source,synthetic:multiplicative,synthetic:multiplicative,32x32,32x32,identity_residual,mean_8,ncc,20260808,multiplicative,248,H1,True,0.712355774403057,0.712355774403057,0.47405954658950805,0.4732853760105146,0.019914091146477686,9,1.466719734745083,1.5051294853176092,0.40887893125577607
multiplicative:hypothesis:249:H0,21,2,same_pipeline_different_source,synthetic:multiplicative,synthetic:multiplicative,32x32,32x32,identity_residual,mean_8,ncc,20260808,multiplicative,249,H0,False,0.4531528795477227,0.4531528795477227,0.450205913741447,0.44735303461242604,0.017197604428877133,9,1.0186636572449133,1.012964805168521,0.012881481492722724
multiplicative:hypothesis:249:H1,2,2,same_pipeline_different_source,synthetic:multiplicative,synthetic:multiplicative,32x32,32x32,identity_residual,mean_8,ncc,20260808,multiplicative,249,H1,True,0.7445477655459558,0.7445477655459558,0.49777667482280397,0.4926512410299356,0.005581892014926815,9,1.477114907174235,1.511308007647369,0.4129755060959923
multiplicative:hypothesis:250:H0,12,22,same_pipeline_different_source,synthetic:multiplicative,synthetic:multiplicative,32x32,32x32,identity_residual,mean_8,ncc,20260808,multiplicative,250,H0,False,0.4490788609936798,0.4490788609936798,0.46596714633522507,0.46534068171473736,0.022783598316874876,9,0.9535562000941611,0.9650539457218005,-0.03557127690324269
multiplicative:hypothesis:250:H1,22,22,same_pipeline_different_source,synthetic:multiplicative,synthetic:multiplicative,32x32,32x32,identity_residual,mean_8,ncc,20260808,multiplicative,250,H1,True,0.7345447521545738,0.7345447521545738,0.4965545173954905,0.4973819988429495,0.013682077912132995,9,1.5578768878892306,1.4768221484961894,0.3898925822814178
multiplicative:hypothesis:251:H0,0,42,same_pipeline_different_source,synthetic:multiplicative,synthetic:multiplicative,32x32,32x32,identity_residual,mean_8,ncc,20260808,multiplicative,251,H0,False,0.4572971394996585,0.4572971394996585,0.49247886951497705,0.4967250970015216,0.0026567333152366923,9,0.9157264276307261,0.920624188832274,-0.08270337287110341
multiplicative:hypothesis:251:H1,42,42,same_pipeline_different_source,synthetic:multiplicative,synthetic:multiplicative,32x32,32x32,identity_residual,mean_8,ncc,20260808,multiplicative,251,H1,True,0.7231943563772454,0.7231943563772454,0.46642981161605845,0.4716076692317553,0.011593960163350292,9,1.5139753377379406,1.5334660641870446,0.4275305746807739
multiplicative:hypothesis:252:H0,61,11,same_pipeline_different_source,synthetic:multiplicative,synthetic:multiplicative,32x32,32x32,identity_residual,mean_8,ncc,20260808,multiplicative,252,H0,False,0.4792790307794024,0.4792790307794024,0.4693072252186211,0.47011865412192305,0.009113671627282549,9,1.0893633845918846,1.019485243942487,0.019297837109565452
multiplicative:hypothesis:252:H1,11,11,same_pipeline_different_source,synthetic:multiplicative,synthetic:multiplicative,32x32,32x32,identity_residual,mean_8,ncc,20260808,multiplicative,252,H1,True,0.6747700336188456,0.6747700336188456,0.4680098283266933,0.4616463283217302,0.01960698864895144,9,1.38157105390831,1.4616601329244958,0.37957286708298715
multiplicative:hypothesis:253:H0,62,61,same_pipeline_different_source,synthetic:multiplicative,synthetic:multiplicative,32x32,32x32,identity_residual,mean_8,ncc,20260808,multiplicative,253,H0,False,0.47599284442443834,0.47599284442443834,0.47725338435643583,0.4816633863272114,0.014594042539297025,9,0.9505840311742181,0.9882271684671484,-0.011842680065239919
multiplicative:hypothesis:253:H1,61,61,same_pipeline_different_source,synthetic:multiplicative,synthetic:multiplicative,32x32,32x32,identity_residual,mean_8,ncc,20260808,multiplicative,253,H1,True,0.7044094867819298,0.7044094867819298,0.4752023208665711,0.4758286094864039,0.012725219702909574,9,1.4697861758398727,1.480384896448849,0.392302119133081
multiplicative:hypothesis:254:H0,15,60,same_pipeline_different_source,synthetic:multiplicative,synthetic:multiplicative,32x32,32x32,identity_residual,mean_8,ncc,20260808,multiplicative,254,H0,False,0.4407991240347955,0.4407991240347955,0.446481725718775,0.44500051547671315,0.014777358131536689,9,0.9473514019929024,0.9905586818536224,-0.009486169920363996
multiplicative:hypothesis:254:H1,60,60,same_pipeline_different_source,synthetic:multiplicative,synthetic:multiplicative,32x32,32x32,identity_residual,mean_8,ncc,20260808,multiplicative,254,H1,True,0.7461421109311174,0.7461421109311174,0.4976496375663361,0.49239617427534016,0.012083133865492146,9,1.5183240479180637,1.515328814301239,0.41563245455447706
multiplicative:hypothesis:255:H0,10,51,same_pipeline_different_source,synthetic:multiplicative,synthetic:multiplicative,32x32,32x32,identity_residual,mean_8,ncc,20260808,multiplicative,255,H0,False,0.5007627664189557,0.5007627664189557,0.49685329345332563,0.4997244057337999,0.022884490164800264,9,1.0134642534366802,1.00207786666659,0.0020757108874125407
multiplicative:hypothesis:255:H1,51,51,same_pipeline_different_source,synthetic:multiplicative,synthetic:multiplicative,32x32,32x32,identity_residual,mean_8,ncc,20260808,multiplicative,255,H1,True,0.7228608296091924,0.7228608296091924,0.48027834113287504,0.47122236023627584,0.007530827170541432,9,1.5479226205455312,1.5340121577565682,0.4278866284394518
multiplicative:hypothesis:256:H0,32,25,same_pipeline_different_source,synthetic:multiplicative,synthetic:multiplicative,32x32,32x32,identity_residual,mean_8,ncc,20260808,multiplicative,256,H0,False,0.48604606303688386,0.48604606303688386,0.4615329135327161,0.4670433756998449,0.015347048915358541,9,1.0266072784492721,1.0406872002168197,0.03988126438052508
multiplicative:hypothesis:256:H1,25,25,same_pipeline_different_source,synthetic:multiplicative,synthetic:multiplicative,32x32,32x32,identity_residual,mean_8,ncc,20260808,multiplicative,256,H1,True,0.7321271017815081,0.7321271017815081,0.4958263009205291,0.49337381800051955,0.005567613878251387,9,1.4861467837539142,1.4839196468685274,0.3946869969642156
multiplicative:hypothesis:257:H0,28,39,same_pipeline_different_source,synthetic:multiplicative,synthetic:multiplicative,32x32,32x32,identity_residual,mean_8,ncc,20260808,multiplicative,257,H0,False,0.4661973218632228,0.4661973218632228,0.4831626710570435,0.48675343136652105,0.011531007659941694,9,1.0334782160326934,0.9577689479340934,-0.043148711797447725
multiplicative:hypothesis:257:H1,39,39,same_pipeline_different_source,synthetic:multiplicative,synthetic:multiplicative,32x32,32x32,identity_residual,mean_8,ncc,20260808,multiplicative,257,H1,True,0.7389229954970802,0.7389229954970802,0.48457167508163146,0.4847771080628255,0.01360372671136778,9,1.57180168069269,1.5242530705499366,0.4215045002698487
multiplicative:hypothesis:258:H0,24,0,same_pipeline_different_source,synthetic:multiplicative,synthetic:multiplicative,32x32,32x32,identity_residual,mean_8,ncc,20260808,multiplicative,258,H0,False,0.44854246787500507,0.44854246787500507,0.4860227505259872,0.4900385582475928,0.019137555248364024,9,0.9047923559248435,0.915320764714964,-0.08848071260928725
multiplicative:hypothesis:258:H1,0,0,same_pipeline_different_source,synthetic:multiplicative,synthetic:multiplicative,32x32,32x32,identity_residual,mean_8,ncc,20260808,multiplicative,258,H1,True,0.7283433009995055,0.7283433009995055,0.48297967935385955,0.4846147642974479,0.00577495191964289,9,1.5210583626760803,1.502932544895519,0.4074182294546504
multiplicative:hypothesis:259:H0,43,30,same_pipeline_different_source,synthetic:multiplicative,synthetic:multiplicative,32x32,32x32,identity_residual,mean_8,ncc,20260808,multiplicative,259,H0,False,0.4759836990596911,0.4759836990596911,0.4928873813943651,0.49539866947601996,0.009688371210097357,9,0.950642831688307,0.9608094013719013,-0.03997922332262305
multiplicative:hypothesis:259:H1,30,30,same_pipeline_different_source,synthetic:multiplicative,synthetic:multiplicative,32x32,32x32,identity_residual,mean_8,ncc,20260808,multiplicative,259,H1,True,0.7194560579003226,0.7194560579003226,0.4762560527720875,0.47427210714906276,0.0026305250386707835,9,1.5206018678667672,1.5169689447374544,0.41671422865879876
multiplicative:hypothesis:260:H0,14,15,same_pipeline_different_source,synthetic:multiplicative,synthetic:multiplicative,32x32,32x32,identity_residual,mean_8,ncc,20260808,multiplicative,260,H0,False,0.45578115879906217,0.45578115879906217,0.45847763852439904,0.4604389633212295,0.007481438748348335,9,0.9623786406784794,0.9898839913795093,-0.010167523144401835
multiplicative:hypothesis:260:H1,15,15,same_pipeline_different_source,synthetic:multiplicative,synthetic:multiplicative,32x32,32x32,identity_residual,mean_8,ncc,20260808,multiplicative,260,H1,True,0.7426876879892992,0.7426876879892992,0.48816460258645605,0.48289978957682056,0.00789785633111173,9,1.434381218843641,1.5379747600224438,0.43046646004010763
multiplicative:hypothesis:261:H0,34,52,same_pipeline_different_source,synthetic:multiplicative,synthetic:multiplicative,32x32,32x32,identity_residual,mean_8,ncc,20260808,multiplicative,261,H0,False,0.49946574817822614,0.49946574817822614,0.4993119859821651,0.4978811635349885,0.016585092853936667,9,1.0689674919381214,1.003182656343106,0.0031776024128498115
multiplicative:hypothesis:261:H1,52,52,same_pipeline_different_source,synthetic:multiplicative,synthetic:multiplicative,32x32,32x32,identity_residual,mean_8,ncc,20260808,multiplicative,261,H1,True,0.7052848782828236,0.7052848782828236,0.46795873493258267,0.4631380174001833,0.014971674285233105,9,1.4326571360175184,1.5228395246884012,0.4205767004615041
multiplicative:hypothesis:262:H0,0,25,same_pipeline_different_source,synthetic:multiplicative,synthetic:multiplicative,32x32,32x32,identity_residual,mean_8,ncc,20260808,multiplicative,262,H0,False,0.47843717116091833,0.47843717116091833,0.48452663875620355,0.49415590381448987,0.009159041715523675,9,0.9679029489700297,0.9681907419657735,-0.03232616363156271
multiplicative:hypothesis:262:H1,25,25,same_pipeline_different_source,synthetic:multiplicative,synthetic:multiplicative,32x32,32x32,identity_residual,mean_8,ncc,20260808,multiplicative,262,H1,True,0.711129182545659,0.711129182545659,0.496219104500017,0.4875947499035666,0.005093057335129492,9,1.3533744926956703,1.4584430670886053,0.3773694743142445
multiplicative:hypothesis:263:H0,28,17,same_pipeline_different_source,synthetic:multiplicative,synthetic:multiplicative,32x32,32x32,identity_residual,mean_8,ncc,20260808,multiplicative,263,H0,False,0.4597296207061314,0.4597296207061314,0.4641543952262262,0.45676024307823493,0.01597345904055858,9,0.9607037823272601,1.0065009546537698,0.006479914585853175
multiplicative:hypothesis:263:H1,17,17,same_pipeline_different_source,synthetic:multiplicative,synthetic:multiplicative,32x32,32x32,identity_residual,mean_8,ncc,20260808,multiplicative,263,H1,True,0.7441947150805731,0.7441947150805731,0.48355834068656883,0.47670891950555405,0.014860059850713314,9,1.455512506617424,1.5611092736684207,0.44539664143329016
multiplicative:hypothesis:264:H0,48,4,same_pipeline_different_source,synthetic:multiplicative,synthetic:multiplicative,32x32,32x32,identity_residual,mean_8,ncc,20260808,multiplicative,264,H0,False,0.4702107864508982,0.4702107864508982,0.4690039861626681,0.46710906837722654,0.013494143777574796,9,0.9747846860299996,1.006640243753878,0.0066182944475745575
multiplicative:hypothesis:264:H1,4,4,same_pipeline_different_source,synthetic:multiplicative,synthetic:multiplicative,32x32,32x32,identity_residual,mean_8,ncc,20260808,multiplicative,264,H1,True,0.7312238841898686,0.7312238841898686,0.49222691551985825,0.501969855757697,0.012977214034449625,9,1.45395765070268,1.4567087561186811,0.3761796143826057
multiplicative:hypothesis:265:H0,35,55,same_pipeline_different_source,synthetic:multiplicative,synthetic:multiplicative,32x32,32x32,identity_residual,mean_8,ncc,20260808,multiplicative,265,H0,False,0.45408727135605226,0.45408727135605226,0.45728122343518507,0.4624229723289985,0.01014645008141457,9,1.0532709037675139,0.9819738605740901,-0.018190589541941082
multiplicative:hypothesis:265:H1,55,55,same_pipeline_different_source,synthetic:multiplicative,synthetic:multiplicative,32x32,32x32,identity_residual,mean_8,ncc,20260808,multiplicative,265,H1,True,0.7256544779207046,0.7256544779207046,0.4831703557899847,0.48141811803951245,0.009910753329364252,9,1.5219959791677684,1.507326896785273,0.41033781502282796
multiplicative:hypothesis:266:H0,47,22,same_pipeline_different_source,synthetic:multiplicative,synthetic:multiplicative,32x32,32x32,identity_residual,mean_8,ncc,20260808,multiplicative,266,H0,False,0.49289227490306436,0.49289227490306436,0.4972382321925763,0.49591008305764217,0.01613394759760628,9,0.9939146061802759,0.9939146061802759,-0.006103985291352476
multiplicative:hypothesis:266:H1,22,22,same_pipeline_different_source,synthetic:multiplicative,synthetic:multiplicative,32x32,32x32,identity_residual,mean_8,ncc,20260808,multiplicative,266,H1,True,0.7342402107564295,0.7342402107564295,0.47556632587522807,0.4731204943922193,0.01756478608059786,9,1.555565418385722,1.5519095440996489,0.43948613662153335
multiplicative:hypothesis:267:H0,24,31,same_pipeline_different_source,synthetic:multiplicative,synthetic:multiplicative,32x32,32x32,identity_residual,mean_8,ncc,20260808,multiplicative,267,H0,False,0.4477843758658093,0.4477843758658093,0.4662231885786322,0.4709112100128757,0.0075402028210099226,9,1.0658431395759829,0.9508891832359776,-0.05035774979223828
multiplicative:hypothesis:267:H1,31,31,same_pipeline_different_source,synthetic:multiplicative,synthetic:multiplicative,32x32,32x32,identity_residual,mean_8,ncc,20260808,multiplicative,267,H1,True,0.7270623423326151,0.7270623423326151,0.46669934458770307,0.46922309837673226,0.01609446065666098,9,1.659845052916325,1.5495024538388509,0.43793388187710036
multiplicative:hypothesis:268:H0,31,40,same_pipeline_different_source,synthetic:multiplicative,synthetic:multiplicative,32x32,32x32,identity_residual,mean_8,ncc,20260808,multiplicative,268,H0,False,0.49073570380646714,0.49073570380646714,0.4961677874949318,0.49607073538368257,0.02135242529072301,9,1.0342797623136708,0.9892454216774366,-0.010812826801675834
multiplicative:hypothesis:268:H1,40,40,same_pipeline_different_source,synthetic:multiplicative,synthetic:multiplicative,32x32,32x32,identity_residual,mean_8,ncc,20260808,multiplicative,268,H1,True,0.7345531374302121,0.7345531374302121,0.5240355042946813,0.5177905911374108,0.009184790451255309,9,1.4258885437630577,1.4186297511058426,0.34969144172570155
multiplicative:hypothesis:269:H0,12,56,same_pipeline_different_source,synthetic:multiplicative,synthetic:multiplicative,32x32,32x32,identity_residual,mean_8,ncc,20260808,multiplicative,269,H0,False,0.4810079671945476,0.4810079671945476,0.4731219495522612,0.47468180607338567,0.016493244369325644,9,1.0386311357550535,1.0133271615642752,0.013239136169902466
multiplicative:hypothesis:269:H1,56,56,same_pipeline_different_source,synthetic:multiplicative,synthetic:multiplicative,32x32,32x32,identity_residual,mean_8,ncc,20260808,multiplicative,269,H1,True,0.7297617904952177,0.7297617904952177,0.5026807943229263,0.5047430245425238,0.01091582517714007,9,1.5022899595757366,1.445808569928511,0.36866872903122533
multiplicative:hypothesis:270:H0,36,2,same_pipeline_different_source,synthetic:multiplicative,synthetic:multiplicative,32x32,32x32,identity_residual,mean_8,ncc,20260808,multiplicative,270,H0,False,0.490531458748918,0.490531458748918,0.4738421909845056,0.4790501781136246,0.013214334597469124,9,1.021055963301117,1.0239667599759668,0.023684065129477738
multiplicative:hypothesis:270:H1,2,2,same_pipeline_different_source,synthetic:multiplicative,synthetic:multiplicative,32x32,32x32,identity_residual,mean_8,ncc,20260808,multiplicative,270,H1,True,0.7232218604291893,0.7232218604291893,0.4808328716981719,0.4797395752578742,0.01735195066067463,9,1.4513353512080065,1.5075301220259685,0.41047263086300556
multiplicative:hypothesis:271:H0,41,49,same_pipeline_different_source,synthetic:multiplicative,synthetic:multiplicative,32x32,32x32,identity_residual,mean_8,ncc,20260808,multiplicative,271,H0,False,0.4550011258226229,0.4550011258226229,0.4627702557429735,0.4565675713818569,0.001341197913066583,9,0.9987227913271978,0.9965690827438907,-0.0034368163494507
multiplicative:hypothesis:271:H1,49,49,same_pipeline_different_source,synthetic:multiplicative,synthetic:multiplicative,32x32,32x32,identity_residual,mean_8,ncc,20260808,multiplicative,271,H1,True,0.7351628830240136,0.7351628830240136,0.43481216318621413,0.43603819127444327,0.019320117863038222,9,1.7877250257235262,1.6860057163233682,0.5223622500385473
multiplicative:hypothesis:272:H0,41,15,same_pipeline_different_source,synthetic:multiplicative,synthetic:multiplicative,32x32,32x32,identity_residual,mean_8,ncc,20260808,multiplicative,272,H0,False,0.41878774158873383,0.41878774158873383,0.4649508170289995,0.4686365959161113,0.014859285532590083,9,0.9503867371694559,0.8936300434883222,-0.11246341105784041
multiplicative:hypothesis:272:H1,15,15,same_pipeline_different_source,synthetic:multiplicative,synthetic:multiplicative,32x32,32x32,identity_residual,mean_8,ncc,20260808,multiplicative,272,H1,True,0.6891123531448957,0.6891123531448957,0.45954587172707445,0.45948634868024985,0.00618911755054341,9,1.486206057841927,1.4997449981358193,0.405295092413528
multiplicative:hypothesis:273:H0,54,27,same_pipeline_different_source,synthetic:multiplicative,synthetic:multiplicative,32x32,32x32,identity_residual,mean_8,ncc,20260808,multiplicative,273,H0,False,0.5051222771228049,0.5051222771228049,0.4888701080016263,0.499041057495882,0.008320965511046996,9,1.0050152807623713,1.0121858102366117,0.01211216096475376
multiplicative:hypothesis:273:H1,27,27,same_pipeline_different_source,synthetic:multiplicative,synthetic:multiplicative,32x32,32x32,identity_residual,mean_8,ncc,20260808,multiplicative,273,H1,True,0.720455018124764,0.720455018124764,0.479761797198709,0.4797025208084832,0.012324784755559481,9,1.5018787412468049,1.5018787412468049,0.40671681855621683
multiplicative:hypothesis:274:H0,32,63,same_pipeline_different_source,synthetic:multiplicative,synthetic:multiplicative,32x32,32x32,identity_residual,mean_8,ncc,20260808,multiplicative,274,H0,False,0.48681436934972894,0.48681436934972894,0.4709225544477411,0.4722219736616428,0.012812849616339328,9,1.0680703118962946,1.0309015600755205,0.030433720433171274
multiplicative:hypothesis:274:H1,63,63,same_pipeline_different_source,synthetic:multiplicative,synthetic:multiplicative,32x32,32x32,identity_residual,mean_8,ncc,20260808,multiplicative,274,H1,True,0.7041986031408963,0.7041986031408963,0.4370870430220064,0.4331985599747036,0.005554713647957621,9,1.6466941105071946,1.6255792798157447,0.48586423214445434
multiplicative:hypothesis:275:H0,36,33,same_pipeline_different_source,synthetic:multiplicative,synthetic:multiplicative,32x32,32x32,identity_residual,mean_8,ncc,20260808,multiplicative,275,H0,False,0.48492799765640043,0.48492799765640043,0.4678423755070899,0.46995389836539614,0.016166639315322306,9,1.0690518902782173,1.0318629111133826,0.0313658201671857
multiplicative:hypothesis:275:H1,33,33,same_pipeline_different_source,synthetic:multiplicative,synthetic:multiplicative,32x32,32x32,identity_residual,mean_8,ncc,20260808,multiplicative,275,H1,True,0.755894511144185,0.755894511144185,0.5013929988319971,0.5049310177440819,0.004045944099886678,9,1.5785306603281402,1.4970253055978846,0.4034800095016205
multiplicative:hypothesis:276:H0,54,42,same_pipeline_different_source,synthetic:multiplicative,synthetic:multiplicative,32x32,32x32,identity_residual,mean_8,ncc,20260808,multiplicative,276,H0,False,0.4578950137452549,0.4578950137452549,0.4716152337202073,0.4712045985968588,0.008399358573384696,9,0.9236161030850095,0.9717541278433256,-0.028652461413881225
multiplicative:hypothesis:276:H1,42,42,same_pipeline_different_source,synthetic:multiplicative,synthetic:multiplicative,32x32,32x32,identity_residual,mean_8,ncc,20260808,multiplicative,276,H1,True,0.7441980287248213,0.7441980287248213,0.49173385723764107,0.48652142200946263,0.01829978032228774,9,1.3754437007404319,1.5296305466901867,0.42502623349359303
multiplicative:hypothesis:277:H0,3,43,same_pipeline_different_source,synthetic:multiplicative,synthetic:multiplicative,32x32,32x32,identity_residual,mean_8,ncc,20260808,multiplicative,277,H0,False,0.49441606734210486,0.49441606734210486,0.5032238097692734,0.5000387761332337,0.01157832101182893,9,1.0086755064353419,0.9887554544577346,-0.011308243396920936
multiplicative:hypothesis:277:H1,43,43,same_pipeline_different_source,synthetic:multiplicative,synthetic:multiplicative,32x32,32x32,identity_residual,mean_8,ncc,20260808,multiplicative,277,H1,True,0.7292287927920766,0.7292287927920766,0.49411987873496,0.49485995617874207,0.00895438844267038,9,1.4942447253846936,1.4736063884075543,0.38771272174807647
multiplicative:hypothesis:278:H0,33,53,same_pipeline_different_source,synthetic:multiplicative,synthetic:multiplicative,32x32,32x32,identity_residual,mean_8,ncc,20260808,multiplicative,278,H0,False,0.5054865707989722,0.5054865707989722,0.4849344007775039,0.48669804203311073,0.008447711180691875,9,1.06221664865787,1.038604077155057,0.037877578046273785
multiplicative:hypothesis:278:H1,53,53,same_pipeline_different_source,synthetic:multiplicative,synthetic:multiplicative,32x32,32x32,identity_residual,mean_8,ncc,20260808,multiplicative,278,H1,True,0.7187619817479177,0.7187619817479177,0.4632709783974886,0.4614758212088218,0.012395192001756372,9,1.5776927238157716,1.557529016070967,0.4431006014070391
multiplicative:hypothesis:279:H0,63,25,same_pipeline_different_source,synthetic:multiplicative,synthetic:multiplicative,32x32,32x32,identity_residual,mean_8,ncc,20260808,multiplicative,279,H0,False,0.47394768824946576,0.47394768824946576,0.4804679835395609,0.47963468060495706,0.012721011961369544,9,0.9881430751664614,0.9881430751664614,-0.011927778797128696
multiplicative:hypothesis:279:H1,25,25,same_pipeline_different_source,synthetic:multiplicative,synthetic:multiplicative,32x32,32x32,identity_residual,mean_8,ncc,20260808,multiplicative,279,H1,True,0.7078247672627428,0.7078247672627428,0.48882226382057403,0.49001647343986454,0.0059276489698738,9,1.4418511115472856,1.4444917786005984,0.3677575493888134
multiplicative:hypothesis:280:H0,11,18,same_pipeline_different_source,synthetic:multiplicative,synthetic:multiplicative,32x32,32x32,identity_residual,mean_8,ncc,20260808,multiplicative,280,H0,False,0.5208035336835486,0.5208035336835486,0.48810256231861615,0.48587169188902296,0.01462362025999503,9,1.024821335357733,1.071895198624793,0.06942829539267581
multiplicative:hypothesis:280:H1,18,18,same_pipeline_different_source,synthetic:multiplicative,synthetic:multiplicative,32x32,32x32,identity_residual,mean_8,ncc,20260808,multiplicative,280,H1,True,0.7162976056145886,0.7162976056145886,0.47298084701845944,0.47788999516123476,0.01358694860407278,9,1.4812172051058565,1.4988755003605332,0.4047151605414614
multiplicative:hypothesis:281:H0,63,49,same_pipeline_different_source,synthetic:multiplicative,synthetic:multiplicative,32x32,32x32,identity_residual,mean_8,ncc,20260808,multiplicative,281,H0,False,0.4731327304417867,0.4731327304417867,0.4533367835812667,0.45474063952218097,0.012070997601032307,9,1.1096603604736859,1.040445232559226,0.03964872977112366
multiplicative:hypothesis:281:H1,49,49,same_pipeline_different_source,synthetic:multiplicative,synthetic:multiplicative,32x32,32x32,identity_residual,mean_8,ncc,20260808,multiplicative,281,H1,True,0.7283686946502408,0.7283686946502408,0.45197511533177614,0.46360423827029673,0.011754251620539224,9,1.5711001637253745,1.5711001637253745,0.45177611518207345
multiplicative:hypothesis:282:H0,38,18,same_pipeline_different_source,synthetic:multiplicative,synthetic:multiplicative,32x32,32x32,identity_residual,mean_8,ncc,20260808,multiplicative,282,H0,False,0.49707672620252097,0.49707672620252097,0.4772148161760427,0.47911925239758396,0.020561535547984067,9,1.0764325657337022,1.0374801757914656,0.03679486526928588
multiplicative:hypothesis:282:H1,18,18,same_pipeline_different_source,synthetic:multiplicative,synthetic:multiplicative,32x32,32x32,identity_residual,mean_8,ncc,20260808,multiplicative,282,H1,True,0.7281857413965459,0.7281857413965459,0.48219167951359027,0.4872487705859238,0.011170339254586992,9,1.4030610901393805,1.4944845125435449,0.4017813397196383
multiplicative:hypothesis:283:H0,10,61,same_pipeline_different_source,synthetic:multiplicative,synthetic:multiplicative,32x32,32x32,identity_residual,mean_8,ncc,20260808,multiplicative,283,H0,False,0.4919611129895115,0.4919611129895115,0.4705578845096765,0.4796478829571056,0.014487066857405195,9,1.1287693385360333,1.025671394516521,0.0253474171995407
multiplicative:hypothesis:283:H1,61,61,same_pipeline_different_source,synthetic:multiplicative,synthetic:multiplicative,32x32,32x32,identity_residual,mean_8,ncc,20260808,multiplicative,283,H1,True,0.7359754254361239,0.7359754254361239,0.494978898633565,0.49562724995714724,0.01005184447333185,9,1.5230321104484066,1.4849373707756335,0.3953725968034281
multiplicative:hypothesis:284:H0,18,11,same_pipeline_different_source,synthetic:multiplicative,synthetic:multiplicative,32x32,32x32,identity_residual,mean_8,ncc,20260808,multiplicative,284,H0,False,0.4959949010788188,0.4959949010788188,0.4808311620504321,0.47185439027377146,0.013687336173295928,9,1.104734230610771,1.0511609329120386,0.04989520378062018
multiplicative:hypothesis:284:H1,11,11,same_pipeline_different_source,synthetic:multiplicative,synthetic:multiplicative,32x32,32x32,identity_residual,mean_8,ncc,20260808,multiplicative,284,H1,True,0.6993080779609974,0.6993080779609974,0.4674283195521668,0.4645486200500526,0.010786952550444873,9,1.501115390164135,1.505349596960703,0.40902516156495294
multiplicative:hypothesis:285:H0,44,34,same_pipeline_different_source,synthetic:multiplicative,synthetic:multiplicative,32x32,32x32,identity_residual,mean_8,ncc,20260808,multiplicative,285,H0,False,0.5241386923123558,0.5241386923123558,0.49806145435108423,0.5045656347360421,0.0033326258725525637,9,1.0364254961156258,1.038791895897851,0.03805839936848865
multiplicative:hypothesis:285:H1,34,34,same_pipeline_different_source,synthetic:multiplicative,synthetic:multiplicative,32x32,32x32,identity_residual,mean_8,ncc,20260808,multiplicative,285,H1,True,0.7196531605601341,0.7196531605601341,0.4853728341322295,0.4895051880715922,0.012972160827630919,9,1.3856232455757098,1.4701645214327774,0.38537431387016813
multiplicative:hypothesis:286:H0,38,51,same_pipeline_different_source,synthetic:multiplicative,synthetic:multiplicative,32x32,32x32,identity_residual,mean_8,ncc,20260808,multiplicative,286,H0,False,0.4970701277003435,0.4970701277003435,0.4801338615603259,0.4789786674885447,0.012567630750983272,9,1.0704010937647355,1.0377709101464974,0.03707505725078031
multiplicative:hypothesis:286:H1,51,51,same_pipeline_different_source,synthetic:multiplicative,synthetic:multiplicative,32x32,32x32,identity_residual,mean_8,ncc,20260808,multiplicative,286,H1,True,0.7024055395937986,0.7024055395937986,0.450501721802618,0.4508831565622144,0.008884135266570004,9,1.5578438213335173,1.5578438213335173,0.44330269937736355
multiplicative:hypothesis:287:H0,12,17,same_pipeline_different_source,synthetic:multiplicative,synthetic:multiplicative,32x32,32x32,identity_residual,mean_8,ncc,20260808,multiplicative,287,H0,False,0.4190134490767272,0.4190134490767272,0.4649114672256893,0.4529720245175192,0.015526589637946286,9,0.9250316275558897,0.9250316275558897,-0.07792735010193008
multiplicative:hypothesis:287:H1,17,17,same_pipeline_different_source,synthetic:multiplicative,synthetic:multiplicative,32x32,32x32,identity_residual,mean_8,ncc,20260808,multiplicative,287,H1,True,0.7383051360988417,0.7383051360988417,0.46713049527873296,0.45617695709998224,0.004384097574689716,9,1.4950078511088518,1.6184621441477682,0.4814764046436907
multiplicative:hypothesis:288:H0,32,10,same_pipeline_different_source,synthetic:multiplicative,synthetic:multiplicative,32x32,32x32,identity_residual,mean_8,ncc,20260808,multiplicative,288,H0,False,0.4721466290427911,0.4721466290427911,0.473048998921067,0.47687125132276964,0.011049705550622624,9,0.9839902481992452,0.9900924573102842,-0.00995694899168098
multiplicative:hypothesis:288:H1,10,10,same_pipeline_different_source,synthetic:multiplicative,synthetic:multiplicative,32x32,32x32,identity_residual,mean_8,ncc,20260808,multiplicative,288,H1,True,0.7213953835569429,0.7213953835569429,0.49612952837457136,0.5004268424375249,0.007918260383547482,9,1.4407160716067389,1.4415601290352535,0.3657259500499879
multiplicative:hypothesis:289:H0,52,25,same_pipeline_different_source,synthetic:multiplicative,synthetic:multiplicative,32x32,32x32,identity_residual,mean_8,ncc,20260808,multiplicative,289,H0,False,0.5132338190490032,0.5132338190490032,0.47264146240262966,0.4687448296568246,0.012923605624351131,9,1.1073733657223275,1.0949108909099854,0.0906729817926849
multiplicative:hypothesis:289:H1,25,25,same_pipeline_different_source,synthetic:multiplicative,synthetic:multiplicative,32x32,32x32,identity_residual,mean_8,ncc,20260808,multiplicative,289,H1,True,0.7301392415448646,0.7301392415448646,0.4684862731205932,0.4741453684225966,0.00961952934742949,9,1.6666333496700672,1.5399058815525657,0.43172129868292924
multiplicative:hypothesis:290:H0,13,35,same_pipeline_different_source,synthetic:multiplicative,synthetic:multiplicative,32x32,32x32,identity_residual,mean_8,ncc,20260808,multiplicative,290,H0,False,0.47932313976535407,0.47932313976535407,0.4789015019791017,0.4782757419596249,0.015061303872300091,9,1.0021899454934462,1.0021899454934462,0.002187551057965642
multiplicative:hypothesis:290:H1,35,35,same_pipeline_different_source,synthetic:multiplicative,synthetic:multiplicative,32x32,32x32,identity_residual,mean_8,ncc,20260808,multiplicative,290,H1,True,0.7422425618367138,0.7422425618367138,0.4759342707661102,0.47899837300091314,0.011140686762914964,9,1.5143509725471807,1.5495721983074435,0.4379788917438722
multiplicative:hypothesis:291:H0,62,10,same_pipeline_different_source,synthetic:multiplicative,synthetic:multiplicative,32x32,32x32,identity_residual,mean_8,ncc,20260808,multiplicative,291,H0,False,0.46569028159829023,0.46569028159829023,0.4658658458113043,0.46933120486290936,0.016659997995370324,9,1.081424872549089,0.9922423158168598,-0.0077879315496443
multiplicative:hypothesis:291:H1,10,10,same_pipeline_different_source,synthetic:multiplicative,synthetic:multiplicative,32x32,32x32,identity_residual,mean_8,ncc,20260808,multiplicative,291,H1,True,0.7223466854659543,0.7223466854659543,0.4963679195988109,0.49439273655571775,0.005189233557061801,9,1.4757473503491187,1.4610786770419033,0.37917498281889844
multiplicative:hypothesis:292:H0,54,29,same_pipeline_different_source,synthetic:multiplicative,synthetic:multiplicative,32x32,32x32,identity_residual,mean_8,ncc,20260808,multiplicative,292,H0,False,0.4424855151982118,0.4424855151982118,0.45790755800208394,0.4591454067730007,0.013263479949083778,9,0.9448437909983964,0.9637154345245895,-0.03695922035132271
multiplicative:hypothesis:292:H1,29,29,same_pipeline_different_source,synthetic:multiplicative,synthetic:multiplicative,32x32,32x32,identity_residual,mean_8,ncc,20260808,multiplicative,292,H1,True,0.7119018576927215,0.7119018576927215,0.4637810556257592,0.4654952432791219,0.010452641603772017,9,1.4780662632293864,1.5293429266383467,0.42483818344661145
multiplicative:hypothesis:293:H0,33,23,same_pipeline_different_source,synthetic:multiplicative,synthetic:multiplicative,32x32,32x32,identity_residual,mean_8,ncc,20260808,multiplicative,293,H0,False,0.4834957749044906,0.4834957749044906,0.48370710862058974,0.48384369333601157,0.011776377438710184,9,1.0137015291472096,0.9992809280428517,-0.0007193306133904676
multiplicative:hypothesis:293:H1,23,23,same_pipeline_different_source,synthetic:multiplicative,synthetic:multiplicative,32x32,32x32,identity_residual,mean_8,ncc,20260808,multiplicative,293,H1,True,0.6896037785928603,0.6896037785928603,0.42985229473669234,0.4255492049547992,0.010565163871447958,9,1.4883143596489812,1.6205030359911219,0.482736617088066
multiplicative:hypothesis:294:H0,36,12,same_pipeline_different_source,synthetic:multiplicative,synthetic:multiplicative,32x32,32x32,identity_residual,mean_8,ncc,20260808,multiplicative,294,H0,False,0.45734044240623023,0.45734044240623023,0.44413699984253374,0.4374645574593126,0.00296046469442407,9,1.0454342748641214,1.0454342748641214,0.04443237312245396
multiplicative:hypothesis:294:H1,12,12,same_pipeline_different_source,synthetic:multiplicative,synthetic:multiplicative,32x32,32x32,identity_residual,mean_8,ncc,20260808,multiplicative,294,H1,True,0.7369600515116025,0.7369600515116025,0.4839712209217076,0.4869406372479727,0.010337017298469753,9,1.5134494744095641,1.5134494744095641,0.4143914656449421
multiplicative:hypothesis:295:H0,10,13,same_pipeline_different_source,synthetic:multiplicative,synthetic:multiplicative,32x32,32x32,identity_residual,mean_8,ncc,20260808,multiplicative,295,H0,False,0.5224383655015592,0.5224383655015592,0.501727553553599,0.5047956864869864,0.026771987244385287,9,1.0929131052065628,1.0349501382180049,0.03435324992207134
multiplicative:hypothesis:295:H1,13,13,same_pipeline_different_source,synthetic:multiplicative,synthetic:multiplicative,32x32,32x32,identity_residual,mean_8,ncc,20260808,multiplicative,295,H1,True,0.7331892875892813,0.7331892875892813,0.48731241545328136,0.484951635657274,0.011611151391265395,9,1.4437294220076404,1.5118812551184841,0.4133547396987612
multiplicative:hypothesis:296:H0,20,48,same_pipeline_different_source,synthetic:multiplicative,synthetic:multiplicative,32x32,32x32,identity_residual,mean_8,ncc,20260808,multiplicative,296,H0,False,0.42624926741083263,0.42624926741083263,0.4623633493457805,0.45941179266392124,0.007895624572193727,9,0.8850900878633086,0.9278152503208633,-0.07492264972169438
multiplicative:hypothesis:296:H1,48,48,same_pipeline_different_source,synthetic:multiplicative,synthetic:multiplicative,32x32,32x32,identity_residual,mean_8,ncc,20260808,multiplicative,296,H1,True,0.7311396870085338,0.7311396870085338,0.47046271316297783,0.4707454343903061,0.0055890951307906445,9,1.5357785111101578,1.5531530071140929,0.440287062889785
multiplicative:hypothesis:297:H0,37,46,same_pipeline_different_source,synthetic:multiplicative,synthetic:multiplicative,32x32,32x32,identity_residual,mean_8,ncc,20260808,multiplicative,297,H0,False,0.4624687904885095,0.4624687904885095,0.4806431535134598,0.4846503758843206,0.0194369528690147,9,1.0077066670838746,0.9542317792381007,-0.04684868186647384
multiplicative:hypothesis:297:H1,46,46,same_pipeline_different_source,synthetic:multiplicative,synthetic:multiplicative,32x32,32x32,identity_residual,mean_8,ncc,20260808,multiplicative,297,H1,True,0.745059360912384,0.745059360912384,0.4937341289304063,0.4908839751957453,0.0064624854624548145,9,1.4797514805061618,1.517791165652298,0.4172560974754787
multiplicative:hypothesis:298:H0,37,57,same_pipeline_different_source,synthetic:multiplicative,synthetic:multiplicative,32x32,32x32,identity_residual,mean_8,ncc,20260808,multiplicative,298,H0,False,0.5107687101209235,0.5107687101209235,0.49567634862355436,0.4938756376562883,0.008681032759152219,9,1.0526606054269259,1.0342051139529824,0.03363312580723099
multiplicative:hypothesis:298:H1,57,57,same_pipeline_different_source,synthetic:multiplicative,synthetic:multiplicative,32x32,32x32,identity_residual,mean_8,ncc,20260808,multiplicative,298,H1,True,0.7224514907315129,0.7224514907315129,0.47425132778342277,0.47207868099438566,0.010149338335635083,9,1.412898722231446,1.5303624582447621,0.42550460816134744
multiplicative:hypothesis:299:H0,63,22,same_pipeline_different_source,synthetic:multiplicative,synthetic:multiplicative,32x32,32x32,identity_residual,mean_8,ncc,20260808,multiplicative,299,H0,False,0.4456124658780551,0.4456124658780551,0.4531320630253464,0.4477109566797435,0.012220859123216465,9,1.0232436245469718,0.9953128446593067,-0.004698174499108254
multiplicative:hypothesis:299:H1,22,22,same_pipeline_different_source,synthetic:multiplicative,synthetic:multiplicative,32x32,32x32,identity_residual,mean_8,ncc,20260808,multiplicative,299,H1,True,0.7175606952129632,0.7175606952129632,0.47981656729485306,0.47873220481329076,0.009302668894857924,9,1.4588022282200546,1.4988770088964818,0.4047161669860855
nonadditive:hypothesis:0:H0,27,23,same_pipeline_different_source,synthetic:nonadditive,synthetic:nonadditive,32x32,32x32,identity_residual,mean_8,ncc,20260808,nonadditive,0,H0,False,0.40260940257954597,0.40260940257954597,0.3886862329256895,0.39565293892497344,0.012063515671000835,9,0.9567106393275504,1.0175822367792184,0.01742945745609803
nonadditive:hypothesis:0:H1,23,23,same_pipeline_different_source,synthetic:nonadditive,synthetic:nonadditive,32x32,32x32,identity_residual,mean_8,ncc,20260808,nonadditive,0,H1,True,0.5134852176578314,0.5134852176578314,0.369817189825995,0.3616620687789947,0.013929450269690558,9,1.2165756110419366,1.4197928452696351,0.35051097735818715
nonadditive:hypothesis:1:H0,48,37,same_pipeline_different_source,synthetic:nonadditive,synthetic:nonadditive,32x32,32x32,identity_residual,mean_8,ncc,20260808,nonadditive,1,H0,False,0.3689491567192364,0.3689491567192364,0.37203741664518675,0.37807703209142357,0.008242282537762269,9,1.054250335251422,0.9758571016025646,-0.0244391155808249
nonadditive:hypothesis:1:H1,37,37,same_pipeline_different_source,synthetic:nonadditive,synthetic:nonadditive,32x32,32x32,identity_residual,mean_8,ncc,20260808,nonadditive,1,H1,True,0.49472523132307233,0.49472523132307233,0.3735453436753364,0.37428580079323975,0.010050830498838315,9,1.3417722154371219,1.3217846636836883,0.2789828413871833
nonadditive:hypothesis:2:H0,36,35,same_pipeline_different_source,synthetic:nonadditive,synthetic:nonadditive,32x32,32x32,identity_residual,mean_8,ncc,20260808,nonadditive,2,H0,False,0.3863126560424897,0.3863126560424897,0.3879660274656503,0.38394633472661754,0.007127190485513524,9,0.99119361195646,1.0061631564149638,0.006144241842328757
nonadditive:hypothesis:2:H1,35,35,same_pipeline_different_source,synthetic:nonadditive,synthetic:nonadditive,32x32,32x32,identity_residual,mean_8,ncc,20260808,nonadditive,2,H1,True,0.48783588513312875,0.48783588513312875,0.36729881720614377,0.3654416574075486,0.012431563149257807,9,1.2910041214730417,1.3349213896244003,0.28887240594199237
nonadditive:hypothesis:3:H0,35,27,same_pipeline_different_source,synthetic:nonadditive,synthetic:nonadditive,32x32,32x32,identity_residual,mean_8,ncc,20260808,nonadditive,3,H0,False,0.3164654217965077,0.3164654217965077,0.3610476725964438,0.35437800058934066,0.005862472094457671,9,0.8959080972197095,0.8930165565306445,-0.11315015792964189
nonadditive:hypothesis:3:H1,27,27,same_pipeline_different_source,synthetic:nonadditive,synthetic:nonadditive,32x32,32x32,identity_residual,mean_8,ncc,20260808,nonadditive,3,H1,True,0.5257693025319644,0.5257693025319644,0.3861400444446541,0.38734412959059666,0.005985802523401862,9,1.3786752909667672,1.357370003484179,0.30554900653456296
nonadditive:hypothesis:4:H0,36,32,same_pipeline_different_source,synthetic:nonadditive,synthetic:nonadditive,32x32,32x32,identity_residual,mean_8,ncc,20260808,nonadditive,4,H0,False,0.371492267150171,0.371492267150171,0.39030438058430456,0.3849751688371542,0.005874706507827787,9,0.9778838031573287,0.9649772172898596,-0.0356507869479008
nonadditive:hypothesis:4:H1,32,32,same_pipeline_different_source,synthetic:nonadditive,synthetic:nonadditive,32x32,32x32,identity_residual,mean_8,ncc,20260808,nonadditive,4,H1,True,0.5811133003393792,0.5811133003393792,0.4056401531382318,0.40242762515132374,0.01276229083577407,9,1.4440194062742706,1.4440194062742706,0.36743047962843844
nonadditive:hypothesis:5:H0,14,53,same_pipeline_different_source,synthetic:nonadditive,synthetic:nonadditive,32x32,32x32,identity_residual,mean_8,ncc,20260808,nonadditive,5,H0,False,0.3835189148011505,0.3835189148011505,0.38344835252506226,0.3837650973637263,0.004406272563962976,9,1.0108418257449003,0.9993585071590226,-0.0006416986855464213
nonadditive:hypothesis:5:H1,53,53,same_pipeline_different_source,synthetic:nonadditive,synthetic:nonadditive,32x32,32x32,identity_residual,mean_8,ncc,20260808,nonadditive,5,H1,True,0.5034446402982703,0.5034446402982703,0.3746830942909345,0.3768452369865312,0.00884949781893718,9,1.3932664312274685,1.335945345426414,0.2896391651656879
nonadditive:hypothesis:6:H0,46,4,same_pipeline_different_source,synthetic:nonadditive,synthetic:nonadditive,32x32,32x32,identity_residual,mean_8,ncc,20260808,nonadditive,6,H0,False,0.37804092043593174,0.37804092043593174,0.3820063274898801,0.3849961002145791,0.011553317574485744,9,1.0473816381644332,0.9819344149855782,-0.018230760041763383
nonadditive:hypothesis:6:H1,4,4,same_pipeline_different_source,synthetic:nonadditive,synthetic:nonadditive,32x32,32x32,identity_residual,mean_8,ncc,20260808,nonadditive,6,H1,True,0.5403130622086901,0.5403130622086901,0.3749045736122727,0.37176244553467386,0.010350777577351422,9,1.4533825799203695,1.4533825799203695,0.3738936533850499
nonadditive:hypothesis:7:H0,12,58,same_pipeline_different_source,synthetic:nonadditive,synthetic:nonadditive,32x32,32x32,identity_residual,mean_8,ncc,20260808,nonadditive,7,H0,False,0.36622005636795196,0.36622005636795196,0.37188229900460484,0.36718137252421273,0.005269814893494429,9,0.992066142337245,0.9973819037996069,-0.0026215294078713036
nonadditive:hypothesis:7:H1,58,58,same_pipeline_different_source,synthetic:nonadditive,synthetic:nonadditive,32x32,32x32,identity_residual,mean_8,ncc,20260808,nonadditive,7,H1,True,0.5192911956983711,0.5192911956983711,0.38728305603725927,0.3814155830856152,0.011339711090512461,9,1.3221749099211366,1.3614839527461242,0.3085752466106
nonadditive:hypothesis:8:H0,28,32,same_pipeline_different_source,synthetic:nonadditive,synthetic:nonadditive,32x32,32x32,identity_residual,mean_8,ncc,20260808,nonadditive,8,H0,False,0.3737052328703266,0.3737052328703266,0.3798575586836137,0.3832309439726987,0.008696676188935326,9,0.9706285894111571,0.975143679673605,-0.02517045507346327
nonadditive:hypothesis:8:H1,32,32,same_pipeline_different_source,synthetic:nonadditive,synthetic:nonadditive,32x32,32x32,identity_residual,mean_8,ncc,20260808,nonadditive,8,H1,True,0.5190992412833003,0.5190992412833003,0.3919008058339368,0.39080017980679577,0.007145853364967425,9,1.2012075383980103,1.328298368593211,0.28389870096405156
nonadditive:hypothesis:9:H0,2,37,same_pipeline_different_source,synthetic:nonadditive,synthetic:nonadditive,32x32,32x32,identity_residual,mean_8,ncc,20260808,nonadditive,9,H0,False,0.3756678781502043,0.3756678781502043,0.35562225647933204,0.3530825821814983,0.012151422328763983,9,1.1018877779094014,1.063966043946898,0.06200347682646101
nonadditive:hypothesis:9:H1,37,37,same_pipeline_different_source,synthetic:nonadditive,synthetic:nonadditive,32x32,32x32,identity_residual,mean_8,ncc,20260808,nonadditive,9,H1,True,0.5018837937835303,0.5018837937835303,0.40455929105241634,0.39811088494282476,0.011981532974918219,9,1.3094608809696724,1.260663329654021,0.2316380345424589
nonadditive:hypothesis:10:H0,10,61,same_pipeline_different_source,synthetic:nonadditive,synthetic:nonadditive,32x32,32x32,identity_residual,mean_8,ncc,20260808,nonadditive,10,H0,False,0.36511682288378605,0.36511682288378605,0.38280360505299693,0.38442578744328876,0.0063121816487374804,9,0.9455490687512204,0.9497719320862387,-0.05153339469749307
nonadditive:hypothesis:10:H1,61,61,same_pipeline_different_source,synthetic:nonadditive,synthetic:nonadditive,32x32,32x32,identity_residual,mean_8,ncc,20260808,nonadditive,10,H1,True,0.5317433048699096,0.5317433048699096,0.40694791184212065,0.4050519915258414,0.011489303835162501,9,1.23941543746214,1.3127779050457664,0.272145430248216
nonadditive:hypothesis:11:H0,23,48,same_pipeline_different_source,synthetic:nonadditive,synthetic:nonadditive,32x32,32x32,identity_residual,mean_8,ncc,20260808,nonadditive,11,H0,False,0.38189982132011413,0.38189982132011413,0.3759492576965729,0.38126574981614836,0.014499223280650564,9,1.0471256434620897,1.001663069667998,0.001661688298967623
nonadditive:hypothesis:11:H1,48,48,same_pipeline_different_source,synthetic:nonadditive,synthetic:nonadditive,32x32,32x32,identity_residual,mean_8,ncc,20260808,nonadditive,11,H1,True,0.45457807232305203,0.45457807232305203,0.3608902326051692,0.3640882641022856,0.007762270117204151,9,1.2485381077686826,1.2485381077686826,0.22197335311423527
nonadditive:hypothesis:12:H0,10,62,same_pipeline_different_source,synthetic:nonadditive,synthetic:nonadditive,32x32,32x32,identity_residual,mean_8,ncc,20260808,nonadditive,12,H0,False,0.37485735141567283,0.37485735141567283,0.3755123044289062,0.3690373883655914,0.0068960326648908055,9,1.0827859454590558,1.015770659650116,0.01564759498490398
nonadditive:hypothesis:12:H1,62,62,same_pipeline_different_source,synthetic:nonadditive,synthetic:nonadditive,32x32,32x32,identity_residual,mean_8,ncc,20260808,nonadditive,12,H1,True,0.5406137235271491,0.5406137235271491,0.3614925098100441,0.3562117959542654,0.01680744224070918,9,1.3884872678010365,1.5176749609846143,0.41717953284725184
nonadditive:hypothesis:13:H0,13,44,same_pipeline_different_source,synthetic:nonadditive,synthetic:nonadditive,32x32,32x32,identity_residual,mean_8,ncc,20260808,nonadditive,13,H0,False,0.3577659521536617,0.3577659521536617,0.3787364820882,0.38258871926529764,0.011532363069730267,9,0.8871557960790929,0.9351189257244589,-0.06708156449363911
nonadditive:hypothesis:13:H1,44,44,same_pipeline_different_source,synthetic:nonadditive,synthetic:nonadditive,32x32,32x32,identity_residual,mean_8,ncc,20260808,nonadditive,13,H1,True,0.5427176632353297,0.5427176632353297,0.3842290390515212,0.3794333927526555,0.0058216728262286965,9,1.501085956103659,1.430337112129495,0.3579101592367592
nonadditive:hypothesis:14:H0,39,23,same_pipeline_different_source,synthetic:nonadditive,synthetic:nonadditive,32x32,32x32,identity_residual,mean_8,ncc,20260808,nonadditive,14,H0,False,0.39708929762884443,0.39708929762884443,0.3707838815318949,0.3737088838532658,0.01801693895870876,9,0.9983462474579097,1.0625631735978716,0.0606840775527866
nonadditive:hypothesis:14:H1,23,23,same_pipeline_different_source,synthetic:nonadditive,synthetic:nonadditive,32x32,32x32,identity_residual,mean_8,ncc,20260808,nonadditive,14,H1,True,0.5321522694951607,0.5321522694951607,0.3732666280247241,0.37129678084907836,0.0032593828386685564,9,1.353045954224784,1.4332261870901206,0.35992797804430876
nonadditive:hypothesis:15:H0,60,53,same_pipeline_different_source,synthetic:nonadditive,synthetic:nonadditive,32x32,32x32,identity_residual,mean_8,ncc,20260808,nonadditive,15,H0,False,0.3399202357861368,0.3399202357861368,0.3594845661288468,0.36123508583281416,0.01806097176376853,9,0.9905610762576159,0.9409945188531817,-0.06081796422436825
nonadditive:hypothesis:15:H1,53,53,same_pipeline_different_source,synthetic:nonadditive,synthetic:nonadditive,32x32,32x32,identity_residual,mean_8,ncc,20260808,nonadditive,15,H1,True,0.5349755727541087,0.5349755727541087,0.40177678889423585,0.39886279381772294,0.018461425376209095,9,1.2232033371124496,1.3412521324277444,0.2936036048423979
nonadditive:hypothesis:16:H0,44,12,same_pipeline_different_source,synthetic:nonadditive,synthetic:nonadditive,32x32,32x32,identity_residual,mean_8,ncc,20260808,nonadditive,16,H0,False,0.3799273256669951,0.3799273256669951,0.386655670804184,0.39234659504980685,0.01241345544807737,9,0.9662608983246052,0.9683461777430866,-0.032165634001515286
nonadditive:hypothesis:16:H1,12,12,same_pipeline_different_source,synthetic:nonadditive,synthetic:nonadditive,32x32,32x32,identity_residual,mean_8,ncc,20260808,nonadditive,16,H1,True,0.48103351283436824,0.48103351283436824,0.3407649511261944,0.3380292467580655,0.013190319367766878,9,1.4230529383117367,1.4230529383117367,0.3528045203213894
nonadditive:hypothesis:17:H0,20,62,same_pipeline_different_source,synthetic:nonadditive,synthetic:nonadditive,32x32,32x32,identity_residual,mean_8,ncc,20260808,nonadditive,17,H0,False,0.4013856973568622,0.4013856973568622,0.39914042385138204,0.3952981609706154,0.00670798892935387,9,0.9562215150149607,1.015399860124063,0.01528248577663005
nonadditive:hypothesis:17:H1,62,62,same_pipeline_different_source,synthetic:nonadditive,synthetic:nonadditive,32x32,32x32,identity_residual,mean_8,ncc,20260808,nonadditive,17,H1,True,0.5257165732624609,0.5257165732624609,0.3807695923533277,0.37990783491976693,0.011796132998868836,9,1.3419187682395037,1.3838002929670756,0.3248335497945585
nonadditive:hypothesis:18:H0,7,28,same_pipeline_different_source,synthetic:nonadditive,synthetic:nonadditive,32x32,32x32,identity_residual,mean_8,ncc,20260808,nonadditive,18,H0,False,0.36585084648339394,0.36585084648339394,0.3788609519712908,0.3910658691545075,0.010842836310841875,9,0.96220064246823,0.9355223130936255,-0.0666502820360001
nonadditive:hypothesis:18:H1,28,28,same_pipeline_different_source,synthetic:nonadditive,synthetic:nonadditive,32x32,32x32,identity_residual,mean_8,ncc,20260808,nonadditive,18,H1,True,0.447596178336078,0.447596178336078,0.36185186324412966,0.36578185352866033,0.005543935355405871,9,1.3566054600661794,1.2236697201300808,0.20185431118268482
nonadditive:hypothesis:19:H0,57,50,same_pipeline_different_source,synthetic:nonadditive,synthetic:nonadditive,32x32,32x32,identity_residual,mean_8,ncc,20260808,nonadditive,19,H0,False,0.37751074211436436,0.37751074211436436,0.3805414821365541,0.38085000298652694,0.013523981033412125,9,0.9727911467932784,0.9912320839018591,-0.008806580444229772
nonadditive:hypothesis:19:H1,50,50,same_pipeline_different_source,synthetic:nonadditive,synthetic:nonadditive,32x32,32x32,identity_residual,mean_8,ncc,20260808,nonadditive,19,H1,True,0.5297561947258613,0.5297561947258613,0.4038202829223372,0.4067363254320458,0.01046510111224036,9,1.2470978270469502,1.3024560669941163,0.26425176432152686
nonadditive:hypothesis:20:H0,24,10,same_pipeline_different_source,synthetic:nonadditive,synthetic:nonadditive,32x32,32x32,identity_residual,mean_8,ncc,20260808,nonadditive,20,H0,False,0.4109116296301838,0.4109116296301838,0.37280393734078876,0.3754194063852817,0.007496431839234818,9,1.09454019329112,1.09454019329112,0.09033436027692465
nonadditive:hypothesis:20:H1,10,10,same_pipeline_different_source,synthetic:nonadditive,synthetic:nonadditive,32x32,32x32,identity_residual,mean_8,ncc,20260808,nonadditive,20,H1,True,0.5273638606927482,0.5273638606927482,0.39913701850552763,0.3924571824574064,0.01056424357918162,9,1.3728118441429467,1.3437487814354967,0.2954633060547246
nonadditive:hypothesis:21:H0,18,52,same_pipeline_different_source,synthetic:nonadditive,synthetic:nonadditive,32x32,32x32,identity_residual,mean_8,ncc,20260808,nonadditive,21,H0,False,0.3823418991609644,0.3823418991609644,0.3922766573016738,0.3845653765289261,0.017900452504019282,9,0.9499984137278555,0.9942182070886602,-0.005798572183417394
nonadditive:hypothesis:21:H1,52,52,same_pipeline_different_source,synthetic:nonadditive,synthetic:nonadditive,32x32,32x32,identity_residual,mean_8,ncc,20260808,nonadditive,21,H1,True,0.534693927183681,0.534693927183681,0.3852218742430156,0.38929993761720666,0.01115606944693931,9,1.5172513613141516,1.3734755018364229,0.3173443900900986
nonadditive:hypothesis:22:H0,59,1,same_pipeline_different_source,synthetic:nonadditive,synthetic:nonadditive,32x32,32x32,identity_residual,mean_8,ncc,20260808,nonadditive,22,H0,False,0.3641579055513865,0.3641579055513865,0.3865851288875169,0.38114821746456595,0.010815938813037995,9,0.9554233467856662,0.9554233467856662,-0.0456007416641111
nonadditive:hypothesis:22:H1,1,1,same_pipeline_different_source,synthetic:nonadditive,synthetic:nonadditive,32x32,32x32,identity_residual,mean_8,ncc,20260808,nonadditive,22,H1,True,0.546845063448103,0.546845063448103,0.3949275957168753,0.39902459022734577,0.011023392782054331,9,1.3787006511951236,1.3704545455119344,0.31514246985675454
nonadditive:hypothesis:23:H0,58,6,same_pipeline_different_source,synthetic:nonadditive,synthetic:nonadditive,32x32,32x32,identity_residual,mean_8,ncc,20260808,nonadditive,23,H0,False,0.37722073704869624,0.37722073704869624,0.37589386343195713,0.3693834152130357,0.012891908547060682,9,1.0653118092739744,1.0212173083925289,0.02099535531375618
nonadditive:hypothesis:23:H1,6,6,same_pipeline_different_source,synthetic:nonadditive,synthetic:nonadditive,32x32,32x32,identity_residual,mean_8,ncc,20260808,nonadditive,23,H1,True,0.5370045949696618,0.5370045949696618,0.3731568907662872,0.3744186326828003,0.006675289782588079,9,1.4342357673866113,1.4342357673866113,0.3606321410666853
nonadditive:hypothesis:24:H0,55,35,same_pipeline_different_source,synthetic:nonadditive,synthetic:nonadditive,32x32,32x32,identity_residual,mean_8,ncc,20260808,nonadditive,24,H0,False,0.37624676537474294,0.37624676537474294,0.37800504697495724,0.38026060414523555,0.0032510035503752754,9,0.9855632136436261,0.9894445053557018,-0.010611599033527597
nonadditive:hypothesis:24:H1,35,35,same_pipeline_different_source,synthetic:nonadditive,synthetic:nonadditive,32x32,32x32,identity_residual,mean_8,ncc,20260808,nonadditive,24,H1,True,0.5097151539480077,0.5097151539480077,0.38404355263858125,0.3922358099724962,0.00855486620632534,9,1.2995120307443353,1.2995120307443353,0.2619888330360338
nonadditive:hypothesis:25:H0,37,61,same_pipeline_different_source,synthetic:nonadditive,synthetic:nonadditive,32x32,32x32,identity_residual,mean_8,ncc,20260808,nonadditive,25,H0,False,0.3776494253354414,0.3776494253354414,0.35496963391121494,0.3510076316632117,0.021735633868271376,9,1.0806078545033884,1.075900895789617,0.07315835321299002
nonadditive:hypothesis:25:H1,61,61,same_pipeline_different_source,synthetic:nonadditive,synthetic:nonadditive,32x32,32x32,identity_residual,mean_8,ncc,20260808,nonadditive,25,H1,True,0.5216236292355053,0.5216236292355053,0.3710731606618949,0.37120719900800325,0.013242396499742626,9,1.5512464893871152,1.4052088176885251,0.340185916431496
nonadditive:hypothesis:26:H0,59,41,same_pipeline_different_source,synthetic:nonadditive,synthetic:nonadditive,32x32,32x32,identity_residual,mean_8,ncc,20260808,nonadditive,26,H0,False,0.3644367945972267,0.3644367945972267,0.35351182677620735,0.36146151569991475,0.01893058069622483,9,1.1542491501484697,1.008231246669651,0.008197554717032762
nonadditive:hypothesis:26:H1,41,41,same_pipeline_different_source,synthetic:nonadditive,synthetic:nonadditive,32x32,32x32,identity_residual,mean_8,ncc,20260808,nonadditive,26,H1,True,0.4981399294089648,0.4981399294089648,0.36626350060120877,0.36225440543172793,0.012074812557216319,9,1.3653086143612645,1.3751107562523388,0.3185342778762583
nonadditive:hypothesis:27:H0,20,50,same_pipeline_different_source,synthetic:nonadditive,synthetic:nonadditive,32x32,32x32,identity_residual,mean_8,ncc,20260808,nonadditive,27,H0,False,0.3988601704636927,0.3988601704636927,0.3923714163723975,0.39500370426132625,0.012310623643628227,9,1.0097631140183312,1.0097631140183312,0.009715762768315983
nonadditive:hypothesis:27:H1,50,50,same_pipeline_different_source,synthetic:nonadditive,synthetic:nonadditive,32x32,32x32,identity_residual,mean_8,ncc,20260808,nonadditive,27,H1,True,0.4759012034777292,0.4759012034777292,0.3530069331852306,0.3514289908554188,0.011668189341776047,9,1.29042160534775,1.3541888001878577,0.30320260360828255
nonadditive:hypothesis:28:H0,40,15,same_pipeline_different_source,synthetic:nonadditive,synthetic:nonadditive,32x32,32x32,identity_residual,mean_8,ncc,20260808,nonadditive,28,H0,False,0.3590836580929424,0.3590836580929424,0.38439704167608707,0.38806566457809377,0.004650480993325656,9,0.9957353803910205,0.9253167462865834,-0.07761917166701382
nonadditive:hypothesis:28:H1,15,15,same_pipeline_different_source,synthetic:nonadditive,synthetic:nonadditive,32x32,32x32,identity_residual,mean_8,ncc,20260808,nonadditive,28,H1,True,0.4958474956899255,0.4958474956899255,0.37610849590027606,0.37758570915396755,0.007631167143133166,9,1.4289049632869222,1.3132051443391215,0.27247082404481715
nonadditive:hypothesis:29:H0,23,32,same_pipeline_different_source,synthetic:nonadditive,synthetic:nonadditive,32x32,32x32,identity_residual,mean_8,ncc,20260808,nonadditive,29,H0,False,0.39202276775853506,0.39202276775853506,0.3677004598959948,0.3669655098645188,0.0037773357499176208,9,1.0711347937768654,1.0682823241433976,0.06605205405298231
nonadditive:hypothesis:29:H1,32,32,same_pipeline_different_source,synthetic:nonadditive,synthetic:nonadditive,32x32,32x32,identity_residual,mean_8,ncc,20260808,nonadditive,29,H1,True,0.5449386655232653,0.5449386655232653,0.395786916732952,0.3978846968396988,0.005172866943141341,9,1.3051313382949339,1.3695894058041949,0.31451099112731806
nonadditive:hypothesis:30:H0,27,51,same_pipeline_different_source,synthetic:nonadditive,synthetic:nonadditive,32x32,32x32,identity_residual,mean_8,ncc,20260808,nonadditive,30,H0,False,0.3738818433623877,0.3738818433623877,0.3946147515813274,0.38963093482286554,0.011629319044480557,9,0.9317689448653703,0.9595794634026231,-0.04126014945171008
nonadditive:hypothesis:30:H1,51,51,same_pipeline_different_source,synthetic:nonadditive,synthetic:nonadditive,32x32,32x32,identity_residual,mean_8,ncc,20260808,nonadditive,30,H1,True,0.523185392860554,0.523185392860554,0.3990594179534425,0.3965417550305821,0.005585331017376238,9,1.3390768419939898,1.3193702459409473,0.27715453634797604
nonadditive:hypothesis:31:H0,15,42,same_pipeline_different_source,synthetic:nonadditive,synthetic:nonadditive,32x32,32x32,identity_residual,mean_8,ncc,20260808,nonadditive,31,H0,False,0.35755498591598206,0.35755498591598206,0.3647912826112606,0.37062250890719606,0.016914310616781225,9,0.9319677562519846,0.9647416908656077,-0.035894891334737666
nonadditive:hypothesis:31:H1,42,42,same_pipeline_different_source,synthetic:nonadditive,synthetic:nonadditive,32x32,32x32,identity_residual,mean_8,ncc,20260808,nonadditive,31,H1,True,0.5185488535180808,0.5185488535180808,0.3805283641534367,0.3776055092608873,0.01136960315969393,9,1.3005141350468699,1.3732555293832216,0.31718421972673116
nonadditive:hypothesis:32:H0,17,31,same_pipeline_different_source,synthetic:nonadditive,synthetic:nonadditive,32x32,32x32,identity_residual,mean_8,ncc,20260808,nonadditive,32,H0,False,0.38356796050306363,0.38356796050306363,0.36246576181332646,0.3596985646841466,0.01913089000177598,9,0.9717822992149595,1.0663594413835842,0.06425045594788836
nonadditive:hypothesis:32:H1,31,31,same_pipeline_different_source,synthetic:nonadditive,synthetic:nonadditive,32x32,32x32,identity_residual,mean_8,ncc,20260808,nonadditive,32,H1,True,0.5105940659423138,0.5105940659423138,0.39390818019492047,0.3852472868010898,0.01380835413261905,9,1.332786590325282,1.3253670653518264,0.28168945152654334
nonadditive:hypothesis:33:H0,18,31,same_pipeline_different_source,synthetic:nonadditive,synthetic:nonadditive,32x32,32x32,identity_residual,mean_8,ncc,20260808,nonadditive,33,H0,False,0.35453977600714714,0.35453977600714714,0.34048602034802883,0.3448577320501835,0.008411478559817775,9,1.042824167081965,1.0280754730346446,0.027688581686927893
nonadditive:hypothesis:33:H1,31,31,same_pipeline_different_source,synthetic:nonadditive,synthetic:nonadditive,32x32,32x32,identity_residual,mean_8,ncc,20260808,nonadditive,33,H1,True,0.4743931019879472,0.4743931019879472,0.3609215527486598,0.3600080126775804,0.007421851728702911,9,1.259917217642553,1.317729287355637,0.27591001844003393
nonadditive:hypothesis:34:H0,50,32,same_pipeline_different_source,synthetic:nonadditive,synthetic:nonadditive,32x32,32x32,identity_residual,mean_8,ncc,20260808,nonadditive,34,H0,False,0.39081370767697904,0.39081370767697904,0.3830680527327245,0.38450594060174315,0.010467220624941653,9,0.9894690223082815,1.016404862471993,0.016271756466589293
nonadditive:hypothesis:34:H1,32,32,same_pipeline_different_source,synthetic:nonadditive,synthetic:nonadditive,32x32,32x32,identity_residual,mean_8,ncc,20260808,nonadditive,34,H1,True,0.5090020806455259,0.5090020806455259,0.3701772260429832,0.3715635500027017,0.02109607229983712,9,1.5219482805653723,1.3698923929481912,0.31473219146189935
nonadditive:hypothesis:35:H0,11,23,same_pipeline_different_source,synthetic:nonadditive,synthetic:nonadditive,32x32,32x32,identity_residual,mean_8,ncc,20260808,nonadditive,35,H0,False,0.4080744564403983,0.4080744564403983,0.40529212863687003,0.4063076109601808,0.013479656390704642,9,1.017259958418309,1.0043485414315576,0.004339113846215659
nonadditive:hypothesis:35:H1,23,23,same_pipeline_different_source,synthetic:nonadditive,synthetic:nonadditive,32x32,32x32,identity_residual,mean_8,ncc,20260808,nonadditive,35,H1,True,0.5154879062004443,0.5154879062004443,0.40065695715626126,0.3967577005203126,0.01622629730256736,9,1.3546527352053388,1.2992511689739796,0.26178807463583786
nonadditive:hypothesis:36:H0,56,42,same_pipeline_different_source,synthetic:nonadditive,synthetic:nonadditive,32x32,32x32,identity_residual,mean_8,ncc,20260808,nonadditive,36,H0,False,0.41040404069407976,0.41040404069407976,0.381049654973704,0.38704165459718826,0.021990095522742947,9,1.0517361572002812,1.0603614257519796,0.05860981769824969
nonadditive:hypothesis:36:H1,42,42,same_pipeline_different_source,synthetic:nonadditive,synthetic:nonadditive,32x32,32x32,identity_residual,mean_8,ncc,20260808,nonadditive,36,H1,True,0.47297351741284993,0.47297351741284993,0.3381735701542127,0.3312279879397359,0.00815390459630827,9,1.3617329657402628,1.4279394695924772,0.35623247477842357
nonadditive:hypothesis:37:H0,24,35,same_pipeline_different_source,synthetic:nonadditive,synthetic:nonadditive,32x32,32x32,identity_residual,mean_8,ncc,20260808,nonadditive,37,H0,False,0.36934806029401396,0.36934806029401396,0.3562048626542719,0.3526955612852051,0.014948206208718617,9,0.9299556138864711,1.047214937857817,0.04613420008192315
nonadditive:hypothesis:37:H1,35,35,same_pipeline_different_source,synthetic:nonadditive,synthetic:nonadditive,32x32,32x32,identity_residual,mean_8,ncc,20260808,nonadditive,37,H1,True,0.529678863178274,0.529678863178274,0.37638467879896065,0.371090412629633,0.02747556235295545,9,1.5504770724482522,1.427357983799275,0.35582517164399863
nonadditive:hypothesis:38:H0,47,32,same_pipeline_different_source,synthetic:nonadditive,synthetic:nonadditive,32x32,32x32,identity_residual,mean_8,ncc,20260808,nonadditive,38,H0,False,0.3693404620489578,0.3693404620489578,0.38308300288933816,0.3719614907201961,0.005463200078515029,9,0.9992436273903763,0.992953494550838,-0.007071449315813716
nonadditive:hypothesis:38:H1,32,32,same_pipeline_different_source,synthetic:nonadditive,synthetic:nonadditive,32x32,32x32,identity_residual,mean_8,ncc,20260808,nonadditive,38,H1,True,0.5093914017735719,0.5093914017735719,0.37790091880317633,0.375789449610998,0.021236858907843492,9,1.2249475823495308,1.3555234248882537,0.30418767117078394
nonadditive:hypothesis:39:H0,6,5,same_pipeline_different_source,synthetic:nonadditive,synthetic:nonadditive,32x32,32x32,identity_residual,mean_8,ncc,20260808,nonadditive,39,H0,False,0.35215442361160837,0.35215442361160837,0.3421478197269059,0.3483939418533193,0.008961512901978441,9,0.9922233710610272,1.0107937633423956,0.010735926491493908
nonadditive:hypothesis:39:H1,5,5,same_pipeline_different_source,synthetic:nonadditive,synthetic:nonadditive,32x32,32x32,identity_residual,mean_8,ncc,20260808,nonadditive,39,H1,True,0.5392640090495832,0.5392640090495832,0.376078780167528,0.3733726269625627,0.012329062376991606,9,1.5066909820125893,1.4443051528350366,0.36762834282272305
nonadditive:hypothesis:40:H0,37,41,same_pipeline_different_source,synthetic:nonadditive,synthetic:nonadditive,32x32,32x32,identity_residual,mean_8,ncc,20260808,nonadditive,40,H0,False,0.3772538719710274,0.3772538719710274,0.3866983713759905,0.39025272281497764,0.005285096580219584,9,0.9465411811585435,0.9666911975650375,-0.03387617520624853
nonadditive:hypothesis:40:H1,41,41,same_pipeline_different_source,synthetic:nonadditive,synthetic:nonadditive,32x32,32x32,identity_residual,mean_8,ncc,20260808,nonadditive,40,H1,True,0.5372881426700407,0.5372881426700407,0.4054199758879531,0.4096899152461088,0.010081908890962887,9,1.262988185798272,1.3114507403661158,0.27113395985281463
nonadditive:hypothesis:41:H0,18,33,same_pipeline_different_source,synthetic:nonadditive,synthetic:nonadditive,32x32,32x32,identity_residual,mean_8,ncc,20260808,nonadditive,41,H0,False,0.38043990683269113,0.38043990683269113,0.3684042780259142,0.3674471310861394,0.008231285233451069,9,1.04938620689337,1.0353595786913516,0.03474878540677728
nonadditive:hypothesis:41:H1,33,33,same_pipeline_different_source,synthetic:nonadditive,synthetic:nonadditive,32x32,32x32,identity_residual,mean_8,ncc,20260808,nonadditive,41,H1,True,0.5252656532184539,0.5252656532184539,0.3851632927407742,0.38716047267215525,0.005355619514561871,9,1.354396163677214,1.356713017713575,0.30506487559361184
nonadditive:hypothesis:42:H0,18,45,same_pipeline_different_source,synthetic:nonadditive,synthetic:nonadditive,32x32,32x32,identity_residual,mean_8,ncc,20260808,nonadditive,42,H0,False,0.43410648454196005,0.43410648454196005,0.37886436830412645,0.37349596969800397,0.006189221370018927,9,1.1947732095712953,1.1622788992688828,0.1503826462128629
nonadditive:hypothesis:42:H1,45,45,same_pipeline_different_source,synthetic:nonadditive,synthetic:nonadditive,32x32,32x32,identity_residual,mean_8,ncc,20260808,nonadditive,42,H1,True,0.49733635779018787,0.49733635779018787,0.3634481307937629,0.36147467323780713,0.015748535983703016,9,1.3627112353001258,1.3758539521882354,0.31907459447988273
nonadditive:hypothesis:43:H0,5,21,same_pipeline_different_source,synthetic:nonadditive,synthetic:nonadditive,32x32,32x32,identity_residual,mean_8,ncc,20260808,nonadditive,43,H0,False,0.3958685877492185,0.3958685877492185,0.40155393645627957,0.40003530610585875,0.013969151988470874,9,0.9291836760614746,0.989584123468498,-0.01047050141523731
nonadditive:hypothesis:43:H1,21,21,same_pipeline_different_source,synthetic:nonadditive,synthetic:nonadditive,32x32,32x32,identity_residual,mean_8,ncc,20260808,nonadditive,43,H1,True,0.506323065234451,0.506323065234451,0.35640949438528735,0.34962739330434284,0.01062865921523537,9,1.4054533204738726,1.4481790469824776,0.37030693755033395
nonadditive:hypothesis:44:H0,19,8,same_pipeline_different_source,synthetic:nonadditive,synthetic:nonadditive,32x32,32x32,identity_residual,mean_8,ncc,20260808,nonadditive,44,H0,False,0.39527918959746544,0.39527918959746544,0.38054138813037736,0.3786772857179668,0.013337398523359578,9,1.043841826551655,1.043841826551655,0.04290797084765163
nonadditive:hypothesis:44:H1,8,8,same_pipeline_different_source,synthetic:nonadditive,synthetic:nonadditive,32x32,32x32,identity_residual,mean_8,ncc,20260808,nonadditive,44,H1,True,0.535810774735093,0.535810774735093,0.3924477633160958,0.3944914553418882,0.011353204820435392,9,1.4446917690895864,1.3582316358936841,0.3061835859411485
nonadditive:hypothesis:45:H0,45,26,same_pipeline_different_source,synthetic:nonadditive,synthetic:nonadditive,32x32,32x32,identity_residual,mean_8,ncc,20260808,nonadditive,45,H0,False,0.3807537561252656,0.3807537561252656,0.38653403069210274,0.3847473242912445,0.010911743838874222,9,0.9772546270036686,0.9896202834591882,-0.010433961489833221
nonadditive:hypothesis:45:H1,26,26,same_pipeline_different_source,synthetic:nonadditive,synthetic:nonadditive,32x32,32x32,identity_residual,mean_8,ncc,20260808,nonadditive,45,H1,True,0.5102922810424004,0.5102922810424004,0.3818154840652006,0.38307618052965386,0.006235156971647782,9,1.3263314578515975,1.3320908659391282,0.286749787463496
nonadditive:hypothesis:46:H0,18,55,same_pipeline_different_source,synthetic:nonadditive,synthetic:nonadditive,32x32,32x32,identity_residual,mean_8,ncc,20260808,nonadditive,46,H0,False,0.38937365569512494,0.38937365569512494,0.39145562001352013,0.3900122159150307,0.012763458140933492,9,0.9945575800767562,0.9983627173871782,-0.001638624424815771
nonadditive:hypothesis:46:H1,55,55,same_pipeline_different_source,synthetic:nonadditive,synthetic:nonadditive,32x32,32x32,identity_residual,mean_8,ncc,20260808,nonadditive,46,H1,True,0.5298873892644104,0.5298873892644104,0.3641750556034268,0.36378387605822493,0.016581077328201688,9,1.3588402795519858,1.4565994375726536,0.3761045666782019
nonadditive:hypothesis:47:H0,34,9,same_pipeline_different_source,synthetic:nonadditive,synthetic:nonadditive,32x32,32x32,identity_residual,mean_8,ncc,20260808,nonadditive,47,H0,False,0.3978943370712593,0.3978943370712593,0.3750973459374081,0.38038021487427076,0.010385727048892401,9,1.0182421096194145,1.0460437254939183,0.045015167344475526
nonadditive:hypothesis:47:H1,9,9,same_pipeline_different_source,synthetic:nonadditive,synthetic:nonadditive,32x32,32x32,identity_residual,mean_8,ncc,20260808,nonadditive,47,H1,True,0.5100646215678565,0.5100646215678565,0.40440440299938835,0.3906213842373529,0.008876129058123572,9,1.0922796052577781,1.3057775179505442,0.266798662552602
nonadditive:hypothesis:48:H0,54,37,same_pipeline_different_source,synthetic:nonadditive,synthetic:nonadditive,32x32,32x32,identity_residual,mean_8,ncc,20260808,nonadditive,48,H0,False,0.37203133680462264,0.37203133680462264,0.37445695767197357,0.37306911815297755,0.0063349823788676485,9,1.0037577541444502,0.9972182598401796,-0.0027856163890893626
nonadditive:hypothesis:48:H1,37,37,same_pipeline_different_source,synthetic:nonadditive,synthetic:nonadditive,32x32,32x32,identity_residual,mean_8,ncc,20260808,nonadditive,48,H1,True,0.5006510086069391,0.5006510086069391,0.377363815165393,0.3754529933009658,0.009553673145660191,9,1.3360257034982903,1.3334585621631032,0.28777598966374895
nonadditive:hypothesis:49:H0,10,22,same_pipeline_different_source,synthetic:nonadditive,synthetic:nonadditive,32x32,32x32,identity_residual,mean_8,ncc,20260808,nonadditive,49,H0,False,0.3696170783594014,0.3696170783594014,0.3836042401960074,0.3849345388002397,0.00712061658212404,9,0.9785358197640965,0.960207622603626,-0.04060574435856312
nonadditive:hypothesis:49:H1,22,22,same_pipeline_different_source,synthetic:nonadditive,synthetic:nonadditive,32x32,32x32,identity_residual,mean_8,ncc,20260808,nonadditive,49,H1,True,0.4799118926522464,0.4799118926522464,0.38409991407787564,0.39542920783944385,0.012915225881964698,9,1.1851860181479559,1.213648064275275,0.19363075297729604
nonadditive:hypothesis:50:H0,5,31,same_pipeline_different_source,synthetic:nonadditive,synthetic:nonadditive,32x32,32x32,identity_residual,mean_8,ncc,20260808,nonadditive,50,H0,False,0.38702792173033507,0.38702792173033507,0.3879627816636641,0.38870768686549034,0.010513102158317411,9,1.0758057907853782,0.9956785903857452,-0.004330773892440742
nonadditive:hypothesis:50:H1,31,31,same_pipeline_different_source,synthetic:nonadditive,synthetic:nonadditive,32x32,32x32,identity_residual,mean_8,ncc,20260808,nonadditive,50,H1,True,0.5239571271412917,0.5239571271412917,0.3801790885539921,0.3844456326127567,0.006306655998472355,9,1.3428609654293489,1.3628900491869074,0.30960748121909076
nonadditive:hypothesis:51:H0,63,58,same_pipeline_different_source,synthetic:nonadditive,synthetic:nonadditive,32x32,32x32,identity_residual,mean_8,ncc,20260808,nonadditive,51,H0,False,0.37979633325682866,0.37979633325682866,0.39815706065956086,0.3987788544492277,0.013848689172300255,9,0.9624090066417718,0.9523983757398152,-0.04877186980996884
nonadditive:hypothesis:51:H1,58,58,same_pipeline_different_source,synthetic:nonadditive,synthetic:nonadditive,32x32,32x32,identity_residual,mean_8,ncc,20260808,nonadditive,51,H1,True,0.5480372956259457,0.5480372956259457,0.3874610234675405,0.39033473168692484,0.010907169865778443,9,1.4040187847427041,1.4040187847427041,0.3393386849604859
nonadditive:hypothesis:52:H0,23,51,same_pipeline_different_source,synthetic:nonadditive,synthetic:nonadditive,32x32,32x32,identity_residual,mean_8,ncc,20260808,nonadditive,52,H0,False,0.38749592763028506,0.38749592763028506,0.3727759154549698,0.3724304506975629,0.009914779455789557,9,1.0573796229411505,1.0404517861106806,0.03965502854650338
nonadditive:hypothesis:52:H1,51,51,same_pipeline_different_source,synthetic:nonadditive,synthetic:nonadditive,32x32,32x32,identity_residual,mean_8,ncc,20260808,nonadditive,52,H1,True,0.5231622609952594,0.5231622609952594,0.3753165704521846,0.3672267694453049,0.008506204080489743,9,1.2808235797677883,1.4246299685218882,0.3539121087874968
nonadditive:hypothesis:53:H0,30,40,same_pipeline_different_source,synthetic:nonadditive,synthetic:nonadditive,32x32,32x32,identity_residual,mean_8,ncc,20260808,nonadditive,53,H0,False,0.3581875602664429,0.3581875602664429,0.3627114692621248,0.3650665705081795,0.011447672402619069,9,1.0129197341696332,0.9811568333080707,-0.01902296134045467
nonadditive:hypothesis:53:H1,40,40,same_pipeline_different_source,synthetic:nonadditive,synthetic:nonadditive,32x32,32x32,identity_residual,mean_8,ncc,20260808,nonadditive,53,H1,True,0.5188589937778834,0.5188589937778834,0.3881530718601687,0.38757488541448115,0.019844149994883375,9,1.4127566478960727,1.3387322380886575,0.2917230751576576
nonadditive:hypothesis:54:H0,21,43,same_pipeline_different_source,synthetic:nonadditive,synthetic:nonadditive,32x32,32x32,identity_residual,mean_8,ncc,20260808,nonadditive,54,H0,False,0.3311256718920625,0.3311256718920625,0.3631677491432462,0.36407294440512666,0.0038706829174627866,9,0.9945933598282791,0.9095036502454253,-0.09485626756810506
nonadditive:hypothesis:54:H1,43,43,same_pipeline_different_source,synthetic:nonadditive,synthetic:nonadditive,32x32,32x32,identity_residual,mean_8,ncc,20260808,nonadditive,54,H1,True,0.4989965245126649,0.4989965245126649,0.39070009130559236,0.39019010231440454,0.02174533132110701,9,1.1843837145777905,1.278854900605826,0.24596506862846435
nonadditive:hypothesis:55:H0,20,4,same_pipeline_different_source,synthetic:nonadditive,synthetic:nonadditive,32x32,32x32,identity_residual,mean_8,ncc,20260808,nonadditive,55,H0,False,0.4021012418435537,0.4021012418435537,0.3860529894806034,0.38258258428306613,0.007719675120621994,9,1.0659971732136273,1.051018154935265,0.0497593657087656
nonadditive:hypothesis:55:H1,4,4,same_pipeline_different_source,synthetic:nonadditive,synthetic:nonadditive,32x32,32x32,identity_residual,mean_8,ncc,20260808,nonadditive,55,H1,True,0.4993077422582033,0.4993077422582033,0.35607135754247893,0.35681228637293577,0.011004179581565632,9,1.4320891038733314,1.399356920507869,0.33601278859675265
nonadditive:hypothesis:56:H0,42,61,same_pipeline_different_source,synthetic:nonadditive,synthetic:nonadditive,32x32,32x32,identity_residual,mean_8,ncc,20260808,nonadditive,56,H0,False,0.35494306070855614,0.35494306070855614,0.353020131254396,0.35422321540317536,0.00997598607289496,9,0.9652048994043047,1.00203217991955,0.00203011783514917
nonadditive:hypothesis:56:H1,61,61,same_pipeline_different_source,synthetic:nonadditive,synthetic:nonadditive,32x32,32x32,identity_residual,mean_8,ncc,20260808,nonadditive,56,H1,True,0.5234919990090618,0.5234919990090618,0.3487667853181836,0.348553248929053,0.0115913279522053,9,1.5333103397024195,1.5018996397753193,0.40673073338338694
nonadditive:hypothesis:57:H0,13,36,same_pipeline_different_source,synthetic:nonadditive,synthetic:nonadditive,32x32,32x32,identity_residual,mean_8,ncc,20260808,nonadditive,57,H0,False,0.3768599039403549,0.3768599039403549,0.37681939844633694,0.3772227341294273,0.007480110834119924,9,1.0400551246689869,0.9990381539704658,-0.0009623089002570584
nonadditive:hypothesis:57:H1,36,36,same_pipeline_different_source,synthetic:nonadditive,synthetic:nonadditive,32x32,32x32,identity_residual,mean_8,ncc,20260808,nonadditive,57,H1,True,0.5082842072606693,0.5082842072606693,0.39094051117487977,0.39104923604455205,0.014272230268468133,9,1.3490319193277394,1.2997959346550434,0.2622072788036123
nonadditive:hypothesis:58:H0,10,17,same_pipeline_different_source,synthetic:nonadditive,synthetic:nonadditive,32x32,32x32,identity_residual,mean_8,ncc,20260808,nonadditive,58,H0,False,0.4132482631501945,0.4132482631501945,0.38997716321581016,0.3880642025222649,0.023331911708589614,9,1.0648966342791812,1.0648966342791812,0.06287773743619829
nonadditive:hypothesis:58:H1,17,17,same_pipeline_different_source,synthetic:nonadditive,synthetic:nonadditive,32x32,32x32,identity_residual,mean_8,ncc,20260808,nonadditive,58,H1,True,0.48778472075681656,0.48778472075681656,0.36261825051538393,0.35944191311341417,0.007699761315855924,9,1.4137331959592838,1.3570613302486696,0.3053215752984114
nonadditive:hypothesis:59:H0,50,49,same_pipeline_different_source,synthetic:nonadditive,synthetic:nonadditive,32x32,32x32,identity_residual,mean_8,ncc,20260808,nonadditive,59,H0,False,0.3934190247834008,0.3934190247834008,0.4093541342034921,0.4116391533997136,0.006826163225934212,9,0.9557376200348452,0.9557376200348452,-0.04527185963118141
nonadditive:hypothesis:59:H1,49,49,same_pipeline_different_source,synthetic:nonadditive,synthetic:nonadditive,32x32,32x32,identity_residual,mean_8,ncc,20260808,nonadditive,59,H1,True,0.535715640712534,0.535715640712534,0.3816167271254429,0.3780357848570233,0.011324813794028554,9,1.475993470212585,1.4171029891129132,0.3486146391633167
nonadditive:hypothesis:60:H0,49,7,same_pipeline_different_source,synthetic:nonadditive,synthetic:nonadditive,32x32,32x32,identity_residual,mean_8,ncc,20260808,nonadditive,60,H0,False,0.40944680463192973,0.40944680463192973,0.3703991560994875,0.3715291685844074,0.009552665875267263,9,1.1865838586416295,1.1020583018878312,0.09717961485562254
nonadditive:hypothesis:60:H1,7,7,same_pipeline_different_source,synthetic:nonadditive,synthetic:nonadditive,32x32,32x32,identity_residual,mean_8,ncc,20260808,nonadditive,60,H1,True,0.5006806396647547,0.5006806396647547,0.3794710255381022,0.3867395427042123,0.014072400344144476,9,1.369415297137775,1.2946197230410632,0.25821700186650887
nonadditive:hypothesis:61:H0,39,5,same_pipeline_different_source,synthetic:nonadditive,synthetic:nonadditive,32x32,32x32,identity_residual,mean_8,ncc,20260808,nonadditive,61,H0,False,0.37895617200298226,0.37895617200298226,0.3838967389655521,0.37530964718080134,0.024690453630331677,9,1.0171997858669053,1.009716043404619,0.009669146180521504
nonadditive:hypothesis:61:H1,5,5,same_pipeline_different_source,synthetic:nonadditive,synthetic:nonadditive,32x32,32x32,identity_residual,mean_8,ncc,20260808,nonadditive,61,H1,True,0.5182586437280504,0.5182586437280504,0.3655773677520151,0.36411869121474405,0.007508757637024965,9,1.4672884758024651,1.42332337293391,0.35299454060923297
nonadditive:hypothesis:62:H0,47,49,same_pipeline_different_source,synthetic:nonadditive,synthetic:nonadditive,32x32,32x32,identity_residual,mean_8,ncc,20260808,nonadditive,62,H0,False,0.3633985658216837,0.3633985658216837,0.3644259565890211,0.3708507354340946,0.004690161718469643,9,0.9719366926255311,0.9799052047080671,-0.020299441885884284
nonadditive:hypothesis:62:H1,49,49,same_pipeline_different_source,synthetic:nonadditive,synthetic:nonadditive,32x32,32x32,identity_residual,mean_8,ncc,20260808,nonadditive,62,H1,True,0.4913330509399294,0.4913330509399294,0.3508611996513731,0.3572181188765786,0.009594924028166807,9,1.5269710065300997,1.375442691667296,0.31877563687753097
nonadditive:hypothesis:63:H0,20,62,same_pipeline_different_source,synthetic:nonadditive,synthetic:nonadditive,32x32,32x32,identity_residual,mean_8,ncc,20260808,nonadditive,63,H0,False,0.39457988231140584,0.39457988231140584,0.3842089757970675,0.3833736389033658,0.0076534140692017805,9,1.062937960945212,1.0292306050048077,0.02881153767668687
nonadditive:hypothesis:63:H1,62,62,same_pipeline_different_source,synthetic:nonadditive,synthetic:nonadditive,32x32,32x32,identity_residual,mean_8,ncc,20260808,nonadditive,63,H1,True,0.4668384367363574,0.4668384367363574,0.3661377263318642,0.3696285857952091,0.010577104180085894,9,1.2997829025059908,1.2629933253999108,0.23348455863539608
nonadditive:hypothesis:64:H0,16,48,same_pipeline_different_source,synthetic:nonadditive,synthetic:nonadditive,32x32,32x32,identity_residual,mean_8,ncc,20260808,nonadditive,64,H0,False,0.41341356201957186,0.41341356201957186,0.4462569205223699,0.446010915910171,0.008227042657376948,9,0.9752725758117813,0.9269135513778223,-0.07589497409952806
nonadditive:hypothesis:64:H1,48,48,same_pipeline_different_source,synthetic:nonadditive,synthetic:nonadditive,32x32,32x32,identity_residual,mean_8,ncc,20260808,nonadditive,64,H1,True,0.5392325022812784,0.5392325022812784,0.3971530750544439,0.39790316461960806,0.008708603933750947,9,1.3393403385637908,1.3551852566862088,0.3039381657878574
nonadditive:hypothesis:65:H0,60,6,same_pipeline_different_source,synthetic:nonadditive,synthetic:nonadditive,32x32,32x32,identity_residual,mean_8,ncc,20260808,nonadditive,65,H0,False,0.36367461677213003,0.36367461677213003,0.39434560910338434,0.382529302686639,0.018033497637005846,9,0.9798551590762767,0.9507104794793868,-0.05054570076911402
nonadditive:hypothesis:65:H1,6,6,same_pipeline_different_source,synthetic:nonadditive,synthetic:nonadditive,32x32,32x32,identity_residual,mean_8,ncc,20260808,nonadditive,65,H1,True,0.5203786886538198,0.5203786886538198,0.3855075894371089,0.37966097538027066,0.011702320248013154,9,1.3296563435219908,1.3706404460785189,0.31527810949524915
nonadditive:hypothesis:66:H0,53,8,same_pipeline_different_source,synthetic:nonadditive,synthetic:nonadditive,32x32,32x32,identity_residual,mean_8,ncc,20260808,nonadditive,66,H0,False,0.3873265315128404,0.3873265315128404,0.36737612946099285,0.36665891074164586,0.01253322088560499,9,1.1160451959431068,1.0563674307802582,0.054836070579600826
nonadditive:hypothesis:66:H1,8,8,same_pipeline_different_source,synthetic:nonadditive,synthetic:nonadditive,32x32,32x32,identity_residual,mean_8,ncc,20260808,nonadditive,66,H1,True,0.490217021446448,0.490217021446448,0.37706416261522274,0.38044880431928946,0.012338213950477017,9,1.245025792541187,1.2885229651951704,0.25349657415298066
nonadditive:hypothesis:67:H0,61,5,same_pipeline_different_source,synthetic:nonadditive,synthetic:nonadditive,32x32,32x32,identity_residual,mean_8,ncc,20260808,nonadditive,67,H0,False,0.40083428873537547,0.40083428873537547,0.3953018025929267,0.3976563494701086,0.004796233694861707,9,1.0135361854946419,1.0079916723811944,0.007959908088457479
nonadditive:hypothesis:67:H1,5,5,same_pipeline_different_source,synthetic:nonadditive,synthetic:nonadditive,32x32,32x32,identity_residual,mean_8,ncc,20260808,nonadditive,67,H1,True,0.5017392484011617,0.5017392484011617,0.3509919533209728,0.3490768818541386,0.02305453839720406,9,1.4646859689757619,1.4373316437804464,0.36278836946046933
nonadditive:hypothesis:68:H0,50,43,same_pipeline_different_source,synthetic:nonadditive,synthetic:nonadditive,32x32,32x32,identity_residual,mean_8,ncc,20260808,nonadditive,68,H0,False,0.3719013255239863,0.3719013255239863,0.3623794881892099,0.3574173802188532,0.01141826519796113,9,1.048134349936782,1.0405238975683395,0.03972433397688735
nonadditive:hypothesis:68:H1,43,43,same_pipeline_different_source,synthetic:nonadditive,synthetic:nonadditive,32x32,32x32,identity_residual,mean_8,ncc,20260808,nonadditive,68,H1,True,0.5273126351510755,0.5273126351510755,0.4020907136441716,0.4058297190295103,0.012054728411720728,9,1.2843495466152057,1.299344553701183,0.2618599478606173
nonadditive:hypothesis:69:H0,30,3,same_pipeline_different_source,synthetic:nonadditive,synthetic:nonadditive,32x32,32x32,identity_residual,mean_8,ncc,20260808,nonadditive,69,H0,False,0.3902180112830969,0.3902180112830969,0.3961033677227927,0.39650854950295017,0.005030715093961247,9,0.9718053642271337,0.9841351763341828,-0.015992017041515427
nonadditive:hypothesis:69:H1,3,3,same_pipeline_different_source,synthetic:nonadditive,synthetic:nonadditive,32x32,32x32,identity_residual,mean_8,ncc,20260808,nonadditive,69,H1,True,0.5288960152320811,0.5288960152320811,0.38829753111061993,0.388322444132694,0.014357849677459955,9,1.425212518940346,1.3620021794345514,0.3089558078982514
nonadditive:hypothesis:70:H0,7,22,same_pipeline_different_source,synthetic:nonadditive,synthetic:nonadditive,32x32,32x32,identity_residual,mean_8,ncc,20260808,nonadditive,70,H0,False,0.35776717800988905,0.35776717800988905,0.38036976162529196,0.38246053103682187,0.005065583579896005,9,0.9150743034375931,0.935435552107845,-0.0667430270277034
nonadditive:hypothesis:70:H1,22,22,same_pipeline_different_source,synthetic:nonadditive,synthetic:nonadditive,32x32,32x32,identity_residual,mean_8,ncc,20260808,nonadditive,70,H1,True,0.5324127264925903,0.5324127264925903,0.3939812257321574,0.38993771889947954,0.01373324995768943,9,1.3653788815178427,1.3653788815178427,0.3114319589993495
nonadditive:hypothesis:71:H0,60,30,same_pipeline_different_source,synthetic:nonadditive,synthetic:nonadditive,32x32,32x32,identity_residual,mean_8,ncc,20260808,nonadditive,71,H0,False,0.3582334068891449,0.3582334068891449,0.3513778413023106,0.34815207425787464,0.005930491863674725,9,1.0289566927118265,1.0289566927118265,0.028545369194447945
nonadditive:hypothesis:71:H1,30,30,same_pipeline_different_source,synthetic:nonadditive,synthetic:nonadditive,32x32,32x32,identity_residual,mean_8,ncc,20260808,nonadditive,71,H1,True,0.5245074512975173,0.5245074512975173,0.3676211413479397,0.36421225645493766,0.011516871546732088,9,1.50385213723928,1.4401147737388467,0.3647228143970255
nonadditive:hypothesis:72:H0,50,5,same_pipeline_different_source,synthetic:nonadditive,synthetic:nonadditive,32x32,32x32,identity_residual,mean_8,ncc,20260808,nonadditive,72,H0,False,0.3547597240753293,0.3547597240753293,0.35607739489053725,0.358986905953786,0.02207115005720328,9,0.9596571156201027,0.9882246906270143,-0.01184518742723073
nonadditive:hypothesis:72:H1,5,5,same_pipeline_different_source,synthetic:nonadditive,synthetic:nonadditive,32x32,32x32,identity_residual,mean_8,ncc,20260808,nonadditive,72,H1,True,0.529659080440645,0.529659080440645,0.3736167268034101,0.3809107169567302,0.015910615907851977,9,1.475024073173653,1.390507163128235,0.3296685461552301
nonadditive:hypothesis:73:H0,34,21,same_pipeline_different_source,synthetic:nonadditive,synthetic:nonadditive,32x32,32x32,identity_residual,mean_8,ncc,20260808,nonadditive,73,H0,False,0.37795689986362974,0.37795689986362974,0.3676603113962246,0.36341899520126314,0.010736308367781111,9,0.9399445586061448,1.0400031502324623,0.039223742218368884
nonadditive:hypothesis:73:H1,21,21,same_pipeline_different_source,synthetic:nonadditive,synthetic:nonadditive,32x32,32x32,identity_residual,mean_8,ncc,20260808,nonadditive,73,H1,True,0.502789212149639,0.502789212149639,0.3987380072065011,0.39576800382062094,0.005322709972239437,9,1.1925657075089078,1.2704139983421314,0.23934283029616332
nonadditive:hypothesis:74:H0,9,8,same_pipeline_different_source,synthetic:nonadditive,synthetic:nonadditive,32x32,32x32,identity_residual,mean_8,ncc,20260808,nonadditive,74,H0,False,0.36276653041426943,0.36276653041426943,0.3805991482076305,0.38013695988140067,0.015359456539005778,9,0.9953898097574355,0.9543048130006863,-0.04677214808355523
nonadditive:hypothesis:74:H1,8,8,same_pipeline_different_source,synthetic:nonadditive,synthetic:nonadditive,32x32,32x32,identity_residual,mean_8,ncc,20260808,nonadditive,74,H1,True,0.5143018421991922,0.5143018421991922,0.359338739814625,0.3576962536047627,0.008119294881568928,9,1.4384733225853166,1.4378172458229634,0.363126162086716
nonadditive:hypothesis:75:H0,7,6,same_pipeline_different_source,synthetic:nonadditive,synthetic:nonadditive,32x32,32x32,identity_residual,mean_8,ncc,20260808,nonadditive,75,H0,False,0.37210596036092075,0.37210596036092075,0.37560666468307,0.37724669592956367,0.006493161407667591,9,1.0238436885180056,0.9863730136695412,-0.013720685911014052
nonadditive:hypothesis:75:H1,6,6,same_pipeline_different_source,synthetic:nonadditive,synthetic:nonadditive,32x32,32x32,identity_residual,mean_8,ncc,20260808,nonadditive,75,H1,True,0.5583906495368426,0.5583906495368426,0.41647857680602285,0.4208143616721537,0.014256167482008808,9,1.3996660401002088,1.3269286896911356,0.2828670159190463
nonadditive:hypothesis:76:H0,30,44,same_pipeline_different_source,synthetic:nonadditive,synthetic:nonadditive,32x32,32x32,identity_residual,mean_8,ncc,20260808,nonadditive,76,H0,False,0.4051080595175851,0.4051080595175851,0.36730944953582745,0.3710788125397115,0.00814834629794492,9,1.0414682686759764,1.09170355684005,0.08773937237338747
nonadditive:hypothesis:76:H1,44,44,same_pipeline_different_source,synthetic:nonadditive,synthetic:nonadditive,32x32,32x32,identity_residual,mean_8,ncc,20260808,nonadditive,76,H1,True,0.4960996734504766,0.4960996734504766,0.3605012208504935,0.3589364548283923,0.011535460468474257,9,1.3821378875758443,1.3821378875758443,0.32363149430170757
nonadditive:hypothesis:77:H0,46,63,same_pipeline_different_source,synthetic:nonadditive,synthetic:nonadditive,32x32,32x32,identity_residual,mean_8,ncc,20260808,nonadditive,77,H0,False,0.3459931288964107,0.3459931288964107,0.35426144302254337,0.3511121606420371,0.01379497054330614,9,0.9685221274503675,0.9854205227860356,-0.014686802230985618
nonadditive:hypothesis:77:H1,63,63,same_pipeline_different_source,synthetic:nonadditive,synthetic:nonadditive,32x32,32x32,identity_residual,mean_8,ncc,20260808,nonadditive,77,H1,True,0.5152715272717727,0.5152715272717727,0.39354104560961706,0.3884295245768657,0.0075595116967808185,9,1.352880273706409,1.3265508790380491,0.2825822497123702
nonadditive:hypothesis:78:H0,31,44,same_pipeline_different_source,synthetic:nonadditive,synthetic:nonadditive,32x32,32x32,identity_residual,mean_8,ncc,20260808,nonadditive,78,H0,False,0.38249762268629633,0.38249762268629633,0.3725001835855839,0.3719504577817273,0.011382198516964315,9,1.0167719343284591,1.0283563702743403,0.027961770649991724
nonadditive:hypothesis:78:H1,44,44,same_pipeline_different_source,synthetic:nonadditive,synthetic:nonadditive,32x32,32x32,identity_residual,mean_8,ncc,20260808,nonadditive,78,H1,True,0.485937055391542,0.485937055391542,0.36783475116974496,0.3695372244346241,0.011453570617828257,9,1.3305884451999708,1.31498810744981,0.27382762182442977
nonadditive:hypothesis:79:H0,39,48,same_pipeline_different_source,synthetic:nonadditive,synthetic:nonadditive,32x32,32x32,identity_residual,mean_8,ncc,20260808,nonadditive,79,H0,False,0.36026988502795904,0.36026988502795904,0.367528511159402,0.3631305452078329,0.01482876772865882,9,0.884695026296971,0.9921222265170874,-0.007908967072459694
nonadditive:hypothesis:79:H1,48,48,same_pipeline_different_source,synthetic:nonadditive,synthetic:nonadditive,32x32,32x32,identity_residual,mean_8,ncc,20260808,nonadditive,79,H1,True,0.536087572769873,0.536087572769873,0.37726430440011766,0.374125894076541,0.006985548880681314,9,1.3468651150012698,1.432906893796014,0.35970517380848543
nonadditive:hypothesis:80:H0,30,50,same_pipeline_different_source,synthetic:nonadditive,synthetic:nonadditive,32x32,32x32,identity_residual,mean_8,ncc,20260808,nonadditive,80,H0,False,0.43544354413762704,0.43544354413762704,0.43121042481133615,0.4333097138281579,0.007895239942066812,9,0.9947486735136993,1.0049244922081653,0.004912406557300408
nonadditive:hypothesis:80:H1,50,50,same_pipeline_different_source,synthetic:nonadditive,synthetic:nonadditive,32x32,32x32,identity_residual,mean_8,ncc,20260808,nonadditive,80,H1,True,0.5379723518430921,0.5379723518430921,0.40475568030912296,0.40245087123946605,0.01100164590604008,9,1.3764770588981534,1.336740432903643,0.2902341378385924
nonadditive:hypothesis:81:H0,54,55,same_pipeline_different_source,synthetic:nonadditive,synthetic:nonadditive,32x32,32x32,identity_residual,mean_8,ncc,20260808,nonadditive,81,H0,False,0.39854656426565505,0.39854656426565505,0.37341620353880395,0.371001129935167,0.004754051448778995,9,1.0808638923198965,1.0742462275931657,0.0716192320011424
nonadditive:hypothesis:81:H1,55,55,same_pipeline_different_source,synthetic:nonadditive,synthetic:nonadditive,32x32,32x32,identity_residual,mean_8,ncc,20260808,nonadditive,81,H1,True,0.5083059463773972,0.5083059463773972,0.372290624916775,0.37032260501217484,0.009909564576241814,9,1.3837943095042886,1.3726030749883227,0.3167089917553131
nonadditive:hypothesis:82:H0,52,3,same_pipeline_different_source,synthetic:nonadditive,synthetic:nonadditive,32x32,32x32,identity_residual,mean_8,ncc,20260808,nonadditive,82,H0,False,0.32792077468958614,0.32792077468958614,0.36521346397139764,0.36705056104971784,0.009402820923846311,9,0.8806841901169684,0.8933940156685076,-0.11272756846521026
nonadditive:hypothesis:82:H1,3,3,same_pipeline_different_source,synthetic:nonadditive,synthetic:nonadditive,32x32,32x32,identity_residual,mean_8,ncc,20260808,nonadditive,82,H1,True,0.5317869887488025,0.5317869887488025,0.4129027115598536,0.4175311446367016,0.007424688030538973,9,1.2573577558413007,1.2736462790374983,0.24188387263176736
nonadditive:hypothesis:83:H0,31,30,same_pipeline_different_source,synthetic:nonadditive,synthetic:nonadditive,32x32,32x32,identity_residual,mean_8,ncc,20260808,nonadditive,83,H0,False,0.34987230081125453,0.34987230081125453,0.3793348063860065,0.37594466198240306,0.01488135233842669,9,0.9690054111458829,0.930648407045692,-0.0718737238970345
nonadditive:hypothesis:83:H1,30,30,same_pipeline_different_source,synthetic:nonadditive,synthetic:nonadditive,32x32,32x32,identity_residual,mean_8,ncc,20260808,nonadditive,83,H1,True,0.47076370807920054,0.47076370807920054,0.3582741846308306,0.35369353043656065,0.0019536512017549468,9,1.3364965412088246,1.33099326837599,0.2859254818314322
nonadditive:hypothesis:84:H0,7,39,same_pipeline_different_source,synthetic:nonadditive,synthetic:nonadditive,32x32,32x32,identity_residual,mean_8,ncc,20260808,nonadditive,84,H0,False,0.3823646827284937,0.3823646827284937,0.37955423084330514,0.37540143719540714,0.019792362932658902,9,1.0185487982814034,1.0185487982814034,0.01837886744803363
nonadditive:hypothesis:84:H1,39,39,same_pipeline_different_source,synthetic:nonadditive,synthetic:nonadditive,32x32,32x32,identity_residual,mean_8,ncc,20260808,nonadditive,84,H1,True,0.5099888614243859,0.5099888614243859,0.384398505938063,0.3815902544636353,0.010496082049663569,9,1.3742842096034618,1.3364829302080268,0.2900414845048188
nonadditive:hypothesis:85:H0,53,23,same_pipeline_different_source,synthetic:nonadditive,synthetic:nonadditive,32x32,32x32,identity_residual,mean_8,ncc,20260808,nonadditive,85,H0,False,0.3707410483165692,0.3707410483165692,0.38201109301453706,0.3808629905373435,0.011391027488941108,9,1.0506550057046389,0.973423665537852,-0.026935869634791
nonadditive:hypothesis:85:H1,23,23,same_pipeline_different_source,synthetic:nonadditive,synthetic:nonadditive,32x32,32x32,identity_residual,mean_8,ncc,20260808,nonadditive,85,H1,True,0.5227539560524902,0.5227539560524902,0.3880530116074581,0.3823928559475429,0.019392784772609917,9,1.4356597025353068,1.3670599435157915,0.31266240719430405
nonadditive:hypothesis:86:H0,13,60,same_pipeline_different_source,synthetic:nonadditive,synthetic:nonadditive,32x32,32x32,identity_residual,mean_8,ncc,20260808,nonadditive,86,H0,False,0.36372756661621714,0.36372756661621714,0.3690979546281705,0.36561961791765046,0.012103062813471677,9,1.004701913271738,0.9948250826577378,-0.005188353601411011
nonadditive:hypothesis:86:H1,60,60,same_pipeline_different_source,synthetic:nonadditive,synthetic:nonadditive,32x32,32x32,identity_residual,mean_8,ncc,20260808,nonadditive,86,H1,True,0.5144913660275826,0.5144913660275826,0.38116814345139505,0.38515297511701546,0.0033771498223258423,9,1.3980673465549927,1.3358104422567998,0.28953818050956714
nonadditive:hypothesis:87:H0,56,32,same_pipeline_different_source,synthetic:nonadditive,synthetic:nonadditive,32x32,32x32,identity_residual,mean_8,ncc,20260808,nonadditive,87,H0,False,0.40711419176842883,0.40711419176842883,0.3850738723972063,0.3836632719028806,0.0042897300982904785,9,1.0611237029524279,1.0611237029524279,0.05932844374274959
nonadditive:hypothesis:87:H1,32,32,same_pipeline_different_source,synthetic:nonadditive,synthetic:nonadditive,32x32,32x32,identity_residual,mean_8,ncc,20260808,nonadditive,87,H1,True,0.47472051472813964,0.47472051472813964,0.3465501217616369,0.3411009607260418,0.0197331947871337,9,1.3917302188703466,1.3917302188703466,0.3305477348461787
nonadditive:hypothesis:88:H0,45,5,same_pipeline_different_source,synthetic:nonadditive,synthetic:nonadditive,32x32,32x32,identity_residual,mean_8,ncc,20260808,nonadditive,88,H0,False,0.37849796225303495,0.37849796225303495,0.3924747075289241,0.38477275858239923,0.008298199185337085,9,0.9859852762365353,0.9836922022430012,-0.01644223346139706
nonadditive:hypothesis:88:H1,5,5,same_pipeline_different_source,synthetic:nonadditive,synthetic:nonadditive,32x32,32x32,identity_residual,mean_8,ncc,20260808,nonadditive,88,H1,True,0.5206302686101165,0.5206302686101165,0.3841755538446352,0.3785957411604745,0.02703068234191669,9,1.484605932508354,1.3751614506129326,0.3185711428530946
nonadditive:hypothesis:89:H0,42,45,same_pipeline_different_source,synthetic:nonadditive,synthetic:nonadditive,32x32,32x32,identity_residual,mean_8,ncc,20260808,nonadditive,89,H0,False,0.38191354132789146,0.38191354132789146,0.38542990025783047,0.3868024659307464,0.012626038765374659,9,1.0336802239822402,0.98736066847172,-0.012719887380238215
nonadditive:hypothesis:89:H1,45,45,same_pipeline_different_source,synthetic:nonadditive,synthetic:nonadditive,32x32,32x32,identity_residual,mean_8,ncc,20260808,nonadditive,89,H1,True,0.49865768665546356,0.49865768665546356,0.3830901050644812,0.3883315703207856,0.017594787844856574,9,1.2841028769397809,1.2841028769397809,0.2500603242853989
nonadditive:hypothesis:90:H0,37,30,same_pipeline_different_source,synthetic:nonadditive,synthetic:nonadditive,32x32,32x32,identity_residual,mean_8,ncc,20260808,nonadditive,90,H0,False,0.36687862695999557,0.36687862695999557,0.3713821797378942,0.37980517624117616,0.010988317212786536,9,0.9594121339563234,0.9659653156675984,-0.03462735052022847
nonadditive:hypothesis:90:H1,30,30,same_pipeline_different_source,synthetic:nonadditive,synthetic:nonadditive,32x32,32x32,identity_residual,mean_8,ncc,20260808,nonadditive,90,H1,True,0.4922090179275842,0.4922090179275842,0.38129128411291313,0.3764394080873222,0.012022252732609429,9,1.237055956176673,1.3075384971740447,0.26814635986884383
nonadditive:hypothesis:91:H0,31,41,same_pipeline_different_source,synthetic:nonadditive,synthetic:nonadditive,32x32,32x32,identity_residual,mean_8,ncc,20260808,nonadditive,91,H0,False,0.37706941678864003,0.37706941678864003,0.3674153702729783,0.367849706645236,0.011113196206312737,9,1.0324957592083128,1.0250637963734897,0.024754851017900426
nonadditive:hypothesis:91:H1,41,41,same_pipeline_different_source,synthetic:nonadditive,synthetic:nonadditive,32x32,32x32,identity_residual,mean_8,ncc,20260808,nonadditive,91,H1,True,0.5050494902670167,0.5050494902670167,0.37110284977935,0.3683045772350331,0.009748364171304758,9,1.2914361684330447,1.3712821438673568,0.31574617362142576
nonadditive:hypothesis:92:H0,47,56,same_pipeline_different_source,synthetic:nonadditive,synthetic:nonadditive,32x32,32x32,identity_residual,mean_8,ncc,20260808,nonadditive,92,H0,False,0.36707204807708704,0.36707204807708704,0.3709614553307652,0.3653587628373986,0.0048184924530474404,9,1.004689322972256,1.004689322972256,0.00467836234919794
nonadditive:hypothesis:92:H1,56,56,same_pipeline_different_source,synthetic:nonadditive,synthetic:nonadditive,32x32,32x32,identity_residual,mean_8,ncc,20260808,nonadditive,92,H1,True,0.5008935369061269,0.5008935369061269,0.3666874360818344,0.3647921042210075,0.010844843164383555,9,1.4181922682221946,1.373093142944407,0.31706596348298466
nonadditive:hypothesis:93:H0,11,63,same_pipeline_different_source,synthetic:nonadditive,synthetic:nonadditive,32x32,32x32,identity_residual,mean_8,ncc,20260808,nonadditive,93,H0,False,0.37988933770257355,0.37988933770257355,0.3912174116219764,0.3935159675213,0.010937409520897057,9,0.9513547325594333,0.9653721044547223,-0.03524165149669223
nonadditive:hypothesis:93:H1,63,63,same_pipeline_different_source,synthetic:nonadditive,synthetic:nonadditive,32x32,32x32,identity_residual,mean_8,ncc,20260808,nonadditive,93,H1,True,0.4877840156682573,0.4877840156682573,0.36554213464392,0.36527357509043784,0.006751046315459253,9,1.4911352819397485,1.3353936581574157,0.289226123409399
nonadditive:hypothesis:94:H0,59,37,same_pipeline_different_source,synthetic:nonadditive,synthetic:nonadditive,32x32,32x32,identity_residual,mean_8,ncc,20260808,nonadditive,94,H0,False,0.35144497888683696,0.35144497888683696,0.3821102173838214,0.38303755959524044,0.01577848213642702,9,0.9569402104873774,0.9175209325639301,-0.08607988453008986
nonadditive:hypothesis:94:H1,37,37,same_pipeline_different_source,synthetic:nonadditive,synthetic:nonadditive,32x32,32x32,identity_residual,mean_8,ncc,20260808,nonadditive,94,H1,True,0.49336896277702386,0.49336896277702386,0.3731721564667091,0.37356047054953195,0.004802622712055782,9,1.4045438401728667,1.320720476797895,0.2781774034510208
nonadditive:hypothesis:95:H0,4,43,same_pipeline_different_source,synthetic:nonadditive,synthetic:nonadditive,32x32,32x32,identity_residual,mean_8,ncc,20260808,nonadditive,95,H0,False,0.3781498842796168,0.3781498842796168,0.39924189404702326,0.395467409966261,0.01203782639031753,9,0.9562099802658287,0.9562099802658287,-0.044777745419557924
nonadditive:hypothesis:95:H1,43,43,same_pipeline_different_source,synthetic:nonadditive,synthetic:nonadditive,32x32,32x32,identity_residual,mean_8,ncc,20260808,nonadditive,95,H1,True,0.5285271924333796,0.5285271924333796,0.37981027511096077,0.3836301736439792,0.010817824902944362,9,1.3625644911058443,1.3776997450775845,0.32041525703361984
nonadditive:hypothesis:96:H0,62,23,same_pipeline_different_source,synthetic:nonadditive,synthetic:nonadditive,32x32,32x32,identity_residual,mean_8,ncc,20260808,nonadditive,96,H0,False,0.3478798179842762,0.3478798179842762,0.3671200830309065,0.36406555497373105,0.01071011765656249,9,0.9282347905421561,0.9555416963556942,-0.04547687799574707
nonadditive:hypothesis:96:H1,23,23,same_pipeline_different_source,synthetic:nonadditive,synthetic:nonadditive,32x32,32x32,identity_residual,mean_8,ncc,20260808,nonadditive,96,H1,True,0.5085970753156711,0.5085970753156711,0.36663945390063923,0.358523385563621,0.006181644522800012,9,1.425348360811153,1.4185882868313455,0.34966221290088406
nonadditive:hypothesis:97:H0,63,47,same_pipeline_different_source,synthetic:nonadditive,synthetic:nonadditive,32x32,32x32,identity_residual,mean_8,ncc,20260808,nonadditive,97,H0,False,0.39126432415808315,0.39126432415808315,0.38692503251467203,0.38665218351753444,0.010495904671086631,9,1.06914603699466,1.0119283967274932,0.011857814140231238
nonadditive:hypothesis:97:H1,47,47,same_pipeline_different_source,synthetic:nonadditive,synthetic:nonadditive,32x32,32x32,identity_residual,mean_8,ncc,20260808,nonadditive,97,H1,True,0.4729844447428865,0.4729844447428865,0.3653982717356828,0.36712755389633467,0.011845114166209036,9,1.2883381803492813,1.2883381803492813,0.25335315560167404
nonadditive:hypothesis:98:H0,37,36,same_pipeline_different_source,synthetic:nonadditive,synthetic:nonadditive,32x32,32x32,identity_residual,mean_8,ncc,20260808,nonadditive,98,H0,False,0.4386756429715844,0.4386756429715844,0.4195792627112607,0.422259914893406,0.009033436513252613,9,1.0673283443290085,1.0388758854420799,0.038139249199273806
nonadditive:hypothesis:98:H1,36,36,same_pipeline_different_source,synthetic:nonadditive,synthetic:nonadditive,32x32,32x32,identity_residual,mean_8,ncc,20260808,nonadditive,98,H1,True,0.5227511742676928,0.5227511742676928,0.37938855392345094,0.3782938166517388,0.007995804942814322,9,1.3790246205585919,1.3818655004581875,0.32343439822019193
nonadditive:hypothesis:99:H0,28,21,same_pipeline_different_source,synthetic:nonadditive,synthetic:nonadditive,32x32,32x32,identity_residual,mean_8,ncc,20260808,nonadditive,99,H0,False,0.3482415217403667,0.3482415217403667,0.3723614184686557,0.3742859198608083,0.006897677872214125,9,0.9304157684314518,0.9304157684314518,-0.07212372990812999
nonadditive:hypothesis:99:H1,21,21,same_pipeline_different_source,synthetic:nonadditive,synthetic:nonadditive,32x32,32x32,identity_residual,mean_8,ncc,20260808,nonadditive,99,H1,True,0.4925371823418925,0.4925371823418925,0.36895761341792704,0.366681543336481,0.008683522334763327,9,1.3432287261044975,1.3432287261044975,0.29507621287211794
nonadditive:hypothesis:100:H0,51,18,same_pipeline_different_source,synthetic:nonadditive,synthetic:nonadditive,32x32,32x32,identity_residual,mean_8,ncc,20260808,nonadditive,100,H0,False,0.3533948493335192,0.3533948493335192,0.3415207892927145,0.3404307808793557,0.009690895368282826,9,1.0684978280966597,1.0380813639139106,0.03737416694524898
nonadditive:hypothesis:100:H1,18,18,same_pipeline_different_source,synthetic:nonadditive,synthetic:nonadditive,32x32,32x32,identity_residual,mean_8,ncc,20260808,nonadditive,100,H1,True,0.5235933544581738,0.5235933544581738,0.3910904211680848,0.3823799601020151,0.013972902258416242,9,1.3821591590915734,1.369301242456546,0.31430056772184545
nonadditive:hypothesis:101:H0,40,24,same_pipeline_different_source,synthetic:nonadditive,synthetic:nonadditive,32x32,32x32,identity_residual,mean_8,ncc,20260808,nonadditive,101,H0,False,0.387660210425645,0.387660210425645,0.38693076971113455,0.3841474628749881,0.007217782586120491,9,1.0094807391108238,1.0091442685170098,0.009102712832438464
nonadditive:hypothesis:101:H1,24,24,same_pipeline_different_source,synthetic:nonadditive,synthetic:nonadditive,32x32,32x32,identity_residual,mean_8,ncc,20260808,nonadditive,101,H1,True,0.5137019852354988,0.5137019852354988,0.3689157662876928,0.36832798407580486,0.01388851775859351,9,1.468420272605993,1.3946862781128648,0.33266949974005267
nonadditive:hypothesis:102:H0,50,44,same_pipeline_different_source,synthetic:nonadditive,synthetic:nonadditive,32x32,32x32,identity_residual,mean_8,ncc,20260808,nonadditive,102,H0,False,0.4048424116723792,0.4048424116723792,0.389357406135031,0.3902642942324438,0.0020987173901119704,9,1.0661152038505184,1.0373544740202458,0.03667369727993808
nonadditive:hypothesis:102:H1,44,44,same_pipeline_different_source,synthetic:nonadditive,synthetic:nonadditive,32x32,32x32,identity_residual,mean_8,ncc,20260808,nonadditive,102,H1,True,0.5199211837135858,0.5199211837135858,0.3695673459992528,0.374296323842287,0.012818971886555508,9,1.3430654625379825,1.389063024654923,0.32862943686444723
nonadditive:hypothesis:103:H0,39,30,same_pipeline_different_source,synthetic:nonadditive,synthetic:nonadditive,32x32,32x32,identity_residual,mean_8,ncc,20260808,nonadditive,103,H0,False,0.41998577843964857,0.41998577843964857,0.3721970463761303,0.36350964865194807,0.017923460130176594,9,1.170589077510206,1.1553634958443018,0.14441500947808528
nonadditive:hypothesis:103:H1,30,30,same_pipeline_different_source,synthetic:nonadditive,synthetic:nonadditive,32x32,32x32,identity_residual,mean_8,ncc,20260808,nonadditive,103,H1,True,0.5271160829164971,0.5271160829164971,0.355411510758385,0.3551235905172227,0.018363421343352893,9,1.4843172827487314,1.4843172827487314,0.394954924284043
nonadditive:hypothesis:104:H0,4,33,same_pipeline_different_source,synthetic:nonadditive,synthetic:nonadditive,32x32,32x32,identity_residual,mean_8,ncc,20260808,nonadditive,104,H0,False,0.36429162284483385,0.36429162284483385,0.36996957644654543,0.37265617005346974,0.014331670114947292,9,0.9693049241551054,0.977554250054586,-0.022701489885546322
nonadditive:hypothesis:104:H1,33,33,same_pipeline_different_source,synthetic:nonadditive,synthetic:nonadditive,32x32,32x32,identity_residual,mean_8,ncc,20260808,nonadditive,104,H1,True,0.5280423427400535,0.5280423427400535,0.3760220900361363,0.3782315001216603,0.010699759375834783,9,1.3861307842318982,1.39608240606667,0.3336700327316886
nonadditive:hypothesis:105:H0,28,26,same_pipeline_different_source,synthetic:nonadditive,synthetic:nonadditive,32x32,32x32,identity_residual,mean_8,ncc,20260808,nonadditive,105,H0,False,0.37619490864716876,0.37619490864716876,0.36071672455608966,0.36052285157008557,0.007885138478153864,9,1.0161567777905802,1.0434703570351533,0.042552039882130965
nonadditive:hypothesis:105:H1,26,26,same_pipeline_different_source,synthetic:nonadditive,synthetic:nonadditive,32x32,32x32,identity_residual,mean_8,ncc,20260808,nonadditive,105,H1,True,0.5200381821431169,0.5200381821431169,0.38526356413362467,0.3758055714270672,0.010011309194769336,9,1.2662743054427144,1.3837958287003231,0.3248303236975729
nonadditive:hypothesis:106:H0,27,3,same_pipeline_different_source,synthetic:nonadditive,synthetic:nonadditive,32x32,32x32,identity_residual,mean_8,ncc,20260808,nonadditive,106,H0,False,0.35775279991468795,0.35775279991468795,0.3637231373078765,0.359215088904543,0.009832945015679273,9,1.0001495673739496,0.9959292105620773,-0.004079097656250141
nonadditive:hypothesis:106:H1,3,3,same_pipeline_different_source,synthetic:nonadditive,synthetic:nonadditive,32x32,32x32,identity_residual,mean_8,ncc,20260808,nonadditive,106,H1,True,0.5386283963287806,0.5386283963287806,0.39141956390702304,0.38640017388031456,0.011415518778586264,9,1.3346245528780831,1.3939652017227557,0.33215234913059577
nonadditive:hypothesis:107:H0,60,28,same_pipeline_different_source,synthetic:nonadditive,synthetic:nonadditive,32x32,32x32,identity_residual,mean_8,ncc,20260808,nonadditive,107,H0,False,0.3355613261074677,0.3355613261074677,0.382513879601018,0.3821590201199044,0.008474588413173778,9,0.8780672663494469,0.8780672663494469,-0.1300320751273908
nonadditive:hypothesis:107:H1,28,28,same_pipeline_different_source,synthetic:nonadditive,synthetic:nonadditive,32x32,32x32,identity_residual,mean_8,ncc,20260808,nonadditive,107,H1,True,0.5240013172129817,0.5240013172129817,0.3863410969630785,0.3855845638235374,0.0075145088812939576,9,1.3556708712174261,1.3589789799074807,0.30673366772597255
nonadditive:hypothesis:108:H0,41,28,same_pipeline_different_source,synthetic:nonadditive,synthetic:nonadditive,32x32,32x32,identity_residual,mean_8,ncc,20260808,nonadditive,108,H0,False,0.3655135510709205,0.3655135510709205,0.4062799468486739,0.40502000516351594,0.014726009125674677,9,0.9365082598797698,0.902458017902978,-0.10263310741610343
nonadditive:hypothesis:108:H1,28,28,same_pipeline_different_source,synthetic:nonadditive,synthetic:nonadditive,32x32,32x32,identity_residual,mean_8,ncc,20260808,nonadditive,108,H1,True,0.5362804700159576,0.5362804700159576,0.3777557830722218,0.3762452686333462,0.009507508577532575,9,1.3738332205944557,1.4253480767051636,0.35441604824743433
nonadditive:hypothesis:109:H0,7,15,same_pipeline_different_source,synthetic:nonadditive,synthetic:nonadditive,32x32,32x32,identity_residual,mean_8,ncc,20260808,nonadditive,109,H0,False,0.38018203517657645,0.38018203517657645,0.3589694209685286,0.3586021488798339,0.010169547001515233,9,1.0889571469054964,1.0601777941491752,0.05843662438822739
nonadditive:hypothesis:109:H1,15,15,same_pipeline_different_source,synthetic:nonadditive,synthetic:nonadditive,32x32,32x32,identity_residual,mean_8,ncc,20260808,nonadditive,109,H1,True,0.5089401517784308,0.5089401517784308,0.3831652845254896,0.3780042369330201,0.009160986504993751,9,1.3798277484753432,1.3463874265213902,0.2974250252600865
nonadditive:hypothesis:110:H0,16,45,same_pipeline_different_source,synthetic:nonadditive,synthetic:nonadditive,32x32,32x32,identity_residual,mean_8,ncc,20260808,nonadditive,110,H0,False,0.4016206476846559,0.4016206476846559,0.3807986687811396,0.38223661290980204,0.013620574237955374,9,1.1647262952316626,1.050712135154431,0.049468158236104065
nonadditive:hypothesis:110:H1,45,45,same_pipeline_different_source,synthetic:nonadditive,synthetic:nonadditive,32x32,32x32,identity_residual,mean_8,ncc,20260808,nonadditive,110,H1,True,0.49949345446050597,0.49949345446050597,0.38238864977319825,0.37798314578210984,0.01640437155712615,9,1.3814236068782848,1.3214701767375663,0.278744887072074
nonadditive:hypothesis:111:H0,6,45,same_pipeline_different_source,synthetic:nonadditive,synthetic:nonadditive,32x32,32x32,identity_residual,mean_8,ncc,20260808,nonadditive,111,H0,False,0.3925026230286474,0.3925026230286474,0.391979117042255,0.39072724526325375,0.016425624985321907,9,0.9640178215838587,1.0045437777552406,0.004533485961070394
nonadditive:hypothesis:111:H1,45,45,same_pipeline_different_source,synthetic:nonadditive,synthetic:nonadditive,32x32,32x32,identity_residual,mean_8,ncc,20260808,nonadditive,111,H1,True,0.5154309221082349,0.5154309221082349,0.37985778269593806,0.3776933088342351,0.0034013247110818434,9,1.3525011289536928,1.364681105151511,0.31092077874328694
nonadditive:hypothesis:112:H0,37,49,same_pipeline_different_source,synthetic:nonadditive,synthetic:nonadditive,32x32,32x32,identity_residual,mean_8,ncc,20260808,nonadditive,112,H0,False,0.35256674031894963,0.35256674031894963,0.3840958466916285,0.3817545985240805,0.009188929198728435,9,1.0196024235161378,0.9235428772358593,-0.0795380513617755
nonadditive:hypothesis:112:H1,49,49,same_pipeline_different_source,synthetic:nonadditive,synthetic:nonadditive,32x32,32x32,identity_residual,mean_8,ncc,20260808,nonadditive,112,H1,True,0.4662890365850927,0.4662890365850927,0.36327867377918377,0.3640008848729115,0.002927716418978321,9,1.2259385665165696,1.2810107226741891,0.24764939342928283
nonadditive:hypothesis:113:H0,22,14,same_pipeline_different_source,synthetic:nonadditive,synthetic:nonadditive,32x32,32x32,identity_residual,mean_8,ncc,20260808,nonadditive,113,H0,False,0.3874311621110653,0.3874311621110653,0.3671836367392357,0.3646041634449146,0.0021682232375608845,9,1.0670236980961731,1.0626076193164466,0.06072590545549428
nonadditive:hypothesis:113:H1,14,14,same_pipeline_different_source,synthetic:nonadditive,synthetic:nonadditive,32x32,32x32,identity_residual,mean_8,ncc,20260808,nonadditive,113,H1,True,0.5046288160156845,0.5046288160156845,0.37198840485592893,0.3693778541138592,0.003450748727131858,9,1.269430962324809,1.3661588273241059,0.31200302622271947
nonadditive:hypothesis:114:H0,18,4,same_pipeline_different_source,synthetic:nonadditive,synthetic:nonadditive,32x32,32x32,identity_residual,mean_8,ncc,20260808,nonadditive,114,H0,False,0.3514406149071038,0.3514406149071038,0.367762120964856,0.36929876533258144,0.0073819982699421804,9,0.8899272194496081,0.9516430811530199,-0.04956522924411089
nonadditive:hypothesis:114:H1,4,4,same_pipeline_different_source,synthetic:nonadditive,synthetic:nonadditive,32x32,32x32,identity_residual,mean_8,ncc,20260808,nonadditive,114,H1,True,0.46812463001537785,0.46812463001537785,0.3658214838551653,0.36422734137676727,0.010187903721156744,9,1.3362780776473828,1.2852539522318185,0.25095632701727133
nonadditive:hypothesis:115:H0,37,1,same_pipeline_different_source,synthetic:nonadditive,synthetic:nonadditive,32x32,32x32,identity_residual,mean_8,ncc,20260808,nonadditive,115,H0,False,0.3816414787993817,0.3816414787993817,0.3646662722074438,0.3598398236259194,0.013207029182507657,9,1.1165896191661073,1.0605871105476274,0.05882263266536181
nonadditive:hypothesis:115:H1,1,1,same_pipeline_different_source,synthetic:nonadditive,synthetic:nonadditive,32x32,32x32,identity_residual,mean_8,ncc,20260808,nonadditive,115,H1,True,0.4799525504376887,0.4799525504376887,0.3559421703611783,0.35779812773330766,0.003974336299554515,9,1.2228320450821046,1.341405986325986,0.29371830741842475
nonadditive:hypothesis:116:H0,12,10,same_pipeline_different_source,synthetic:nonadditive,synthetic:nonadditive,32x32,32x32,identity_residual,mean_8,ncc,20260808,nonadditive,116,H0,False,0.33323307007654407,0.33323307007654407,0.320824841412756,0.31635278952293033,0.004979222359788538,9,0.94610017272135,1.0533590381139668,0.051984141905709214
nonadditive:hypothesis:116:H1,10,10,same_pipeline_different_source,synthetic:nonadditive,synthetic:nonadditive,32x32,32x32,identity_residual,mean_8,ncc,20260808,nonadditive,116,H1,True,0.4960767742110135,0.4960767742110135,0.3751810533221229,0.376627530696477,0.00732611516807774,9,1.228973594374668,1.3171548380800666,0.27547398462805217
nonadditive:hypothesis:117:H0,37,23,same_pipeline_different_source,synthetic:nonadditive,synthetic:nonadditive,32x32,32x32,identity_residual,mean_8,ncc,20260808,nonadditive,117,H0,False,0.42030186361434624,0.42030186361434624,0.3827978568814079,0.38608055650825857,0.01157857179661953,9,1.1263424571648477,1.088637737718749,0.08492713270292573
nonadditive:hypothesis:117:H1,23,23,same_pipeline_different_source,synthetic:nonadditive,synthetic:nonadditive,32x32,32x32,identity_residual,mean_8,ncc,20260808,nonadditive,117,H1,True,0.5222675371099208,0.5222675371099208,0.4014778345055199,0.4029767615041118,0.004566507224122218,9,1.2219953403716461,1.2960239572141972,0.2593010832640099
nonadditive:hypothesis:118:H0,40,49,same_pipeline_different_source,synthetic:nonadditive,synthetic:nonadditive,32x32,32x32,identity_residual,mean_8,ncc,20260808,nonadditive,118,H0,False,0.35302391083286755,0.35302391083286755,0.38206527285995173,0.3780826417572943,0.018948863203776034,9,0.8689531173571112,0.933721551436596,-0.06857701000154537
nonadditive:hypothesis:118:H1,49,49,same_pipeline_different_source,synthetic:nonadditive,synthetic:nonadditive,32x32,32x32,identity_residual,mean_8,ncc,20260808,nonadditive,118,H1,True,0.4932301428575944,0.4932301428575944,0.36965442167539553,0.3727351236919388,0.013786824549126497,9,1.4455110351649634,1.323272510441606,0.2801078430917924
nonadditive:hypothesis:119:H0,15,29,same_pipeline_different_source,synthetic:nonadditive,synthetic:nonadditive,32x32,32x32,identity_residual,mean_8,ncc,20260808,nonadditive,119,H0,False,0.36581520711346,0.36581520711346,0.3836422493780972,0.38363608669264726,0.010160280524772858,9,0.9225371320780341,0.9535474367575212,-0.04756610504017644
nonadditive:hypothesis:119:H1,29,29,same_pipeline_different_source,synthetic:nonadditive,synthetic:nonadditive,32x32,32x32,identity_residual,mean_8,ncc,20260808,nonadditive,119,H1,True,0.5331107601364846,0.5331107601364846,0.3849328472687773,0.38374485148634757,0.016717877285519156,9,1.3892323455848397,1.3892323455848397,0.32875132522228
nonadditive:hypothesis:120:H0,45,27,same_pipeline_different_source,synthetic:nonadditive,synthetic:nonadditive,32x32,32x32,identity_residual,mean_8,ncc,20260808,nonadditive,120,H0,False,0.3810076255603466,0.3810076255603466,0.3720061488567302,0.3665568936735751,0.010827794302453286,9,1.139862153176492,1.0394228894236544,0.03866564511580006
nonadditive:hypothesis:120:H1,27,27,same_pipeline_different_source,synthetic:nonadditive,synthetic:nonadditive,32x32,32x32,identity_residual,mean_8,ncc,20260808,nonadditive,120,H1,True,0.49908739590476187,0.49908739590476187,0.3812767167333592,0.37928826142634775,0.011158130349889162,9,1.3165847599197578,1.315852470698404,0.2744847222864454
nonadditive:hypothesis:121:H0,24,45,same_pipeline_different_source,synthetic:nonadditive,synthetic:nonadditive,32x32,32x32,identity_residual,mean_8,ncc,20260808,nonadditive,121,H0,False,0.4199098715172341,0.4199098715172341,0.41067542940524643,0.41035560926110415,0.008464022975882113,9,1.0232828845043291,1.0232828845043291,0.023015973185812166
nonadditive:hypothesis:121:H1,45,45,same_pipeline_different_source,synthetic:nonadditive,synthetic:nonadditive,32x32,32x32,identity_residual,mean_8,ncc,20260808,nonadditive,121,H1,True,0.5179570194629478,0.5179570194629478,0.35975237886496764,0.36251111664200586,0.014930259732331974,9,1.5062227455860555,1.4288031337103821,0.35683712438404047
nonadditive:hypothesis:122:H0,1,61,same_pipeline_different_source,synthetic:nonadditive,synthetic:nonadditive,32x32,32x32,identity_residual,mean_8,ncc,20260808,nonadditive,122,H0,False,0.3674311970916101,0.3674311970916101,0.37003699449761746,0.3682711379878855,0.01075021290573569,9,0.9454789057434528,0.9977192323545511,-0.002283372557528307
nonadditive:hypothesis:122:H1,61,61,same_pipeline_different_source,synthetic:nonadditive,synthetic:nonadditive,32x32,32x32,identity_residual,mean_8,ncc,20260808,nonadditive,122,H1,True,0.5322327990915962,0.5322327990915962,0.3973397201409781,0.39696188915043656,0.008317624515006894,9,1.3407654831315456,1.3407654831315456,0.2932407069265033
nonadditive:hypothesis:123:H0,43,16,same_pipeline_different_source,synthetic:nonadditive,synthetic:nonadditive,32x32,32x32,identity_residual,mean_8,ncc,20260808,nonadditive,123,H0,False,0.3377586795639406,0.3377586795639406,0.3439485322231215,0.34706279393965866,0.009524819799237305,9,1.0011064091095663,0.9731918415393853,-0.027174051236365404
nonadditive:hypothesis:123:H1,16,16,same_pipeline_different_source,synthetic:nonadditive,synthetic:nonadditive,32x32,32x32,identity_residual,mean_8,ncc,20260808,nonadditive,123,H1,True,0.507272352544972,0.507272352544972,0.3843779343151183,0.3831560951016435,0.005347080490255229,9,1.3298949031839342,1.3239313142347455,0.28060557870293
nonadditive:hypothesis:124:H0,15,58,same_pipeline_different_source,synthetic:nonadditive,synthetic:nonadditive,32x32,32x32,identity_residual,mean_8,ncc,20260808,nonadditive,124,H0,False,0.4377598239600292,0.4377598239600292,0.40610261837975536,0.40554671603212966,0.009675550651856435,9,1.0771965227509521,1.0794313124837323,0.07643433993833892
nonadditive:hypothesis:124:H1,58,58,same_pipeline_different_source,synthetic:nonadditive,synthetic:nonadditive,32x32,32x32,identity_residual,mean_8,ncc,20260808,nonadditive,124,H1,True,0.5292988868711929,0.5292988868711929,0.3798045874329061,0.3865113165689512,0.005840963256452392,9,1.4460561509671113,1.3694266226659608,0.3143921286330984
nonadditive:hypothesis:125:H0,21,14,same_pipeline_different_source,synthetic:nonadditive,synthetic:nonadditive,32x32,32x32,identity_residual,mean_8,ncc,20260808,nonadditive,125,H0,False,0.3506523880557188,0.3506523880557188,0.3551551827648149,0.3573555187396014,0.01855898323731453,9,0.9812424033424063,0.9812424033424063,-0.018935751732142903
nonadditive:hypothesis:125:H1,14,14,same_pipeline_different_source,synthetic:nonadditive,synthetic:nonadditive,32x32,32x32,identity_residual,mean_8,ncc,20260808,nonadditive,125,H1,True,0.500580203791972,0.500580203791972,0.37246600908832406,0.37861556907860133,0.011590188358416464,9,1.3638844343944907,1.3221331732611623,0.27924647255954627
nonadditive:hypothesis:126:H0,37,60,same_pipeline_different_source,synthetic:nonadditive,synthetic:nonadditive,32x32,32x32,identity_residual,mean_8,ncc,20260808,nonadditive,126,H0,False,0.3287991932674822,0.3287991932674822,0.3479311368462563,0.3510467803987768,0.010493733865363675,9,0.9366250073394147,0.9366250073394147,-0.06547228246163983
nonadditive:hypothesis:126:H1,60,60,same_pipeline_different_source,synthetic:nonadditive,synthetic:nonadditive,32x32,32x32,identity_residual,mean_8,ncc,20260808,nonadditive,126,H1,True,0.5446113601589044,0.5446113601589044,0.38837571544705274,0.39301947032687135,0.010037547184644002,9,1.3610169097746274,1.3857108903687525,0.32621328620166823
nonadditive:hypothesis:127:H0,24,31,same_pipeline_different_source,synthetic:nonadditive,synthetic:nonadditive,32x32,32x32,identity_residual,mean_8,ncc,20260808,nonadditive,127,H0,False,0.34928898745847753,0.34928898745847753,0.366035909416261,0.37337013746241215,0.014976051105507482,9,0.9283335979018814,0.9355032778796913,-0.06667062939418322
nonadditive:hypothesis:127:H1,31,31,same_pipeline_different_source,synthetic:nonadditive,synthetic:nonadditive,32x32,32x32,identity_residual,mean_8,ncc,20260808,nonadditive,127,H1,True,0.5077356646149174,0.5077356646149174,0.373804334503163,0.3705326900560346,0.02019995612141151,9,1.2994452078220662,1.3702857487098747,0.3150192937917847
nonadditive:hypothesis:128:H0,27,3,same_pipeline_different_source,synthetic:nonadditive,synthetic:nonadditive,32x32,32x32,identity_residual,mean_8,ncc,20260808,nonadditive,128,H0,False,0.3677378796848931,0.3677378796848931,0.3991754198977843,0.40366967006689913,0.008892427750620768,9,0.889030986811834,0.9109871435819016,-0.09322649424557805
nonadditive:hypothesis:128:H1,3,3,same_pipeline_different_source,synthetic:nonadditive,synthetic:nonadditive,32x32,32x32,identity_residual,mean_8,ncc,20260808,nonadditive,128,H1,True,0.510529658058537,0.510529658058537,0.35152624207882094,0.3520133545005648,0.008544272499009964,9,1.4159446918568142,1.4503133234330683,0.3717796182157088
nonadditive:hypothesis:129:H0,21,31,same_pipeline_different_source,synthetic:nonadditive,synthetic:nonadditive,32x32,32x32,identity_residual,mean_8,ncc,20260808,nonadditive,129,H0,False,0.3619484861513761,0.3619484861513761,0.35349848670861206,0.3496385359019933,0.01754793483221523,9,1.064450220641911,1.0352076472852907,0.03460203199116507
nonadditive:hypothesis:129:H1,31,31,same_pipeline_different_source,synthetic:nonadditive,synthetic:nonadditive,32x32,32x32,identity_residual,mean_8,ncc,20260808,nonadditive,129,H1,True,0.520448271696373,0.520448271696373,0.36194755141916035,0.3644985275321128,0.00798871353558872,9,1.4880134811308003,1.4278473913739496,0.35616798942076733
nonadditive:hypothesis:130:H0,16,30,same_pipeline_different_source,synthetic:nonadditive,synthetic:nonadditive,32x32,32x32,identity_residual,mean_8,ncc,20260808,nonadditive,130,H0,False,0.4273440903191635,0.4273440903191635,0.40395804193849144,0.4031269083671332,0.00941407866263444,9,1.0600733452651971,1.0600733452651971,0.05833809937661816
nonadditive:hypothesis:130:H1,30,30,same_pipeline_different_source,synthetic:nonadditive,synthetic:nonadditive,32x32,32x32,identity_residual,mean_8,ncc,20260808,nonadditive,130,H1,True,0.5162116401212355,0.5162116401212355,0.39914904418222247,0.3977184899982321,0.02251209229163037,9,1.3483321500990675,1.297932213620569,0.2607723932052258
nonadditive:hypothesis:131:H0,25,35,same_pipeline_different_source,synthetic:nonadditive,synthetic:nonadditive,32x32,32x32,identity_residual,mean_8,ncc,20260808,nonadditive,131,H0,False,0.3763971854863266,0.3763971854863266,0.3825810984430672,0.38036242442855406,0.013773969299830935,9,0.9787698773788528,0.9895751034077966,-0.01047961645820994
nonadditive:hypothesis:131:H1,35,35,same_pipeline_different_source,synthetic:nonadditive,synthetic:nonadditive,32x32,32x32,identity_residual,mean_8,ncc,20260808,nonadditive,131,H1,True,0.5108582441914115,0.5108582441914115,0.3838676456675402,0.3892888693872444,0.013200787235694456,9,1.3599219440497865,1.3122857712205385,0.2717704802342845
nonadditive:hypothesis:132:H0,27,17,same_pipeline_different_source,synthetic:nonadditive,synthetic:nonadditive,32x32,32x32,identity_residual,mean_8,ncc,20260808,nonadditive,132,H0,False,0.40126449343643417,0.40126449343643417,0.3806542751325663,0.3801891739279938,0.009602796466232189,9,1.0602807358536823,1.055433770748117,0.05395183953332783
nonadditive:hypothesis:132:H1,17,17,same_pipeline_different_source,synthetic:nonadditive,synthetic:nonadditive,32x32,32x32,identity_residual,mean_8,ncc,20260808,nonadditive,132,H1,True,0.5154638832002356,0.5154638832002356,0.36771048273272083,0.36825752743083856,0.014090756036097607,9,1.373911913302225,1.3997375336666906,0.3362847430930359
nonadditive:hypothesis:133:H0,15,50,same_pipeline_different_source,synthetic:nonadditive,synthetic:nonadditive,32x32,32x32,identity_residual,mean_8,ncc,20260808,nonadditive,133,H0,False,0.37049660148714747,0.37049660148714747,0.3706287868771676,0.3710175989377296,0.014385671658945276,9,0.9985957608154604,0.9985957608154604,-0.0014052260523571558
nonadditive:hypothesis:133:H1,50,50,same_pipeline_different_source,synthetic:nonadditive,synthetic:nonadditive,32x32,32x32,identity_residual,mean_8,ncc,20260808,nonadditive,133,H1,True,0.5314475233970082,0.5314475233970082,0.36402228142363274,0.36163029267078767,0.011253435612269491,9,1.4695879581106184,1.4695879581106184,0.3849820608940663
nonadditive:hypothesis:134:H0,57,31,same_pipeline_different_source,synthetic:nonadditive,synthetic:nonadditive,32x32,32x32,identity_residual,mean_8,ncc,20260808,nonadditive,134,H0,False,0.4068165978211031,0.4068165978211031,0.3906798393848756,0.39014994817666104,0.00861513101736755,9,1.1359544249306592,1.042718574543794,0.041831316545407615
nonadditive:hypothesis:134:H1,31,31,same_pipeline_different_source,synthetic:nonadditive,synthetic:nonadditive,32x32,32x32,identity_residual,mean_8,ncc,20260808,nonadditive,134,H1,True,0.5198117081868582,0.5198117081868582,0.38249922001191905,0.38197340771654126,0.017934753089584754,9,1.2905286426470781,1.3608583678490136,0.30811565348493797
nonadditive:hypothesis:135:H0,2,24,same_pipeline_different_source,synthetic:nonadditive,synthetic:nonadditive,32x32,32x32,identity_residual,mean_8,ncc,20260808,nonadditive,135,H0,False,0.40344216629223495,0.40344216629223495,0.40856287697974375,0.4123146910004173,0.009337028111369217,9,1.0249179891629476,0.9784811822090197,-0.02175372359406702
nonadditive:hypothesis:135:H1,24,24,same_pipeline_different_source,synthetic:nonadditive,synthetic:nonadditive,32x32,32x32,identity_residual,mean_8,ncc,20260808,nonadditive,135,H1,True,0.5137651525652105,0.5137651525652105,0.3802756165402826,0.37779861875027126,0.0046146479670707286,9,1.3598915588011042,1.3598915588011042,0.3074049603932041
nonadditive:hypothesis:136:H0,44,58,same_pipeline_different_source,synthetic:nonadditive,synthetic:nonadditive,32x32,32x32,identity_residual,mean_8,ncc,20260808,nonadditive,136,H0,False,0.3934689045310417,0.3934689045310417,0.3814091739191597,0.38322532168326595,0.014160495572758502,9,1.0267299217149384,1.0267299217149384,0.0263789184794333
nonadditive:hypothesis:136:H1,58,58,same_pipeline_different_source,synthetic:nonadditive,synthetic:nonadditive,32x32,32x32,identity_residual,mean_8,ncc,20260808,nonadditive,136,H1,True,0.5336292212307554,0.5336292212307554,0.39435736318439807,0.39589763252658,0.012283900958653726,9,1.342870447992855,1.3478969748446987,0.29854558141258325
nonadditive:hypothesis:137:H0,23,2,same_pipeline_different_source,synthetic:nonadditive,synthetic:nonadditive,32x32,32x32,identity_residual,mean_8,ncc,20260808,nonadditive,137,H0,False,0.3606841175974766,0.3606841175974766,0.36357829271792813,0.36576061326250064,0.013189476592473603,9,0.9849893005827528,0.9861207153505598,-0.013976502511741762
nonadditive:hypothesis:137:H1,2,2,same_pipeline_different_source,synthetic:nonadditive,synthetic:nonadditive,32x32,32x32,identity_residual,mean_8,ncc,20260808,nonadditive,137,H1,True,0.4930595228568043,0.4930595228568043,0.3711575955350659,0.3775053086876038,0.006507552502870051,9,1.2736321971071929,1.3060995739925472,0.26704527143372314
nonadditive:hypothesis:138:H0,59,10,same_pipeline_different_source,synthetic:nonadditive,synthetic:nonadditive,32x32,32x32,identity_residual,mean_8,ncc,20260808,nonadditive,138,H0,False,0.4022372352189073,0.4022372352189073,0.3744027926774912,0.3688954722926406,0.01215824037787322,9,1.1437424977423936,1.0903826840677977,0.0865287209254102
nonadditive:hypothesis:138:H1,10,10,same_pipeline_different_source,synthetic:nonadditive,synthetic:nonadditive,32x32,32x32,identity_residual,mean_8,ncc,20260808,nonadditive,138,H1,True,0.5173043192643877,0.5173043192643877,0.3756164830302182,0.37036995918389465,0.00958006127790606,9,1.4261580635393842,1.3967232126608242,0.33412893083838313
nonadditive:hypothesis:139:H0,21,57,same_pipeline_different_source,synthetic:nonadditive,synthetic:nonadditive,32x32,32x32,identity_residual,mean_8,ncc,20260808,nonadditive,139,H0,False,0.3804255576938676,0.3804255576938676,0.3864917840020431,0.39132688797728055,0.0068955942162782224,9,0.9632954432088424,0.9721426494873364,-0.02825272655787958
nonadditive:hypothesis:139:H1,57,57,same_pipeline_different_source,synthetic:nonadditive,synthetic:nonadditive,32x32,32x32,identity_residual,mean_8,ncc,20260808,nonadditive,139,H1,True,0.5350069540319228,0.5350069540319228,0.3870137799745244,0.38663691507881714,0.017875694918437934,9,1.3837451447771352,1.3837451447771352,0.32479369629174293
nonadditive:hypothesis:140:H0,45,14,same_pipeline_different_source,synthetic:nonadditive,synthetic:nonadditive,32x32,32x32,identity_residual,mean_8,ncc,20260808,nonadditive,140,H0,False,0.41782671706140445,0.41782671706140445,0.4003774686100428,0.40092511543355075,0.007890169644854284,9,1.0630777785495862,1.042156504986166,0.04129212877654442
nonadditive:hypothesis:140:H1,14,14,same_pipeline_different_source,synthetic:nonadditive,synthetic:nonadditive,32x32,32x32,identity_residual,mean_8,ncc,20260808,nonadditive,140,H1,True,0.5094373596932484,0.5094373596932484,0.37004595428456155,0.36623875803218525,0.00304836059537672,9,1.3578080296139967,1.3909979447027254,0.3300214353720802
nonadditive:hypothesis:141:H0,43,13,same_pipeline_different_source,synthetic:nonadditive,synthetic:nonadditive,32x32,32x32,identity_residual,mean_8,ncc,20260808,nonadditive,141,H0,False,0.37381410242901586,0.37381410242901586,0.36283357612892836,0.360048108175369,0.01389975800253479,9,1.1283091205266063,1.0382337636028958,0.03752096517181769
nonadditive:hypothesis:141:H1,13,13,same_pipeline_different_source,synthetic:nonadditive,synthetic:nonadditive,32x32,32x32,identity_residual,mean_8,ncc,20260808,nonadditive,141,H1,True,0.5426548760225844,0.5426548760225844,0.41779129877102855,0.41574613403414085,0.005689158756077006,9,1.3233645779457954,1.3052553748534002,0.2663987111727911
nonadditive:hypothesis:142:H0,37,47,same_pipeline_different_source,synthetic:nonadditive,synthetic:nonadditive,32x32,32x32,identity_residual,mean_8,ncc,20260808,nonadditive,142,H0,False,0.37944585542478637,0.37944585542478637,0.3854382130014789,0.38675908437219136,0.005196380848033977,9,0.931888681406525,0.9810909963258492,-0.019090064976653998
nonadditive:hypothesis:142:H1,47,47,same_pipeline_different_source,synthetic:nonadditive,synthetic:nonadditive,32x32,32x32,identity_residual,mean_8,ncc,20260808,nonadditive,142,H1,True,0.5215050008024749,0.5215050008024749,0.36632785024314574,0.3630639522366735,0.014928899212389657,9,1.3675101411660366,1.4363998342157558,0.36213986795329534
nonadditive:hypothesis:143:H0,60,34,same_pipeline_different_source,synthetic:nonadditive,synthetic:nonadditive,32x32,32x32,identity_residual,mean_8,ncc,20260808,nonadditive,143,H0,False,0.37060899629580185,0.37060899629580185,0.3742638558379971,0.3861487563892524,0.006883172429915263,9,0.954803182838414,0.9597570629548114,-0.04107508596726506
nonadditive:hypothesis:143:H1,34,34,same_pipeline_different_source,synthetic:nonadditive,synthetic:nonadditive,32x32,32x32,identity_residual,mean_8,ncc,20260808,nonadditive,143,H1,True,0.5437606448008591,0.5437606448008591,0.39367069171671154,0.39945040247450575,0.014356796541881767,9,1.383270370533812,1.3612719912970013,0.30841955035731305
nonadditive:hypothesis:144:H0,58,18,same_pipeline_different_source,synthetic:nonadditive,synthetic:nonadditive,32x32,32x32,identity_residual,mean_8,ncc,20260808,nonadditive,144,H0,False,0.3426118341576343,0.3426118341576343,0.3633654499471018,0.3600600032480504,0.006327274530769367,9,0.9561842021762714,0.9515409405848508,-0.049672565757133746
nonadditive:hypothesis:144:H1,18,18,same_pipeline_different_source,synthetic:nonadditive,synthetic:nonadditive,32x32,32x32,identity_residual,mean_8,ncc,20260808,nonadditive,144,H1,True,0.4789184761356515,0.4789184761356515,0.3760171888365387,0.3744253224069417,0.014498436043495655,9,1.2945153283613002,1.2790760866732782,0.24613801001672186
nonadditive:hypothesis:145:H0,34,48,same_pipeline_different_source,synthetic:nonadditive,synthetic:nonadditive,32x32,32x32,identity_residual,mean_8,ncc,20260808,nonadditive,145,H0,False,0.34487920171675357,0.34487920171675357,0.3611266617595157,0.36331161442432697,0.011351692420494608,9,0.9013266036506541,0.9492655561348352,-0.05206669218798021
nonadditive:hypothesis:145:H1,48,48,same_pipeline_different_source,synthetic:nonadditive,synthetic:nonadditive,32x32,32x32,identity_residual,mean_8,ncc,20260808,nonadditive,145,H1,True,0.5135670749425036,0.5135670749425036,0.390370828404991,0.38703011693692135,0.015279284783132452,9,1.3948975858595158,1.3269434404925275,0.28287813235621295
nonadditive:hypothesis:146:H0,54,53,same_pipeline_different_source,synthetic:nonadditive,synthetic:nonadditive,32x32,32x32,identity_residual,mean_8,ncc,20260808,nonadditive,146,H0,False,0.3552766697182801,0.3552766697182801,0.39019689044192596,0.3958483719788923,0.012187071956624829,9,0.8549360496516388,0.8975069619263824,-0.10813440162874988
nonadditive:hypothesis:146:H1,53,53,same_pipeline_different_source,synthetic:nonadditive,synthetic:nonadditive,32x32,32x32,identity_residual,mean_8,ncc,20260808,nonadditive,146,H1,True,0.5254659745119901,0.5254659745119901,0.3715143981239894,0.3732088164128898,0.005655883336034895,9,1.3503936156117802,1.4079677419266927,0.3421473469099713
nonadditive:hypothesis:147:H0,46,34,same_pipeline_different_source,synthetic:nonadditive,synthetic:nonadditive,32x32,32x32,identity_residual,mean_8,ncc,20260808,nonadditive,147,H0,False,0.3696324521278318,0.3696324521278318,0.370370044631152,0.37547974706394177,0.01034915100658812,9,0.9580216877903807,0.9844271362654503,-0.015695394545453767
nonadditive:hypothesis:147:H1,34,34,same_pipeline_different_source,synthetic:nonadditive,synthetic:nonadditive,32x32,32x32,identity_residual,mean_8,ncc,20260808,nonadditive,147,H1,True,0.4885841192835282,0.4885841192835282,0.36963162026093743,0.3725266279436498,0.015675524826083365,9,1.3698288118125688,1.3115414647820391,0.27120313612850566
nonadditive:hypothesis:148:H0,29,21,same_pipeline_different_source,synthetic:nonadditive,synthetic:nonadditive,32x32,32x32,identity_residual,mean_8,ncc,20260808,nonadditive,148,H0,False,0.37623292512497697,0.37623292512497697,0.373630486775415,0.37396650778339485,0.017582087426672444,9,1.006060482140542,1.006060482140542,0.006042191282397358
nonadditive:hypothesis:148:H1,21,21,same_pipeline_different_source,synthetic:nonadditive,synthetic:nonadditive,32x32,32x32,identity_residual,mean_8,ncc,20260808,nonadditive,148,H1,True,0.49457099122143094,0.49457099122143094,0.34507647020041965,0.3442068546733568,0.01001149364113968,9,1.4798858658416663,1.436842365300266,0.36244790400266425
nonadditive:hypothesis:149:H0,2,9,same_pipeline_different_source,synthetic:nonadditive,synthetic:nonadditive,32x32,32x32,identity_residual,mean_8,ncc,20260808,nonadditive,149,H0,False,0.37303491988426857,0.37303491988426857,0.3630842992991538,0.3601563608432327,0.006080390472473718,9,1.0357582440329065,1.0357582440329065,0.03513376142514246
nonadditive:hypothesis:149:H1,9,9,same_pipeline_different_source,synthetic:nonadditive,synthetic:nonadditive,32x32,32x32,identity_residual,mean_8,ncc,20260808,nonadditive,149,H1,True,0.5356641728994805,0.5356641728994805,0.4049561735298469,0.4051335310627795,0.005277449953658531,9,1.2589313880571964,1.3221916524516801,0.27929070251946553
nonadditive:hypothesis:150:H0,22,58,same_pipeline_different_source,synthetic:nonadditive,synthetic:nonadditive,32x32,32x32,identity_residual,mean_8,ncc,20260808,nonadditive,150,H0,False,0.3998570229358477,0.3998570229358477,0.3961457513081275,0.39501305025523353,0.008708329512758406,9,0.9904281590577021,1.0122628168296826,0.01218823757354337
nonadditive:hypothesis:150:H1,58,58,same_pipeline_different_source,synthetic:nonadditive,synthetic:nonadditive,32x32,32x32,identity_residual,mean_8,ncc,20260808,nonadditive,150,H1,True,0.5019627192345799,0.5019627192345799,0.3815341631584148,0.38235210258644486,0.014507429516856796,9,1.3764022417973099,1.3128284527246523,0.27218393387138295
nonadditive:hypothesis:151:H0,32,31,same_pipeline_different_source,synthetic:nonadditive,synthetic:nonadditive,32x32,32x32,identity_residual,mean_8,ncc,20260808,nonadditive,151,H0,False,0.38713473741222737,0.38713473741222737,0.3911831506349469,0.3967345585781412,0.01603569344594291,9,0.9449926843593592,0.9758029116487389,-0.024494647746746923
nonadditive:hypothesis:151:H1,31,31,same_pipeline_different_source,synthetic:nonadditive,synthetic:nonadditive,32x32,32x32,identity_residual,mean_8,ncc,20260808,nonadditive,151,H1,True,0.5091813714935902,0.5091813714935902,0.3812483931948001,0.3772665011234875,0.01101169449092404,9,1.390861791515787,1.3496596437193986,0.29985244490040797
nonadditive:hypothesis:152:H0,29,45,same_pipeline_different_source,synthetic:nonadditive,synthetic:nonadditive,32x32,32x32,identity_residual,mean_8,ncc,20260808,nonadditive,152,H0,False,0.4059947586095004,0.4059947586095004,0.39725203098504164,0.403669653039355,0.005305113817997087,9,1.056314580257792,1.0057599216404776,0.005743396716306193
nonadditive:hypothesis:152:H1,45,45,same_pipeline_different_source,synthetic:nonadditive,synthetic:nonadditive,32x32,32x32,identity_residual,mean_8,ncc,20260808,nonadditive,152,H1,True,0.5515446960773794,0.5515446960773794,0.38222544480671833,0.39529225303953414,0.00700705970518789,9,1.379503625307523,1.3952833424798186,0.3330975075374577
nonadditive:hypothesis:153:H0,62,9,same_pipeline_different_source,synthetic:nonadditive,synthetic:nonadditive,32x32,32x32,identity_residual,mean_8,ncc,20260808,nonadditive,153,H0,False,0.3380885233332932,0.3380885233332932,0.3597294490887046,0.3527410248614441,0.01742066894100841,9,0.9610105277931694,0.9584610224061509,-0.04242638252292341
nonadditive:hypothesis:153:H1,9,9,same_pipeline_different_source,synthetic:nonadditive,synthetic:nonadditive,32x32,32x32,identity_residual,mean_8,ncc,20260808,nonadditive,153,H1,True,0.5305124037515762,0.5305124037515762,0.40400092648414565,0.4032268009452152,0.013728270733606496,9,1.3405772912664398,1.315667516415048,0.2743441538814426
nonadditive:hypothesis:154:H0,22,32,same_pipeline_different_source,synthetic:nonadditive,synthetic:nonadditive,32x32,32x32,identity_residual,mean_8,ncc,20260808,nonadditive,154,H0,False,0.3428084113732008,0.3428084113732008,0.3777280904883618,0.3849200270362756,0.010405148138317388,9,1.0224832178712937,0.89059645457443,-0.11586386704291496
nonadditive:hypothesis:154:H1,32,32,same_pipeline_different_source,synthetic:nonadditive,synthetic:nonadditive,32x32,32x32,identity_residual,mean_8,ncc,20260808,nonadditive,154,H1,True,0.5000440904787529,0.5000440904787529,0.3673296615861547,0.3657477149481197,0.018390509595723414,9,1.2907700057265188,1.36718308834734,0.3127524831898879
nonadditive:hypothesis:155:H0,3,15,same_pipeline_different_source,synthetic:nonadditive,synthetic:nonadditive,32x32,32x32,identity_residual,mean_8,ncc,20260808,nonadditive,155,H0,False,0.3594112955512288,0.3594112955512288,0.3912646790984997,0.39245365830068407,0.00983325483279568,9,0.988044270788919,0.9158056956519962,-0.08795105945985737
nonadditive:hypothesis:155:H1,15,15,same_pipeline_different_source,synthetic:nonadditive,synthetic:nonadditive,32x32,32x32,identity_residual,mean_8,ncc,20260808,nonadditive,155,H1,True,0.533932063081379,0.533932063081379,0.3823505608662686,0.38245850559246675,0.02133908003635282,9,1.3140456343246707,1.3960522652104819,0.3336484429018719
nonadditive:hypothesis:156:H0,61,22,same_pipeline_different_source,synthetic:nonadditive,synthetic:nonadditive,32x32,32x32,identity_residual,mean_8,ncc,20260808,nonadditive,156,H0,False,0.39485142989818495,0.39485142989818495,0.37486385386911714,0.38416535620619885,0.018040972631782004,9,0.9811625978817784,1.0278163387701478,0.02743649228768874
nonadditive:hypothesis:156:H1,22,22,same_pipeline_different_source,synthetic:nonadditive,synthetic:nonadditive,32x32,32x32,identity_residual,mean_8,ncc,20260808,nonadditive,156,H1,True,0.5299653323037189,0.5299653323037189,0.3964742072857224,0.3980869017997212,0.01657045710088545,9,1.4426866315598175,1.3312805066124636,0.28614126597826683
nonadditive:hypothesis:157:H0,35,14,same_pipeline_different_source,synthetic:nonadditive,synthetic:nonadditive,32x32,32x32,identity_residual,mean_8,ncc,20260808,nonadditive,157,H0,False,0.3873977149524385,0.3873977149524385,0.3786084526765652,0.38157762660441286,0.011251869486261556,9,0.9879111131983014,1.0152526981202161,0.015137545172677735
nonadditive:hypothesis:157:H1,14,14,same_pipeline_different_source,synthetic:nonadditive,synthetic:nonadditive,32x32,32x32,identity_residual,mean_8,ncc,20260808,nonadditive,157,H1,True,0.5349628405531469,0.5349628405531469,0.38998806745600606,0.3887832906722121,0.01216588805930674,9,1.3878151314619378,1.3759923674399386,0.31917519257711835
nonadditive:hypothesis:158:H0,40,28,same_pipeline_different_source,synthetic:nonadditive,synthetic:nonadditive,32x32,32x32,identity_residual,mean_8,ncc,20260808,nonadditive,158,H0,False,0.3608962671877585,0.3608962671877585,0.3674404924326016,0.37381977252760007,0.007367720633789876,9,1.0232246871392194,0.9654285131777309,-0.03518322109998573
nonadditive:hypothesis:158:H1,28,28,same_pipeline_different_source,synthetic:nonadditive,synthetic:nonadditive,32x32,32x32,identity_residual,mean_8,ncc,20260808,nonadditive,158,H1,True,0.4960414599756406,0.4960414599756406,0.38654614203132703,0.3869407882293891,0.00458824877342362,9,1.3112848079906843,1.2819570204668462,0.24838783255961527
nonadditive:hypothesis:159:H0,42,40,same_pipeline_different_source,synthetic:nonadditive,synthetic:nonadditive,32x32,32x32,identity_residual,mean_8,ncc,20260808,nonadditive,159,H0,False,0.3923685794413751,0.3923685794413751,0.3964204838082858,0.3949683016606035,0.004852003248176917,9,0.900423558337143,0.9934178965544878,-0.006603861014662593
nonadditive:hypothesis:159:H1,40,40,same_pipeline_different_source,synthetic:nonadditive,synthetic:nonadditive,32x32,32x32,identity_residual,mean_8,ncc,20260808,nonadditive,159,H1,True,0.49883317469858973,0.49883317469858973,0.3864366406904062,0.3933485710702877,0.018373491976803158,9,1.2486462893690617,1.2681708067256534,0.23757555256264729
nonadditive:hypothesis:160:H0,14,38,same_pipeline_different_source,synthetic:nonadditive,synthetic:nonadditive,32x32,32x32,identity_residual,mean_8,ncc,20260808,nonadditive,160,H0,False,0.3665560683746078,0.3665560683746078,0.3822105874819126,0.38091725286263445,0.008788354769468487,9,0.9701026711254277,0.9622984142091208,-0.03843067453850346
nonadditive:hypothesis:160:H1,38,38,same_pipeline_different_source,synthetic:nonadditive,synthetic:nonadditive,32x32,32x32,identity_residual,mean_8,ncc,20260808,nonadditive,160,H1,True,0.5570884320383176,0.5570884320383176,0.3517984523403352,0.356795542169799,0.012012987075506965,9,1.5613660099295725,1.5613660099295725,0.4455610854966773
nonadditive:hypothesis:161:H0,13,31,same_pipeline_different_source,synthetic:nonadditive,synthetic:nonadditive,32x32,32x32,identity_residual,mean_8,ncc,20260808,nonadditive,161,H0,False,0.37555415059715697,0.37555415059715697,0.3782751691917073,0.377158957176661,0.019038991389349613,9,1.0704075997147824,0.9957450126824051,-0.0042640655370892455
nonadditive:hypothesis:161:H1,31,31,same_pipeline_different_source,synthetic:nonadditive,synthetic:nonadditive,32x32,32x32,identity_residual,mean_8,ncc,20260808,nonadditive,161,H1,True,0.5138163073605468,0.5138163073605468,0.39898606750345733,0.39807817874076223,0.008662436917484473,9,1.319454383006745,1.2907422079399031,0.25521740791253
nonadditive:hypothesis:162:H0,26,52,same_pipeline_different_source,synthetic:nonadditive,synthetic:nonadditive,32x32,32x32,identity_residual,mean_8,ncc,20260808,nonadditive,162,H0,False,0.35474211683512774,0.35474211683512774,0.35502490822976646,0.35216015635917886,0.013509188794842308,9,1.0735510713505485,1.0073317791048328,0.007305032267448608
nonadditive:hypothesis:162:H1,52,52,same_pipeline_different_source,synthetic:nonadditive,synthetic:nonadditive,32x32,32x32,identity_residual,mean_8,ncc,20260808,nonadditive,162,H1,True,0.5341851095265464,0.5341851095265464,0.3792661780275423,0.3896815465418474,0.016476471528271197,9,1.6927163094095818,1.3708247523319173,0.315412567706707
nonadditive:hypothesis:163:H0,26,41,same_pipeline_different_source,synthetic:nonadditive,synthetic:nonadditive,32x32,32x32,identity_residual,mean_8,ncc,20260808,nonadditive,163,H0,False,0.3914071160970692,0.3914071160970692,0.3723723103647252,0.3679933829440797,0.012969183895241154,9,1.0274162087482825,1.063625418929197,0.061683279056771845
nonadditive:hypothesis:163:H1,41,41,same_pipeline_different_source,synthetic:nonadditive,synthetic:nonadditive,32x32,32x32,identity_residual,mean_8,ncc,20260808,nonadditive,163,H1,True,0.520898937160111,0.520898937160111,0.40169040821353075,0.40402372953424615,0.010583006152218577,9,1.331763687348175,1.2892780772074879,0.25408243165051014
nonadditive:hypothesis:164:H0,15,24,same_pipeline_different_source,synthetic:nonadditive,synthetic:nonadditive,32x32,32x32,identity_residual,mean_8,ncc,20260808,nonadditive,164,H0,False,0.3635426684187574,0.3635426684187574,0.37298198081117917,0.3684994608355843,0.012324709030269887,9,0.9219191645655339,0.9865487118879706,-0.01354257624085542
nonadditive:hypothesis:164:H1,24,24,same_pipeline_different_source,synthetic:nonadditive,synthetic:nonadditive,32x32,32x32,identity_residual,mean_8,ncc,20260808,nonadditive,164,H1,True,0.5149578745124876,0.5149578745124876,0.39011411423640663,0.39577213164891456,0.009676738975096077,9,1.4082980956060314,1.3011473859137246,0.2632464797501437
nonadditive:hypothesis:165:H0,10,8,same_pipeline_different_source,synthetic:nonadditive,synthetic:nonadditive,32x32,32x32,identity_residual,mean_8,ncc,20260808,nonadditive,165,H0,False,0.36353047280525647,0.36353047280525647,0.3933279588237888,0.3932729163427918,0.009819762159101908,9,1.004956501814918,0.9243720014738805,-0.07864068936397772
nonadditive:hypothesis:165:H1,8,8,same_pipeline_different_source,synthetic:nonadditive,synthetic:nonadditive,32x32,32x32,identity_residual,mean_8,ncc,20260808,nonadditive,165,H1,True,0.5263667925741025,0.5263667925741025,0.3697632161200956,0.3703642175213385,0.011664995512544518,9,1.35920677374192,1.421213950140245,0.351511400863989
nonadditive:hypothesis:166:H0,24,30,same_pipeline_different_source,synthetic:nonadditive,synthetic:nonadditive,32x32,32x32,identity_residual,mean_8,ncc,20260808,nonadditive,166,H0,False,0.37729948672724184,0.37729948672724184,0.3724090443760749,0.37971752522166613,0.013985680330531491,9,0.9759626640481891,0.9936320071268433,-0.006388355029848247
nonadditive:hypothesis:166:H1,30,30,same_pipeline_different_source,synthetic:nonadditive,synthetic:nonadditive,32x32,32x32,identity_residual,mean_8,ncc,20260808,nonadditive,166,H1,True,0.5346038193177056,0.5346038193177056,0.3848664710668365,0.3853459908431156,0.01635274530685804,9,1.4964284912090529,1.3873345824826728,0.32738433969889547
nonadditive:hypothesis:167:H0,25,5,same_pipeline_different_source,synthetic:nonadditive,synthetic:nonadditive,32x32,32x32,identity_residual,mean_8,ncc,20260808,nonadditive,167,H0,False,0.40257147101183605,0.40257147101183605,0.38225578102596675,0.38350776797597924,0.012143740297341166,9,1.07133363139731,1.0497087793983115,0.04851277274599919
nonadditive:hypothesis:167:H1,5,5,same_pipeline_different_source,synthetic:nonadditive,synthetic:nonadditive,32x32,32x32,identity_residual,mean_8,ncc,20260808,nonadditive,167,H1,True,0.522477963742576,0.522477963742576,0.4069440032071645,0.4105821683611541,0.019170092315389964,9,1.3505353736563155,1.2725296030951758,0.24100673290096275
nonadditive:hypothesis:168:H0,49,10,same_pipeline_different_source,synthetic:nonadditive,synthetic:nonadditive,32x32,32x32,identity_residual,mean_8,ncc,20260808,nonadditive,168,H0,False,0.41265899269898826,0.41265899269898826,0.3766542191915804,0.36591860059465764,0.006171159689554284,9,1.1410137620912444,1.127734397837039,0.12021066243969736
nonadditive:hypothesis:168:H1,10,10,same_pipeline_different_source,synthetic:nonadditive,synthetic:nonadditive,32x32,32x32,identity_residual,mean_8,ncc,20260808,nonadditive,168,H1,True,0.4913527950780956,0.4913527950780956,0.3687902018459518,0.37084707614819656,0.019596988069434884,9,1.2584460620823221,1.324947199750182,0.28137260939903774
nonadditive:hypothesis:169:H0,62,49,same_pipeline_different_source,synthetic:nonadditive,synthetic:nonadditive,32x32,32x32,identity_residual,mean_8,ncc,20260808,nonadditive,169,H0,False,0.33207943912244925,0.33207943912244925,0.351670762153802,0.351367168952987,0.012532958954038331,9,0.9276621373726849,0.9451066248220863,-0.05645752735371423
nonadditive:hypothesis:169:H1,49,49,same_pipeline_different_source,synthetic:nonadditive,synthetic:nonadditive,32x32,32x32,identity_residual,mean_8,ncc,20260808,nonadditive,169,H1,True,0.5319402021014664,0.5319402021014664,0.38854513193984586,0.39252708107678624,0.01676053987193943,9,1.2996733223165484,1.3551681597158596,0.3039255497428457
nonadditive:hypothesis:170:H0,17,5,same_pipeline_different_source,synthetic:nonadditive,synthetic:nonadditive,32x32,32x32,identity_residual,mean_8,ncc,20260808,nonadditive,170,H0,False,0.3508549125777032,0.3508549125777032,0.3660884399589781,0.37117534659703233,0.009468852561675178,9,0.9249831934057066,0.9452538154658475,-0.05630179975709115
nonadditive:hypothesis:170:H1,5,5,same_pipeline_different_source,synthetic:nonadditive,synthetic:nonadditive,32x32,32x32,identity_residual,mean_8,ncc,20260808,nonadditive,170,H1,True,0.510608807096044,0.510608807096044,0.3908004812549963,0.39220328417729033,0.012838084219336798,9,1.2377034143718684,1.301898346331108,0.26382346572385496
nonadditive:hypothesis:171:H0,29,22,same_pipeline_different_source,synthetic:nonadditive,synthetic:nonadditive,32x32,32x32,identity_residual,mean_8,ncc,20260808,nonadditive,171,H0,False,0.3715091567249365,0.3715091567249365,0.38955625073602274,0.40091224666691616,0.018302241670625885,9,0.9156737547691439,0.9266595366282034,-0.0761690552812766
nonadditive:hypothesis:171:H1,22,22,same_pipeline_different_source,synthetic:nonadditive,synthetic:nonadditive,32x32,32x32,identity_residual,mean_8,ncc,20260808,nonadditive,171,H1,True,0.5160999072964692,0.5160999072964692,0.3773576202867878,0.37460029937244055,0.009577572659271838,9,1.3014718007995953,1.3777349034719932,0.3204407763428361
nonadditive:hypothesis:172:H0,7,30,same_pipeline_different_source,synthetic:nonadditive,synthetic:nonadditive,32x32,32x32,identity_residual,mean_8,ncc,20260808,nonadditive,172,H0,False,0.38089759955158436,0.38089759955158436,0.39277076088968943,0.39286517417821315,0.014337657766851475,9,0.9771814573836473,0.9695377055203167,-0.030935913337987064
nonadditive:hypothesis:172:H1,30,30,same_pipeline_different_source,synthetic:nonadditive,synthetic:nonadditive,32x32,32x32,identity_residual,mean_8,ncc,20260808,nonadditive,172,H1,True,0.5686676244797753,0.5686676244797753,0.40189995405351925,0.4087194395246803,0.01712724514743258,9,1.3353811241189526,1.3913398030225976,0.330267169968372
nonadditive:hypothesis:173:H0,7,30,same_pipeline_different_source,synthetic:nonadditive,synthetic:nonadditive,32x32,32x32,identity_residual,mean_8,ncc,20260808,nonadditive,173,H0,False,0.38714664997107273,0.38714664997107273,0.3773808002584762,0.3792672114384196,0.010383150831403898,9,0.9759459544987339,1.0207754277064165,0.020562561714446925
nonadditive:hypothesis:173:H1,30,30,same_pipeline_different_source,synthetic:nonadditive,synthetic:nonadditive,32x32,32x32,identity_residual,mean_8,ncc,20260808,nonadditive,173,H1,True,0.5305299319962988,0.5305299319962988,0.3775563606658247,0.3807471554820287,0.006708565545727796,9,1.2995684355992643,1.3933917150993393,0.3317408577797414
nonadditive:hypothesis:174:H0,44,33,same_pipeline_different_source,synthetic:nonadditive,synthetic:nonadditive,32x32,32x32,identity_residual,mean_8,ncc,20260808,nonadditive,174,H0,False,0.4115115399841925,0.4115115399841925,0.41121679541775447,0.41020372909098807,0.017581361585749578,9,1.024745209758706,1.003188198449835,0.003183126921657009
nonadditive:hypothesis:174:H1,33,33,same_pipeline_different_source,synthetic:nonadditive,synthetic:nonadditive,32x32,32x32,identity_residual,mean_8,ncc,20260808,nonadditive,174,H1,True,0.4909473424971096,0.4909473424971096,0.3814669786902807,0.3816180995358419,0.02140195909484105,9,1.1830518874894622,1.2864886206766495,0.2519165075211022
nonadditive:hypothesis:175:H0,0,47,same_pipeline_different_source,synthetic:nonadditive,synthetic:nonadditive,32x32,32x32,identity_residual,mean_8,ncc,20260808,nonadditive,175,H0,False,0.3717298374721438,0.3717298374721438,0.39101135380750773,0.3907213001718515,0.010701574068039676,9,0.9781856360019493,0.951393838289966,-0.049827171471224285
nonadditive:hypothesis:175:H1,47,47,same_pipeline_different_source,synthetic:nonadditive,synthetic:nonadditive,32x32,32x32,identity_residual,mean_8,ncc,20260808,nonadditive,175,H1,True,0.510375579506537,0.510375579506537,0.3778329545572513,0.382566033370003,0.011552626477197958,9,1.3340849291053543,1.3340849291053543,0.28824561046341945
nonadditive:hypothesis:176:H0,18,9,same_pipeline_different_source,synthetic:nonadditive,synthetic:nonadditive,32x32,32x32,identity_residual,mean_8,ncc,20260808,nonadditive,176,H0,False,0.33972154759675216,0.33972154759675216,0.3776996575579135,0.38250039852509216,0.008176323759575999,9,0.9453676825030023,0.8881599833796416,-0.11860339075353399
nonadditive:hypothesis:176:H1,9,9,same_pipeline_different_source,synthetic:nonadditive,synthetic:nonadditive,32x32,32x32,identity_residual,mean_8,ncc,20260808,nonadditive,176,H1,True,0.4874738445373656,0.4874738445373656,0.36150873338533773,0.36115456800353923,0.012481460856091475,9,1.457910187380798,1.349765135831228,0.2999306038568508
nonadditive:hypothesis:177:H0,45,53,same_pipeline_different_source,synthetic:nonadditive,synthetic:nonadditive,32x32,32x32,identity_residual,mean_8,ncc,20260808,nonadditive,177,H0,False,0.39933317787739075,0.39933317787739075,0.3814388224558149,0.383283707856517,0.007243393284400879,9,1.0418736035262994,1.0418736035262994,0.041020634175339854
nonadditive:hypothesis:177:H1,53,53,same_pipeline_different_source,synthetic:nonadditive,synthetic:nonadditive,32x32,32x32,identity_residual,mean_8,ncc,20260808,nonadditive,177,H1,True,0.506755530356085,0.506755530356085,0.37477730910544116,0.37401918214480917,0.011399534374434195,9,1.3675552628545251,1.35489181985293,0.30372161339754655
nonadditive:hypothesis:178:H0,54,40,same_pipeline_different_source,synthetic:nonadditive,synthetic:nonadditive,32x32,32x32,identity_residual,mean_8,ncc,20260808,nonadditive,178,H0,False,0.4303140914969316,0.4303140914969316,0.4147290173886365,0.4111092333531,0.01303637995148793,9,0.9946221579626635,1.0467147331797741,0.04565643361777072
nonadditive:hypothesis:178:H1,40,40,same_pipeline_different_source,synthetic:nonadditive,synthetic:nonadditive,32x32,32x32,identity_residual,mean_8,ncc,20260808,nonadditive,178,H1,True,0.4976471246446693,0.4976471246446693,0.37916253465520744,0.3781831110450801,0.008723418835846042,9,1.3228732837729467,1.3158893406674337,0.27451274172883355
nonadditive:hypothesis:179:H0,41,3,same_pipeline_different_source,synthetic:nonadditive,synthetic:nonadditive,32x32,32x32,identity_residual,mean_8,ncc,20260808,nonadditive,179,H0,False,0.4105445582304,0.4105445582304,0.3879068013946456,0.3826324403715775,0.008459407371379346,9,0.9992462695853086,1.0729475990893944,0.07040962656545813
nonadditive:hypothesis:179:H1,3,3,same_pipeline_different_source,synthetic:nonadditive,synthetic:nonadditive,32x32,32x32,identity_residual,mean_8,ncc,20260808,nonadditive,179,H1,True,0.5141769846327181,0.5141769846327181,0.3695354855175006,0.36978587368694604,0.011776510940485874,9,1.3904722197906645,1.3904722197906645,0.3296434159167341
nonadditive:hypothesis:180:H0,40,43,same_pipeline_different_source,synthetic:nonadditive,synthetic:nonadditive,32x32,32x32,identity_residual,mean_8,ncc,20260808,nonadditive,180,H0,False,0.37788879518061763,0.37788879518061763,0.40670352589699915,0.4018772879889097,0.012537450639846237,9,0.9755210642024974,0.940308911388508,-0.06154682856810412
nonadditive:hypothesis:180:H1,43,43,same_pipeline_different_source,synthetic:nonadditive,synthetic:nonadditive,32x32,32x32,identity_residual,mean_8,ncc,20260808,nonadditive,180,H1,True,0.4954058529821534,0.4954058529821534,0.3531179827309277,0.3544992835993687,0.006722805347548599,9,1.3556790490308606,1.39748054763921,0.33467100655074933
nonadditive:hypothesis:181:H0,44,46,same_pipeline_different_source,synthetic:nonadditive,synthetic:nonadditive,32x32,32x32,identity_residual,mean_8,ncc,20260808,nonadditive,181,H0,False,0.37632694239774084,0.37632694239774084,0.3749483697988896,0.37795835283344575,0.012922899924502573,9,0.9956836238080871,0.9956836238080871,-0.004325718636992049
nonadditive:hypothesis:181:H1,46,46,same_pipeline_different_source,synthetic:nonadditive,synthetic:nonadditive,32x32,32x32,identity_residual,mean_8,ncc,20260808,nonadditive,181,H1,True,0.5164256444106712,0.5164256444106712,0.37337355356530005,0.3716323655258161,0.015310590883436392,9,1.400029101591774,1.3896142863660157,0.32902621681161026
nonadditive:hypothesis:182:H0,7,31,same_pipeline_different_source,synthetic:nonadditive,synthetic:nonadditive,32x32,32x32,identity_residual,mean_8,ncc,20260808,nonadditive,182,H0,False,0.39025567463889616,0.39025567463889616,0.38389844572240733,0.3779040201531217,0.006719136718925656,9,0.9073083900067301,1.0326846337352267,0.03216185188588916
nonadditive:hypothesis:182:H1,31,31,same_pipeline_different_source,synthetic:nonadditive,synthetic:nonadditive,32x32,32x32,identity_residual,mean_8,ncc,20260808,nonadditive,182,H1,True,0.5323342149611378,0.5323342149611378,0.38749477482477035,0.3873184185195596,0.011227329177849465,9,1.302061696701162,1.3744097608264267,0.31802437410449436
nonadditive:hypothesis:183:H0,12,44,same_pipeline_different_source,synthetic:nonadditive,synthetic:nonadditive,32x32,32x32,identity_residual,mean_8,ncc,20260808,nonadditive,183,H0,False,0.3973943558045146,0.3973943558045146,0.38353725174264003,0.37789252926325356,0.014178266302365017,9,1.1008485121658171,1.0516068062506612,0.05031928613360748
nonadditive:hypothesis:183:H1,44,44,same_pipeline_different_source,synthetic:nonadditive,synthetic:nonadditive,32x32,32x32,identity_residual,mean_8,ncc,20260808,nonadditive,183,H1,True,0.505919455499258,0.505919455499258,0.3660103151163319,0.36209025451586657,0.010326194945195488,9,1.271624827618635,1.3972191993283511,0.33448397514467154
nonadditive:hypothesis:184:H0,48,20,same_pipeline_different_source,synthetic:nonadditive,synthetic:nonadditive,32x32,32x32,identity_residual,mean_8,ncc,20260808,nonadditive,184,H0,False,0.3663097603267931,0.3663097603267931,0.3680441307585545,0.3669851824363137,0.012284967422580728,9,1.0253859681654076,0.9981595384722711,-0.0018421572579832013
nonadditive:hypothesis:184:H1,20,20,same_pipeline_different_source,synthetic:nonadditive,synthetic:nonadditive,32x32,32x32,identity_residual,mean_8,ncc,20260808,nonadditive,184,H1,True,0.5282294589364426,0.5282294589364426,0.4201562533448786,0.4265319141822615,0.0026756070261943488,9,1.2350916804818257,1.2384289226027871,0.21384357839551837
nonadditive:hypothesis:185:H0,2,17,same_pipeline_different_source,synthetic:nonadditive,synthetic:nonadditive,32x32,32x32,identity_residual,mean_8,ncc,20260808,nonadditive,185,H0,False,0.41749365229772173,0.41749365229772173,0.3826646226801298,0.39110330245280067,0.011611405396600272,9,1.0366982982251731,1.067476673501385,0.06529761436094372
nonadditive:hypothesis:185:H1,17,17,same_pipeline_different_source,synthetic:nonadditive,synthetic:nonadditive,32x32,32x32,identity_residual,mean_8,ncc,20260808,nonadditive,185,H1,True,0.5342090247701181,0.5342090247701181,0.39704273265252454,0.40545655269155534,0.012231853429988893,9,1.39902129457384,1.3175493680490822,0.2757734717363557
nonadditive:hypothesis:186:H0,48,38,same_pipeline_different_source,synthetic:nonadditive,synthetic:nonadditive,32x32,32x32,identity_residual,mean_8,ncc,20260808,nonadditive,186,H0,False,0.38132192559492034,0.38132192559492034,0.3581999615769614,0.3602440496860412,0.010340139795780912,9,1.0585099904557727,1.0585099904557727,0.05686224986262367
nonadditive:hypothesis:186:H1,38,38,same_pipeline_different_source,synthetic:nonadditive,synthetic:nonadditive,32x32,32x32,identity_residual,mean_8,ncc,20260808,nonadditive,186,H1,True,0.5450472515968763,0.5450472515968763,0.40802368083199547,0.4002233892119857,0.009680411938898792,9,1.3628287355357511,1.3618575682696594,0.3088496268328351
nonadditive:hypothesis:187:H0,63,53,same_pipeline_different_source,synthetic:nonadditive,synthetic:nonadditive,32x32,32x32,identity_residual,mean_8,ncc,20260808,nonadditive,187,H0,False,0.4039438997497879,0.4039438997497879,0.3920530839296935,0.38598685506504754,0.01476993503320495,9,1.0570387963272307,1.046522425437815,0.0454726916641095
nonadditive:hypothesis:187:H1,53,53,same_pipeline_different_source,synthetic:nonadditive,synthetic:nonadditive,32x32,32x32,identity_residual,mean_8,ncc,20260808,nonadditive,187,H1,True,0.4899096180519821,0.4899096180519821,0.3696935404061197,0.36225250208311693,0.014700697273068664,9,1.3590141004579057,1.3523981621514787,0.30187943289731256
nonadditive:hypothesis:188:H0,58,47,same_pipeline_different_source,synthetic:nonadditive,synthetic:nonadditive,32x32,32x32,identity_residual,mean_8,ncc,20260808,nonadditive,188,H0,False,0.39699976474486887,0.39699976474486887,0.3757053182465461,0.3671307602985409,0.005347971729558698,9,0.9882197007964199,1.0813579456595772,0.07821760841688141
nonadditive:hypothesis:188:H1,47,47,same_pipeline_different_source,synthetic:nonadditive,synthetic:nonadditive,32x32,32x32,identity_residual,mean_8,ncc,20260808,nonadditive,188,H1,True,0.5008324028255682,0.5008324028255682,0.3435674382109657,0.3518522371236702,0.020059166733418454,9,1.4217679773582903,1.4234168494132209,0.353060213253762
nonadditive:hypothesis:189:H0,52,18,same_pipeline_different_source,synthetic:nonadditive,synthetic:nonadditive,32x32,32x32,identity_residual,mean_8,ncc,20260808,nonadditive,189,H0,False,0.3886664664820344,0.3886664664820344,0.3888949651827608,0.3845847911136729,0.00680321913242915,9,0.9671831177950746,1.010613200164629,0.010557275500865604
nonadditive:hypothesis:189:H1,18,18,same_pipeline_different_source,synthetic:nonadditive,synthetic:nonadditive,32x32,32x32,identity_residual,mean_8,ncc,20260808,nonadditive,189,H1,True,0.5256692210670355,0.5256692210670355,0.3883679649055561,0.3873309776704098,0.006916066041949831,9,1.3227692442769308,1.3571577058686521,0.30539259065770297
nonadditive:hypothesis:190:H0,35,22,same_pipeline_different_source,synthetic:nonadditive,synthetic:nonadditive,32x32,32x32,identity_residual,mean_8,ncc,20260808,nonadditive,190,H0,False,0.37545607485108334,0.37545607485108334,0.36059236459221833,0.362999308416813,0.006445201314857263,9,1.0152272391778048,1.0343162263548087,0.033740557526467096
nonadditive:hypothesis:190:H1,22,22,same_pipeline_different_source,synthetic:nonadditive,synthetic:nonadditive,32x32,32x32,identity_residual,mean_8,ncc,20260808,nonadditive,190,H1,True,0.539483716264339,0.539483716264339,0.40282970661737244,0.39732774887337013,0.009089836486002978,9,1.3629395336669634,1.3577801142609713,0.30585109721988524
nonadditive:hypothesis:191:H0,17,0,same_pipeline_different_source,synthetic:nonadditive,synthetic:nonadditive,32x32,32x32,identity_residual,mean_8,ncc,20260808,nonadditive,191,H0,False,0.43563272183288526,0.43563272183288526,0.42053078956949713,0.4216283247150137,0.008861170148028785,9,1.0765415454917981,1.033215029202171,0.032675328399887626
nonadditive:hypothesis:191:H1,0,0,same_pipeline_different_source,synthetic:nonadditive,synthetic:nonadditive,32x32,32x32,identity_residual,mean_8,ncc,20260808,nonadditive,191,H1,True,0.5310693883325915,0.5310693883325915,0.3957704964595894,0.3906164762577842,0.009334429373522135,9,1.3319123783605806,1.3595673009505023,0.3071664880581836
nonadditive:hypothesis:192:H0,24,17,same_pipeline_different_source,synthetic:nonadditive,synthetic:nonadditive,32x32,32x32,identity_residual,mean_8,ncc,20260808,nonadditive,192,H0,False,0.4071181671963982,0.4071181671963982,0.38970860999769197,0.38720460930127454,0.007103890687695569,9,1.0514290311033705,1.0514290311033705,0.050150220876081564
nonadditive:hypothesis:192:H1,17,17,same_pipeline_different_source,synthetic:nonadditive,synthetic:nonadditive,32x32,32x32,identity_residual,mean_8,ncc,20260808,nonadditive,192,H1,True,0.5148533330208688,0.5148533330208688,0.38068825794791733,0.3807868660580874,0.01181865040942609,9,1.4100981221864815,1.35207744518775,0.3016422579238265
nonadditive:hypothesis:193:H0,1,29,same_pipeline_different_source,synthetic:nonadditive,synthetic:nonadditive,32x32,32x32,identity_residual,mean_8,ncc,20260808,nonadditive,193,H0,False,0.3554901519557228,0.3554901519557228,0.3426466024967515,0.34197364802797187,0.01296258079665713,9,1.1533767373840358,1.0395249868102274,0.03876386536251464
nonadditive:hypothesis:193:H1,29,29,same_pipeline_different_source,synthetic:nonadditive,synthetic:nonadditive,32x32,32x32,identity_residual,mean_8,ncc,20260808,nonadditive,193,H1,True,0.5013141161898038,0.5013141161898038,0.3688012209449385,0.369663989459143,0.007994832001860908,9,1.283682916653387,1.356134572164518,0.3046384266032729
nonadditive:hypothesis:194:H0,59,50,same_pipeline_different_source,synthetic:nonadditive,synthetic:nonadditive,32x32,32x32,identity_residual,mean_8,ncc,20260808,nonadditive,194,H0,False,0.37655016685695625,0.37655016685695625,0.3671242500354468,0.36478874962438224,0.012476765573189386,9,1.0687974973971974,1.0322417213926816,0.03173286578840673
nonadditive:hypothesis:194:H1,50,50,same_pipeline_different_source,synthetic:nonadditive,synthetic:nonadditive,32x32,32x32,identity_residual,mean_8,ncc,20260808,nonadditive,194,H1,True,0.5242421403982399,0.5242421403982399,0.37709894145167766,0.3784555288955145,0.013232459117180795,9,1.338417711143208,1.385214643126471,0.32585510461823086
nonadditive:hypothesis:195:H0,54,57,same_pipeline_different_source,synthetic:nonadditive,synthetic:nonadditive,32x32,32x32,identity_residual,mean_8,ncc,20260808,nonadditive,195,H0,False,0.36427950243123297,0.36427950243123297,0.35916977242515613,0.3597031356528746,0.0058306238094762985,9,1.0992930798631229,1.0127226213084077,0.012642368727247222
nonadditive:hypothesis:195:H1,57,57,same_pipeline_different_source,synthetic:nonadditive,synthetic:nonadditive,32x32,32x32,identity_residual,mean_8,ncc,20260808,nonadditive,195,H1,True,0.5191833806456086,0.5191833806456086,0.39186725970599956,0.38936328432057843,0.011789619487953484,9,1.3334163788749638,1.3334163788749638,0.2877443546684262
nonadditive:hypothesis:196:H0,8,10,same_pipeline_different_source,synthetic:nonadditive,synthetic:nonadditive,32x32,32x32,identity_residual,mean_8,ncc,20260808,nonadditive,196,H0,False,0.3853134111213942,0.3853134111213942,0.3579726364152982,0.35948017541101823,0.01792230655684124,9,1.220174981834451,1.0718627548260182,0.06939802723789146
nonadditive:hypothesis:196:H1,10,10,same_pipeline_different_source,synthetic:nonadditive,synthetic:nonadditive,32x32,32x32,identity_residual,mean_8,ncc,20260808,nonadditive,196,H1,True,0.5144089823359409,0.5144089823359409,0.41344114021536604,0.41158897193586275,0.01597823387956615,9,1.301921185375244,1.2498123550698546,0.22299342410156742
nonadditive:hypothesis:197:H0,24,25,same_pipeline_different_source,synthetic:nonadditive,synthetic:nonadditive,32x32,32x32,identity_residual,mean_8,ncc,20260808,nonadditive,197,H0,False,0.38889681365736123,0.38889681365736123,0.3779876198092171,0.38077132119432217,0.012570618449742499,9,0.9829740403481799,1.0213395600213608,0.021115059818309523
nonadditive:hypothesis:197:H1,25,25,same_pipeline_different_source,synthetic:nonadditive,synthetic:nonadditive,32x32,32x32,identity_residual,mean_8,ncc,20260808,nonadditive,197,H1,True,0.5308730336008193,0.5308730336008193,0.4109311313346695,0.41491927994986855,0.007019161959077813,9,1.3148339058110108,1.2794609921837339,0.24643888938762504
nonadditive:hypothesis:198:H0,21,14,same_pipeline_different_source,synthetic:nonadditive,synthetic:nonadditive,32x32,32x32,identity_residual,mean_8,ncc,20260808,nonadditive,198,H0,False,0.3786426187447323,0.3786426187447323,0.3738343488450251,0.3721150525611368,0.008435597992211996,9,1.0284737706737195,1.0175417955781916,0.017389714226310526
nonadditive:hypothesis:198:H1,14,14,same_pipeline_different_source,synthetic:nonadditive,synthetic:nonadditive,32x32,32x32,identity_residual,mean_8,ncc,20260808,nonadditive,198,H1,True,0.48492803113901506,0.48492803113901506,0.37644647971597783,0.38127170565798996,0.01112685823582904,9,1.3650291326523691,1.271869965546322,0.24048823134817043
nonadditive:hypothesis:199:H0,16,38,same_pipeline_different_source,synthetic:nonadditive,synthetic:nonadditive,32x32,32x32,identity_residual,mean_8,ncc,20260808,nonadditive,199,H0,False,0.40031809337309604,0.40031809337309604,0.3849260951363913,0.3828873200708366,0.016656086037960316,9,1.142013153737498,1.045524550928024,0.04451872208623586
nonadditive:hypothesis:199:H1,38,38,same_pipeline_different_source,synthetic:nonadditive,synthetic:nonadditive,32x32,32x32,identity_residual,mean_8,ncc,20260808,nonadditive,199,H1,True,0.5280718228258984,0.5280718228258984,0.389606638317923,0.3873079476505708,0.015186156422182184,9,1.4190833089422488,1.3634417419761413,0.3100121955671773
nonadditive:hypothesis:200:H0,31,34,same_pipeline_different_source,synthetic:nonadditive,synthetic:nonadditive,32x32,32x32,identity_residual,mean_8,ncc,20260808,nonadditive,200,H0,False,0.39078546147531884,0.39078546147531884,0.36482679949014274,0.37437795430840864,0.016823740382890306,9,1.0110894817234606,1.0438260505942982,0.04289285737339665
nonadditive:hypothesis:200:H1,34,34,same_pipeline_different_source,synthetic:nonadditive,synthetic:nonadditive,32x32,32x32,identity_residual,mean_8,ncc,20260808,nonadditive,200,H1,True,0.50337107357706,0.50337107357706,0.3472286734319019,0.33806326147920945,0.00637315105123154,9,1.3986200210566528,1.4889848467252536,0.3980945768369607
nonadditive:hypothesis:201:H0,2,58,same_pipeline_different_source,synthetic:nonadditive,synthetic:nonadditive,32x32,32x32,identity_residual,mean_8,ncc,20260808,nonadditive,201,H0,False,0.38541693306782,0.38541693306782,0.3809645057356894,0.38467389825026876,0.011218356019199183,9,0.9735399693005414,1.0019315966613045,0.0019297335273034122
nonadditive:hypothesis:201:H1,58,58,same_pipeline_different_source,synthetic:nonadditive,synthetic:nonadditive,32x32,32x32,identity_residual,mean_8,ncc,20260808,nonadditive,201,H1,True,0.5384879881166594,0.5384879881166594,0.3885542544428707,0.38830228996740584,0.016006319973188077,9,1.3196727428908779,1.3867752058888456,0.3269810560193863
nonadditive:hypothesis:202:H0,10,1,same_pipeline_different_source,synthetic:nonadditive,synthetic:nonadditive,32x32,32x32,identity_residual,mean_8,ncc,20260808,nonadditive,202,H0,False,0.40100933210339745,0.40100933210339745,0.40350152673104817,0.41059052302005,0.01668322131627281,9,1.0259907139291264,0.97666485128254,-0.023611724395939726
nonadditive:hypothesis:202:H1,1,1,same_pipeline_different_source,synthetic:nonadditive,synthetic:nonadditive,32x32,32x32,identity_residual,mean_8,ncc,20260808,nonadditive,202,H1,True,0.557969119448515,0.557969119448515,0.39165476064310156,0.39742852377284826,0.011426353415091683,9,1.3232709404361556,1.4039483481246664,0.3392885158418889
nonadditive:hypothesis:203:H0,61,52,same_pipeline_different_source,synthetic:nonadditive,synthetic:nonadditive,32x32,32x32,identity_residual,mean_8,ncc,20260808,nonadditive,203,H0,False,0.3928479232788316,0.3928479232788316,0.36818195767739714,0.3662942402949475,0.008758771747745808,9,1.094846521822656,1.07249276691466,0.06998562766177818
nonadditive:hypothesis:203:H1,52,52,same_pipeline_different_source,synthetic:nonadditive,synthetic:nonadditive,32x32,32x32,identity_residual,mean_8,ncc,20260808,nonadditive,203,H1,True,0.5365677224201694,0.5365677224201694,0.41476675394411966,0.41591115777476256,0.004168119205535448,9,1.281296476949044,1.290101773876306,0.2547211097393317
nonadditive:hypothesis:204:H0,13,56,same_pipeline_different_source,synthetic:nonadditive,synthetic:nonadditive,32x32,32x32,identity_residual,mean_8,ncc,20260808,nonadditive,204,H0,False,0.366937502064454,0.366937502064454,0.3566924150619945,0.3587216557209022,0.01197069393114758,9,1.0229031233897516,1.0229031233897516,0.02264478394155689
nonadditive:hypothesis:204:H1,56,56,same_pipeline_different_source,synthetic:nonadditive,synthetic:nonadditive,32x32,32x32,identity_residual,mean_8,ncc,20260808,nonadditive,204,H1,True,0.5250792509015407,0.5250792509015407,0.3703458633028192,0.367858349814255,0.010442773701475339,9,1.4273952220105164,1.4273952220105164,0.35585126021177227
nonadditive:hypothesis:205:H0,18,15,same_pipeline_different_source,synthetic:nonadditive,synthetic:nonadditive,32x32,32x32,identity_residual,mean_8,ncc,20260808,nonadditive,205,H0,False,0.3723512636144478,0.3723512636144478,0.3700928753966828,0.3737513764524146,0.012205861929777906,9,1.033951036943529,0.9962538924906273,-0.00375314174293373
nonadditive:hypothesis:205:H1,15,15,same_pipeline_different_source,synthetic:nonadditive,synthetic:nonadditive,32x32,32x32,identity_residual,mean_8,ncc,20260808,nonadditive,205,H1,True,0.5163848774069631,0.5163848774069631,0.4303076973173626,0.4300912033546968,0.009168590889590378,9,1.1623732406029266,1.200640406916437,0.18285508687183138
nonadditive:hypothesis:206:H0,5,29,same_pipeline_different_source,synthetic:nonadditive,synthetic:nonadditive,32x32,32x32,identity_residual,mean_8,ncc,20260808,nonadditive,206,H0,False,0.3715025451024466,0.3715025451024466,0.363735937410268,0.36428772739110243,0.019855773427383983,9,1.07859488885163,1.0198052725053741,0.019611699762221324
nonadditive:hypothesis:206:H1,29,29,same_pipeline_different_source,synthetic:nonadditive,synthetic:nonadditive,32x32,32x32,identity_residual,mean_8,ncc,20260808,nonadditive,206,H1,True,0.48790573518003416,0.48790573518003416,0.3516963426345214,0.35683188413871414,0.009082571733424305,9,1.4652357474468798,1.367326623173524,0.3128574634908985
nonadditive:hypothesis:207:H0,37,55,same_pipeline_different_source,synthetic:nonadditive,synthetic:nonadditive,32x32,32x32,identity_residual,mean_8,ncc,20260808,nonadditive,207,H0,False,0.38432145201486323,0.38432145201486323,0.372575322190579,0.373345823516844,0.0059535962193921765,9,1.029398021369654,1.029398021369654,0.0289741861146523
nonadditive:hypothesis:207:H1,55,55,same_pipeline_different_source,synthetic:nonadditive,synthetic:nonadditive,32x32,32x32,identity_residual,mean_8,ncc,20260808,nonadditive,207,H1,True,0.5211267086356453,0.5211267086356453,0.3766468856316087,0.37077872589731475,0.00919833874524878,9,1.3731037284173084,1.4054924736430767,0.3403877564181138
nonadditive:hypothesis:208:H0,46,17,same_pipeline_different_source,synthetic:nonadditive,synthetic:nonadditive,32x32,32x32,identity_residual,mean_8,ncc,20260808,nonadditive,208,H0,False,0.3988947597239874,0.3988947597239874,0.35342154976655554,0.34974676599534527,0.01264802212651861,9,1.0757371125138033,1.1405245123247152,0.131488255123982
nonadditive:hypothesis:208:H1,17,17,same_pipeline_different_source,synthetic:nonadditive,synthetic:nonadditive,32x32,32x32,identity_residual,mean_8,ncc,20260808,nonadditive,208,H1,True,0.48724653399644524,0.48724653399644524,0.3585519345764001,0.35405538194165936,0.003020133473804698,9,1.3960729739299838,1.3761873391794193,0.31931687790336216
nonadditive:hypothesis:209:H0,8,56,same_pipeline_different_source,synthetic:nonadditive,synthetic:nonadditive,32x32,32x32,identity_residual,mean_8,ncc,20260808,nonadditive,209,H0,False,0.33598851350551207,0.33598851350551207,0.3653607518109882,0.3710842982582838,0.006190630974749645,9,0.9207847206743606,0.9054236869695192,-0.09935228243877581
nonadditive:hypothesis:209:H1,56,56,same_pipeline_different_source,synthetic:nonadditive,synthetic:nonadditive,32x32,32x32,identity_residual,mean_8,ncc,20260808,nonadditive,209,H1,True,0.5231052351572514,0.5231052351572514,0.37853810825335493,0.37938585891061544,0.014738178944828872,9,1.3788211206904701,1.3788211206904701,0.3212288737115645
nonadditive:hypothesis:210:H0,14,12,same_pipeline_different_source,synthetic:nonadditive,synthetic:nonadditive,32x32,32x32,identity_residual,mean_8,ncc,20260808,nonadditive,210,H0,False,0.4015687556379439,0.4015687556379439,0.38505507473376566,0.3835355149587831,0.017148923834913565,9,1.0029287847843058,1.0470184376043996,0.04594654167069112
nonadditive:hypothesis:210:H1,12,12,same_pipeline_different_source,synthetic:nonadditive,synthetic:nonadditive,32x32,32x32,identity_residual,mean_8,ncc,20260808,nonadditive,210,H1,True,0.5162930531381268,0.5162930531381268,0.39690507121400165,0.39198178050829796,0.007198762381856905,9,1.3171353333530695,1.3171353333530695,0.2754591762920465
nonadditive:hypothesis:211:H0,42,45,same_pipeline_different_source,synthetic:nonadditive,synthetic:nonadditive,32x32,32x32,identity_residual,mean_8,ncc,20260808,nonadditive,211,H0,False,0.4008529313695251,0.4008529313695251,0.3903015290323966,0.3875904730645816,0.005847101615873762,9,1.0473438290028834,1.0342177097390464,0.033645304928365705
nonadditive:hypothesis:211:H1,45,45,same_pipeline_different_source,synthetic:nonadditive,synthetic:nonadditive,32x32,32x32,identity_residual,mean_8,ncc,20260808,nonadditive,211,H1,True,0.5113315699794919,0.5113315699794919,0.3815699076802154,0.38142711792429573,0.013948359647743658,9,1.4687729064753297,1.3405747676309139,0.29309845306603244
nonadditive:hypothesis:212:H0,46,5,same_pipeline_different_source,synthetic:nonadditive,synthetic:nonadditive,32x32,32x32,identity_residual,mean_8,ncc,20260808,nonadditive,212,H0,False,0.39827646174633186,0.39827646174633186,0.36829126744253093,0.36493537718881597,0.016170358002908947,9,1.0913616126075532,1.0913616126075532,0.08742610253602423
nonadditive:hypothesis:212:H1,5,5,same_pipeline_different_source,synthetic:nonadditive,synthetic:nonadditive,32x32,32x32,identity_residual,mean_8,ncc,20260808,nonadditive,212,H1,True,0.5258540580299138,0.5258540580299138,0.37045628767872435,0.3666626794112811,0.004945563048578905,9,1.4583297471645553,1.4341630265568142,0.36058142229636214
nonadditive:hypothesis:213:H0,63,31,same_pipeline_different_source,synthetic:nonadditive,synthetic:nonadditive,32x32,32x32,identity_residual,mean_8,ncc,20260808,nonadditive,213,H0,False,0.4082614813582779,0.4082614813582779,0.40963348063436134,0.41378707238376644,0.017854704037652214,9,0.9955383847151758,0.9866462937238314,-0.013443668798192365
nonadditive:hypothesis:213:H1,31,31,same_pipeline_different_source,synthetic:nonadditive,synthetic:nonadditive,32x32,32x32,identity_residual,mean_8,ncc,20260808,nonadditive,213,H1,True,0.5077213217833667,0.5077213217833667,0.4017694245762287,0.4025156803342253,0.010260737165419975,9,1.2462117492551197,1.2613702933554907,0.23219866443536497
nonadditive:hypothesis:214:H0,30,34,same_pipeline_different_source,synthetic:nonadditive,synthetic:nonadditive,32x32,32x32,identity_residual,mean_8,ncc,20260808,nonadditive,214,H0,False,0.34588266912109206,0.34588266912109206,0.35253269661212944,0.3501071076475643,0.004540523402973784,9,1.0344542938165024,0.9879338681386475,-0.01213951855686246
nonadditive:hypothesis:214:H1,34,34,same_pipeline_different_source,synthetic:nonadditive,synthetic:nonadditive,32x32,32x32,identity_residual,mean_8,ncc,20260808,nonadditive,214,H1,True,0.5353156077870904,0.5353156077870904,0.3866745624606112,0.3806478392256527,0.010247067814133204,9,1.4227619247970673,1.4063277198054676,0.3409818528606272
nonadditive:hypothesis:215:H0,0,4,same_pipeline_different_source,synthetic:nonadditive,synthetic:nonadditive,32x32,32x32,identity_residual,mean_8,ncc,20260808,nonadditive,215,H0,False,0.3885251113731935,0.3885251113731935,0.3923457912443467,0.3930679355628722,0.007387248997523688,9,0.9961801449542763,0.9884426487671314,-0.011624656499586439
nonadditive:hypothesis:215:H1,4,4,same_pipeline_different_source,synthetic:nonadditive,synthetic:nonadditive,32x32,32x32,identity_residual,mean_8,ncc,20260808,nonadditive,215,H1,True,0.5075303821201803,0.5075303821201803,0.3776392601999896,0.38249039900145726,0.014501637730673034,9,1.2765954844352079,1.3269101223067474,0.2828530230689119
nonadditive:hypothesis:216:H0,0,8,same_pipeline_different_source,synthetic:nonadditive,synthetic:nonadditive,32x32,32x32,identity_residual,mean_8,ncc,20260808,nonadditive,216,H0,False,0.3452605075802493,0.3452605075802493,0.365487795678751,0.3648375546549973,0.014211828631740753,9,0.9108589086374305,0.946340373064772,-0.05515297224956717
nonadditive:hypothesis:216:H1,8,8,same_pipeline_different_source,synthetic:nonadditive,synthetic:nonadditive,32x32,32x32,identity_residual,mean_8,ncc,20260808,nonadditive,216,H1,True,0.5055198091787904,0.5055198091787904,0.3837123091151219,0.3824146705746316,0.005168218060757235,9,1.3219153136023156,1.3219153136023156,0.2790816800752768
nonadditive:hypothesis:217:H0,38,42,same_pipeline_different_source,synthetic:nonadditive,synthetic:nonadditive,32x32,32x32,identity_residual,mean_8,ncc,20260808,nonadditive,217,H0,False,0.342094148213584,0.342094148213584,0.3734844754304695,0.3699167831397171,0.012895351870497396,9,0.9851733515006176,0.9247867731493964,-0.07819208355666263
nonadditive:hypothesis:217:H1,42,42,same_pipeline_different_source,synthetic:nonadditive,synthetic:nonadditive,32x32,32x32,identity_residual,mean_8,ncc,20260808,nonadditive,217,H1,True,0.5233642428128507,0.5233642428128507,0.38966988334430774,0.3893341488749769,0.004478044162009309,9,1.4555844029965506,1.3442546571503378,0.29583970119883174
nonadditive:hypothesis:218:H0,47,4,same_pipeline_different_source,synthetic:nonadditive,synthetic:nonadditive,32x32,32x32,identity_residual,mean_8,ncc,20260808,nonadditive,218,H0,False,0.33956594402908674,0.33956594402908674,0.3453020143840344,0.3493704220558973,0.009205140445402826,9,0.9719367255845089,0.9719367255845089,-0.028464573775887292
nonadditive:hypothesis:218:H1,4,4,same_pipeline_different_source,synthetic:nonadditive,synthetic:nonadditive,32x32,32x32,identity_residual,mean_8,ncc,20260808,nonadditive,218,H1,True,0.494348293700863,0.494348293700863,0.3665361186054225,0.3660344496517433,0.008080205114764705,9,1.3822259047501795,1.3505512778133355,0.300512863032365
nonadditive:hypothesis:219:H0,20,40,same_pipeline_different_source,synthetic:nonadditive,synthetic:nonadditive,32x32,32x32,identity_residual,mean_8,ncc,20260808,nonadditive,219,H0,False,0.40639063478555404,0.40639063478555404,0.36899645601262276,0.36592451922995906,0.019235256055485206,9,1.133404532879908,1.110585963577272,0.10488777115129333
nonadditive:hypothesis:219:H1,40,40,same_pipeline_different_source,synthetic:nonadditive,synthetic:nonadditive,32x32,32x32,identity_residual,mean_8,ncc,20260808,nonadditive,219,H1,True,0.5300738761773668,0.5300738761773668,0.3881560476511481,0.38639991211746416,0.018566374933328578,9,1.3063923843270118,1.371827113708624,0.316143510947259
nonadditive:hypothesis:220:H0,36,0,same_pipeline_different_source,synthetic:nonadditive,synthetic:nonadditive,32x32,32x32,identity_residual,mean_8,ncc,20260808,nonadditive,220,H0,False,0.4228754450026948,0.4228754450026948,0.4009623030400009,0.4094727386975458,0.005535594747520911,9,1.075573416292749,1.0327316205415298,0.032207350517183375
nonadditive:hypothesis:220:H1,0,0,same_pipeline_different_source,synthetic:nonadditive,synthetic:nonadditive,32x32,32x32,identity_residual,mean_8,ncc,20260808,nonadditive,220,H1,True,0.5153083950879009,0.5153083950879009,0.3895918858887264,0.38826779503560843,0.01181567796327404,9,1.3560592723926161,1.327198396767987,0.2830702519126471
nonadditive:hypothesis:221:H0,9,39,same_pipeline_different_source,synthetic:nonadditive,synthetic:nonadditive,32x32,32x32,identity_residual,mean_8,ncc,20260808,nonadditive,221,H0,False,0.43936369126139874,0.43936369126139874,0.41110048014092837,0.40934626628234644,0.010853855322424444,9,1.0471662263231647,1.0733301545697935,0.07076610930288407
nonadditive:hypothesis:221:H1,39,39,same_pipeline_different_source,synthetic:nonadditive,synthetic:nonadditive,32x32,32x32,identity_residual,mean_8,ncc,20260808,nonadditive,221,H1,True,0.5203262440086995,0.5203262440086995,0.36972382978972446,0.37188876280361016,0.014730893838107051,9,1.3710032391654725,1.3991448412854501,0.33586122233674853
nonadditive:hypothesis:222:H0,23,57,same_pipeline_different_source,synthetic:nonadditive,synthetic:nonadditive,32x32,32x32,identity_residual,mean_8,ncc,20260808,nonadditive,222,H0,False,0.3920824297185418,0.3920824297185418,0.37240291165822553,0.38323975365200835,0.010143511913985381,9,1.0508881780531318,1.0230734833280444,0.02281131559996108
nonadditive:hypothesis:222:H1,57,57,same_pipeline_different_source,synthetic:nonadditive,synthetic:nonadditive,32x32,32x32,identity_residual,mean_8,ncc,20260808,nonadditive,222,H1,True,0.4988844455087636,0.4988844455087636,0.37026485850235885,0.36574121175032076,0.008883957633814166,9,1.4175450917472598,1.3640367272839224,0.31044848522000135
nonadditive:hypothesis:223:H0,8,18,same_pipeline_different_source,synthetic:nonadditive,synthetic:nonadditive,32x32,32x32,identity_residual,mean_8,ncc,20260808,nonadditive,223,H0,False,0.35309895184144846,0.35309895184144846,0.363841074778007,0.3651036618146155,0.00892581519620983,9,1.0631585884312824,0.9671197217976342,-0.03343298374908987
nonadditive:hypothesis:223:H1,18,18,same_pipeline_different_source,synthetic:nonadditive,synthetic:nonadditive,32x32,32x32,identity_residual,mean_8,ncc,20260808,nonadditive,223,H1,True,0.4917653215457825,0.4917653215457825,0.35629804598645953,0.35434280423749037,0.010856838580561745,9,1.4281169806634124,1.3878236432767737,0.3277367958540973
nonadditive:hypothesis:224:H0,18,34,same_pipeline_different_source,synthetic:nonadditive,synthetic:nonadditive,32x32,32x32,identity_residual,mean_8,ncc,20260808,nonadditive,224,H0,False,0.39534707446996886,0.39534707446996886,0.38923392453898725,0.38633459227935474,0.008954545550496074,9,0.9882531015971797,1.023328178140717,0.02306023527079948
nonadditive:hypothesis:224:H1,34,34,same_pipeline_different_source,synthetic:nonadditive,synthetic:nonadditive,32x32,32x32,identity_residual,mean_8,ncc,20260808,nonadditive,224,H1,True,0.5183577606036357,0.5183577606036357,0.3689281081452582,0.37097171639035625,0.017412795766613587,9,1.4285730881413528,1.3972972539453439,0.3345398378445825
nonadditive:hypothesis:225:H0,16,55,same_pipeline_different_source,synthetic:nonadditive,synthetic:nonadditive,32x32,32x32,identity_residual,mean_8,ncc,20260808,nonadditive,225,H0,False,0.3896269615748206,0.3896269615748206,0.37561920968861434,0.3763206017711022,0.010898369822602172,9,1.1224399811853936,1.0353591053508464,0.034748328231682835
nonadditive:hypothesis:225:H1,55,55,same_pipeline_different_source,synthetic:nonadditive,synthetic:nonadditive,32x32,32x32,identity_residual,mean_8,ncc,20260808,nonadditive,225,H1,True,0.5107566147108585,0.5107566147108585,0.36407894456509937,0.35988949209885207,0.007976749179874842,9,1.429808174549212,1.419204022135126,0.3500961666553556
nonadditive:hypothesis:226:H0,30,25,same_pipeline_different_source,synthetic:nonadditive,synthetic:nonadditive,32x32,32x32,identity_residual,mean_8,ncc,20260808,nonadditive,226,H0,False,0.3497021482249027,0.3497021482249027,0.3676735311074162,0.3676050467508588,0.008890314425127721,9,0.951298550756596,0.951298550756596,-0.049927332205558894
nonadditive:hypothesis:226:H1,25,25,same_pipeline_different_source,synthetic:nonadditive,synthetic:nonadditive,32x32,32x32,identity_residual,mean_8,ncc,20260808,nonadditive,226,H1,True,0.5315162927108186,0.5315162927108186,0.4021172916888107,0.4059431694277529,0.009711510550497626,9,1.4209907738467247,1.3093367070570068,0.2695206784936568
nonadditive:hypothesis:227:H0,44,60,same_pipeline_different_source,synthetic:nonadditive,synthetic:nonadditive,32x32,32x32,identity_residual,mean_8,ncc,20260808,nonadditive,227,H0,False,0.4041470498691871,0.4041470498691871,0.4193536631788657,0.4200039313943094,0.012371893771791764,9,0.9573622721059389,0.9622458735743702,-0.03848527513678257
nonadditive:hypothesis:227:H1,60,60,same_pipeline_different_source,synthetic:nonadditive,synthetic:nonadditive,32x32,32x32,identity_residual,mean_8,ncc,20260808,nonadditive,227,H1,True,0.4621583533268836,0.4621583533268836,0.35900429353793084,0.35808885580726096,0.012006925859687323,9,1.1924247246917004,1.2906247872054342,0.25512643229010157
nonadditive:hypothesis:228:H0,45,33,same_pipeline_different_source,synthetic:nonadditive,synthetic:nonadditive,32x32,32x32,identity_residual,mean_8,ncc,20260808,nonadditive,228,H0,False,0.42116631856017595,0.42116631856017595,0.3818287432311113,0.3791969943537429,0.014405653204526636,9,1.1545403386861086,1.1106794748675697,0.10497196756360383
nonadditive:hypothesis:228:H1,33,33,same_pipeline_different_source,synthetic:nonadditive,synthetic:nonadditive,32x32,32x32,identity_residual,mean_8,ncc,20260808,nonadditive,228,H1,True,0.5205942537439947,0.5205942537439947,0.39198633746121714,0.3858534710961437,0.012094032227333462,9,1.2852201404376662,1.3492019451453305,0.2995132659070544
nonadditive:hypothesis:229:H0,31,19,same_pipeline_different_source,synthetic:nonadditive,synthetic:nonadditive,32x32,32x32,identity_residual,mean_8,ncc,20260808,nonadditive,229,H0,False,0.3971621064782785,0.3971621064782785,0.37582371976338724,0.37450283671067364,0.014524518930267238,9,1.0605049349335383,1.0605049349335383,0.058745148414449444
nonadditive:hypothesis:229:H1,19,19,same_pipeline_different_source,synthetic:nonadditive,synthetic:nonadditive,32x32,32x32,identity_residual,mean_8,ncc,20260808,nonadditive,229,H1,True,0.5474452833279381,0.5474452833279381,0.41035341122394425,0.4119656092625704,0.008913252920998038,9,1.3794269714710665,1.3288616113075067,0.2843226443675292
nonadditive:hypothesis:230:H0,18,25,same_pipeline_different_source,synthetic:nonadditive,synthetic:nonadditive,32x32,32x32,identity_residual,mean_8,ncc,20260808,nonadditive,230,H0,False,0.37179126827608394,0.37179126827608394,0.35719330011838096,0.3592511797734242,0.011383084226830598,9,1.0642764035655399,1.0349061860021411,0.034310781065314266
nonadditive:hypothesis:230:H1,25,25,same_pipeline_different_source,synthetic:nonadditive,synthetic:nonadditive,32x32,32x32,identity_residual,mean_8,ncc,20260808,nonadditive,230,H1,True,0.5110078114090623,0.5110078114090623,0.39363350367108985,0.38858661935006356,0.01770177061757744,9,1.3376465279049692,1.3150422221530842,0.27386877321547853
nonadditive:hypothesis:231:H0,57,2,same_pipeline_different_source,synthetic:nonadditive,synthetic:nonadditive,32x32,32x32,identity_residual,mean_8,ncc,20260808,nonadditive,231,H0,False,0.3762821241291538,0.3762821241291538,0.3736449541648062,0.3724322344893554,0.014759039264797769,9,0.9702135367444054,1.0103371547446127,0.010284091727634892
nonadditive:hypothesis:231:H1,2,2,same_pipeline_different_source,synthetic:nonadditive,synthetic:nonadditive,32x32,32x32,identity_residual,mean_8,ncc,20260808,nonadditive,231,H1,True,0.5162047861837401,0.5162047861837401,0.3672794314932265,0.372197079608024,0.015506074020226246,9,1.3869125107789038,1.3869125107789038,0.3270800613178886
nonadditive:hypothesis:232:H0,44,5,same_pipeline_different_source,synthetic:nonadditive,synthetic:nonadditive,32x32,32x32,identity_residual,mean_8,ncc,20260808,nonadditive,232,H0,False,0.3769803938561761,0.3769803938561761,0.3704524242370701,0.3691562520393965,0.009657765043569189,9,1.1175410924930924,1.021194661538455,0.02097317873585869
nonadditive:hypothesis:232:H1,5,5,same_pipeline_different_source,synthetic:nonadditive,synthetic:nonadditive,32x32,32x32,identity_residual,mean_8,ncc,20260808,nonadditive,232,H1,True,0.5058144103013534,0.5058144103013534,0.3746936501141539,0.3665315449372357,0.012436292256213677,9,1.2490873323939307,1.3800023962138601,0.3220852355544609
nonadditive:hypothesis:233:H0,62,52,same_pipeline_different_source,synthetic:nonadditive,synthetic:nonadditive,32x32,32x32,identity_residual,mean_8,ncc,20260808,nonadditive,233,H0,False,0.3816018644500249,0.3816018644500249,0.3924871729231747,0.3951210214707602,0.012337072657667536,9,0.9657847690046637,0.9657847690046637,-0.03481427600804721
nonadditive:hypothesis:233:H1,52,52,same_pipeline_different_source,synthetic:nonadditive,synthetic:nonadditive,32x32,32x32,identity_residual,mean_8,ncc,20260808,nonadditive,233,H1,True,0.49976217116192717,0.49976217116192717,0.36079044507252245,0.3567905457844021,0.005451270390118668,9,1.3007555871879652,1.4007158459403757,0.3369834244712776
nonadditive:hypothesis:234:H0,33,40,same_pipeline_different_source,synthetic:nonadditive,synthetic:nonadditive,32x32,32x32,identity_residual,mean_8,ncc,20260808,nonadditive,234,H0,False,0.3675238198612961,0.3675238198612961,0.37658767839500895,0.37823931450670545,0.012994037463250285,9,0.9393979782416905,0.971670066451489,-0.028738969950860227
nonadditive:hypothesis:234:H1,40,40,same_pipeline_different_source,synthetic:nonadditive,synthetic:nonadditive,32x32,32x32,identity_residual,mean_8,ncc,20260808,nonadditive,234,H1,True,0.5058948895682583,0.5058948895682583,0.38523071079891086,0.374710266854935,0.010099910086135866,9,1.3042580482601642,1.3500961524604023,0.3001758139587686
nonadditive:hypothesis:235:H0,45,14,same_pipeline_different_source,synthetic:nonadditive,synthetic:nonadditive,32x32,32x32,identity_residual,mean_8,ncc,20260808,nonadditive,235,H0,False,0.3883269041861734,0.3883269041861734,0.36719363235955665,0.3707501784198234,0.011907180132337103,9,1.014816246198595,1.0474085429743119,0.04631905919270629
nonadditive:hypothesis:235:H1,14,14,same_pipeline_different_source,synthetic:nonadditive,synthetic:nonadditive,32x32,32x32,identity_residual,mean_8,ncc,20260808,nonadditive,235,H1,True,0.519719447773441,0.519719447773441,0.38883406624193895,0.38807645487551784,0.0040650736424041045,9,1.3509386532170613,1.3392192214808547,0.29208677360769864
nonadditive:hypothesis:236:H0,28,31,same_pipeline_different_source,synthetic:nonadditive,synthetic:nonadditive,32x32,32x32,identity_residual,mean_8,ncc,20260808,nonadditive,236,H0,False,0.4210225779020812,0.4210225779020812,0.3904661667263977,0.38332898287441797,0.011183076677089288,9,1.1313373891551983,1.0983322334382735,0.09379287786395374
nonadditive:hypothesis:236:H1,31,31,same_pipeline_different_source,synthetic:nonadditive,synthetic:nonadditive,32x32,32x32,identity_residual,mean_8,ncc,20260808,nonadditive,236,H1,True,0.47914883682114734,0.47914883682114734,0.35953960533497686,0.35841924169945966,0.005832275907091122,9,1.4138672083081245,1.3368390451060699,0.29030790576154586
nonadditive:hypothesis:237:H0,62,7,same_pipeline_different_source,synthetic:nonadditive,synthetic:nonadditive,32x32,32x32,identity_residual,mean_8,ncc,20260808,nonadditive,237,H0,False,0.34816812886753584,0.34816812886753584,0.35534019065001776,0.36159295278580184,0.022802445171882124,9,0.9728358295768018,0.9628731040944304,-0.037833647315821395
nonadditive:hypothesis:237:H1,7,7,same_pipeline_different_source,synthetic:nonadditive,synthetic:nonadditive,32x32,32x32,identity_residual,mean_8,ncc,20260808,nonadditive,237,H1,True,0.5331847660202488,0.5331847660202488,0.4172120889159586,0.4174319945819976,0.0122342346751243,9,1.3032717989646792,1.2772973153487244,0.24474637324705528
nonadditive:hypothesis:238:H0,29,49,same_pipeline_different_source,synthetic:nonadditive,synthetic:nonadditive,32x32,32x32,identity_residual,mean_8,ncc,20260808,nonadditive,238,H0,False,0.382861489779106,0.382861489779106,0.37296757742816977,0.3723365164537395,0.013071638323173151,9,1.065680262906089,1.028267367986385,0.027875218806448165
nonadditive:hypothesis:238:H1,49,49,same_pipeline_different_source,synthetic:nonadditive,synthetic:nonadditive,32x32,32x32,identity_residual,mean_8,ncc,20260808,nonadditive,238,H1,True,0.4887450695136552,0.4887450695136552,0.35417250450900706,0.35506315419896256,0.008737245082560352,9,1.4624561762913246,1.376501796184075,0.31954535049184585
nonadditive:hypothesis:239:H0,49,25,same_pipeline_different_source,synthetic:nonadditive,synthetic:nonadditive,32x32,32x32,identity_residual,mean_8,ncc,20260808,nonadditive,239,H0,False,0.3932954702825485,0.3932954702825485,0.3867664206432327,0.39651890299499587,0.019161996247947788,9,0.9918693777485155,0.9918706707597039,-0.008162552414501034
nonadditive:hypothesis:239:H1,25,25,same_pipeline_different_source,synthetic:nonadditive,synthetic:nonadditive,32x32,32x32,identity_residual,mean_8,ncc,20260808,nonadditive,239,H1,True,0.5066249259748465,0.5066249259748465,0.36434381645297,0.3595576992797766,0.005917544081270154,9,1.4326001120841783,1.4090226046880865,0.34289627585959803
nonadditive:hypothesis:240:H0,49,61,same_pipeline_different_source,synthetic:nonadditive,synthetic:nonadditive,32x32,32x32,identity_residual,mean_8,ncc,20260808,nonadditive,240,H0,False,0.33673366110926833,0.33673366110926833,0.3367814639099667,0.3431592198337864,0.006940098096305691,9,0.9646255600042987,0.9812752846109443,-0.018902242461125596
nonadditive:hypothesis:240:H1,61,61,same_pipeline_different_source,synthetic:nonadditive,synthetic:nonadditive,32x32,32x32,identity_residual,mean_8,ncc,20260808,nonadditive,240,H1,True,0.531206556537649,0.531206556537649,0.40666616049407256,0.4012517988937105,0.009127190223067405,9,1.2486006031318628,1.323873333408688,0.2805617833072851
nonadditive:hypothesis:241:H0,18,15,same_pipeline_different_source,synthetic:nonadditive,synthetic:nonadditive,32x32,32x32,identity_residual,mean_8,ncc,20260808,nonadditive,241,H0,False,0.44603027395350253,0.44603027395350253,0.3978939792766235,0.3969650459344838,0.0040136272722355315,9,1.135077398300162,1.1236008775118114,0.1165385972300349
nonadditive:hypothesis:241:H1,15,15,same_pipeline_different_source,synthetic:nonadditive,synthetic:nonadditive,32x32,32x32,identity_residual,mean_8,ncc,20260808,nonadditive,241,H1,True,0.5156863708849118,0.5156863708849118,0.3607853167741483,0.3572057974163482,0.014556046954947555,9,1.4399890637812887,1.443667416976,0.36718669328901976
nonadditive:hypothesis:242:H0,5,18,same_pipeline_different_source,synthetic:nonadditive,synthetic:nonadditive,32x32,32x32,identity_residual,mean_8,ncc,20260808,nonadditive,242,H0,False,0.3932754329648164,0.3932754329648164,0.3904043155500276,0.3918055656328714,0.004736114025941152,9,1.003751522338818,1.003751522338818,0.003744502929059701
nonadditive:hypothesis:242:H1,18,18,same_pipeline_different_source,synthetic:nonadditive,synthetic:nonadditive,32x32,32x32,identity_residual,mean_8,ncc,20260808,nonadditive,242,H1,True,0.5133601281051404,0.5133601281051404,0.37707332555319933,0.3772851362408332,0.012029727430977522,9,1.2772692107748163,1.3606688384814773,0.3079763718585027
nonadditive:hypothesis:243:H0,50,30,same_pipeline_different_source,synthetic:nonadditive,synthetic:nonadditive,32x32,32x32,identity_residual,mean_8,ncc,20260808,nonadditive,243,H0,False,0.3263815375567639,0.3263815375567639,0.36311848372492683,0.36911341733405006,0.007290997944453925,9,0.9292732842927462,0.8842310309770899,-0.12303690323058813
nonadditive:hypothesis:243:H1,30,30,same_pipeline_different_source,synthetic:nonadditive,synthetic:nonadditive,32x32,32x32,identity_residual,mean_8,ncc,20260808,nonadditive,243,H1,True,0.49812810011095443,0.49812810011095443,0.374997095574665,0.3832003784472081,0.013320633581542174,9,1.2990223976727946,1.2999154701502453,0.2622992393920569
nonadditive:hypothesis:244:H0,0,33,same_pipeline_different_source,synthetic:nonadditive,synthetic:nonadditive,32x32,32x32,identity_residual,mean_8,ncc,20260808,nonadditive,244,H0,False,0.35320779796775836,0.35320779796775836,0.34656343419287194,0.35475443393153683,0.012491170148714759,9,0.9956402631909684,0.9956402631909684,-0.0043692681744715856
nonadditive:hypothesis:244:H1,33,33,same_pipeline_different_source,synthetic:nonadditive,synthetic:nonadditive,32x32,32x32,identity_residual,mean_8,ncc,20260808,nonadditive,244,H1,True,0.5418117226030544,0.5418117226030544,0.40310569636448057,0.4025329310293508,0.006887040569805825,9,1.331532036247325,1.346005955879292,0.29714165608592025
nonadditive:hypothesis:245:H0,46,19,same_pipeline_different_source,synthetic:nonadditive,synthetic:nonadditive,32x32,32x32,identity_residual,mean_8,ncc,20260808,nonadditive,245,H0,False,0.3977683106311184,0.3977683106311184,0.368713300479713,0.36992853650802127,0.009567701414553376,9,1.0198384936425873,1.0752571682787535,0.07255985927539332
nonadditive:hypothesis:245:H1,19,19,same_pipeline_different_source,synthetic:nonadditive,synthetic:nonadditive,32x32,32x32,identity_residual,mean_8,ncc,20260808,nonadditive,245,H1,True,0.5090190173602684,0.5090190173602684,0.40537039998347857,0.4049724385810081,0.006671702570581417,9,1.277976592408163,1.2569226171139731,0.22866636614905678
nonadditive:hypothesis:246:H0,33,57,same_pipeline_different_source,synthetic:nonadditive,synthetic:nonadditive,32x32,32x32,identity_residual,mean_8,ncc,20260808,nonadditive,246,H0,False,0.3541695170167391,0.3541695170167391,0.3738028516112334,0.370041006168481,0.012973893569430406,9,0.9811439965227223,0.9571088368932941,-0.04383816683439934
nonadditive:hypothesis:246:H1,57,57,same_pipeline_different_source,synthetic:nonadditive,synthetic:nonadditive,32x32,32x32,identity_residual,mean_8,ncc,20260808,nonadditive,246,H1,True,0.5276014395319062,0.5276014395319062,0.4035755216376263,0.3994580649656888,0.008566442447510259,9,1.32079305890901,1.32079305890901,0.2782323583926877
nonadditive:hypothesis:247:H0,53,19,same_pipeline_different_source,synthetic:nonadditive,synthetic:nonadditive,32x32,32x32,identity_residual,mean_8,ncc,20260808,nonadditive,247,H0,False,0.3518281656714495,0.3518281656714495,0.39524892812683493,0.40054803330703537,0.009140569983867919,9,0.8941787473912846,0.8783669782788815,-0.12969080196756677
nonadditive:hypothesis:247:H1,19,19,same_pipeline_different_source,synthetic:nonadditive,synthetic:nonadditive,32x32,32x32,identity_residual,mean_8,ncc,20260808,nonadditive,247,H1,True,0.5149645268676911,0.5149645268676911,0.3924146865092075,0.3904494182626903,0.018459761167364086,9,1.1992724405590762,1.3189020210582778,0.2767995882302686
nonadditive:hypothesis:248:H0,25,46,same_pipeline_different_source,synthetic:nonadditive,synthetic:nonadditive,32x32,32x32,identity_residual,mean_8,ncc,20260808,nonadditive,248,H0,False,0.31597200897701616,0.31597200897701616,0.35879538801555366,0.36760067383581324,0.012015576034963504,9,0.8595523116971849,0.8595523116971849,-0.15134359307101009
nonadditive:hypothesis:248:H1,46,46,same_pipeline_different_source,synthetic:nonadditive,synthetic:nonadditive,32x32,32x32,identity_residual,mean_8,ncc,20260808,nonadditive,248,H1,True,0.49801543446713825,0.49801543446713825,0.3896372146824687,0.3808269489475705,0.018328187817123087,9,1.2413845461121658,1.3077210944325828,0.2682859997420104
nonadditive:hypothesis:249:H0,24,42,same_pipeline_different_source,synthetic:nonadditive,synthetic:nonadditive,32x32,32x32,identity_residual,mean_8,ncc,20260808,nonadditive,249,H0,False,0.41322698721129786,0.41322698721129786,0.37965163808523544,0.386725459317357,0.015237530954938572,9,1.0063444687627545,1.0685280145266904,0.06628201398899469
nonadditive:hypothesis:249:H1,42,42,same_pipeline_different_source,synthetic:nonadditive,synthetic:nonadditive,32x32,32x32,identity_residual,mean_8,ncc,20260808,nonadditive,249,H1,True,0.5197208708550327,0.5197208708550327,0.36374659365951323,0.36180754620779365,0.01936744727889328,9,1.3593672859166392,1.4364566916925114,0.36217945049161604
nonadditive:hypothesis:250:H0,44,15,same_pipeline_different_source,synthetic:nonadditive,synthetic:nonadditive,32x32,32x32,identity_residual,mean_8,ncc,20260808,nonadditive,250,H0,False,0.4059682592053681,0.4059682592053681,0.36707937119382156,0.365349999326045,0.012469675393709467,9,1.111176296576573,1.111176296576573,0.10541918085590551
nonadditive:hypothesis:250:H1,15,15,same_pipeline_different_source,synthetic:nonadditive,synthetic:nonadditive,32x32,32x32,identity_residual,mean_8,ncc,20260808,nonadditive,250,H1,True,0.5354525084310472,0.5354525084310472,0.3970801002381334,0.3950964099267278,0.007953994984172041,9,1.3824160137633654,1.355245188206972,0.3039823886683124
nonadditive:hypothesis:251:H0,47,7,same_pipeline_different_source,synthetic:nonadditive,synthetic:nonadditive,32x32,32x32,identity_residual,mean_8,ncc,20260808,nonadditive,251,H0,False,0.37090995130521737,0.37090995130521737,0.36786864661920604,0.36473604289349726,0.015069496814462069,9,1.060753324744371,1.016927058710024,0.016785392478567362
nonadditive:hypothesis:251:H1,7,7,same_pipeline_different_source,synthetic:nonadditive,synthetic:nonadditive,32x32,32x32,identity_residual,mean_8,ncc,20260808,nonadditive,251,H1,True,0.49610190004366606,0.49610190004366606,0.3849354232079576,0.3844115015341568,0.008211829714279528,9,1.2785636793071848,1.2905490550198457,0.25506775186775155
nonadditive:hypothesis:252:H0,21,56,same_pipeline_different_source,synthetic:nonadditive,synthetic:nonadditive,32x32,32x32,identity_residual,mean_8,ncc,20260808,nonadditive,252,H0,False,0.3623420079860158,0.3623420079860158,0.38973160960998654,0.39239528150008685,0.004057695293527563,9,0.8797902400395002,0.9234107163593291,-0.07968116364918121
nonadditive:hypothesis:252:H1,56,56,same_pipeline_different_source,synthetic:nonadditive,synthetic:nonadditive,32x32,32x32,identity_residual,mean_8,ncc,20260808,nonadditive,252,H1,True,0.5579941257375379,0.5579941257375379,0.4165558270225618,0.4123888440192272,0.00943842430521058,9,1.3106188434094554,1.3530776446307602,0.30238173455668405
nonadditive:hypothesis:253:H0,38,40,same_pipeline_different_source,synthetic:nonadditive,synthetic:nonadditive,32x32,32x32,identity_residual,mean_8,ncc,20260808,nonadditive,253,H0,False,0.3802783954976387,0.3802783954976387,0.3701917686151955,0.36619721966681695,0.010030955428196986,9,1.0447986032903585,1.0384524378520226,0.03773156439454284
nonadditive:hypothesis:253:H1,40,40,same_pipeline_different_source,synthetic:nonadditive,synthetic:nonadditive,32x32,32x32,identity_residual,mean_8,ncc,20260808,nonadditive,253,H1,True,0.5590167052515734,0.5590167052515734,0.38832521742325526,0.3902307578782147,0.00456593047558046,9,1.4325285589764667,1.4325285589764667,0.3594411058662955
nonadditive:hypothesis:254:H0,62,59,same_pipeline_different_source,synthetic:nonadditive,synthetic:nonadditive,32x32,32x32,identity_residual,mean_8,ncc,20260808,nonadditive,254,H0,False,0.39622360943058493,0.39622360943058493,0.3892955410153937,0.3825884429134815,0.0057523108408302215,9,0.9756126940220011,1.035639253536435,0.03501887232564127
nonadditive:hypothesis:254:H1,59,59,same_pipeline_different_source,synthetic:nonadditive,synthetic:nonadditive,32x32,32x32,identity_residual,mean_8,ncc,20260808,nonadditive,254,H1,True,0.47366194969731484,0.47366194969731484,0.36708354243458213,0.37425602429960114,0.015209773132278614,9,1.3779608954429776,1.265609419604524,0.23555376080106116
nonadditive:hypothesis:255:H0,18,8,same_pipeline_different_source,synthetic:nonadditive,synthetic:nonadditive,32x32,32x32,identity_residual,mean_8,ncc,20260808,nonadditive,255,H0,False,0.34081243989382004,0.34081243989382004,0.3620919964090541,0.3689281774536971,0.022263377698079345,9,0.9907386855208913,0.9237907558215561,-0.07926968772377452
nonadditive:hypothesis:255:H1,8,8,same_pipeline_different_source,synthetic:nonadditive,synthetic:nonadditive,32x32,32x32,identity_residual,mean_8,ncc,20260808,nonadditive,255,H1,True,0.5418405760434014,0.5418405760434014,0.38465446931911385,0.38399258405361836,0.006456060763785243,9,1.3412896793862876,1.411070417880107,0.3443485779897524
nonadditive:hypothesis:256:H0,3,39,same_pipeline_different_source,synthetic:nonadditive,synthetic:nonadditive,32x32,32x32,identity_residual,mean_8,ncc,20260808,nonadditive,256,H0,False,0.3607821724315768,0.3607821724315768,0.3436464993844637,0.33967317098950706,0.011819433435191207,9,1.0750405429256356,1.0621450360079272,0.06029048224077904
nonadditive:hypothesis:256:H1,39,39,same_pipeline_different_source,synthetic:nonadditive,synthetic:nonadditive,32x32,32x32,identity_residual,mean_8,ncc,20260808,nonadditive,256,H1,True,0.5096260028529084,0.5096260028529084,0.37213874584419393,0.36688889909684014,0.00831115964363821,9,1.3582780465538544,1.3890472132229676,0.32861805399580524
nonadditive:hypothesis:257:H0,50,20,same_pipeline_different_source,synthetic:nonadditive,synthetic:nonadditive,32x32,32x32,identity_residual,mean_8,ncc,20260808,nonadditive,257,H0,False,0.35858745643596857,0.35858745643596857,0.3758879844960852,0.37203991903628714,0.016681117646936083,9,0.9517799804679196,0.9638413462857289,-0.03682857645790072
nonadditive:hypothesis:257:H1,20,20,same_pipeline_different_source,synthetic:nonadditive,synthetic:nonadditive,32x32,32x32,identity_residual,mean_8,ncc,20260808,nonadditive,257,H1,True,0.5304345168718585,0.5304345168718585,0.3890472246818086,0.39361739603160173,0.006183298280332428,9,1.3963813911436422,1.3475891112019662,0.2983171523765997
nonadditive:hypothesis:258:H0,59,42,same_pipeline_different_source,synthetic:nonadditive,synthetic:nonadditive,32x32,32x32,identity_residual,mean_8,ncc,20260808,nonadditive,258,H0,False,0.370997071564856,0.370997071564856,0.3804022816509256,0.3776772011584548,0.014009243443788899,9,1.0299899770842622,0.9823125950597262,-0.01784569637422373
nonadditive:hypothesis:258:H1,42,42,same_pipeline_different_source,synthetic:nonadditive,synthetic:nonadditive,32x32,32x32,identity_residual,mean_8,ncc,20260808,nonadditive,258,H1,True,0.5216171455738261,0.5216171455738261,0.37545955767512995,0.37515139256393637,0.0030965538328345255,9,1.392529545857956,1.3904177244522098,0.3296042231837931
nonadditive:hypothesis:259:H0,58,2,same_pipeline_different_source,synthetic:nonadditive,synthetic:nonadditive,32x32,32x32,identity_residual,mean_8,ncc,20260808,nonadditive,259,H0,False,0.4090629971101099,0.4090629971101099,0.4055177973140597,0.3992459424395836,0.010408136773652099,9,0.9728767694309819,1.0245889904617174,0.024291547259024826
nonadditive:hypothesis:259:H1,2,2,same_pipeline_different_source,synthetic:nonadditive,synthetic:nonadditive,32x32,32x32,identity_residual,mean_8,ncc,20260808,nonadditive,259,H1,True,0.505773231397952,0.505773231397952,0.38112315743758973,0.3912315207396427,0.010609740557180669,9,1.2796053921451054,1.292772193921805,0.2567889001389393
nonadditive:hypothesis:260:H0,58,51,same_pipeline_different_source,synthetic:nonadditive,synthetic:nonadditive,32x32,32x32,identity_residual,mean_8,ncc,20260808,nonadditive,260,H0,False,0.35721365724750215,0.35721365724750215,0.3784712845719689,0.3766225904016639,0.009788402008528485,9,0.9460104132333408,0.9484658285275391,-0.05290951711157099
nonadditive:hypothesis:260:H1,51,51,same_pipeline_different_source,synthetic:nonadditive,synthetic:nonadditive,32x32,32x32,identity_residual,mean_8,ncc,20260808,nonadditive,260,H1,True,0.49667663302098153,0.49667663302098153,0.3685560720486814,0.3667460726076795,0.011598548963219768,9,1.4159857426990272,1.3542793505311592,0.30326946822569445
nonadditive:hypothesis:261:H0,16,38,same_pipeline_different_source,synthetic:nonadditive,synthetic:nonadditive,32x32,32x32,identity_residual,mean_8,ncc,20260808,nonadditive,261,H0,False,0.39151472042205554,0.39151472042205554,0.3823264791430722,0.3870349498345102,0.009836047204217546,9,0.9865037338161813,1.0115745892960333,0.01150811617832126
nonadditive:hypothesis:261:H1,38,38,same_pipeline_different_source,synthetic:nonadditive,synthetic:nonadditive,32x32,32x32,identity_residual,mean_8,ncc,20260808,nonadditive,261,H1,True,0.5405637008138612,0.5405637008138612,0.39849315937207536,0.4005099351871927,0.01619891663902212,9,1.3496886177398055,1.3496886177398055,0.29987391231965244
nonadditive:hypothesis:262:H0,47,24,same_pipeline_different_source,synthetic:nonadditive,synthetic:nonadditive,32x32,32x32,identity_residual,mean_8,ncc,20260808,nonadditive,262,H0,False,0.3731909212823583,0.3731909212823583,0.37510286579764984,0.3821637525415297,0.011869814866601769,9,0.9857141124163742,0.9765209777235577,-0.02375904633234316
nonadditive:hypothesis:262:H1,24,24,same_pipeline_different_source,synthetic:nonadditive,synthetic:nonadditive,32x32,32x32,identity_residual,mean_8,ncc,20260808,nonadditive,262,H1,True,0.501031482555811,0.501031482555811,0.36368631528961626,0.36480520563672186,0.01035290525297261,9,1.418892200942973,1.3734219655153308,0.31730541060743855
nonadditive:hypothesis:263:H0,38,40,same_pipeline_different_source,synthetic:nonadditive,synthetic:nonadditive,32x32,32x32,identity_residual,mean_8,ncc,20260808,nonadditive,263,H0,False,0.36569322968754203,0.36569322968754203,0.38106640591872426,0.38768100243800185,0.01020555002849588,9,0.9864630722718467,0.9432838529301519,-0.05838803111287616
nonadditive:hypothesis:263:H1,40,40,same_pipeline_different_source,synthetic:nonadditive,synthetic:nonadditive,32x32,32x32,identity_residual,mean_8,ncc,20260808,nonadditive,263,H1,True,0.4942223024640495,0.4942223024640495,0.36642630273917587,0.3707137804669886,0.0061083786024288544,9,1.3331073471658814,1.3331640972220593,0.28755513731240145
nonadditive:hypothesis:264:H0,25,57,same_pipeline_different_source,synthetic:nonadditive,synthetic:nonadditive,32x32,32x32,identity_residual,mean_8,ncc,20260808,nonadditive,264,H0,False,0.3785158880047705,0.3785158880047705,0.37939723785854024,0.38152403907104615,0.01119049807050998,9,1.0252350770279177,0.9921154350493876,-0.007915812490054241
nonadditive:hypothesis:264:H1,57,57,same_pipeline_different_source,synthetic:nonadditive,synthetic:nonadditive,32x32,32x32,identity_residual,mean_8,ncc,20260808,nonadditive,264,H1,True,0.5185232352287446,0.5185232352287446,0.38105308578194363,0.38512152348758194,0.008785478963604376,9,1.346388616593287,1.346388616593287,0.29742590915973344
nonadditive:hypothesis:265:H0,9,49,same_pipeline_different_source,synthetic:nonadditive,synthetic:nonadditive,32x32,32x32,identity_residual,mean_8,ncc,20260808,nonadditive,265,H0,False,0.3812198549074996,0.3812198549074996,0.39687853452784333,0.39267299277333395,0.01225245175684414,9,0.9708328862014568,0.9708328862014568,-0.029600930341419862
nonadditive:hypothesis:265:H1,49,49,same_pipeline_different_source,synthetic:nonadditive,synthetic:nonadditive,32x32,32x32,identity_residual,mean_8,ncc,20260808,nonadditive,265,H1,True,0.5333830543708531,0.5333830543708531,0.40082336076871533,0.3977845272356848,0.007669587357269136,9,1.314417376839574,1.3408843679201907,0.29332937233423817
nonadditive:hypothesis:266:H0,27,4,same_pipeline_different_source,synthetic:nonadditive,synthetic:nonadditive,32x32,32x32,identity_residual,mean_8,ncc,20260808,nonadditive,266,H0,False,0.33375832888232954,0.33375832888232954,0.3617103222384788,0.35256199845375824,0.018485675057375528,9,0.8734024917128043,0.9466656370967474,-0.05480932406944472
nonadditive:hypothesis:266:H1,4,4,same_pipeline_different_source,synthetic:nonadditive,synthetic:nonadditive,32x32,32x32,identity_residual,mean_8,ncc,20260808,nonadditive,266,H1,True,0.519492005004533,0.519492005004533,0.39766216003171956,0.3977148266269152,0.008819722250574147,9,1.3263889728561116,1.3061922016094547,0.2671161881803221
nonadditive:hypothesis:267:H0,32,14,same_pipeline_different_source,synthetic:nonadditive,synthetic:nonadditive,32x32,32x32,identity_residual,mean_8,ncc,20260808,nonadditive,267,H0,False,0.34807823736858345,0.34807823736858345,0.3536268153442353,0.3494370822400144,0.006960115917833298,9,0.9645385638102367,0.9961113317947818,-0.0038962487339122553
nonadditive:hypothesis:267:H1,14,14,same_pipeline_different_source,synthetic:nonadditive,synthetic:nonadditive,32x32,32x32,identity_residual,mean_8,ncc,20260808,nonadditive,267,H1,True,0.5203227113201028,0.5203227113201028,0.3848880622010126,0.3842421767805906,0.00339212221807883,9,1.3582904364428818,1.3541530387935958,0.30317619527699335
nonadditive:hypothesis:268:H0,17,53,same_pipeline_different_source,synthetic:nonadditive,synthetic:nonadditive,32x32,32x32,identity_residual,mean_8,ncc,20260808,nonadditive,268,H0,False,0.3898107521467927,0.3898107521467927,0.4031920019520816,0.3979561133312948,0.017497473799480412,9,0.9076585793853023,0.9795320114162409,-0.020680360746940685
nonadditive:hypothesis:268:H1,53,53,same_pipeline_different_source,synthetic:nonadditive,synthetic:nonadditive,32x32,32x32,identity_residual,mean_8,ncc,20260808,nonadditive,268,H1,True,0.49510626176036027,0.49510626176036027,0.37572350332562665,0.3795677764030159,0.013781559355534267,9,1.3034233530145758,1.304394873696202,0.26573923491625984
nonadditive:hypothesis:269:H0,61,51,same_pipeline_different_source,synthetic:nonadditive,synthetic:nonadditive,32x32,32x32,identity_residual,mean_8,ncc,20260808,nonadditive,269,H0,False,0.4015312225902997,0.4015312225902997,0.3644012816998585,0.35498775336538546,0.0020459574254701463,9,1.1342925938131305,1.131112887088833,0.12320200390275338
nonadditive:hypothesis:269:H1,51,51,same_pipeline_different_source,synthetic:nonadditive,synthetic:nonadditive,32x32,32x32,identity_residual,mean_8,ncc,20260808,nonadditive,269,H1,True,0.5157430517562795,0.5157430517562795,0.3918376475869727,0.39093985074611104,0.017940691071369474,9,1.194998476240401,1.3192388823292915,0.2770549660021018
nonadditive:hypothesis:270:H0,40,45,same_pipeline_different_source,synthetic:nonadditive,synthetic:nonadditive,32x32,32x32,identity_residual,mean_8,ncc,20260808,nonadditive,270,H0,False,0.44422802005410894,0.44422802005410894,0.4104250143215806,0.414206236740928,0.0136882731334943,9,1.0575580688136834,1.0724802783014553,0.06997398312085223
nonadditive:hypothesis:270:H1,45,45,same_pipeline_different_source,synthetic:nonadditive,synthetic:nonadditive,32x32,32x32,identity_residual,mean_8,ncc,20260808,nonadditive,270,H1,True,0.5243260175205305,0.5243260175205305,0.3720108721392911,0.36964989952210375,0.011889295226299557,9,1.4184394969358776,1.4184394969358776,0.34955732150965013
nonadditive:hypothesis:271:H0,12,57,same_pipeline_different_source,synthetic:nonadditive,synthetic:nonadditive,32x32,32x32,identity_residual,mean_8,ncc,20260808,nonadditive,271,H0,False,0.340127062515636,0.340127062515636,0.3631929225055061,0.3635277086763995,0.006039463624546271,9,0.935628988926415,0.935628988926415,-0.06653626043572669
nonadditive:hypothesis:271:H1,57,57,same_pipeline_different_source,synthetic:nonadditive,synthetic:nonadditive,32x32,32x32,identity_residual,mean_8,ncc,20260808,nonadditive,271,H1,True,0.495068685747957,0.495068685747957,0.3821041534517146,0.3891036736926936,0.014309238167329263,9,1.320412624117465,1.2723310501019645,0.2408506905704212
nonadditive:hypothesis:272:H0,59,43,same_pipeline_different_source,synthetic:nonadditive,synthetic:nonadditive,32x32,32x32,identity_residual,mean_8,ncc,20260808,nonadditive,272,H0,False,0.341149088112683,0.341149088112683,0.36239064798206655,0.3600220249474023,0.00990638266320315,9,0.9743897355941676,0.9475783826351275,-0.05384561971085833
nonadditive:hypothesis:272:H1,43,43,same_pipeline_different_source,synthetic:nonadditive,synthetic:nonadditive,32x32,32x32,identity_residual,mean_8,ncc,20260808,nonadditive,272,H1,True,0.5464148661898715,0.5464148661898715,0.42461946751857815,0.4285270269160454,0.01532466281407141,9,1.3488430718495077,1.2751001264079476,0.24302470604306725
nonadditive:hypothesis:273:H0,4,13,same_pipeline_different_source,synthetic:nonadditive,synthetic:nonadditive,32x32,32x32,identity_residual,mean_8,ncc,20260808,nonadditive,273,H0,False,0.3926732629174952,0.3926732629174952,0.3672668679421985,0.3653265868836326,0.011784567614348429,9,1.0856595697218685,1.074855422560782,0.07218616189381588
nonadditive:hypothesis:273:H1,13,13,same_pipeline_different_source,synthetic:nonadditive,synthetic:nonadditive,32x32,32x32,identity_residual,mean_8,ncc,20260808,nonadditive,273,H1,True,0.510532045895987,0.510532045895987,0.378383809334286,0.3845867106205902,0.010473215137441927,9,1.3274822863020006,1.3274822863020006,0.28328413039295264
nonadditive:hypothesis:274:H0,56,53,same_pipeline_different_source,synthetic:nonadditive,synthetic:nonadditive,32x32,32x32,identity_residual,mean_8,ncc,20260808,nonadditive,274,H0,False,0.42206977392908124,0.42206977392908124,0.3949209612658058,0.3993071490643241,0.015597431813851093,9,1.0889629581270313,1.057005302605014,0.055439723531159446
nonadditive:hypothesis:274:H1,53,53,same_pipeline_different_source,synthetic:nonadditive,synthetic:nonadditive,32x32,32x32,identity_residual,mean_8,ncc,20260808,nonadditive,274,H1,True,0.4981804426334302,0.4981804426334302,0.3615266625210313,0.36195698373630125,0.006261744331334529,9,1.470247933600872,1.3763526192835462,0.31943697069534327
nonadditive:hypothesis:275:H0,45,21,same_pipeline_different_source,synthetic:nonadditive,synthetic:nonadditive,32x32,32x32,identity_residual,mean_8,ncc,20260808,nonadditive,275,H0,False,0.35026827728281523,0.35026827728281523,0.37679268137938915,0.3779615768145983,0.006480312612299366,9,0.9397378145167031,0.9267298550154809,-0.07609317442469221
nonadditive:hypothesis:275:H1,21,21,same_pipeline_different_source,synthetic:nonadditive,synthetic:nonadditive,32x32,32x32,identity_residual,mean_8,ncc,20260808,nonadditive,275,H1,True,0.5299016863542984,0.5299016863542984,0.41127790713284906,0.4145405641866391,0.005155867532070313,9,1.3343763494588767,1.2782866916631108,0.24552065917238663
nonadditive:hypothesis:276:H0,34,50,same_pipeline_different_source,synthetic:nonadditive,synthetic:nonadditive,32x32,32x32,identity_residual,mean_8,ncc,20260808,nonadditive,276,H0,False,0.36739349247730874,0.36739349247730874,0.3646166326269675,0.36504014067794005,0.006384135661233192,9,0.9941841469337853,1.006446830189683,0.006426138263876835
nonadditive:hypothesis:276:H1,50,50,same_pipeline_different_source,synthetic:nonadditive,synthetic:nonadditive,32x32,32x32,identity_residual,mean_8,ncc,20260808,nonadditive,276,H1,True,0.5383904444873001,0.5383904444873001,0.39805797408783455,0.4004894720270628,0.00792427587760658,9,1.3443310800712354,1.3443310800712354,0.29589655110312163
nonadditive:hypothesis:277:H0,9,42,same_pipeline_different_source,synthetic:nonadditive,synthetic:nonadditive,32x32,32x32,identity_residual,mean_8,ncc,20260808,nonadditive,277,H0,False,0.4243769973022985,0.4243769973022985,0.4033530747886259,0.40539987541627603,0.014901642210101262,9,1.0275032335405547,1.0468108725157752,0.04574827805072834
nonadditive:hypothesis:277:H1,42,42,same_pipeline_different_source,synthetic:nonadditive,synthetic:nonadditive,32x32,32x32,identity_residual,mean_8,ncc,20260808,nonadditive,277,H1,True,0.495018619167317,0.495018619167317,0.3642100607568755,0.36663673375380584,0.010799964073635593,9,1.3501610002333229,1.3501610002333229,0.30022384477158837
nonadditive:hypothesis:278:H0,17,48,same_pipeline_different_source,synthetic:nonadditive,synthetic:nonadditive,32x32,32x32,identity_residual,mean_8,ncc,20260808,nonadditive,278,H0,False,0.38214553491445113,0.38214553491445113,0.38839134149263516,0.3861505696708468,0.013108514889446587,9,0.9880644456506525,0.9896283080462381,-0.010425852769095023
nonadditive:hypothesis:278:H1,48,48,same_pipeline_different_source,synthetic:nonadditive,synthetic:nonadditive,32x32,32x32,identity_residual,mean_8,ncc,20260808,nonadditive,278,H1,True,0.5049450345756809,0.5049450345756809,0.3860573329293702,0.3857809628172416,0.012452986048887116,9,1.2690367756184633,1.308890492906182,0.26917982636657545
nonadditive:hypothesis:279:H0,54,16,same_pipeline_different_source,synthetic:nonadditive,synthetic:nonadditive,32x32,32x32,identity_residual,mean_8,ncc,20260808,nonadditive,279,H0,False,0.3888656941966663,0.3888656941966663,0.39503515813879836,0.3933113189342343,0.011045673558464031,9,0.859380684266337,0.9886969316072203,-0.011367433545764638
nonadditive:hypothesis:279:H1,16,16,same_pipeline_different_source,synthetic:nonadditive,synthetic:nonadditive,32x32,32x32,identity_residual,mean_8,ncc,20260808,nonadditive,279,H1,True,0.5102918768260495,0.5102918768260495,0.3706756161781189,0.3748336668534833,0.0142556776696251,9,1.4155387006055975,1.3613821861564925,0.30850049700155746
nonadditive:hypothesis:280:H0,42,60,same_pipeline_different_source,synthetic:nonadditive,synthetic:nonadditive,32x32,32x32,identity_residual,mean_8,ncc,20260808,nonadditive,280,H0,False,0.34847481990979223,0.34847481990979223,0.3710453801098253,0.3727228496919512,0.020168215597779315,9,0.9424900886957236,0.9349435383363282,-0.06726913832287285
nonadditive:hypothesis:280:H1,60,60,same_pipeline_different_source,synthetic:nonadditive,synthetic:nonadditive,32x32,32x32,identity_residual,mean_8,ncc,20260808,nonadditive,280,H1,True,0.5333832376724088,0.5333832376724088,0.37794199899957354,0.38116290227031846,0.016180835393648674,9,1.461395739897114,1.3993576880001206,0.33601333705728464
nonadditive:hypothesis:281:H0,25,44,same_pipeline_different_source,synthetic:nonadditive,synthetic:nonadditive,32x32,32x32,identity_residual,mean_8,ncc,20260808,nonadditive,281,H0,False,0.37848772165128286,0.37848772165128286,0.3846023699613405,0.38485584456350835,0.006300799458522521,9,0.9563020573645794,0.9834532254032727,-0.016685201609603628
nonadditive:hypothesis:281:H1,44,44,same_pipeline_different_source,synthetic:nonadditive,synthetic:nonadditive,32x32,32x32,identity_residual,mean_8,ncc,20260808,nonadditive,281,H1,True,0.5359067466172216,0.5359067466172216,0.4109022638629436,0.41237976492053113,0.011634267052919423,9,1.277271088026073,1.2995466611231399,0.26201548143679154
nonadditive:hypothesis:282:H0,7,36,same_pipeline_different_source,synthetic:nonadditive,synthetic:nonadditive,32x32,32x32,identity_residual,mean_8,ncc,20260808,nonadditive,282,H0,False,0.3762299169816182,0.3762299169816182,0.37320242590671565,0.364353328885913,0.02045131441247866,9,0.9777166765887377,1.032596348528008,0.032076357265030775
nonadditive:hypothesis:282:H1,36,36,same_pipeline_different_source,synthetic:nonadditive,synthetic:nonadditive,32x32,32x32,identity_residual,mean_8,ncc,20260808,nonadditive,282,H1,True,0.5168156345503025,0.5168156345503025,0.3676601612525324,0.3725044297436812,0.0065414499081118405,9,1.3845807261061478,1.3874080233245047,0.32743727494535435
nonadditive:hypothesis:283:H0,38,49,same_pipeline_different_source,synthetic:nonadditive,synthetic:nonadditive,32x32,32x32,identity_residual,mean_8,ncc,20260808,nonadditive,283,H0,False,0.33095194189236965,0.33095194189236965,0.3589705003541059,0.36755833379976266,0.015607439527538347,9,0.8904597224112829,0.9004065789259581,-0.10490886330593119
nonadditive:hypothesis:283:H1,49,49,same_pipeline_different_source,synthetic:nonadditive,synthetic:nonadditive,32x32,32x32,identity_residual,mean_8,ncc,20260808,nonadditive,283,H1,True,0.5017333055438995,0.5017333055438995,0.3816579702484164,0.3796648838714019,0.01591040069474947,9,1.3896528085245676,1.3215162288062543,0.27877973558177205
nonadditive:hypothesis:284:H0,14,17,same_pipeline_different_source,synthetic:nonadditive,synthetic:nonadditive,32x32,32x32,identity_residual,mean_8,ncc,20260808,nonadditive,284,H0,False,0.41709246850196413,0.41709246850196413,0.3773763718048357,0.3782639812644053,0.011309916337195136,9,1.085791414471833,1.1026491793053323,0.0977156292128003
nonadditive:hypothesis:284:H1,17,17,same_pipeline_different_source,synthetic:nonadditive,synthetic:nonadditive,32x32,32x32,identity_residual,mean_8,ncc,20260808,nonadditive,284,H1,True,0.5538406911576396,0.5538406911576396,0.3997785257834764,0.396451389355046,0.011438059064822148,9,1.4036379966111843,1.3969952080597756,0.33432365010414267
nonadditive:hypothesis:285:H0,14,12,same_pipeline_different_source,synthetic:nonadditive,synthetic:nonadditive,32x32,32x32,identity_residual,mean_8,ncc,20260808,nonadditive,285,H0,False,0.4180128335122667,0.4180128335122667,0.3837525982287673,0.38019779850898067,0.012768537439094396,9,1.119721480381685,1.0994614780821588,0.09482049454821229
nonadditive:hypothesis:285:H1,12,12,same_pipeline_different_source,synthetic:nonadditive,synthetic:nonadditive,32x32,32x32,identity_residual,mean_8,ncc,20260808,nonadditive,285,H1,True,0.4856091418383265,0.4856091418383265,0.3394798578661833,0.33908763831827266,0.00620136373440866,9,1.4321051166793837,1.4321051166793837,0.35914547134676467
nonadditive:hypothesis:286:H0,44,42,same_pipeline_different_source,synthetic:nonadditive,synthetic:nonadditive,32x32,32x32,identity_residual,mean_8,ncc,20260808,nonadditive,286,H0,False,0.3749619280700002,0.3749619280700002,0.3837769375149386,0.382115934258058,0.017316588702857183,9,1.027858006431817,0.9812779171275637,-0.018899559714367742
nonadditive:hypothesis:286:H1,42,42,same_pipeline_different_source,synthetic:nonadditive,synthetic:nonadditive,32x32,32x32,identity_residual,mean_8,ncc,20260808,nonadditive,286,H1,True,0.5106852344332187,0.5106852344332187,0.39593805216295497,0.39708222834024015,0.017540612187759985,9,1.2748967913523142,1.2860944106409056,0.25161003730495723
nonadditive:hypothesis:287:H0,6,17,same_pipeline_different_source,synthetic:nonadditive,synthetic:nonadditive,32x32,32x32,identity_residual,mean_8,ncc,20260808,nonadditive,287,H0,False,0.3986347160679333,0.3986347160679333,0.394705767615441,0.39513514412977885,0.013693363848993778,9,0.9750176895110608,1.008856645606307,0.00881765556547942
nonadditive:hypothesis:287:H1,17,17,same_pipeline_different_source,synthetic:nonadditive,synthetic:nonadditive,32x32,32x32,identity_residual,mean_8,ncc,20260808,nonadditive,287,H1,True,0.5213067150995363,0.5213067150995363,0.38898275692156625,0.3862194758395735,0.008507929608116749,9,1.4096126564651879,1.3497680663729006,0.29993277500382565
nonadditive:hypothesis:288:H0,31,34,same_pipeline_different_source,synthetic:nonadditive,synthetic:nonadditive,32x32,32x32,identity_residual,mean_8,ncc,20260808,nonadditive,288,H0,False,0.4075786542291249,0.4075786542291249,0.4025684206868072,0.40676022622882335,0.007330069887012625,9,1.0571499371575863,1.0020120649648798,0.0020100434732956973
nonadditive:hypothesis:288:H1,34,34,same_pipeline_different_source,synthetic:nonadditive,synthetic:nonadditive,32x32,32x32,identity_residual,mean_8,ncc,20260808,nonadditive,288,H1,True,0.5070595811615894,0.5070595811615894,0.3736278491208055,0.37574190560852666,0.009231389036887416,9,1.350182019367243,1.3494890338100283,0.2997260273295509
nonadditive:hypothesis:289:H0,60,59,same_pipeline_different_source,synthetic:nonadditive,synthetic:nonadditive,32x32,32x32,identity_residual,mean_8,ncc,20260808,nonadditive,289,H0,False,0.38960069525892804,0.38960069525892804,0.3823878508377846,0.3810175500818925,0.01966284372921262,9,1.0444846804780668,1.0225269024358348,0.0222769190394001
nonadditive:hypothesis:289:H1,59,59,same_pipeline_different_source,synthetic:nonadditive,synthetic:nonadditive,32x32,32x32,identity_residual,mean_8,ncc,20260808,nonadditive,289,H1,True,0.5405324096563998,0.5405324096563998,0.3996645023277191,0.3961366229634009,0.007535161020667258,9,1.4541914612578475,1.364510066281702,0.31079543840668955
nonadditive:hypothesis:290:H0,57,16,same_pipeline_different_source,synthetic:nonadditive,synthetic:nonadditive,32x32,32x32,identity_residual,mean_8,ncc,20260808,nonadditive,290,H0,False,0.37400955706219124,0.37400955706219124,0.3532107984865094,0.3562116159309026,0.01099918971595698,9,1.0185145734024774,1.0499645164147062,0.04875636970764974
nonadditive:hypothesis:290:H1,16,16,same_pipeline_different_source,synthetic:nonadditive,synthetic:nonadditive,32x32,32x32,identity_residual,mean_8,ncc,20260808,nonadditive,290,H1,True,0.5128917349916449,0.5128917349916449,0.3894688836859903,0.3985808880132879,0.014617791533571511,9,1.2555090631152799,1.286794601587987,0.25215432115166736
nonadditive:hypothesis:291:H0,43,28,same_pipeline_different_source,synthetic:nonadditive,synthetic:nonadditive,32x32,32x32,identity_residual,mean_8,ncc,20260808,nonadditive,291,H0,False,0.3697947361514182,0.3697947361514182,0.376901575545732,0.38001594764186314,0.012602390902121896,9,0.9552803183921115,0.9731032038158629,-0.027265134778704292
nonadditive:hypothesis:291:H1,28,28,same_pipeline_different_source,synthetic:nonadditive,synthetic:nonadditive,32x32,32x32,identity_residual,mean_8,ncc,20260808,nonadditive,291,H1,True,0.49239730898730444,0.49239730898730444,0.3585309064647595,0.35653180114787336,0.007496987926683685,9,1.3810754255356879,1.3810754255356879,0.3228624895437512
nonadditive:hypothesis:292:H0,33,40,same_pipeline_different_source,synthetic:nonadditive,synthetic:nonadditive,32x32,32x32,identity_residual,mean_8,ncc,20260808,nonadditive,292,H0,False,0.43298835053904516,0.43298835053904516,0.39774296212789895,0.398585273300804,0.010563374121855484,9,1.145656705986575,1.0863129662401698,0.08278936253672387
nonadditive:hypothesis:292:H1,40,40,same_pipeline_different_source,synthetic:nonadditive,synthetic:nonadditive,32x32,32x32,identity_residual,mean_8,ncc,20260808,nonadditive,292,H1,True,0.4600285622548503,0.4600285622548503,0.370938695907686,0.37109387723576964,0.00815960983779207,9,1.1521541512879112,1.2396554900920047,0.2148335104439184
nonadditive:hypothesis:293:H0,23,22,same_pipeline_different_source,synthetic:nonadditive,synthetic:nonadditive,32x32,32x32,identity_residual,mean_8,ncc,20260808,nonadditive,293,H0,False,0.36960198514913584,0.36960198514913584,0.37828808870735564,0.3852154379395836,0.010268713657278605,9,0.9635327853843417,0.9594682578819789,-0.04137604601804912
nonadditive:hypothesis:293:H1,22,22,same_pipeline_different_source,synthetic:nonadditive,synthetic:nonadditive,32x32,32x32,identity_residual,mean_8,ncc,20260808,nonadditive,293,H1,True,0.5047743821495364,0.5047743821495364,0.3608282630945826,0.3618257413537326,0.019061524761437354,9,1.3950759287080479,1.3950759287080479,0.33294884297351124
nonadditive:hypothesis:294:H0,0,22,same_pipeline_different_source,synthetic:nonadditive,synthetic:nonadditive,32x32,32x32,identity_residual,mean_8,ncc,20260808,nonadditive,294,H0,False,0.37564600843058277,0.37564600843058277,0.3985291444266161,0.39823804512485783,0.008585716282491607,9,0.9239778004928585,0.943270019098271,-0.05840269682911814
nonadditive:hypothesis:294:H1,22,22,same_pipeline_different_source,synthetic:nonadditive,synthetic:nonadditive,32x32,32x32,identity_residual,mean_8,ncc,20260808,nonadditive,294,H1,True,0.5371984102804653,0.5371984102804653,0.40202199516301584,0.4121617845876836,0.010148811031179317,9,1.2720457782813699,1.3033678287710861,0.2649515520667075
nonadditive:hypothesis:295:H0,17,50,same_pipeline_different_source,synthetic:nonadditive,synthetic:nonadditive,32x32,32x32,identity_residual,mean_8,ncc,20260808,nonadditive,295,H0,False,0.3882286005418439,0.3882286005418439,0.40966268389778915,0.39875472180470206,0.007117825738238992,9,0.9068702332468498,0.9736025163157477,-0.026752152764349613
nonadditive:hypothesis:295:H1,50,50,same_pipeline_different_source,synthetic:nonadditive,synthetic:nonadditive,32x32,32x32,identity_residual,mean_8,ncc,20260808,nonadditive,295,H1,True,0.5084070202401435,0.5084070202401435,0.343153112415547,0.33907556399710864,0.006889880772529722,9,1.5056145075427891,1.4993915050878712,0.40505936252980657
nonadditive:hypothesis:296:H0,36,1,same_pipeline_different_source,synthetic:nonadditive,synthetic:nonadditive,32x32,32x32,identity_residual,mean_8,ncc,20260808,nonadditive,296,H0,False,0.39318992617029974,0.39318992617029974,0.39526961146706974,0.3971175127982209,0.014546080636472558,9,0.9743428931699911,0.9901097622206433,-0.009939471069286054
nonadditive:hypothesis:296:H1,1,1,same_pipeline_different_source,synthetic:nonadditive,synthetic:nonadditive,32x32,32x32,identity_residual,mean_8,ncc,20260808,nonadditive,296,H1,True,0.5300136368074526,0.5300136368074526,0.37085308891193264,0.3694735991353708,0.01109431536531319,9,1.495027807270773,1.4345101735219294,0.3608234484475461
nonadditive:hypothesis:297:H0,42,61,same_pipeline_different_source,synthetic:nonadditive,synthetic:nonadditive,32x32,32x32,identity_residual,mean_8,ncc,20260808,nonadditive,297,H0,False,0.3646510681830565,0.3646510681830565,0.3740733709057719,0.3693728193439293,0.006507650397905407,9,0.8719021241017803,0.9872168418638397,-0.012865565741692064
nonadditive:hypothesis:297:H1,61,61,same_pipeline_different_source,synthetic:nonadditive,synthetic:nonadditive,32x32,32x32,identity_residual,mean_8,ncc,20260808,nonadditive,297,H1,True,0.5374497911063001,0.5374497911063001,0.37469520079166885,0.3703831370871073,0.012240763140704658,9,1.382156201369046,1.4510644176003666,0.37229736823043746
nonadditive:hypothesis:298:H0,59,34,same_pipeline_different_source,synthetic:nonadditive,synthetic:nonadditive,32x32,32x32,identity_residual,mean_8,ncc,20260808,nonadditive,298,H0,False,0.38751179322842777,0.38751179322842777,0.3825961199287154,0.3889383432652517,0.018572746356154524,9,1.0854234824078628,0.9963321949056305,-0.003674547984261145
nonadditive:hypothesis:298:H1,34,34,same_pipeline_different_source,synthetic:nonadditive,synthetic:nonadditive,32x32,32x32,identity_residual,mean_8,ncc,20260808,nonadditive,298,H1,True,0.5214057582406951,0.5214057582406951,0.3889865604860339,0.3869665315051942,0.00992210274147548,9,1.3088438914250589,1.347418228167095,0.2981903378536084
nonadditive:hypothesis:299:H0,44,33,same_pipeline_different_source,synthetic:nonadditive,synthetic:nonadditive,32x32,32x32,identity_residual,mean_8,ncc,20260808,nonadditive,299,H0,False,0.43151724126193286,0.43151724126193286,0.40716714063733783,0.4149904700506008,0.010458269278163457,9,1.000774564628162,1.039824459605824,0.03905191006628794
nonadditive:hypothesis:299:H1,33,33,same_pipeline_different_source,synthetic:nonadditive,synthetic:nonadditive,32x32,32x32,identity_residual,mean_8,ncc,20260808,nonadditive,299,H1,True,0.4908844669285012,0.4908844669285012,0.3772778669407512,0.3811283466979312,0.007855593649248371,9,1.3938364737231137,1.2879767962196702,0.25307261216248456
